ï»¿PROVINCIA;MUNICIPIO;ESTACION;MAGNITUD;PUNTO_MUESTREO;ANO;MES;DIA;H01;V01;H02;V02;H03;V03;H04;V04;H05;V05;H06;V06;H07;V07;H08;V08;H09;V09;H10;V10;H11;V11;H12;V12;H13;V13;H14;V14;H15;V15;H16;V16;H17;V17;H18;V18;H19;V19;H20;V20;H21;V21;H22;V22;H23;V23;H24;V24
28;079;11;12;28079011_12_8;2026;04;07;9;V;7;V;7;V;7;V;9;V;10;V;20;V;32;V;34;V;29;V;30;V;39;V;32;V;41;V;47;V;36;V;36;V;41;V;29;V;31;V;33;V;47;V;39;V;62;V
28;079;11;12;28079011_12_8;2026;04;08;41;V;16;V;12;V;23;V;5;V;8;V;16;V;42;V;78;V;77;V;40;V;21;V;38;V;25;V;33;V;19;V;22;V;21;V;20;V;14;V;11;V;11;V;8;V;7;V
28;079;11;12;28079011_12_8;2026;04;09;6;V;9;V;18;V;10;V;7;V;6;V;15;V;40;V;49;V;59;V;32;V;26;V;26;V;25;V;14;V;22;V;25;V;25;V;18;V;21;V;47;V;70;V;68;V;23;V
28;079;11;12;28079011_12_8;2026;04;10;15;V;8;V;3;V;3;V;4;V;5;V;11;V;24;V;30;V;34;V;27;V;24;V;25;V;28;V;47;V;35;V;48;V;37;V;29;V;20;V;42;V;43;V;54;V;86;V
28;079;11;12;28079011_12_8;2026;04;11;57;V;38;V;31;V;30;V;25;V;18;V;22;V;27;V;41;V;31;V;28;V;39;V;24;V;35;V;47;V;38;V;29;V;18;V;17;V;18;V;15;V;11;V;7;V;9;V
28;079;11;12;28079011_12_8;2026;04;12;5;V;4;V;4;V;3;V;2;V;2;V;2;V;4;V;5;V;9;V;9;V;9;V;13;V;17;V;10;V;14;V;11;V;17;V;12;V;12;V;12;V;15;V;10;V;6;V
28;079;11;12;28079011_12_8;2026;04;13;4;V;2;V;1;V;2;V;3;V;5;V;19;V;29;V;51;V;48;V;32;V;25;V;23;V;19;V;17;V;19;V;24;V;28;V;32;V;34;V;27;V;27;V;31;V;16;V
28;079;11;12;28079011_12_8;2026;04;14;8;V;6;V;5;V;5;V;5;V;8;V;21;V;59;V;96;V;68;V;43;V;37;V;35;V;22;V;21;V;18;V;15;V;32;V;31;V;23;V;28;V;31;V;19;V;30;V
28;079;11;12;28079011_12_8;2026;04;15;19;V;32;V;34;V;23;V;25;V;25;V;28;V;38;V;68;V;82;V;76;V;83;V;71;V;43;V;21;V;20;V;23;V;24;V;15;V;17;V;11;V;15;V;21;V;50;V
28;079;11;12;28079011_12_8;2026;04;16;68;V;64;V;56;V;44;V;32;V;10;V;18;V;33;V;41;V;32;V;29;V;31;V;0;N;0;N;0;N;26;V;28;V;27;V;16;V;19;V;19;V;23;V;45;V;41;V
28;079;11;12;28079011_12_8;2026;04;17;36;V;62;V;36;V;24;V;10;V;13;V;19;V;45;V;50;V;46;V;48;V;51;V;67;V;53;V;44;V;26;V;28;V;24;V;22;V;20;V;18;V;24;V;26;V;34;V
28;079;11;12;28079011_12_8;2026;04;18;41;V;40;V;96;V;73;V;28;V;11;V;16;V;22;V;23;V;21;V;25;V;38;V;34;V;32;V;19;V;14;V;16;V;15;V;16;V;17;V;31;V;44;V;48;V;20;V
28;079;11;12;28079011_12_8;2026;04;19;8;V;8;V;6;V;6;V;6;V;5;V;6;V;11;V;8;V;10;V;18;V;17;V;20;V;18;V;23;V;13;V;12;V;11;V;9;V;13;V;18;V;23;V;23;V;20;V
28;079;11;12;28079011_12_8;2026;04;20;12;V;10;V;14;V;43;V;23;V;16;V;45;V;62;V;63;V;41;V;32;V;35;V;42;V;41;V;29;V;23;V;25;V;37;V;30;V;26;V;18;V;30;V;32;V;36;V
28;079;11;12;28079011_12_8;2026;04;21;39;V;35;V;34;V;12;V;8;V;11;V;17;V;32;V;38;V;38;V;39;V;74;V;60;V;49;V;39;V;39;V;34;V;46;V;39;V;61;V;72;V;68;V;72;V;74;V
28;079;11;12;28079011_12_8;2026;04;22;41;V;35;V;39;V;15;V;9;V;13;V;10;V;23;V;37;V;39;V;20;V;25;V;26;V;16;V;20;V;20;V;21;V;28;V;23;V;30;V;27;V;34;V;36;V;59;V
28;079;11;12;28079011_12_8;2026;04;23;45;V;36;V;9;V;6;V;6;V;6;V;15;V;54;V;74;V;59;V;49;V;53;V;47;V;29;V;27;V;18;V;21;V;26;V;29;V;28;V;21;V;15;V;13;V;7;V
28;079;11;12;28079011_12_8;2026;04;24;7;V;5;V;3;V;3;V;3;V;4;V;13;V;28;V;47;V;43;V;48;V;28;V;22;V;20;V;22;V;23;V;22;V;31;V;26;V;31;V;34;V;23;V;33;V;49;V
28;079;11;12;28079011_12_8;2026;04;25;24;V;16;V;8;V;6;V;7;V;8;V;7;V;10;V;18;V;28;V;18;V;22;V;17;V;14;V;12;V;15;V;12;V;13;V;17;V;29;V;20;V;9;V;8;V;6;V
28;079;11;12;28079011_12_8;2026;04;26;9;V;5;V;3;V;3;V;4;V;8;V;8;V;9;V;8;V;7;V;8;V;11;V;12;V;18;V;11;V;8;V;11;V;16;V;13;V;16;V;17;V;13;V;17;V;15;V
28;079;11;12;28079011_12_8;2026;04;27;9;V;8;V;7;V;6;V;6;V;8;V;20;V;42;V;68;V;49;V;49;V;45;V;39;V;31;V;22;V;18;V;17;V;32;V;30;V;27;V;35;V;35;V;31;V;16;V
28;079;11;12;28079011_12_8;2026;04;28;7;V;4;V;6;V;5;V;6;V;9;V;16;V;37;V;37;V;48;V;42;V;33;V;25;V;29;V;16;V;24;V;21;V;19;V;24;V;53;V;22;V;20;V;14;V;8;V
28;079;11;12;28079011_12_8;2026;04;29;8;V;8;V;8;V;8;V;8;V;15;V;23;V;59;V;69;V;43;V;53;V;49;V;47;V;41;V;36;V;44;V;42;V;35;V;20;V;20;V;23;V;13;V;12;V;8;V
28;079;11;12;28079011_12_8;2026;04;30;7;V;4;V;5;V;2;V;2;V;3;V;8;V;21;V;36;V;0;N;0;N;0;N;23;V;33;V;29;V;26;V;26;V;29;V;36;V;38;V;29;V;35;V;53;V;47;V
28;079;11;12;28079011_12_8;2026;05;01;40;V;39;V;18;V;10;V;7;V;6;V;6;V;12;V;14;V;16;V;25;V;36;V;26;V;15;V;15;V;14;V;9;V;10;V;11;V;16;V;21;V;18;V;18;V;12;V
28;079;11;12;28079011_12_8;2026;05;02;8;V;5;V;5;V;7;V;6;V;6;V;7;V;9;V;12;V;18;V;25;V;23;V;24;V;19;V;20;V;14;V;10;V;9;V;14;V;13;V;14;V;13;V;26;V;30;V
28;079;11;12;28079011_12_8;2026;05;03;27;V;22;V;25;V;31;V;26;V;15;V;19;V;23;V;17;V;16;V;17;V;18;V;13;V;9;V;10;V;6;V;6;V;7;V;7;V;7;V;13;V;10;V;9;V;7;V
28;079;11;12;28079011_12_8;2026;05;04;7;V;8;V;5;V;5;V;5;V;7;V;13;V;24;V;43;V;43;V;31;V;17;V;19;V;15;V;12;V;10;V;11;V;22;V;23;V;21;V;21;V;22;V;15;V;10;V
28;079;11;12;28079011_12_8;2026;05;05;6;V;5;V;3;V;3;V;6;V;4;V;15;V;38;V;43;V;62;V;39;V;39;V;28;V;18;V;22;V;14;V;22;V;25;V;27;V;22;V;22;V;17;V;17;V;15;V
28;079;11;12;28079011_12_8;2026;05;06;10;V;6;V;5;V;8;V;9;V;10;V;20;V;38;V;29;V;24;V;29;V;28;V;19;V;25;V;26;V;27;V;26;V;40;V;19;V;24;V;15;V;39;V;55;V;68;V
28;079;11;12;28079011_12_8;2026;05;07;38;V;8;V;4;V;4;V;4;V;5;V;12;V;24;V;33;V;0;N;0;N;0;N;0;N;0;N;0;N;0;N;0;N;0;N;0;N;0;N;0;N;0;N;0;N;0;N
28;079;11;20;28079011_20_59;2026;04;07;0.3;V;0.5;V;0.4;V;0.4;V;0.6;V;1.2;V;0.5;V;0.8;V;0.9;V;1.1;V;1.4;V;1.7;V;1.9;V;1.8;V;2.1;V;2.3;V;1.3;V;1.8;V;1.6;V;1.6;V;1.2;V;2.2;V;2.3;V;1.6;V
28;079;11;20;28079011_20_59;2026;04;08;2.8;V;1.6;V;0.7;V;1;V;0.8;V;0.6;V;0.6;V;0.8;V;1.2;V;2.9;V;2.3;V;1.3;V;2;V;1.2;V;1.9;V;1.4;V;1.6;V;1.8;V;4.4;V;1.1;V;0.7;V;0.5;V;0.4;V;0.4;V
28;079;11;20;28079011_20_59;2026;04;09;0.4;V;0.9;V;1.4;V;0.8;V;0.8;V;0.5;V;0.4;V;0.6;V;1.8;V;2.3;V;2;V;2;V;1.9;V;1.2;V;1.2;V;1.1;V;1;V;0.9;V;1;V;0.6;V;1.4;V;3.1;V;3.2;V;1.9;V
28;079;11;20;28079011_20_59;2026;04;10;0.9;V;0.9;V;0.5;V;0.4;V;0.3;V;0.3;V;0.3;V;0.6;V;1;V;1.1;V;1.5;V;1.4;V;1.1;V;1.5;V;1.2;V;1.8;V;1.8;V;1.8;V;1.4;V;1.3;V;1.5;V;1.6;V;1.8;V;3.5;V
28;079;11;20;28079011_20_59;2026;04;11;2.9;V;2.3;V;1.8;V;1.8;V;2.7;V;2.3;V;1.7;V;1.5;V;1.5;V;1.6;V;1.6;V;2.4;V;3.9;V;1.5;V;1.7;V;1.8;V;1.8;V;0.7;V;1.3;V;0.7;V;0.6;V;0.4;V;0.2;V;0.2;V
28;079;11;20;28079011_20_59;2026;04;12;0.2;V;0.2;V;0.2;V;0.1;V;0;V;0;V;0;V;0;V;0;V;0.1;V;0.2;V;0.2;V;0.2;V;0.2;V;0.2;V;0.3;V;0.2;V;0.4;V;0.2;V;0.3;V;0.3;V;0.2;V;0.2;V;0.1;V
28;079;11;20;28079011_20_59;2026;04;13;0.1;V;0.1;V;0;V;0.1;V;1.3;V;0.6;V;0.4;V;0.4;V;0;N;0;N;0;N;0.9;V;1.6;V;1.5;V;1;V;0;N;0;N;0;N;0;N;0;N;0;N;0;N;0;N;0;N
28;079;11;20;28079011_20_59;2026;04;14;0;N;0;N;0;N;0;N;0;N;0;N;0;N;0;N;0;N;0;N;4.5;V;2.3;V;2.2;V;1.6;V;1.2;V;0.9;V;1;V;1;V;1.6;V;1.1;V;1.9;V;1.2;V;1.4;V;1.2;V
28;079;11;20;28079011_20_59;2026;04;15;2;V;1.8;V;1.3;V;1.8;V;2.1;V;2.2;V;2.1;V;1.4;V;2;V;2.6;V;3.3;V;4.5;V;2.7;V;3.1;V;1.6;V;1.1;V;1.9;V;1.8;V;1.1;V;0.8;V;0.8;V;0.8;V;0.9;V;2.6;V
28;079;11;20;28079011_20_59;2026;04;16;1.6;V;4;V;7.4;V;3.7;V;3.3;V;1.6;V;1;V;1;V;1.1;V;1.7;V;1.4;V;1.5;V;2.4;V;2.9;V;2.5;V;1.7;V;1.2;V;1.2;V;0.9;V;1;V;1.1;V;1.1;V;2.2;V;1.6;V
28;079;11;20;28079011_20_59;2026;04;17;2.5;V;3.6;V;3.6;V;2.5;V;1.7;V;0.9;V;1.1;V;1.1;V;1.8;V;1.8;V;2;V;4.4;V;3.4;V;2.6;V;2.6;V;2.1;V;1.2;V;1;V;1.1;V;1;V;1;V;1.3;V;1.4;V;2;V
28;079;11;20;28079011_20_59;2026;04;18;3.1;V;2.6;V;3.8;V;5.2;V;2.6;V;1.6;V;1.2;V;1.1;V;1.1;V;0.8;V;0.9;V;1.4;V;1.9;V;2.1;V;1.2;V;0.8;V;0.6;V;0.6;V;0.5;V;0.7;V;1.2;V;1.9;V;2.2;V;1.9;V
28;079;11;20;28079011_20_59;2026;04;19;0.7;V;0.6;V;0.5;V;0.4;V;0.5;V;0.6;V;0.6;V;0.7;V;0.5;V;0.4;V;0.7;V;0.5;V;0.5;V;0.6;V;0.6;V;0.8;V;0.4;V;0.5;V;0.4;V;0.7;V;0.5;V;0.9;V;1;V;1.3;V
28;079;11;20;28079011_20_59;2026;04;20;1;V;1.1;V;1.1;V;1.4;V;2.5;V;1.2;V;1.8;V;2.3;V;2.4;V;2.9;V;1.5;V;1.9;V;3.3;V;2;V;2.6;V;1.7;V;1.7;V;1.3;V;1.6;V;1.2;V;1.2;V;1.3;V;1.8;V;2.8;V
28;079;11;20;28079011_20_59;2026;04;21;3.9;V;7;V;7.6;V;2.9;V;1.2;V;1.3;V;1.1;V;1.1;V;1.5;V;2.1;V;2.7;V;2.1;V;3;V;2.6;V;2.8;V;1.1;V;2.1;V;2.3;V;3;V;1.5;V;2.9;V;1.8;V;3.3;V;3.1;V
28;079;11;20;28079011_20_59;2026;04;22;3.3;V;2.6;V;3.3;V;2.8;V;1.5;V;0.8;V;0.7;V;0.7;V;1;V;1.9;V;1.6;V;1.2;V;1;V;0.9;V;1.1;V;1.1;V;1.4;V;1.4;V;1.2;V;1;V;1.4;V;2.2;V;2.2;V;2.5;V
28;079;11;20;28079011_20_59;2026;04;23;4.6;V;2;V;2.5;V;0.9;V;1.2;V;1.1;V;0.8;V;1.5;V;2.1;V;2.5;V;1.9;V;1.7;V;1.9;V;2;V;1.5;V;1.2;V;1.2;V;1.3;V;1;V;0.9;V;1.4;V;0.9;V;0.7;V;1.1;V
28;079;11;20;28079011_20_59;2026;04;24;1.1;V;0.5;V;0.5;V;0.3;V;0.4;V;0.3;V;0.6;V;0.8;V;1.3;V;1.5;V;1.1;V;1.8;V;1;V;1.4;V;1.1;V;1;V;1.2;V;1.3;V;0.9;V;1.1;V;1.4;V;1.6;V;1.1;V;2.2;V
28;079;11;20;28079011_20_59;2026;04;25;1.9;V;1.4;V;1.2;V;0.4;V;0.5;V;0.6;V;0.6;V;0.5;V;0.7;V;0.8;V;1.3;V;0.6;V;1.3;V;0.7;V;0.5;V;0.5;V;0.3;V;0.4;V;0.4;V;1;V;1.4;V;0.5;V;0.3;V;0.3;V
28;079;11;20;28079011_20_59;2026;04;26;0.3;V;0.2;V;0.2;V;0.2;V;0.2;V;0.4;V;0.5;V;0.3;V;0.3;V;0.3;V;0.1;V;0.3;V;0.6;V;0.5;V;0.7;V;0.5;V;0.3;V;0.4;V;0.4;V;0.4;V;0.6;V;0.5;V;0.4;V;0.6;V
28;079;11;20;28079011_20_59;2026;04;27;0.3;V;0.4;V;0.4;V;0.4;V;0.4;V;0.5;V;0.9;V;1.3;V;1.9;V;0;N;0;N;2.1;V;1.8;V;2.1;V;1.7;V;1.1;V;1.2;V;0.9;V;1.1;V;0.9;V;2.2;V;1.6;V;1.6;V;1.2;V
28;079;11;20;28079011_20_59;2026;04;28;0.8;V;0.3;V;0.3;V;0.4;V;0.7;V;1;V;0.8;V;0.9;V;1.3;V;2.1;V;2.9;V;1.3;V;0.9;V;1;V;1.9;V;1.7;V;1.5;V;1;V;0.9;V;1.4;V;1.5;V;1.4;V;2.1;V;0.9;V
28;079;11;20;28079011_20_59;2026;04;29;6.8;V;1.1;V;4;V;2.3;V;0.9;V;0.8;V;1.1;V;1.5;V;0;N;1.8;V;1.7;V;1.7;V;1.2;V;1.6;V;1.4;V;1.1;V;1.5;V;1.5;V;1.1;V;0.8;V;0.9;V;1;V;0.6;V;0.5;V
28;079;11;20;28079011_20_59;2026;04;30;0.4;V;0.4;V;0.3;V;0.3;V;0.2;V;0.3;V;0.3;V;0.4;V;1;V;0;N;0;N;0;N;1.5;V;1.5;V;1.9;V;1.3;V;1.6;V;1.5;V;1.8;V;1.5;V;1.7;V;1.5;V;2.1;V;3;V
28;079;11;20;28079011_20_59;2026;05;01;3.1;V;3.2;V;2.4;V;0.9;V;0.7;V;0.6;V;0.4;V;0.5;V;0.6;V;0.6;V;0.9;V;1.1;V;1.2;V;0.7;V;0.6;V;0.6;V;0.5;V;0.9;V;0.4;V;0.6;V;0.6;V;0.9;V;0.9;V;0.7;V
28;079;11;20;28079011_20_59;2026;05;02;0.5;V;0.4;V;0.3;V;0.2;V;0.2;V;0.2;V;0.2;V;0.2;V;0.4;V;0.4;V;0.5;V;0.7;V;0.6;V;0.6;V;0.5;V;0.7;V;0.5;V;0.4;V;0.4;V;0.5;V;0.5;V;0.6;V;0.8;V;1.2;V
28;079;11;20;28079011_20_59;2026;05;03;1.6;V;1.3;V;1;V;1.7;V;2.1;V;1.3;V;1.2;V;1.2;V;1;V;0.7;V;0.8;V;0.8;V;0.6;V;0.4;V;0.4;V;0.2;V;0.2;V;0.2;V;0.2;V;0.2;V;0.5;V;0.4;V;0.4;V;0.3;V
28;079;11;20;28079011_20_59;2026;05;04;0.4;V;0.4;V;0.3;V;0.2;V;0.3;V;0.2;V;0.6;V;0.8;V;1.1;V;2.4;V;1.3;V;1.1;V;0.9;V;0.4;V;0.9;V;0.5;V;0.7;V;0.7;V;0.9;V;0.9;V;0.9;V;1;V;0.9;V;0.5;V
28;079;11;20;28079011_20_59;2026;05;05;0.5;V;0.5;V;0.2;V;0.5;V;0.3;V;0.3;V;0.4;V;0.6;V;1.4;V;2.2;V;2.1;V;1.4;V;1;V;0.8;V;1;V;0.9;V;1;V;0.9;V;0.9;V;1.1;V;1.4;V;0.9;V;0.9;V;1.4;V
28;079;11;20;28079011_20_59;2026;05;06;0.8;V;0.5;V;0.3;V;0.6;V;0.5;V;0.4;V;0.6;V;0.7;V;1.1;V;0.8;V;1;V;1.2;V;1.7;V;1.2;V;1.2;V;1.4;V;1.5;V;1.6;V;1.4;V;1.2;V;0.9;V;1;V;2.3;V;3;V
28;079;11;20;28079011_20_59;2026;05;07;2.9;V;1;V;0.4;V;0.3;V;0.3;V;1.1;V;0.3;V;0.3;V;0.7;V;0;N;0;N;0;N;0;N;0;N;0;N;0;N;0;N;0;N;0;N;0;N;0;N;0;N;0;N;0;N
28;079;11;30;28079011_30_59;2026;04;07;0;V;0.1;V;0;V;0.1;V;0;V;0.1;V;0.1;V;0.2;V;0.2;V;0.3;V;0.2;V;0.3;V;0.3;V;0.3;V;0.4;V;0.4;V;0.3;V;0.3;V;0.3;V;0.4;V;0.3;V;0.4;V;0.4;V;0.5;V
28;079;11;30;28079011_30_59;2026;04;08;0.6;V;0.2;V;0.1;V;0.2;V;0.1;V;0;V;0;V;0.1;V;0.4;V;0.5;V;0.3;V;0.1;V;0.2;V;0.1;V;0.3;V;0.2;V;0.1;V;0.1;V;0.2;V;0.2;V;0.2;V;0.1;V;0.1;V;0.1;V
28;079;11;30;28079011_30_59;2026;04;09;0.1;V;0.1;V;0.1;V;0.1;V;0.1;V;0;V;0.1;V;0.1;V;0.3;V;0.5;V;0.3;V;0.3;V;0.2;V;0.2;V;0.2;V;0.2;V;0.2;V;0.2;V;0.2;V;0.1;V;0.3;V;0.6;V;0.6;V;0.3;V
28;079;11;30;28079011_30_59;2026;04;10;0.2;V;0.1;V;0;V;0;V;0;V;0;V;0;V;0.1;V;0.2;V;0.2;V;0.2;V;0.2;V;0.2;V;0.2;V;0.3;V;0.5;V;0.4;V;0.3;V;0.2;V;0.2;V;0.3;V;0.3;V;0.4;V;0.6;V
28;079;11;30;28079011_30_59;2026;04;11;0.6;V;0.6;V;0.3;V;0.3;V;0.3;V;0.3;V;0.2;V;0.2;V;0.2;V;0.2;V;0.2;V;0.3;V;0.3;V;0.2;V;0.3;V;0.4;V;0.3;V;0.1;V;0.2;V;0.2;V;0.1;V;0.1;V;0;V;0.1;V
28;079;11;30;28079011_30_59;2026;04;12;0;V;0.1;V;0.1;V;0;V;0.1;V;0;V;0;V;0.1;V;0;V;0;V;0;V;0;V;0.1;V;0.1;V;0.1;V;0.1;V;0.1;V;0.2;V;0.1;V;0.1;V;0.1;V;0.1;V;0.1;V;0.1;V
28;079;11;30;28079011_30_59;2026;04;13;0.1;V;0.1;V;0;V;0.1;V;0;V;0;V;0.1;V;0.2;V;0;N;0;N;0;N;0.3;V;0.3;V;0.3;V;0.2;V;0;N;0;N;0;N;0;N;0;N;0;N;0;N;0;N;0;N
28;079;11;30;28079011_30_59;2026;04;14;0;N;0;N;0;N;0;N;0;N;0;N;0;N;0;N;0;N;0;N;0.4;V;0.3;V;0.3;V;0.2;V;0.2;V;0.2;V;0.1;V;0.1;V;0.2;V;0.2;V;0.3;V;0.2;V;0.2;V;0.2;V
28;079;11;30;28079011_30_59;2026;04;15;0.3;V;0.2;V;0.2;V;0.1;V;0.2;V;0.1;V;0.1;V;0.1;V;0.3;V;0.5;V;0.5;V;0.5;V;0.4;V;0.3;V;0.2;V;0.1;V;0.2;V;0.2;V;0.2;V;0.1;V;0.1;V;0.1;V;0.1;V;0.4;V
28;079;11;30;28079011_30_59;2026;04;16;0.9;V;0.7;V;0.4;V;0.3;V;0.2;V;0.1;V;0;V;0.1;V;0.2;V;0.3;V;0.2;V;0.1;V;0.2;V;0.3;V;0.3;V;0.2;V;0.3;V;0.1;V;0.1;V;0.2;V;0.2;V;0.1;V;0.3;V;0.4;V
28;079;11;30;28079011_30_59;2026;04;17;0.4;V;0.6;V;0.5;V;0.3;V;0.1;V;0;V;0.1;V;0.2;V;0.4;V;0.3;V;0.2;V;0.3;V;0.3;V;0.4;V;0.4;V;0.3;V;0.2;V;0.1;V;0.2;V;0.2;V;0.2;V;0.2;V;0.3;V;0.4;V
28;079;11;30;28079011_30_59;2026;04;18;0.4;V;0.6;V;0.6;V;0.5;V;0.3;V;0.2;V;0.1;V;0.1;V;0.1;V;0.1;V;0.1;V;0.3;V;0.2;V;0.4;V;0.2;V;0.1;V;0.1;V;0.1;V;0.1;V;0.1;V;0.2;V;0.4;V;0.5;V;0.4;V
28;079;11;30;28079011_30_59;2026;04;19;0;V;0;V;0;V;0;V;0;V;0;V;0;V;0;V;0;V;0;V;0.1;V;0.1;V;0.1;V;0.1;V;0.2;V;0.1;V;0.1;V;0;V;0;V;0.1;V;0.1;V;0.2;V;0.2;V;0.2;V
28;079;11;30;28079011_30_59;2026;04;20;0.1;V;0.1;V;0;V;0.1;V;0.2;V;0.1;V;0.2;V;0.3;V;0.4;V;0.3;V;0.2;V;0.1;V;0.3;V;0.5;V;0.4;V;0.2;V;0.2;V;0.4;V;0.3;V;0.2;V;0.2;V;0.3;V;0.3;V;0.3;V
28;079;11;30;28079011_30_59;2026;04;21;0.4;V;0.4;V;0.4;V;0.2;V;0;V;0;V;0.1;V;0.1;V;0.2;V;0.3;V;0.3;V;0.2;V;0.3;V;0.3;V;0.4;V;0.2;V;0.3;V;0.3;V;0.4;V;0.4;V;0.4;V;0.7;V;0.5;V;0.4;V
28;079;11;30;28079011_30_59;2026;04;22;0.5;V;0.3;V;0.3;V;0.1;V;0.1;V;0;V;0.1;V;0.1;V;0.2;V;0.4;V;0.3;V;0.2;V;0.2;V;0.1;V;0.1;V;0.2;V;0.2;V;0.2;V;0.2;V;0.2;V;0.3;V;0.4;V;0.3;V;0.4;V
28;079;11;30;28079011_30_59;2026;04;23;0.6;V;0.5;V;0.2;V;0;V;0;V;0;V;0;V;0.2;V;0.5;V;0.5;V;0.3;V;0.2;V;0.3;V;0.2;V;0.2;V;0.2;V;0.2;V;0.2;V;0.2;V;0.1;V;0.3;V;0.1;V;0.1;V;0.1;V
28;079;11;30;28079011_30_59;2026;04;24;0.2;V;0;V;0;V;0;V;0;V;0;V;0.1;V;0.1;V;0.3;V;0.3;V;0.2;V;0.2;V;0.1;V;0.1;V;0.1;V;0.2;V;0.2;V;0.2;V;0.2;V;0.2;V;0.3;V;0.2;V;0.2;V;0.4;V
28;079;11;30;28079011_30_59;2026;04;25;0.3;V;0.2;V;0.1;V;0;V;0;V;0;V;0;V;0;V;0.1;V;0.1;V;0.2;V;0.1;V;0.1;V;0.1;V;0.1;V;0;V;0;V;0;V;0.1;V;0.2;V;0.2;V;0.1;V;0;V;0;V
28;079;11;30;28079011_30_59;2026;04;26;0;V;0;V;0;V;0.1;V;0.1;V;0;V;0;V;0.1;V;0;V;0;V;0.1;V;0;V;0;V;0.1;V;0.1;V;0;V;0.1;V;0;V;0;V;0.1;V;0.1;V;0.1;V;0;V;0;V
28;079;11;30;28079011_30_59;2026;04;27;0;V;0;V;0;V;0.1;V;0.1;V;0;V;0;V;0.1;V;0.3;V;0;N;0;N;0.2;V;0.2;V;0.2;V;0.2;V;0.1;V;0.2;V;0.1;V;0.2;V;0.2;V;0.4;V;0.3;V;0.3;V;0.2;V
28;079;11;30;28079011_30_59;2026;04;28;0.1;V;0;V;0;V;0.1;V;0;V;0;V;0;V;0.1;V;0.2;V;0.3;V;0.2;V;0.2;V;0.1;V;0.1;V;0.2;V;0.1;V;0.2;V;0.1;V;0;V;0.3;V;0.2;V;0.2;V;0.1;V;0;V
28;079;11;30;28079011_30_59;2026;04;29;0;V;0;V;0;V;0;V;0;V;0;V;0;V;0.1;V;0;N;0.3;V;0.2;V;0.2;V;0.2;V;0.3;V;0.2;V;0.1;V;0.2;V;0.2;V;0.1;V;0.1;V;0.1;V;0.1;V;0.1;V;0;V
28;079;11;30;28079011_30_59;2026;04;30;0;V;0;V;0;V;0;V;0;V;0;V;0;V;0;V;0.2;V;0;N;0;N;0;N;0.2;V;0.2;V;0.2;V;0.2;V;0.2;V;0.2;V;0.3;V;0.3;V;0.3;V;0.3;V;0.4;V;0.4;V
28;079;11;30;28079011_30_59;2026;05;01;0.4;V;0.4;V;0.3;V;0.1;V;0;V;0;V;0;V;0;V;0;V;0;V;0.1;V;0.2;V;0.2;V;0.1;V;0.1;V;0;V;0;V;0.1;V;0.1;V;0.1;V;0.1;V;0.2;V;0.1;V;0.1;V
28;079;11;30;28079011_30_59;2026;05;02;0.1;V;0;V;0;V;0;V;0;V;0;V;0;V;0;V;0;V;0.1;V;0;V;0.1;V;0.1;V;0.1;V;0.1;V;0.1;V;0.1;V;0;V;0;V;0;V;0.1;V;0.1;V;0.2;V;0.2;V
28;079;11;30;28079011_30_59;2026;05;03;0.2;V;0.2;V;0.1;V;0.2;V;0.3;V;0.1;V;0.1;V;0.1;V;0.1;V;0;V;0.1;V;0.1;V;0.1;V;0;V;0;V;0;V;0;V;0.1;V;0;V;0.1;V;0.1;V;0;V;0;V;0;V
28;079;11;30;28079011_30_59;2026;05;04;0.1;V;0;V;0;V;0;V;0.1;V;0.1;V;0.1;V;0;V;0.1;V;0.3;V;0.1;V;0.1;V;0;V;0;V;0.1;V;0;V;0;V;0;V;0.1;V;0.2;V;0.2;V;0.2;V;0.1;V;0;V
28;079;11;30;28079011_30_59;2026;05;05;0;V;0;V;0;V;0.1;V;0;V;0;V;0.1;V;0.1;V;0.3;V;0.4;V;0.4;V;0.2;V;0.2;V;0.1;V;0.1;V;0.1;V;0.1;V;0.1;V;0.2;V;0.2;V;0.3;V;0.1;V;0.1;V;0.2;V
28;079;11;30;28079011_30_59;2026;05;06;0.1;V;0;V;0;V;0;V;0;V;0;V;0;V;0.1;V;0.2;V;0.1;V;0.2;V;0;V;0.1;V;0.1;V;0.1;V;0.2;V;0.2;V;0.2;V;0.2;V;0.2;V;0.1;V;0.1;V;0.4;V;0.4;V
28;079;11;30;28079011_30_59;2026;05;07;0.3;V;0.1;V;0.1;V;0.1;V;0;V;0;V;0;V;0;V;0.1;V;0;N;0;N;0;N;0;N;0;N;0;N;0;N;0;N;0;N;0;N;0;N;0;N;0;N;0;N;0;N
28;079;11;35;28079011_35_59;2026;04;07;0;V;0;V;0;V;0;V;0;V;0.2;V;0.1;V;0.2;V;0.1;V;0;V;0.2;V;0.5;V;0.9;V;0.5;V;0.6;V;0.8;V;0.5;V;0.5;V;0.4;V;0.5;V;0;V;0;V;0;V;0;V
28;079;11;35;28079011_35_59;2026;04;08;0;V;0;V;0;V;0;V;0;V;0;V;0;V;0;V;0;V;0;V;0;V;0;V;0;V;0;V;0.1;V;0;V;0.1;V;0.1;V;0.1;V;0;V;0;V;0;V;0;V;0;V
28;079;11;35;28079011_35_59;2026;04;09;0;V;0.1;V;0;V;0;V;0;V;0;V;0;V;0;V;0;V;0;V;0;V;0;V;0;V;0.1;V;0.3;V;0.3;V;0.2;V;0.2;V;0.2;V;0.2;V;0.4;V;1.1;V;1.4;V;0.8;V
28;079;11;35;28079011_35_59;2026;04;10;0.3;V;0.2;V;0.1;V;0;V;0;V;0;V;0;V;0;V;0;V;0;V;0.3;V;0.1;V;0.2;V;0.5;V;0.6;V;0.6;V;0.5;V;0.6;V;0.5;V;0.3;V;0.5;V;0.5;V;0.7;V;1.5;V
28;079;11;35;28079011_35_59;2026;04;11;1.3;V;1.6;V;0.6;V;0.3;V;0.2;V;0.8;V;0.5;V;0.4;V;0;V;0;V;0;V;0.3;V;0.9;V;0.5;V;0.6;V;0.6;V;0.5;V;0.2;V;0.3;V;0.1;V;0.1;V;0;V;0;V;0;V
28;079;11;35;28079011_35_59;2026;04;12;0.1;V;0;V;0;V;0;V;0;V;0;V;0;V;0;V;0;V;0;V;0;V;0;V;0;V;0;V;0;V;0;V;0;V;0;V;0;V;0;V;0;V;0;V;0;V;0;V
28;079;11;35;28079011_35_59;2026;04;13;0;V;0;V;0;V;0;V;0;V;0;V;0;V;0;V;0;N;0;N;0;N;0.1;V;0.2;V;0.2;V;0.2;V;0;N;0;N;0;N;0;N;0;N;0;N;0;N;0;N;0;N
28;079;11;35;28079011_35_59;2026;04;14;0;N;0;N;0;N;0;N;0;N;0;N;0;N;0;N;0;N;0;N;0.5;V;0.1;V;0.5;V;0.2;V;0.3;V;0.2;V;0.3;V;0.2;V;0.2;V;0.3;V;0.7;V;0.3;V;0;V;0.4;V
28;079;11;35;28079011_35_59;2026;04;15;0.5;V;0.5;V;0.5;V;0.4;V;0.9;V;0.6;V;0.4;V;0.4;V;0.6;V;1;V;0.6;V;1.4;V;1.1;V;1.3;V;0.5;V;0.3;V;0.7;V;0.5;V;0.2;V;0.1;V;0;V;0;V;0.1;V;0.3;V
28;079;11;35;28079011_35_59;2026;04;16;1.5;V;2.5;V;0.4;V;1.1;V;1;V;0.5;V;0.3;V;0.1;V;0.4;V;0.6;V;0.2;V;0.2;V;0.9;V;1.3;V;0.6;V;0.5;V;0.7;V;0.4;V;0.3;V;0.3;V;0.2;V;0.3;V;0.7;V;0.9;V
28;079;11;35;28079011_35_59;2026;04;17;0.8;V;0.7;V;1.2;V;0.7;V;0.7;V;0.3;V;0.1;V;0.4;V;0.6;V;0.6;V;0.5;V;1.5;V;1.1;V;1.2;V;1;V;0.7;V;0.3;V;0.2;V;0.2;V;0.1;V;0.3;V;0.3;V;0.5;V;0.8;V
28;079;11;35;28079011_35_59;2026;04;18;1.1;V;1.4;V;1.5;V;1.6;V;0.9;V;0.4;V;0.4;V;0.1;V;0.4;V;0.1;V;0;V;0.5;V;0.6;V;0.7;V;0.3;V;0.2;V;0.2;V;0;V;0.1;V;0.1;V;0.3;V;0.4;V;1.2;V;1.7;V
28;079;11;35;28079011_35_59;2026;04;19;0.7;V;0.8;V;1;V;0.4;V;0.6;V;0.4;V;0.2;V;0.3;V;0.4;V;0.4;V;0.1;V;0.1;V;0;V;0.1;V;0.1;V;0.2;V;0;V;0;V;0;V;0.2;V;0.1;V;0.2;V;0.3;V;0.5;V
28;079;11;35;28079011_35_59;2026;04;20;0.3;V;0.1;V;0.3;V;0.4;V;0.4;V;0.4;V;0.3;V;0.9;V;0.4;V;0.7;V;0.6;V;0.2;V;0.6;V;1.1;V;1;V;0.5;V;0.6;V;0.7;V;0.7;V;0.4;V;0.4;V;0.5;V;0.7;V;0.9;V
28;079;11;35;28079011_35_59;2026;04;21;1.3;V;1.7;V;1.9;V;0.9;V;0.4;V;0.2;V;0.3;V;0.2;V;0.5;V;0.5;V;1.2;V;0.6;V;0.7;V;0.7;V;1;V;0.6;V;0.9;V;1;V;1.3;V;1;V;1.4;V;1.8;V;1.3;V;2.3;V
28;079;11;35;28079011_35_59;2026;04;22;1.7;V;1.3;V;0.8;V;1;V;0.1;V;0.2;V;0.1;V;0.1;V;0.3;V;0.6;V;0.4;V;0.4;V;0.3;V;0.2;V;0.1;V;0.4;V;0.5;V;0.3;V;0.3;V;0.3;V;0.5;V;0.9;V;0.6;V;0.9;V
28;079;11;35;28079011_35_59;2026;04;23;1.7;V;1.3;V;0.7;V;0.2;V;0.2;V;0.3;V;0.1;V;0.4;V;1.1;V;0.8;V;0.8;V;0.6;V;0.9;V;1;V;0.5;V;0;V;0;V;0;V;0;V;0;V;0.4;V;0.2;V;0.1;V;0;V
28;079;11;35;28079011_35_59;2026;04;24;0.2;V;0.1;V;0.1;V;0;V;0;V;0;V;0.2;V;0.2;V;0.2;V;0.6;V;0.2;V;0.6;V;0.3;V;0.3;V;0.1;V;0.3;V;0.3;V;0.3;V;0;V;0.3;V;0.4;V;0.5;V;0.4;V;0.8;V
28;079;11;35;28079011_35_59;2026;04;25;0.5;V;0.2;V;0.3;V;0;V;0;V;0.2;V;0.1;V;0;V;0.1;V;0.2;V;0.1;V;0;V;0.3;V;0.1;V;0;V;0.1;V;0;V;0.1;V;0.1;V;0.4;V;0.5;V;0.1;V;0;V;0;V
28;079;11;35;28079011_35_59;2026;04;26;0;V;0;V;0.1;V;0;V;0;V;0;V;0;V;0;V;0;V;0;V;0;V;0;V;0.1;V;0.1;V;0.2;V;0.2;V;0;V;0.1;V;0;V;0;V;0.1;V;0.2;V;0.1;V;0.2;V
28;079;11;35;28079011_35_59;2026;04;27;0;V;0;V;0;V;0;V;0;V;0;V;0.2;V;0.2;V;0.6;V;0;N;0;N;0.7;V;0.6;V;0.8;V;0.6;V;0.4;V;0.5;V;0.5;V;0.4;V;0.4;V;0.8;V;0.5;V;0.8;V;0.6;V
28;079;11;35;28079011_35_59;2026;04;28;0.4;V;0;V;0;V;0;V;0.1;V;0.2;V;0.2;V;0.3;V;0.4;V;0.7;V;0.9;V;1.1;V;0.4;V;0.3;V;0.4;V;0.3;V;0.3;V;0.3;V;0.2;V;0.5;V;0.7;V;0.6;V;0.4;V;0.1;V
28;079;11;35;28079011_35_59;2026;04;29;0.2;V;0.2;V;0.2;V;0.2;V;0.1;V;0.2;V;0.2;V;0.5;V;0;N;0.7;V;0.4;V;0.5;V;0.5;V;0.6;V;0.5;V;0.5;V;0.5;V;0.5;V;0.4;V;0.3;V;0.3;V;0.4;V;0.2;V;0.1;V
28;079;11;35;28079011_35_59;2026;04;30;0;V;0.1;V;0;V;0;V;0;V;0;V;0;V;0;V;0.3;V;0;N;0;N;0;N;0.2;V;0.8;V;1.8;V;0.5;V;0.6;V;1.2;V;0.8;V;0.5;V;0.7;V;0.5;V;0.8;V;1;V
28;079;11;35;28079011_35_59;2026;05;01;1.1;V;1.7;V;1.3;V;0.3;V;0.2;V;0.2;V;0;V;0.1;V;0.2;V;0;V;0.3;V;0.4;V;0.4;V;0.1;V;0.1;V;0.1;V;0.1;V;0.2;V;0.3;V;0.3;V;0.2;V;0.3;V;0.4;V;0.3;V
28;079;11;35;28079011_35_59;2026;05;02;0.1;V;0;V;0;V;0;V;0;V;0;V;0;V;0.1;V;0;V;0;V;0.2;V;0.2;V;0.2;V;0.1;V;0.1;V;0.2;V;0.1;V;0.3;V;0.1;V;0.2;V;0.2;V;0.1;V;0.3;V;0.4;V
28;079;11;35;28079011_35_59;2026;05;03;0.5;V;0.5;V;0.4;V;0.6;V;0.7;V;0.4;V;0.5;V;0.3;V;0.4;V;0.2;V;0.2;V;0.2;V;0.2;V;0.1;V;0;V;0;V;0;V;0;V;0;V;0;V;0.1;V;0;V;0;V;0;V
28;079;11;35;28079011_35_59;2026;05;04;0;V;0;V;0;V;0;V;0;V;0;V;0;V;0.1;V;0.4;V;1;V;0.5;V;0.4;V;0.2;V;0.1;V;0.3;V;0.1;V;0.2;V;0.2;V;0.2;V;0.3;V;0.4;V;0.3;V;0.3;V;0.2;V
28;079;11;35;28079011_35_59;2026;05;05;0;V;0.1;V;0;V;0;V;0;V;0;V;0;V;0.1;V;0.5;V;0.8;V;0.7;V;0.5;V;0.4;V;0.3;V;0.3;V;0.4;V;0.4;V;0.3;V;0.3;V;0.4;V;0.6;V;0.3;V;0.3;V;0.7;V
28;079;11;35;28079011_35_59;2026;05;06;0.3;V;0.1;V;0;V;0.1;V;0.1;V;0;V;0.1;V;0.2;V;0.4;V;0.3;V;0.3;V;0.4;V;0.4;V;0.2;V;0.2;V;0.4;V;0.4;V;0.4;V;0.4;V;0.2;V;0.2;V;0.2;V;0.9;V;1.1;V
28;079;11;35;28079011_35_59;2026;05;07;0.9;V;0.5;V;0.2;V;0;V;0;V;0.1;V;0.1;V;0;V;0.3;V;0;N;0;N;0;N;0;N;0;N;0;N;0;N;0;N;0;N;0;N;0;N;0;N;0;N;0;N;0;N
28;079;11;7;28079011_7_8;2026;04;07;1;V;1;V;1;V;1;V;1;V;1;V;1;V;1;V;2;V;3;V;6;V;8;V;6;V;9;V;10;V;8;V;7;V;9;V;4;V;5;V;6;V;7;V;2;V;8;V
28;079;11;7;28079011_7_8;2026;04;08;4;V;2;V;1;V;1;V;1;V;1;V;2;V;6;V;14;V;11;V;7;V;2;V;9;V;7;V;9;V;6;V;6;V;6;V;6;V;3;V;2;V;2;V;1;V;1;V
28;079;11;7;28079011_7_8;2026;04;09;1;V;1;V;1;V;1;V;1;V;1;V;1;V;2;V;5;V;11;V;5;V;4;V;6;V;5;V;3;V;5;V;5;V;3;V;2;V;1;V;2;V;3;V;4;V;1;V
28;079;11;7;28079011_7_8;2026;04;10;1;V;1;V;1;V;1;V;1;V;1;V;1;V;1;V;2;V;3;V;4;V;4;V;4;V;5;V;12;V;7;V;12;V;8;V;4;V;3;V;5;V;2;V;2;V;14;V
28;079;11;7;28079011_7_8;2026;04;11;3;V;1;V;1;V;1;V;1;V;1;V;1;V;1;V;4;V;3;V;3;V;5;V;3;V;6;V;7;V;6;V;5;V;4;V;4;V;2;V;1;V;1;V;1;V;1;V
28;079;11;7;28079011_7_8;2026;04;12;1;V;1;V;1;V;1;V;1;V;1;V;1;V;1;V;1;V;1;V;2;V;2;V;3;V;4;V;2;V;4;V;3;V;4;V;1;V;2;V;1;V;2;V;2;V;1;V
28;079;11;7;28079011_7_8;2026;04;13;1;V;1;V;1;V;1;V;1;V;1;V;5;V;2;V;7;V;10;V;7;V;8;V;7;V;6;V;5;V;5;V;6;V;6;V;7;V;6;V;3;V;1;V;4;V;2;V
28;079;11;7;28079011_7_8;2026;04;14;1;V;1;V;1;V;1;V;1;V;1;V;4;V;8;V;25;V;15;V;11;V;11;V;10;V;6;V;5;V;6;V;4;V;9;V;8;V;5;V;5;V;3;V;2;V;3;V
28;079;11;7;28079011_7_8;2026;04;15;1;V;1;V;1;V;1;V;1;V;1;V;1;V;2;V;13;V;23;V;21;V;22;V;19;V;10;V;6;V;6;V;6;V;6;V;3;V;4;V;2;V;2;V;1;V;4;V
28;079;11;7;28079011_7_8;2026;04;16;6;V;3;V;2;V;1;V;1;V;1;V;1;V;1;V;5;V;5;V;6;V;7;V;0;N;0;N;0;N;5;V;6;V;6;V;3;V;3;V;2;V;0;V;3;V;1;V
28;079;11;7;28079011_7_8;2026;04;17;1;V;2;V;0;V;0;V;0;V;0;V;0;V;3;V;4;V;6;V;9;V;11;V;14;V;12;V;9;V;5;V;6;V;4;V;4;V;2;V;1;V;1;V;2;V;2;V
28;079;11;7;28079011_7_8;2026;04;18;1;V;0;V;13;V;4;V;0;V;0;V;0;V;1;V;2;V;2;V;4;V;6;V;5;V;5;V;3;V;2;V;3;V;3;V;3;V;2;V;3;V;2;V;1;V;0;V
28;079;11;7;28079011_7_8;2026;04;19;0;V;0;V;0;V;0;V;0;V;0;V;0;V;0;V;0;V;1;V;2;V;2;V;3;V;2;V;4;V;3;V;2;V;2;V;1;V;2;V;2;V;2;V;2;V;0;V
28;079;11;7;28079011_7_8;2026;04;20;1;V;0;V;0;V;0;V;0;V;1;V;3;V;5;V;6;V;5;V;4;V;6;V;5;V;7;V;6;V;4;V;4;V;7;V;6;V;4;V;1;V;3;V;3;V;2;V
28;079;11;7;28079011_7_8;2026;04;21;1;V;1;V;0;V;0;V;0;V;0;V;0;V;1;V;3;V;5;V;7;V;24;V;13;V;7;V;7;V;7;V;5;V;7;V;6;V;7;V;9;V;3;V;2;V;4;V
28;079;11;7;28079011_7_8;2026;04;22;1;V;0;V;1;V;0;V;0;V;3;V;1;V;2;V;6;V;8;V;4;V;6;V;7;V;4;V;5;V;5;V;5;V;6;V;4;V;6;V;4;V;4;V;3;V;4;V
28;079;11;7;28079011_7_8;2026;04;23;1;V;0;V;0;V;0;V;0;V;0;V;0;V;3;V;11;V;9;V;8;V;10;V;8;V;4;V;4;V;2;V;4;V;4;V;5;V;4;V;2;V;2;V;2;V;1;V
28;079;11;7;28079011_7_8;2026;04;24;0;V;0;V;0;V;0;V;0;V;0;V;0;V;0;V;2;V;3;V;7;V;4;V;3;V;3;V;3;V;5;V;3;V;6;V;3;V;4;V;3;V;0;V;0;V;4;V
28;079;11;7;28079011_7_8;2026;04;25;2;V;0;V;0;V;0;V;0;V;0;V;0;V;0;V;1;V;2;V;3;V;4;V;3;V;2;V;2;V;3;V;2;V;2;V;2;V;4;V;1;V;0;V;0;V;0;V
28;079;11;7;28079011_7_8;2026;04;26;1;V;0;V;0;V;0;V;0;V;0;V;0;V;0;V;1;V;1;V;2;V;2;V;3;V;4;V;2;V;1;V;2;V;3;V;2;V;2;V;2;V;0;V;0;V;0;V
28;079;11;7;28079011_7_8;2026;04;27;0;V;0;V;0;V;0;V;0;V;0;V;0;V;2;V;11;V;8;V;9;V;8;V;7;V;5;V;4;V;3;V;3;V;7;V;6;V;5;V;5;V;1;V;0;V;0;V
28;079;11;7;28079011_7_8;2026;04;28;1;V;0;V;0;V;0;V;0;V;0;V;0;V;1;V;3;V;5;V;5;V;5;V;5;V;7;V;3;V;4;V;4;V;3;V;3;V;9;V;2;V;2;V;1;V;1;V
28;079;11;7;28079011_7_8;2026;04;29;0;V;0;V;0;V;0;V;0;V;1;V;2;V;10;V;16;V;5;V;10;V;13;V;12;V;11;V;9;V;12;V;11;V;9;V;4;V;4;V;3;V;2;V;2;V;1;V
28;079;11;7;28079011_7_8;2026;04;30;0;V;0;V;1;V;0;V;0;V;0;V;1;V;2;V;5;V;0;N;0;N;0;N;5;V;7;V;6;V;4;V;3;V;4;V;6;V;7;V;4;V;3;V;4;V;4;V
28;079;11;7;28079011_7_8;2026;05;01;1;V;0;V;0;V;0;V;0;V;0;V;0;V;0;V;1;V;2;V;3;V;7;V;4;V;3;V;3;V;3;V;1;V;2;V;2;V;2;V;3;V;1;V;0;V;2;V
28;079;11;7;28079011_7_8;2026;05;02;1;V;0;V;0;V;0;V;0;V;0;V;0;V;0;V;1;V;3;V;3;V;3;V;5;V;4;V;3;V;2;V;1;V;2;V;2;V;2;V;2;V;1;V;1;V;1;V
28;079;11;7;28079011_7_8;2026;05;03;1;V;0;V;0;V;0;V;0;V;0;V;0;V;1;V;2;V;2;V;3;V;4;V;3;V;2;V;2;V;1;V;1;V;2;V;1;V;1;V;3;V;1;V;1;V;0;V
28;079;11;7;28079011_7_8;2026;05;04;0;V;0;V;0;V;0;V;0;V;1;V;1;V;3;V;8;V;9;V;6;V;3;V;5;V;4;V;3;V;3;V;3;V;5;V;6;V;5;V;4;V;3;V;2;V;1;V
28;079;11;7;28079011_7_8;2026;05;05;0;V;1;V;0;V;0;V;1;V;0;V;2;V;7;V;7;V;13;V;8;V;10;V;7;V;4;V;6;V;3;V;6;V;7;V;7;V;4;V;4;V;3;V;2;V;1;V
28;079;11;7;28079011_7_8;2026;05;06;0;V;0;V;0;V;0;V;0;V;0;V;0;V;1;V;3;V;3;V;6;V;5;V;4;V;6;V;6;V;5;V;4;V;9;V;1;V;3;V;0;V;1;V;1;V;1;V
28;079;11;7;28079011_7_8;2026;05;07;0;V;0;V;0;V;0;V;0;V;0;V;0;V;0;V;2;V;0;N;0;N;0;N;0;N;0;N;0;N;0;N;0;N;0;N;0;N;0;N;0;N;0;N;0;N;0;N
28;079;11;8;28079011_8_8;2026;04;07;7;V;6;V;6;V;6;V;8;V;9;V;18;V;30;V;30;V;24;V;21;V;26;V;23;V;28;V;31;V;24;V;25;V;28;V;22;V;23;V;24;V;37;V;35;V;49;V
28;079;11;8;28079011_8_8;2026;04;08;35;V;14;V;11;V;22;V;4;V;6;V;13;V;34;V;56;V;61;V;30;V;17;V;25;V;15;V;20;V;10;V;13;V;13;V;12;V;9;V;8;V;8;V;6;V;6;V
28;079;11;8;28079011_8_8;2026;04;09;5;V;8;V;17;V;9;V;6;V;5;V;14;V;37;V;41;V;43;V;24;V;20;V;17;V;17;V;10;V;13;V;17;V;20;V;16;V;19;V;44;V;65;V;61;V;22;V
28;079;11;8;28079011_8_8;2026;04;10;14;V;7;V;2;V;2;V;2;V;4;V;10;V;23;V;27;V;29;V;21;V;18;V;19;V;20;V;30;V;24;V;31;V;25;V;23;V;16;V;35;V;40;V;51;V;65;V
28;079;11;8;28079011_8_8;2026;04;11;52;V;36;V;29;V;28;V;24;V;17;V;20;V;24;V;36;V;27;V;24;V;31;V;20;V;26;V;35;V;29;V;21;V;12;V;12;V;15;V;13;V;10;V;5;V;7;V
28;079;11;8;28079011_8_8;2026;04;12;4;V;3;V;3;V;2;V;1;V;1;V;1;V;2;V;3;V;7;V;6;V;6;V;9;V;11;V;6;V;8;V;7;V;11;V;10;V;10;V;10;V;12;V;7;V;5;V
28;079;11;8;28079011_8_8;2026;04;13;3;V;1;V;0;V;1;V;1;V;3;V;12;V;25;V;40;V;33;V;21;V;14;V;12;V;10;V;9;V;11;V;14;V;19;V;21;V;24;V;22;V;26;V;25;V;12;V
28;079;11;8;28079011_8_8;2026;04;14;6;V;4;V;4;V;4;V;4;V;6;V;15;V;46;V;58;V;45;V;26;V;20;V;20;V;13;V;13;V;9;V;9;V;19;V;19;V;16;V;21;V;27;V;16;V;25;V
28;079;11;8;28079011_8_8;2026;04;15;18;V;31;V;32;V;22;V;24;V;24;V;26;V;34;V;48;V;47;V;44;V;49;V;42;V;27;V;12;V;11;V;13;V;14;V;10;V;11;V;9;V;12;V;18;V;45;V
28;079;11;8;28079011_8_8;2026;04;16;58;V;60;V;53;V;43;V;31;V;9;V;16;V;31;V;34;V;23;V;20;V;21;V;0;N;0;N;0;N;18;V;19;V;18;V;12;V;15;V;16;V;22;V;40;V;39;V
28;079;11;8;28079011_8_8;2026;04;17;34;V;59;V;36;V;24;V;10;V;13;V;19;V;40;V;43;V;36;V;34;V;34;V;45;V;35;V;29;V;18;V;18;V;17;V;17;V;17;V;16;V;23;V;23;V;31;V
28;079;11;8;28079011_8_8;2026;04;18;40;V;39;V;76;V;68;V;28;V;11;V;15;V;21;V;20;V;18;V;20;V;29;V;26;V;24;V;14;V;10;V;12;V;11;V;12;V;14;V;26;V;41;V;46;V;20;V
28;079;11;8;28079011_8_8;2026;04;19;7;V;8;V;6;V;6;V;6;V;5;V;6;V;11;V;8;V;8;V;14;V;14;V;15;V;15;V;16;V;9;V;8;V;8;V;7;V;9;V;15;V;20;V;21;V;20;V
28;079;11;8;28079011_8_8;2026;04;20;12;V;10;V;14;V;42;V;23;V;15;V;40;V;55;V;53;V;33;V;25;V;25;V;33;V;30;V;21;V;17;V;19;V;27;V;21;V;20;V;17;V;25;V;27;V;33;V
28;079;11;8;28079011_8_8;2026;04;21;38;V;34;V;34;V;12;V;8;V;11;V;16;V;31;V;34;V;31;V;28;V;37;V;40;V;38;V;28;V;28;V;27;V;35;V;29;V;50;V;59;V;64;V;69;V;68;V
28;079;11;8;28079011_8_8;2026;04;22;40;V;35;V;38;V;15;V;8;V;9;V;9;V;20;V;28;V;28;V;14;V;16;V;16;V;10;V;13;V;12;V;13;V;18;V;16;V;20;V;21;V;28;V;32;V;53;V
28;079;11;8;28079011_8_8;2026;04;23;44;V;36;V;9;V;6;V;6;V;6;V;15;V;49;V;56;V;46;V;37;V;38;V;34;V;22;V;21;V;14;V;16;V;20;V;22;V;22;V;18;V;12;V;11;V;6;V
28;079;11;8;28079011_8_8;2026;04;24;6;V;5;V;3;V;3;V;3;V;4;V;13;V;27;V;44;V;39;V;36;V;22;V;17;V;16;V;17;V;16;V;17;V;22;V;21;V;25;V;30;V;22;V;33;V;43;V
28;079;11;8;28079011_8_8;2026;04;25;21;V;16;V;8;V;5;V;7;V;8;V;7;V;10;V;17;V;25;V;14;V;16;V;12;V;11;V;10;V;10;V;9;V;10;V;14;V;24;V;18;V;9;V;7;V;6;V
28;079;11;8;28079011_8_8;2026;04;26;8;V;5;V;3;V;3;V;4;V;8;V;8;V;9;V;7;V;5;V;6;V;9;V;8;V;11;V;8;V;6;V;7;V;11;V;10;V;13;V;14;V;13;V;17;V;15;V
28;079;11;8;28079011_8_8;2026;04;27;9;V;8;V;7;V;6;V;6;V;8;V;20;V;40;V;51;V;38;V;35;V;32;V;29;V;24;V;16;V;14;V;13;V;21;V;21;V;20;V;27;V;33;V;30;V;16;V
28;079;11;8;28079011_8_8;2026;04;28;6;V;4;V;5;V;5;V;6;V;9;V;16;V;36;V;33;V;39;V;34;V;25;V;17;V;19;V;12;V;18;V;15;V;15;V;19;V;39;V;18;V;17;V;13;V;7;V
28;079;11;8;28079011_8_8;2026;04;29;8;V;8;V;8;V;7;V;8;V;13;V;20;V;43;V;46;V;35;V;37;V;28;V;28;V;24;V;22;V;26;V;25;V;22;V;14;V;14;V;18;V;11;V;9;V;7;V
28;079;11;8;28079011_8_8;2026;04;30;6;V;4;V;4;V;2;V;2;V;2;V;7;V;17;V;28;V;0;N;0;N;0;N;15;V;23;V;20;V;20;V;21;V;23;V;26;V;28;V;23;V;30;V;46;V;40;V
28;079;11;8;28079011_8_8;2026;05;01;39;V;39;V;17;V;9;V;7;V;6;V;6;V;11;V;13;V;13;V;20;V;26;V;20;V;11;V;11;V;10;V;7;V;7;V;9;V;13;V;17;V;16;V;17;V;9;V
28;079;11;8;28079011_8_8;2026;05;02;6;V;5;V;5;V;6;V;6;V;6;V;7;V;8;V;10;V;14;V;20;V;17;V;17;V;13;V;15;V;10;V;7;V;6;V;10;V;11;V;12;V;12;V;24;V;29;V
28;079;11;8;28079011_8_8;2026;05;03;25;V;21;V;25;V;31;V;26;V;15;V;19;V;21;V;14;V;13;V;12;V;13;V;9;V;7;V;6;V;4;V;4;V;4;V;5;V;5;V;10;V;9;V;8;V;7;V
28;079;11;8;28079011_8_8;2026;05;04;7;V;7;V;5;V;5;V;5;V;6;V;12;V;19;V;30;V;30;V;21;V;13;V;12;V;9;V;7;V;6;V;7;V;14;V;14;V;14;V;15;V;17;V;12;V;9;V
28;079;11;8;28079011_8_8;2026;05;05;6;V;4;V;2;V;3;V;5;V;4;V;12;V;27;V;32;V;42;V;26;V;24;V;17;V;11;V;12;V;9;V;13;V;14;V;17;V;16;V;15;V;13;V;14;V;13;V
28;079;11;8;28079011_8_8;2026;05;06;10;V;6;V;5;V;8;V;9;V;10;V;19;V;36;V;25;V;19;V;20;V;20;V;13;V;16;V;17;V;19;V;21;V;27;V;16;V;20;V;14;V;38;V;54;V;67;V
28;079;11;8;28079011_8_8;2026;05;07;38;V;8;V;4;V;4;V;4;V;5;V;12;V;23;V;31;V;0;N;0;N;0;N;0;N;0;N;0;N;0;N;0;N;0;N;0;N;0;N;0;N;0;N;0;N;0;N
28;079;16;12;28079016_12_8;2026;04;07;8;V;10;V;7;V;8;V;10;V;10;V;21;V;45;V;63;V;37;V;31;V;19;V;28;V;41;V;28;V;20;V;19;V;19;V;17;V;20;V;18;V;26;V;31;V;39;V
28;079;16;12;28079016_12_8;2026;04;08;45;V;28;V;24;V;22;V;6;V;6;V;11;V;22;V;38;V;62;V;38;V;23;V;18;V;15;V;14;V;11;V;11;V;14;V;13;V;14;V;12;V;13;V;9;V;12;V
28;079;16;12;28079016_12_8;2026;04;09;10;V;15;V;22;V;19;V;10;V;10;V;18;V;48;V;63;V;51;V;39;V;33;V;18;V;13;V;9;V;8;V;15;V;15;V;12;V;17;V;41;V;58;V;51;V;36;V
28;079;16;12;28079016_12_8;2026;04;10;21;V;14;V;5;V;5;V;6;V;7;V;17;V;34;V;0;N;0;N;0;N;23;V;24;V;15;V;15;V;14;V;14;V;18;V;15;V;18;V;36;V;31;V;31;V;39;V
28;079;16;12;28079016_12_8;2026;04;11;20;V;23;V;56;V;27;V;21;V;18;V;23;V;37;V;38;V;28;V;32;V;41;V;27;V;22;V;22;V;26;V;23;V;7;V;8;V;10;V;14;V;9;V;9;V;6;V
28;079;16;12;28079016_12_8;2026;04;12;7;V;4;V;6;V;3;V;4;V;4;V;5;V;5;V;7;V;12;V;10;V;10;V;10;V;10;V;9;V;9;V;12;V;14;V;7;V;9;V;8;V;14;V;6;V;8;V
28;079;16;12;28079016_12_8;2026;04;13;4;V;3;V;3;V;3;V;4;V;4;V;10;V;34;V;40;V;0;N;0;N;0;N;0;N;0;N;6;V;13;V;9;V;12;V;15;V;15;V;19;V;40;V;32;V;13;V
28;079;16;12;28079016_12_8;2026;04;14;6;V;4;V;5;V;4;V;6;V;10;V;19;V;100;V;153;V;47;V;33;V;19;V;16;V;14;V;7;V;6;V;8;V;11;V;9;V;8;V;10;V;17;V;17;V;21;V
28;079;16;12;28079016_12_8;2026;04;15;27;V;86;V;53;V;35;V;31;V;36;V;58;V;77;V;76;V;87;V;106;V;59;V;48;V;32;V;11;V;11;V;14;V;17;V;14;V;15;V;16;V;24;V;35;V;43;V
28;079;16;12;28079016_12_8;2026;04;16;47;V;62;V;48;V;49;V;40;V;15;V;24;V;37;V;47;V;44;V;32;V;30;V;33;V;24;V;22;V;14;V;14;V;16;V;19;V;18;V;19;V;32;V;52;V;55;V
28;079;16;12;28079016_12_8;2026;04;17;72;V;73;V;91;V;31;V;10;V;15;V;14;V;37;V;65;V;84;V;40;V;44;V;48;V;29;V;19;V;16;V;14;V;14;V;14;V;19;V;20;V;32;V;43;V;38;V
28;079;16;12;28079016_12_8;2026;04;18;32;V;101;V;123;V;90;V;20;V;17;V;31;V;26;V;29;V;34;V;15;V;22;V;30;V;21;V;12;V;9;V;8;V;7;V;7;V;11;V;17;V;23;V;39;V;19;V
28;079;16;12;28079016_12_8;2026;04;19;16;V;19;V;14;V;25;V;9;V;7;V;7;V;9;V;12;V;25;V;19;V;11;V;10;V;10;V;9;V;7;V;6;V;6;V;6;V;7;V;11;V;19;V;23;V;18;V
28;079;16;12;28079016_12_8;2026;04;20;15;V;14;V;40;V;69;V;32;V;21;V;37;V;45;V;62;V;34;V;29;V;26;V;34;V;23;V;16;V;13;V;16;V;17;V;17;V;17;V;24;V;28;V;28;V;30;V
28;079;16;12;28079016_12_8;2026;04;21;33;V;51;V;45;V;12;V;10;V;12;V;17;V;50;V;55;V;58;V;35;V;22;V;30;V;30;V;20;V;16;V;21;V;26;V;20;V;39;V;44;V;57;V;67;V;72;V
28;079;16;12;28079016_12_8;2026;04;22;53;V;44;V;39;V;23;V;12;V;8;V;11;V;30;V;50;V;41;V;18;V;12;V;12;V;11;V;10;V;11;V;13;V;14;V;18;V;15;V;18;V;20;V;37;V;51;V
28;079;16;12;28079016_12_8;2026;04;23;51;V;40;V;10;V;9;V;7;V;9;V;27;V;54;V;61;V;50;V;48;V;38;V;25;V;19;V;11;V;10;V;11;V;10;V;10;V;16;V;13;V;12;V;10;V;7;V
28;079;16;12;28079016_12_8;2026;04;24;8;V;6;V;5;V;5;V;4;V;7;V;19;V;32;V;43;V;40;V;27;V;13;V;17;V;17;V;16;V;13;V;14;V;20;V;21;V;18;V;18;V;27;V;34;V;34;V
28;079;16;12;28079016_12_8;2026;04;25;13;V;18;V;7;V;8;V;10;V;10;V;7;V;9;V;20;V;31;V;21;V;14;V;9;V;8;V;6;V;6;V;6;V;8;V;11;V;17;V;14;V;18;V;11;V;12;V
28;079;16;12;28079016_12_8;2026;04;26;13;V;11;V;5;V;7;V;6;V;13;V;14;V;17;V;9;V;10;V;13;V;8;V;7;V;6;V;5;V;5;V;6;V;6;V;6;V;7;V;10;V;13;V;21;V;14;V
28;079;16;12;28079016_12_8;2026;04;27;13;V;9;V;10;V;17;V;11;V;9;V;19;V;54;V;0;N;0;N;0;N;0;N;23;V;17;V;10;V;9;V;12;V;12;V;13;V;16;V;22;V;36;V;37;V;17;V
28;079;16;12;28079016_12_8;2026;04;28;9;V;6;V;5;V;9;V;9;V;16;V;23;V;51;V;64;V;50;V;34;V;15;V;11;V;11;V;19;V;12;V;11;V;11;V;14;V;22;V;20;V;17;V;18;V;10;V
28;079;16;12;28079016_12_8;2026;04;29;10;V;7;V;10;V;8;V;12;V;14;V;24;V;43;V;44;V;33;V;33;V;20;V;21;V;13;V;13;V;12;V;14;V;17;V;15;V;15;V;16;V;15;V;10;V;9;V
28;079;16;12;28079016_12_8;2026;04;30;7;V;6;V;5;V;5;V;4;V;5;V;12;V;36;V;61;V;64;V;47;V;23;V;16;V;13;V;14;V;12;V;15;V;16;V;14;V;19;V;13;V;22;V;36;V;50;V
28;079;16;12;28079016_12_8;2026;05;01;74;V;28;V;13;V;10;V;8;V;7;V;9;V;16;V;14;V;16;V;24;V;24;V;16;V;9;V;7;V;6;V;6;V;7;V;7;V;12;V;13;V;21;V;16;V;9;V
28;079;16;12;28079016_12_8;2026;05;02;10;V;9;V;5;V;7;V;6;V;7;V;9;V;9;V;10;V;12;V;18;V;12;V;14;V;11;V;12;V;12;V;10;V;7;V;9;V;10;V;13;V;18;V;31;V;34;V
28;079;16;12;28079016_12_8;2026;05;03;25;V;20;V;33;V;44;V;25;V;18;V;19;V;25;V;12;V;14;V;14;V;13;V;10;V;8;V;7;V;6;V;5;V;5;V;5;V;6;V;8;V;9;V;10;V;10;V
28;079;16;12;28079016_12_8;2026;05;04;14;V;15;V;7;V;8;V;7;V;6;V;16;V;33;V;45;V;47;V;55;V;39;V;11;V;11;V;8;V;9;V;9;V;11;V;13;V;14;V;13;V;14;V;13;V;13;V
28;079;16;12;28079016_12_8;2026;05;05;8;V;5;V;4;V;3;V;4;V;8;V;16;V;50;V;29;V;39;V;39;V;19;V;13;V;11;V;10;V;8;V;12;V;12;V;13;V;13;V;18;V;15;V;14;V;16;V
28;079;16;12;28079016_12_8;2026;05;06;17;V;8;V;9;V;9;V;12;V;15;V;28;V;56;V;34;V;24;V;24;V;13;V;12;V;14;V;10;V;18;V;13;V;11;V;14;V;11;V;14;V;20;V;30;V;57;V
28;079;16;12;28079016_12_8;2026;05;07;53;V;12;V;9;V;10;V;7;V;6;V;13;V;29;V;47;V;0;N;0;N;0;N;0;N;0;N;0;N;0;N;0;N;0;N;0;N;0;N;0;N;0;N;0;N;0;N
28;079;16;14;28079016_14_6;2026;04;07;84;V;81;V;80;V;74;V;65;V;65;V;54;V;37;V;26;V;42;V;53;V;68;V;68;V;62;V;72;V;88;V;90;V;90;V;88;V;72;V;63;V;49;V;34;V;35;V
28;079;16;14;28079016_14_6;2026;04;08;27;V;33;V;30;V;45;V;65;V;63;V;61;V;50;V;32;V;18;V;37;V;50;V;64;V;73;V;76;V;84;V;86;V;83;V;82;V;76;V;85;V;85;V;86;V;81;V
28;079;16;14;28079016_14_6;2026;04;09;84;V;66;V;48;V;46;V;52;V;55;V;43;V;17;V;13;V;27;V;30;V;42;V;71;V;90;V;94;V;100;V;96;V;91;V;91;V;82;V;55;V;36;V;41;V;47;V
28;079;16;14;28079016_14_6;2026;04;10;58;V;61;V;72;V;74;V;76;V;75;V;66;V;53;V;0;N;0;N;0;N;0;N;0;N;0;N;92;V;90;V;87;V;82;V;82;V;78;V;57;V;60;V;56;V;58;V
28;079;16;14;28079016_14_6;2026;04;11;73;V;64;V;24;V;46;V;53;V;50;V;43;V;25;V;28;V;41;V;42;V;49;V;68;V;73;V;76;V;69;V;74;V;85;V;82;V;77;V;64;V;68;V;69;V;68;V
28;079;16;14;28079016_14_6;2026;04;12;63;V;62;V;57;V;59;V;59;V;61;V;63;V;64;V;65;V;58;V;59;V;61;V;67;V;62;V;66;V;74;V;70;V;68;V;71;V;74;V;76;V;75;V;78;V;74;V
28;079;16;14;28079016_14_6;2026;04;13;76;V;75;V;73;V;72;V;69;V;71;V;69;V;44;V;41;V;0;N;0;N;0;N;0;N;0;N;85;V;83;V;88;V;87;V;83;V;83;V;76;V;51;V;58;V;72;V
28;079;16;14;28079016_14_6;2026;04;14;77;V;79;V;79;V;79;V;74;V;67;V;57;V;3;V;5;V;40;V;54;V;69;V;75;V;78;V;83;V;84;V;84;V;85;V;87;V;87;V;76;V;63;V;63;V;58;V
28;079;16;14;28079016_14_6;2026;04;15;46;V;2;V;15;V;26;V;21;V;19;V;6;V;2;V;8;V;15;V;19;V;39;V;51;V;73;V;87;V;87;V;87;V;84;V;81;V;75;V;69;V;56;V;42;V;33;V
28;079;16;14;28079016_14_6;2026;04;16;18;V;5;V;15;V;11;V;21;V;48;V;41;V;31;V;24;V;31;V;49;V;61;V;68;V;77;V;85;V;96;V;103;V;95;V;87;V;84;V;79;V;65;V;37;V;29;V
28;079;16;14;28079016_14_6;2026;04;17;12;V;6;V;3;V;32;V;52;V;41;V;46;V;28;V;13;V;12;V;44;V;54;V;59;V;74;V;88;V;99;V;101;V;100;V;98;V;91;V;80;V;62;V;47;V;52;V
28;079;16;14;28079016_14_6;2026;04;18;50;V;14;V;1;V;13;V;46;V;46;V;31;V;32;V;33;V;40;V;74;V;76;V;80;V;94;V;101;V;114;V;115;V;111;V;110;V;106;V;94;V;81;V;54;V;69;V
28;079;16;14;28079016_14_6;2026;04;19;69;V;62;V;63;V;48;V;63;V;65;V;64;V;61;V;54;V;49;V;70;V;90;V;98;V;110;V;114;V;119;V;117;V;116;V;112;V;110;V;102;V;90;V;81;V;85;V
28;079;16;14;28079016_14_6;2026;04;20;85;V;79;V;41;V;8;V;45;V;53;V;28;V;27;V;22;V;44;V;62;V;77;V;80;V;95;V;106;V;115;V;111;V;106;V;103;V;100;V;88;V;78;V;70;V;61;V
28;079;16;14;28079016_14_6;2026;04;21;51;V;29;V;34;V;65;V;64;V;59;V;54;V;25;V;24;V;29;V;56;V;80;V;86;V;93;V;98;V;112;V;107;V;97;V;82;V;52;V;41;V;29;V;16;V;7;V
28;079;16;14;28079016_14_6;2026;04;22;19;V;21;V;27;V;46;V;60;V;70;V;73;V;58;V;45;V;51;V;68;V;74;V;77;V;83;V;87;V;88;V;90;V;91;V;87;V;86;V;78;V;70;V;48;V;29;V
28;079;16;14;28079016_14_6;2026;04;23;22;V;29;V;57;V;59;V;59;V;53;V;33;V;16;V;19;V;29;V;48;V;64;V;80;V;94;V;102;V;104;V;104;V;103;V;102;V;92;V;88;V;84;V;89;V;93;V
28;079;16;14;28079016_14_6;2026;04;24;91;V;92;V;92;V;90;V;81;V;63;V;46;V;36;V;31;V;36;V;57;V;72;V;70;V;75;V;82;V;87;V;95;V;99;V;99;V;95;V;89;V;74;V;58;V;55;V
28;079;16;14;28079016_14_6;2026;04;25;66;V;54;V;68;V;64;V;63;V;60;V;63;V;58;V;46;V;42;V;61;V;73;V;81;V;89;V;95;V;98;V;97;V;92;V;89;V;83;V;72;V;64;V;74;V;72;V
28;079;16;14;28079016_14_6;2026;04;26;66;V;64;V;67;V;65;V;62;V;47;V;46;V;42;V;42;V;53;V;58;V;70;V;82;V;90;V;97;V;102;V;101;V;102;V;104;V;102;V;93;V;75;V;61;V;65;V
28;079;16;14;28079016_14_6;2026;04;27;59;V;82;V;69;V;54;V;59;V;51;V;38;V;12;V;0;N;0;N;0;N;0;N;90;V;103;V;111;V;110;V;108;V;110;V;106;V;101;V;93;V;74;V;67;V;78;V
28;079;16;14;28079016_14_6;2026;04;28;88;V;96;V;96;V;90;V;90;V;77;V;54;V;32;V;31;V;50;V;78;V;98;V;103;V;104;V;104;V;109;V;114;V;116;V;111;V;98;V;85;V;85;V;82;V;87;V
28;079;16;14;28079016_14_6;2026;04;29;83;V;78;V;75;V;75;V;69;V;62;V;52;V;39;V;43;V;47;V;43;V;61;V;66;V;81;V;89;V;91;V;87;V;83;V;85;V;84;V;81;V;78;V;80;V;81;V
28;079;16;14;28079016_14_6;2026;04;30;78;V;76;V;78;V;78;V;77;V;77;V;72;V;50;V;31;V;35;V;53;V;80;V;89;V;100;V;107;V;112;V;115;V;117;V;121;V;111;V;103;V;84;V;63;V;46;V
28;079;16;14;28079016_14_6;2026;05;01;25;V;63;V;68;V;65;V;59;V;56;V;53;V;42;V;47;V;53;V;57;V;69;V;88;V;105;V;111;V;120;V;123;V;118;V;115;V;109;V;105;V;88;V;83;V;81;V
28;079;16;14;28079016_14_6;2026;05;02;76;V;75;V;80;V;77;V;75;V;72;V;69;V;65;V;58;V;56;V;48;V;54;V;55;V;64;V;68;V;69;V;80;V;84;V;82;V;81;V;79;V;70;V;53;V;46;V
28;079;16;14;28079016_14_6;2026;05;03;53;V;50;V;22;V;11;V;23;V;23;V;12;V;11;V;47;V;49;V;47;V;62;V;74;V;79;V;80;V;79;V;82;V;87;V;85;V;83;V;76;V;76;V;80;V;80;V
28;079;16;14;28079016_14_6;2026;05;04;74;V;68;V;78;V;67;V;67;V;62;V;50;V;38;V;31;V;34;V;32;V;53;V;84;V;89;V;92;V;92;V;96;V;94;V;82;V;80;V;77;V;75;V;77;V;77;V
28;079;16;14;28079016_14_6;2026;05;05;79;V;85;V;85;V;83;V;81;V;76;V;65;V;40;V;54;V;54;V;57;V;81;V;86;V;91;V;93;V;96;V;94;V;95;V;92;V;91;V;86;V;88;V;83;V;78;V
28;079;16;14;28079016_14_6;2026;05;06;67;V;73;V;69;V;65;V;57;V;53;V;41;V;23;V;47;V;56;V;64;V;78;V;91;V;92;V;100;V;103;V;110;V;111;V;111;V;113;V;108;V;98;V;77;V;47;V
28;079;16;14;28079016_14_6;2026;05;07;42;V;68;V;61;V;58;V;63;V;65;V;57;V;44;V;36;V;0;N;0;N;0;N;0;N;0;N;0;N;0;N;0;N;0;N;0;N;0;N;0;N;0;N;0;N;0;N
28;079;16;7;28079016_7_8;2026;04;07;0;V;0;V;0;V;0;V;0;V;0;V;0;V;1;V;8;V;4;V;4;V;1;V;3;V;4;V;2;V;2;V;1;V;1;V;0;V;0;V;0;V;0;V;0;V;0;V
28;079;16;7;28079016_7_8;2026;04;08;0;V;0;V;0;V;0;V;0;V;0;V;0;V;0;V;1;V;8;V;5;V;1;V;1;V;1;V;1;V;1;V;1;V;1;V;1;V;1;V;0;V;0;V;0;V;0;V
28;079;16;7;28079016_7_8;2026;04;09;0;V;0;V;0;V;0;V;0;V;0;V;0;V;3;V;8;V;8;V;5;V;4;V;1;V;1;V;0;V;0;V;1;V;0;V;0;V;0;V;0;V;1;V;0;V;0;V
28;079;16;7;28079016_7_8;2026;04;10;0;V;0;V;0;V;0;V;0;V;0;V;0;V;1;V;0;N;0;N;0;N;2;V;2;V;1;V;1;V;2;V;1;V;1;V;1;V;0;V;0;V;0;V;0;V;0;V
28;079;16;7;28079016_7_8;2026;04;11;0;V;0;V;0;V;0;V;0;V;0;V;0;V;0;V;1;V;1;V;3;V;4;V;2;V;1;V;1;V;1;V;1;V;0;V;0;V;0;V;0;V;0;V;0;V;0;V
28;079;16;7;28079016_7_8;2026;04;12;0;V;0;V;0;V;0;V;0;V;0;V;0;V;0;V;0;V;0;V;1;V;1;V;1;V;1;V;1;V;0;V;1;V;2;V;0;V;0;V;0;V;3;V;0;V;1;V
28;079;16;7;28079016_7_8;2026;04;13;0;V;0;V;0;V;0;V;0;V;0;V;0;V;1;V;4;V;0;N;0;N;0;N;0;N;0;N;0;V;2;V;1;V;1;V;1;V;0;V;0;V;1;V;0;V;0;V
28;079;16;7;28079016_7_8;2026;04;14;0;V;0;V;0;V;0;V;0;V;0;V;0;V;23;V;55;V;5;V;4;V;2;V;2;V;1;V;0;V;1;V;1;V;1;V;0;V;0;V;0;V;0;V;0;V;0;V
28;079;16;7;28079016_7_8;2026;04;15;0;V;8;V;0;V;0;V;0;V;0;V;5;V;13;V;17;V;25;V;35;V;14;V;10;V;4;V;1;V;2;V;2;V;2;V;1;V;1;V;1;V;1;V;1;V;2;V
28;079;16;7;28079016_7_8;2026;04;16;0;V;1;V;0;V;0;V;0;V;0;V;0;V;2;V;4;V;7;V;6;V;5;V;5;V;3;V;2;V;1;V;1;V;1;V;2;V;1;V;0;V;0;V;0;V;0;V
28;079;16;7;28079016_7_8;2026;04;17;2;V;2;V;14;V;0;V;0;V;0;V;0;V;1;V;8;V;18;V;7;V;8;V;7;V;4;V;2;V;1;V;1;V;1;V;1;V;1;V;0;V;0;V;0;V;1;V
28;079;16;7;28079016_7_8;2026;04;18;0;V;22;V;26;V;17;V;0;V;0;V;0;V;0;V;1;V;4;V;2;V;2;V;4;V;1;V;1;V;0;V;0;V;0;V;0;V;0;V;0;V;0;V;1;V;0;V
28;079;16;7;28079016_7_8;2026;04;19;0;V;0;V;0;V;0;V;0;V;0;V;0;V;0;V;0;V;3;V;2;V;1;V;0;V;1;V;0;V;0;V;0;V;0;V;0;V;0;V;0;V;0;V;0;V;0;V
28;079;16;7;28079016_7_8;2026;04;20;0;V;0;V;1;V;0;V;0;V;0;V;1;V;1;V;7;V;3;V;4;V;3;V;4;V;2;V;1;V;1;V;1;V;1;V;1;V;0;V;0;V;0;V;0;V;0;V
28;079;16;7;28079016_7_8;2026;04;21;0;V;2;V;0;V;0;V;0;V;0;V;0;V;2;V;5;V;8;V;4;V;2;V;3;V;3;V;1;V;1;V;1;V;1;V;1;V;2;V;1;V;0;V;1;V;1;V
28;079;16;7;28079016_7_8;2026;04;22;0;V;0;V;0;V;0;V;0;V;0;V;0;V;1;V;5;V;5;V;2;V;1;V;1;V;1;V;1;V;1;V;1;V;1;V;2;V;1;V;0;V;0;V;0;V;1;V
28;079;16;7;28079016_7_8;2026;04;23;0;V;0;V;0;V;0;V;0;V;0;V;1;V;5;V;9;V;8;V;8;V;5;V;3;V;3;V;0;V;1;V;1;V;0;V;0;V;0;V;0;V;0;V;0;V;0;V
28;079;16;7;28079016_7_8;2026;04;24;0;V;0;V;0;V;0;V;0;V;0;V;0;V;0;V;1;V;2;V;2;V;1;V;1;V;2;V;2;V;1;V;1;V;2;V;1;V;0;V;0;V;0;V;0;V;0;V
28;079;16;7;28079016_7_8;2026;04;25;0;V;0;V;0;V;0;V;0;V;0;V;0;V;0;V;0;V;2;V;2;V;1;V;1;V;0;V;0;V;0;V;0;V;0;V;0;V;0;V;1;V;1;V;0;V;0;V
28;079;16;7;28079016_7_8;2026;04;26;0;V;0;V;0;V;0;V;0;V;0;V;0;V;0;V;0;V;1;V;2;V;1;V;1;V;0;V;0;V;0;V;1;V;0;V;0;V;0;V;0;V;0;V;0;V;0;V
28;079;16;7;28079016_7_8;2026;04;27;0;V;0;V;0;V;0;V;0;V;0;V;0;V;5;V;0;N;0;N;0;N;0;N;2;V;2;V;1;V;1;V;1;V;1;V;0;V;0;V;0;V;0;V;0;V;0;V
28;079;16;7;28079016_7_8;2026;04;28;0;V;0;V;0;V;0;V;0;V;0;V;0;V;3;V;7;V;6;V;4;V;1;V;1;V;1;V;5;V;1;V;1;V;0;V;1;V;1;V;0;V;0;V;0;V;0;V
28;079;16;7;28079016_7_8;2026;04;29;0;V;0;V;0;V;0;V;0;V;0;V;0;V;1;V;2;V;2;V;3;V;2;V;3;V;1;V;1;V;1;V;1;V;1;V;1;V;1;V;1;V;0;V;0;V;0;V
28;079;16;7;28079016_7_8;2026;04;30;0;V;0;V;0;V;0;V;0;V;0;V;0;V;2;V;7;V;10;V;7;V;2;V;1;V;1;V;1;V;0;V;1;V;1;V;1;V;1;V;0;V;0;V;0;V;0;V
28;079;16;7;28079016_7_8;2026;05;01;1;V;0;V;0;V;0;V;0;V;0;V;0;V;0;V;0;V;1;V;3;V;3;V;1;V;0;V;0;V;0;V;0;V;0;V;0;V;1;V;0;V;0;V;0;V;0;V
28;079;16;7;28079016_7_8;2026;05;02;0;V;0;V;0;V;0;V;0;V;0;V;0;V;0;V;0;V;0;V;0;V;0;V;1;V;0;V;0;V;1;V;1;V;0;V;0;V;0;V;0;V;0;V;0;V;0;V
28;079;16;7;28079016_7_8;2026;05;03;0;V;0;V;0;V;0;V;0;V;0;V;0;V;1;V;0;V;0;V;1;V;1;V;1;V;0;V;0;V;0;V;0;V;0;V;0;V;0;V;0;V;0;V;0;V;0;V
28;079;16;7;28079016_7_8;2026;05;04;0;V;0;V;0;V;0;V;0;V;0;V;0;V;3;V;6;V;6;V;10;V;7;V;1;V;1;V;0;V;1;V;1;V;1;V;1;V;1;V;0;V;0;V;0;V;0;V
28;079;16;7;28079016_7_8;2026;05;05;0;V;0;V;0;V;0;V;0;V;0;V;0;V;5;V;1;V;5;V;5;V;2;V;1;V;1;V;1;V;1;V;1;V;1;V;1;V;1;V;1;V;0;V;0;V;1;V
28;079;16;7;28079016_7_8;2026;05;06;0;V;0;V;0;V;0;V;0;V;0;V;0;V;4;V;3;V;3;V;3;V;1;V;2;V;2;V;0;V;3;V;1;V;0;V;1;V;0;V;0;V;0;V;0;V;0;V
28;079;16;7;28079016_7_8;2026;05;07;0;V;0;V;0;V;0;V;0;V;0;V;0;V;1;V;3;V;0;N;0;N;0;N;0;N;0;N;0;N;0;N;0;N;0;N;0;N;0;N;0;N;0;N;0;N;0;N
28;079;16;8;28079016_8_8;2026;04;07;8;V;10;V;7;V;8;V;10;V;10;V;20;V;44;V;51;V;32;V;24;V;17;V;23;V;34;V;26;V;17;V;18;V;17;V;17;V;20;V;18;V;26;V;31;V;39;V
28;079;16;8;28079016_8_8;2026;04;08;45;V;28;V;24;V;22;V;6;V;6;V;11;V;22;V;36;V;50;V;30;V;21;V;16;V;13;V;12;V;10;V;9;V;12;V;12;V;13;V;12;V;13;V;9;V;12;V
28;079;16;8;28079016_8_8;2026;04;09;10;V;15;V;22;V;19;V;10;V;10;V;18;V;44;V;51;V;39;V;31;V;27;V;16;V;11;V;9;V;8;V;13;V;14;V;12;V;17;V;41;V;57;V;51;V;36;V
28;079;16;8;28079016_8_8;2026;04;10;21;V;14;V;5;V;5;V;6;V;7;V;17;V;33;V;0;N;0;N;0;N;20;V;20;V;13;V;13;V;12;V;12;V;17;V;14;V;18;V;36;V;31;V;31;V;39;V
28;079;16;8;28079016_8_8;2026;04;11;20;V;23;V;55;V;27;V;21;V;18;V;23;V;37;V;36;V;26;V;27;V;34;V;23;V;20;V;21;V;25;V;22;V;7;V;8;V;10;V;14;V;9;V;9;V;6;V
28;079;16;8;28079016_8_8;2026;04;12;7;V;4;V;6;V;3;V;4;V;4;V;5;V;5;V;7;V;12;V;9;V;9;V;8;V;9;V;8;V;8;V;11;V;11;V;7;V;9;V;8;V;9;V;6;V;6;V
28;079;16;8;28079016_8_8;2026;04;13;4;V;3;V;3;V;3;V;4;V;4;V;10;V;32;V;35;V;0;N;0;N;0;N;0;N;0;N;6;V;11;V;9;V;10;V;14;V;14;V;19;V;39;V;32;V;13;V
28;079;16;8;28079016_8_8;2026;04;14;6;V;4;V;5;V;4;V;6;V;10;V;19;V;65;V;69;V;39;V;27;V;15;V;12;V;12;V;7;V;5;V;7;V;9;V;9;V;7;V;10;V;17;V;17;V;21;V
28;079;16;8;28079016_8_8;2026;04;15;27;V;74;V;53;V;35;V;31;V;36;V;51;V;57;V;50;V;48;V;53;V;38;V;33;V;25;V;9;V;9;V;11;V;14;V;12;V;13;V;15;V;23;V;34;V;41;V
28;079;16;8;28079016_8_8;2026;04;16;47;V;61;V;48;V;49;V;40;V;15;V;23;V;33;V;40;V;34;V;22;V;22;V;25;V;19;V;18;V;12;V;13;V;14;V;16;V;16;V;19;V;32;V;52;V;55;V
28;079;16;8;28079016_8_8;2026;04;17;69;V;70;V;69;V;31;V;10;V;15;V;14;V;35;V;53;V;56;V;30;V;32;V;37;V;23;V;16;V;14;V;12;V;13;V;13;V;17;V;20;V;31;V;43;V;37;V
28;079;16;8;28079016_8_8;2026;04;18;32;V;67;V;84;V;63;V;20;V;16;V;31;V;26;V;27;V;27;V;12;V;19;V;25;V;18;V;11;V;9;V;8;V;7;V;7;V;11;V;17;V;23;V;36;V;19;V
28;079;16;8;28079016_8_8;2026;04;19;16;V;19;V;14;V;25;V;9;V;7;V;7;V;9;V;12;V;22;V;16;V;10;V;9;V;9;V;8;V;7;V;6;V;6;V;6;V;7;V;11;V;19;V;23;V;18;V
28;079;16;8;28079016_8_8;2026;04;20;15;V;14;V;39;V;68;V;32;V;21;V;36;V;43;V;52;V;29;V;22;V;22;V;29;V;19;V;14;V;12;V;14;V;16;V;16;V;17;V;24;V;28;V;28;V;30;V
28;079;16;8;28079016_8_8;2026;04;21;33;V;48;V;45;V;12;V;10;V;12;V;17;V;47;V;48;V;46;V;29;V;19;V;25;V;25;V;18;V;15;V;19;V;25;V;19;V;36;V;42;V;57;V;65;V;70;V
28;079;16;8;28079016_8_8;2026;04;22;53;V;44;V;39;V;23;V;12;V;8;V;11;V;28;V;42;V;34;V;15;V;10;V;10;V;9;V;9;V;10;V;11;V;12;V;15;V;14;V;18;V;20;V;36;V;50;V
28;079;16;8;28079016_8_8;2026;04;23;51;V;40;V;10;V;9;V;7;V;9;V;26;V;46;V;47;V;38;V;36;V;29;V;20;V;15;V;10;V;9;V;9;V;10;V;9;V;15;V;13;V;12;V;10;V;7;V
28;079;16;8;28079016_8_8;2026;04;24;8;V;6;V;5;V;5;V;4;V;7;V;19;V;32;V;42;V;38;V;24;V;12;V;15;V;14;V;13;V;12;V;13;V;17;V;19;V;18;V;17;V;26;V;34;V;34;V
28;079;16;8;28079016_8_8;2026;04;25;13;V;18;V;7;V;8;V;10;V;10;V;7;V;9;V;19;V;27;V;18;V;12;V;8;V;7;V;6;V;6;V;6;V;8;V;11;V;17;V;13;V;16;V;11;V;12;V
28;079;16;8;28079016_8_8;2026;04;26;13;V;11;V;5;V;6;V;6;V;13;V;14;V;17;V;9;V;8;V;10;V;7;V;6;V;6;V;5;V;4;V;5;V;6;V;6;V;7;V;10;V;13;V;21;V;14;V
28;079;16;8;28079016_8_8;2026;04;27;13;V;9;V;10;V;17;V;11;V;9;V;19;V;47;V;0;N;0;N;0;N;0;N;20;V;14;V;9;V;8;V;11;V;11;V;13;V;16;V;22;V;36;V;37;V;17;V
28;079;16;8;28079016_8_8;2026;04;28;9;V;6;V;5;V;9;V;9;V;16;V;23;V;47;V;53;V;40;V;28;V;13;V;10;V;10;V;12;V;10;V;9;V;10;V;13;V;21;V;19;V;17;V;18;V;10;V
28;079;16;8;28079016_8_8;2026;04;29;10;V;7;V;10;V;8;V;12;V;14;V;24;V;41;V;40;V;30;V;28;V;17;V;17;V;12;V;11;V;11;V;13;V;15;V;13;V;14;V;15;V;14;V;10;V;9;V
28;079;16;8;28079016_8_8;2026;04;30;7;V;6;V;5;V;5;V;4;V;5;V;12;V;32;V;51;V;48;V;36;V;19;V;14;V;11;V;12;V;12;V;13;V;15;V;13;V;18;V;13;V;22;V;36;V;50;V
28;079;16;8;28079016_8_8;2026;05;01;73;V;28;V;13;V;10;V;8;V;7;V;9;V;16;V;14;V;14;V;18;V;20;V;14;V;8;V;7;V;6;V;6;V;7;V;7;V;11;V;13;V;21;V;16;V;9;V
28;079;16;8;28079016_8_8;2026;05;02;10;V;9;V;5;V;7;V;6;V;7;V;9;V;9;V;10;V;12;V;17;V;12;V;13;V;10;V;11;V;11;V;9;V;7;V;9;V;10;V;13;V;18;V;31;V;34;V
28;079;16;8;28079016_8_8;2026;05;03;25;V;20;V;33;V;43;V;25;V;18;V;19;V;23;V;12;V;13;V;12;V;11;V;9;V;7;V;7;V;5;V;5;V;5;V;5;V;6;V;8;V;9;V;10;V;10;V
28;079;16;8;28079016_8_8;2026;05;04;14;V;15;V;7;V;8;V;7;V;6;V;15;V;29;V;36;V;37;V;40;V;28;V;10;V;9;V;7;V;8;V;8;V;9;V;12;V;13;V;13;V;14;V;13;V;12;V
28;079;16;8;28079016_8_8;2026;05;05;8;V;5;V;4;V;3;V;4;V;8;V;16;V;42;V;28;V;31;V;32;V;15;V;11;V;9;V;9;V;7;V;10;V;10;V;12;V;12;V;17;V;14;V;14;V;14;V
28;079;16;8;28079016_8_8;2026;05;06;17;V;8;V;9;V;9;V;12;V;15;V;27;V;50;V;29;V;20;V;19;V;11;V;9;V;12;V;9;V;13;V;11;V;10;V;13;V;11;V;14;V;20;V;30;V;57;V
28;079;16;8;28079016_8_8;2026;05;07;53;V;12;V;9;V;10;V;7;V;6;V;13;V;28;V;43;V;0;N;0;N;0;N;0;N;0;N;0;N;0;N;0;N;0;N;0;N;0;N;0;N;0;N;0;N;0;N
28;079;17;12;28079017_12_8;2026;04;07;9;V;9;V;11;V;13;V;14;V;16;V;26;V;35;V;46;V;41;V;31;V;34;V;22;V;17;V;15;V;11;V;14;V;11;V;12;V;18;V;18;V;18;V;19;V;27;V
28;079;17;12;28079017_12_8;2026;04;08;30;V;18;V;29;V;17;V;6;V;11;V;18;V;43;V;52;V;47;V;56;V;31;V;26;V;20;V;13;V;15;V;13;V;14;V;16;V;16;V;16;V;15;V;17;V;17;V
28;079;17;12;28079017_12_8;2026;04;09;10;V;17;V;23;V;25;V;25;V;17;V;42;V;43;V;0;N;65;V;61;V;44;V;30;V;18;V;13;V;11;V;11;V;12;V;13;V;21;V;88;V;167;V;176;V;196;V
28;079;17;12;28079017_12_8;2026;04;10;135;V;68;V;48;V;12;V;12;V;13;V;24;V;26;V;31;V;42;V;35;V;22;V;21;V;16;V;11;V;12;V;12;V;18;V;16;V;16;V;20;V;26;V;40;V;66;V
28;079;17;12;28079017_12_8;2026;04;11;30;V;32;V;49;V;50;V;41;V;30;V;54;V;51;V;92;V;51;V;57;V;29;V;15;V;16;V;18;V;18;V;23;V;14;V;13;V;18;V;20;V;18;V;8;V;8;V
28;079;17;12;28079017_12_8;2026;04;12;8;V;8;V;6;V;6;V;6;V;6;V;7;V;8;V;8;V;10;V;11;V;11;V;10;V;10;V;9;V;14;V;19;V;12;V;13;V;13;V;13;V;13;V;15;V;20;V
28;079;17;12;28079017_12_8;2026;04;13;8;V;6;V;5;V;6;V;7;V;11;V;37;V;77;V;91;V;29;V;17;V;12;V;10;V;12;V;10;V;12;V;10;V;11;V;12;V;13;V;14;V;40;V;30;V;10;V
28;079;17;12;28079017_12_8;2026;04;14;10;V;6;V;9;V;7;V;7;V;12;V;39;V;57;V;84;V;47;V;19;V;16;V;14;V;12;V;9;V;9;V;9;V;10;V;11;V;15;V;12;V;42;V;51;V;43;V
28;079;17;12;28079017_12_8;2026;04;15;37;V;55;V;42;V;36;V;37;V;44;V;77;V;124;V;196;V;120;V;70;V;55;V;36;V;15;V;11;V;11;V;11;V;12;V;14;V;18;V;20;V;29;V;26;V;25;V
28;079;17;12;28079017_12_8;2026;04;16;26;V;25;V;22;V;23;V;31;V;45;V;57;V;95;V;138;V;72;V;65;V;32;V;27;V;23;V;17;V;12;V;11;V;12;V;16;V;19;V;28;V;61;V;99;V;87;V
28;079;17;12;28079017_12_8;2026;04;17;92;V;73;V;49;V;38;V;43;V;45;V;91;V;165;V;231;V;110;V;84;V;47;V;35;V;24;V;15;V;11;V;12;V;11;V;17;V;18;V;33;V;73;V;116;V;109;V
28;079;17;12;28079017_12_8;2026;04;18;117;V;133;V;112;V;99;V;87;V;83;V;98;V;103;V;79;V;46;V;35;V;20;V;19;V;16;V;11;V;12;V;9;V;13;V;17;V;14;V;26;V;68;V;102;V;80;V
28;079;17;12;28079017_12_8;2026;04;19;27;V;26;V;23;V;12;V;16;V;24;V;34;V;36;V;26;V;18;V;13;V;10;V;10;V;9;V;10;V;9;V;8;V;9;V;10;V;14;V;22;V;48;V;81;V;87;V
28;079;17;12;28079017_12_8;2026;04;20;90;V;52;V;35;V;31;V;17;V;32;V;62;V;92;V;124;V;83;V;51;V;28;V;22;V;16;V;13;V;13;V;12;V;19;V;18;V;21;V;34;V;55;V;58;V;67;V
28;079;17;12;28079017_12_8;2026;04;21;65;V;62;V;54;V;45;V;45;V;45;V;75;V;116;V;125;V;70;V;24;V;25;V;25;V;19;V;14;V;14;V;14;V;19;V;17;V;25;V;42;V;29;V;35;V;39;V
28;079;17;12;28079017_12_8;2026;04;22;54;V;62;V;70;V;26;V;8;V;10;V;22;V;35;V;45;V;27;V;16;V;11;V;10;V;10;V;9;V;10;V;11;V;10;V;15;V;14;V;21;V;34;V;51;V;84;V
28;079;17;12;28079017_12_8;2026;04;23;78;V;59;V;39;V;36;V;30;V;26;V;76;V;137;V;121;V;0;N;0;N;12;V;10;V;7;V;8;V;7;V;7;V;7;V;8;V;12;V;12;V;10;V;9;V;8;V
28;079;17;12;28079017_12_8;2026;04;24;7;V;6;V;7;V;7;V;6;V;10;V;14;V;20;V;26;V;20;V;10;V;9;V;11;V;12;V;11;V;10;V;10;V;11;V;14;V;19;V;26;V;36;V;60;V;24;V
28;079;17;12;28079017_12_8;2026;04;25;15;V;18;V;12;V;9;V;7;V;9;V;10;V;10;V;14;V;11;V;10;V;12;V;12;V;11;V;9;V;8;V;8;V;10;V;13;V;11;V;20;V;14;V;12;V;11;V
28;079;17;12;28079017_12_8;2026;04;26;11;V;9;V;9;V;7;V;7;V;11;V;15;V;18;V;22;V;12;V;9;V;7;V;7;V;6;V;7;V;5;V;5;V;6;V;6;V;11;V;19;V;22;V;17;V;15;V
28;079;17;12;28079017_12_8;2026;04;27;12;V;13;V;15;V;16;V;16;V;27;V;65;V;193;V;203;V;85;V;43;V;19;V;13;V;9;V;7;V;7;V;7;V;9;V;9;V;11;V;17;V;32;V;21;V;13;V
28;079;17;12;28079017_12_8;2026;04;28;8;V;7;V;10;V;9;V;11;V;18;V;28;V;57;V;59;V;39;V;19;V;9;V;8;V;7;V;8;V;7;V;9;V;9;V;13;V;15;V;16;V;17;V;13;V;8;V
28;079;17;12;28079017_12_8;2026;04;29;8;V;7;V;7;V;9;V;9;V;11;V;22;V;41;V;33;V;28;V;17;V;11;V;11;V;9;V;10;V;9;V;11;V;12;V;11;V;13;V;15;V;13;V;13;V;0;N
28;079;17;12;28079017_12_8;2026;04;30;0;N;0;N;0;N;0;N;0;N;0;N;0;N;0;N;0;N;0;N;0;N;0;N;0;N;0;N;8;V;9;V;11;V;10;V;14;V;21;V;21;V;28;V;49;V;59;V
28;079;17;12;28079017_12_8;2026;05;01;59;V;52;V;54;V;46;V;41;V;35;V;37;V;49;V;45;V;21;V;13;V;12;V;10;V;7;V;8;V;7;V;7;V;7;V;6;V;8;V;13;V;18;V;16;V;7;V
28;079;17;12;28079017_12_8;2026;05;02;6;V;5;V;5;V;5;V;6;V;6;V;6;V;6;V;8;V;0;N;11;V;10;V;9;V;10;V;21;V;13;V;10;V;8;V;12;V;16;V;13;V;33;V;36;V;27;V
28;079;17;12;28079017_12_8;2026;05;03;28;V;18;V;20;V;20;V;18;V;15;V;19;V;20;V;11;V;9;V;11;V;10;V;9;V;8;V;10;V;8;V;9;V;8;V;9;V;9;V;11;V;17;V;14;V;14;V
28;079;17;12;28079017_12_8;2026;05;04;11;V;10;V;8;V;6;V;7;V;10;V;22;V;31;V;34;V;34;V;24;V;13;V;10;V;10;V;9;V;10;V;10;V;9;V;11;V;13;V;14;V;18;V;13;V;14;V
28;079;17;12;28079017_12_8;2026;05;05;9;V;8;V;6;V;12;V;6;V;9;V;24;V;46;V;32;V;31;V;18;V;12;V;10;V;9;V;11;V;7;V;9;V;12;V;12;V;10;V;14;V;16;V;13;V;15;V
28;079;17;12;28079017_12_8;2026;05;06;12;V;14;V;15;V;20;V;31;V;30;V;44;V;53;V;48;V;39;V;21;V;12;V;10;V;11;V;9;V;11;V;10;V;11;V;12;V;12;V;13;V;25;V;76;V;92;V
28;079;17;12;28079017_12_8;2026;05;07;104;V;49;V;13;V;10;V;12;V;10;V;18;V;22;V;0;N;0;N;0;N;0;N;0;N;0;N;0;N;0;N;0;N;0;N;0;N;0;N;0;N;0;N;0;N;0;N
28;079;17;14;28079017_14_6;2026;04;07;85;V;84;V;75;V;68;V;64;V;62;V;49;V;42;V;36;V;43;V;59;V;63;V;81;V;87;V;92;V;101;V;98;V;94;V;89;V;71;V;63;V;55;V;54;V;41;V
28;079;17;14;28079017_14_6;2026;04;08;32;V;41;V;26;V;52;V;71;V;67;V;52;V;20;V;15;V;26;V;30;V;51;V;67;V;79;V;87;V;89;V;91;V;93;V;89;V;88;V;88;V;88;V;83;V;78;V
28;079;17;14;28079017_14_6;2026;04;09;83;V;54;V;49;V;43;V;35;V;57;V;27;V;22;V;0;N;0;N;31;V;48;V;65;V;85;V;100;V;108;V;104;V;98;V;94;V;82;V;33;V;4;V;5;V;7;V
28;079;17;14;28079017_14_6;2026;04;10;5;V;8;V;19;V;68;V;71;V;72;V;63;V;61;V;53;V;45;V;60;V;83;V;88;V;96;V;103;V;99;V;99;V;87;V;93;V;84;V;70;V;62;V;45;V;28;V
28;079;17;14;28079017_14_6;2026;04;11;61;V;52;V;21;V;13;V;19;V;25;V;7;V;15;V;8;V;22;V;28;V;60;V;84;V;88;V;86;V;83;V;83;V;94;V;88;V;79;V;64;V;63;V;80;V;80;V
28;079;17;14;28079017_14_6;2026;04;12;75;V;73;V;71;V;70;V;67;V;70;V;71;V;73;V;71;V;67;V;64;V;67;V;67;V;74;V;74;V;75;V;63;V;81;V;83;V;74;V;84;V;80;V;75;V;65;V
28;079;17;14;28079017_14_6;2026;04;13;81;V;84;V;83;V;73;V;67;V;70;V;43;V;21;V;28;V;64;V;79;V;85;V;90;V;91;V;95;V;96;V;101;V;99;V;97;V;93;V;87;V;50;V;60;V;82;V
28;079;17;14;28079017_14_6;2026;04;14;76;V;84;V;75;V;78;V;77;V;72;V;41;V;24;V;19;V;50;V;73;V;81;V;85;V;89;V;98;V;101;V;104;V;106;V;103;V;94;V;89;V;45;V;29;V;30;V
28;079;17;14;28079017_14_6;2026;04;15;31;V;10;V;16;V;15;V;11;V;5;V;4;V;4;V;5;V;12;V;24;V;42;V;61;V;88;V;93;V;97;V;97;V;91;V;86;V;78;V;70;V;57;V;51;V;49;V
28;079;17;14;28079017_14_6;2026;04;16;44;V;43;V;37;V;32;V;18;V;7;V;5;V;4;V;6;V;19;V;34;V;61;V;72;V;83;V;97;V;105;V;105;V;99;V;93;V;89;V;76;V;34;V;5;V;6;V
28;079;17;14;28079017_14_6;2026;04;17;6;V;7;V;10;V;11;V;7;V;8;V;4;V;5;V;6;V;11;V;24;V;48;V;70;V;82;V;100;V;107;V;106;V;104;V;98;V;90;V;67;V;27;V;6;V;6;V
28;079;17;14;28079017_14_6;2026;04;18;5;V;6;V;5;V;6;V;5;V;4;V;4;V;4;V;7;V;27;V;56;V;85;V;102;V;118;V;117;V;116;V;120;V;114;V;111;V;112;V;90;V;39;V;8;V;12;V
28;079;17;14;28079017_14_6;2026;04;19;65;V;62;V;58;V;74;V;54;V;35;V;23;V;20;V;43;V;66;V;83;V;97;V;107;V;119;V;120;V;120;V;123;V;120;V;117;V;112;V;96;V;54;V;13;V;8;V
28;079;17;14;28079017_14_6;2026;04;20;6;V;22;V;33;V;35;V;55;V;26;V;7;V;4;V;7;V;19;V;52;V;80;V;92;V;108;V;119;V;118;V;119;V;111;V;109;V;103;V;79;V;44;V;28;V;13;V
28;079;17;14;28079017_14_6;2026;04;21;10;V;7;V;8;V;11;V;7;V;10;V;4;V;4;V;6;V;26;V;77;V;83;V;92;V;114;V;119;V;120;V;120;V;108;V;92;V;71;V;50;V;54;V;40;V;35;V
28;079;17;14;28079017_14_6;2026;04;22;11;V;6;V;5;V;48;V;75;V;80;V;69;V;58;V;49;V;66;V;77;V;81;V;85;V;90;V;92;V;95;V;98;V;101;V;96;V;93;V;80;V;52;V;25;V;6;V
28;079;17;14;28079017_14_6;2026;04;23;7;V;8;V;18;V;14;V;22;V;28;V;5;V;4;V;8;V;0;N;0;N;0;N;98;V;107;V;111;V;115;V;113;V;111;V;110;V;97;V;90;V;89;V;95;V;99;V
28;079;17;14;28079017_14_6;2026;04;24;102;V;99;V;98;V;93;V;90;V;77;V;68;V;61;V;56;V;66;V;82;V;83;V;81;V;83;V;90;V;100;V;109;V;114;V;114;V;110;V;95;V;70;V;41;V;66;V
28;079;17;14;28079017_14_6;2026;04;25;69;V;59;V;64;V;71;V;73;V;68;V;61;V;67;V;66;V;73;V;86;V;89;V;94;V;105;V;107;V;105;V;105;V;104;V;104;V;100;V;86;V;78;V;80;V;86;V
28;079;17;14;28079017_14_6;2026;04;26;82;V;81;V;79;V;80;V;78;V;64;V;53;V;46;V;39;V;63;V;78;V;79;V;90;V;99;V;102;V;106;V;109;V;111;V;115;V;113;V;101;V;78;V;72;V;71;V
28;079;17;14;28079017_14_6;2026;04;27;85;V;85;V;74;V;70;V;75;V;46;V;12;V;6;V;8;V;31;V;57;V;95;V;111;V;119;V;120;V;120;V;122;V;116;V;116;V;112;V;98;V;69;V;72;V;82;V
28;079;17;14;28079017_14_6;2026;04;28;87;V;95;V;96;V;103;V;98;V;84;V;66;V;29;V;35;V;64;V;98;V;113;V;114;V;118;V;120;V;120;V;118;V;120;V;117;V;104;V;90;V;89;V;91;V;95;V
28;079;17;14;28079017_14_6;2026;04;29;84;V;83;V;79;V;74;V;72;V;66;V;50;V;32;V;42;V;49;V;58;V;76;V;83;V;95;V;97;V;98;V;95;V;95;V;95;V;92;V;88;V;84;V;77;V;81;V
28;079;17;14;28079017_14_6;2026;04;30;79;V;76;V;74;V;69;V;67;V;61;V;44;V;33;V;31;V;38;V;79;V;95;V;106;V;112;V;117;V;121;V;124;V;127;V;120;V;108;V;97;V;73;V;39;V;22;V
28;079;17;14;28079017_14_6;2026;05;01;16;V;19;V;13;V;9;V;8;V;12;V;9;V;7;V;24;V;60;V;79;V;88;V;107;V;118;V;122;V;125;V;125;V;122;V;124;V;116;V;103;V;86;V;80;V;82;V
28;079;17;14;28079017_14_6;2026;05;02;83;V;81;V;82;V;82;V;78;V;77;V;72;V;67;V;63;V;57;V;56;V;58;V;66;V;78;V;70;V;81;V;90;V;93;V;88;V;82;V;88;V;57;V;37;V;45;V
28;079;17;14;28079017_14_6;2026;05;03;39;V;50;V;35;V;38;V;46;V;41;V;35;V;33;V;50;V;55;V;56;V;70;V;82;V;84;V;84;V;84;V;89;V;91;V;88;V;87;V;82;V;74;V;81;V;77;V
28;079;17;14;28079017_14_6;2026;05;04;78;V;75;V;76;V;78;V;71;V;65;V;44;V;35;V;37;V;39;V;59;V;81;V;94;V;96;V;98;V;96;V;101;V;108;V;98;V;92;V;86;V;76;V;84;V;75;V
28;079;17;14;28079017_14_6;2026;05;05;76;V;75;V;88;V;86;V;88;V;81;V;59;V;29;V;58;V;64;V;82;V;93;V;96;V;100;V;101;V;105;V;107;V;104;V;98;V;101;V;94;V;92;V;90;V;81;V
28;079;17;14;28079017_14_6;2026;05;06;77;V;67;V;65;V;45;V;23;V;25;V;21;V;12;V;30;V;51;V;74;V;90;V;97;V;103;V;110;V;118;V;124;V;123;V;124;V;124;V;120;V;92;V;23;V;6;V
28;079;17;14;28079017_14_6;2026;05;07;6;V;26;V;70;V;71;V;67;V;66;V;56;V;52;V;0;N;0;N;0;N;0;N;0;N;0;N;0;N;0;N;0;N;0;N;0;N;0;N;0;N;0;N;0;N;0;N
28;079;17;7;28079017_7_8;2026;04;07;0;V;0;V;0;V;0;V;0;V;0;V;0;V;0;V;3;V;5;V;4;V;6;V;4;V;2;V;2;V;1;V;2;V;1;V;1;V;3;V;2;V;1;V;1;V;1;V
28;079;17;7;28079017_7_8;2026;04;08;1;V;0;V;0;V;0;V;0;V;1;V;0;V;2;V;5;V;6;V;13;V;3;V;5;V;4;V;3;V;3;V;3;V;3;V;4;V;3;V;2;V;1;V;1;V;1;V
28;079;17;7;28079017_7_8;2026;04;09;0;V;0;V;0;V;0;V;0;V;0;V;3;V;1;V;0;N;18;V;16;V;11;V;6;V;2;V;1;V;1;V;1;V;1;V;1;V;1;V;25;V;70;V;78;V;93;V
28;079;17;7;28079017_7_8;2026;04;10;54;V;13;V;6;V;0;V;0;V;0;V;1;V;0;V;1;V;6;V;6;V;3;V;3;V;2;V;1;V;2;V;2;V;3;V;3;V;1;V;0;V;0;V;0;V;12;V
28;079;17;7;28079017_7_8;2026;04;11;0;V;0;V;3;V;3;V;2;V;1;V;9;V;9;V;33;V;11;V;12;V;4;V;1;V;2;V;2;V;1;V;3;V;3;V;2;V;2;V;1;V;1;V;0;V;0;V
28;079;17;7;28079017_7_8;2026;04;12;0;V;0;V;0;V;0;V;0;V;0;V;0;V;0;V;0;V;0;V;1;V;1;V;1;V;1;V;1;V;2;V;3;V;2;V;2;V;1;V;1;V;1;V;1;V;2;V
28;079;17;7;28079017_7_8;2026;04;13;0;V;0;V;0;V;0;V;0;V;1;V;5;V;20;V;30;V;8;V;5;V;3;V;2;V;3;V;2;V;3;V;3;V;3;V;3;V;2;V;1;V;3;V;2;V;0;V
28;079;17;7;28079017_7_8;2026;04;14;0;V;0;V;0;V;0;V;0;V;1;V;5;V;8;V;23;V;12;V;4;V;5;V;3;V;2;V;1;V;1;V;1;V;2;V;2;V;2;V;1;V;3;V;6;V;3;V
28;079;17;7;28079017_7_8;2026;04;15;3;V;7;V;2;V;1;V;3;V;6;V;30;V;64;V;111;V;55;V;27;V;18;V;10;V;3;V;2;V;2;V;2;V;3;V;3;V;4;V;3;V;4;V;2;V;2;V
28;079;17;7;28079017_7_8;2026;04;16;1;V;1;V;0;V;0;V;2;V;8;V;15;V;38;V;71;V;25;V;21;V;7;V;6;V;5;V;3;V;2;V;2;V;3;V;4;V;4;V;4;V;10;V;27;V;21;V
28;079;17;7;28079017_7_8;2026;04;17;28;V;18;V;5;V;1;V;4;V;9;V;40;V;92;V;136;V;47;V;29;V;12;V;7;V;5;V;3;V;2;V;2;V;2;V;3;V;3;V;5;V;16;V;37;V;31;V
28;079;17;7;28079017_7_8;2026;04;18;38;V;52;V;40;V;34;V;30;V;30;V;43;V;47;V;32;V;13;V;7;V;3;V;3;V;2;V;1;V;1;V;1;V;2;V;3;V;2;V;2;V;10;V;22;V;10;V
28;079;17;7;28079017_7_8;2026;04;19;0;V;2;V;0;V;0;V;0;V;1;V;2;V;3;V;3;V;2;V;1;V;1;V;1;V;1;V;1;V;1;V;1;V;1;V;1;V;2;V;2;V;5;V;10;V;15;V
28;079;17;7;28079017_7_8;2026;04;20;18;V;2;V;1;V;0;V;0;V;1;V;12;V;33;V;56;V;27;V;11;V;4;V;3;V;2;V;2;V;2;V;2;V;4;V;3;V;3;V;4;V;5;V;5;V;7;V
28;079;17;7;28079017_7_8;2026;04;21;6;V;6;V;4;V;3;V;5;V;6;V;26;V;53;V;58;V;18;V;3;V;4;V;4;V;2;V;1;V;1;V;1;V;1;V;2;V;1;V;2;V;0;V;0;V;1;V
28;079;17;7;28079017_7_8;2026;04;22;6;V;11;V;14;V;3;V;0;V;0;V;1;V;4;V;8;V;5;V;3;V;2;V;2;V;2;V;1;V;2;V;2;V;1;V;3;V;2;V;3;V;3;V;4;V;20;V
28;079;17;7;28079017_7_8;2026;04;23;17;V;7;V;2;V;1;V;2;V;2;V;27;V;69;V;54;V;0;N;0;N;2;V;1;V;1;V;0;V;0;V;0;V;0;V;0;V;0;V;0;V;0;V;0;V;0;V
28;079;17;7;28079017_7_8;2026;04;24;0;V;0;V;0;V;0;V;0;V;0;V;0;V;0;V;1;V;1;V;1;V;1;V;1;V;2;V;1;V;2;V;1;V;1;V;1;V;2;V;2;V;0;V;8;V;1;V
28;079;17;7;28079017_7_8;2026;04;25;0;V;0;V;0;V;0;V;0;V;0;V;0;V;0;V;0;V;1;V;1;V;2;V;2;V;1;V;1;V;1;V;1;V;2;V;2;V;1;V;2;V;0;V;0;V;0;V
28;079;17;7;28079017_7_8;2026;04;26;0;V;0;V;0;V;0;V;0;V;0;V;1;V;1;V;3;V;1;V;1;V;1;V;1;V;1;V;1;V;0;V;0;V;1;V;0;V;1;V;2;V;1;V;0;V;0;V
28;079;17;7;28079017_7_8;2026;04;27;0;V;0;V;0;V;0;V;0;V;1;V;14;V;98;V;105;V;21;V;9;V;3;V;2;V;1;V;1;V;0;V;1;V;1;V;1;V;1;V;0;V;0;V;0;V;0;V
28;079;17;7;28079017_7_8;2026;04;28;0;V;0;V;0;V;0;V;0;V;0;V;0;V;4;V;9;V;6;V;2;V;1;V;1;V;1;V;1;V;1;V;2;V;1;V;2;V;2;V;2;V;1;V;1;V;0;V
28;079;17;7;28079017_7_8;2026;04;29;0;V;0;V;0;V;0;V;0;V;0;V;0;V;2;V;1;V;3;V;2;V;1;V;1;V;1;V;1;V;1;V;2;V;2;V;2;V;2;V;2;V;2;V;1;V;0;N
28;079;17;7;28079017_7_8;2026;04;30;0;N;0;N;0;N;0;N;0;N;0;N;0;N;0;N;0;N;0;N;0;N;0;N;0;N;0;N;1;V;1;V;2;V;1;V;2;V;4;V;2;V;2;V;3;V;4;V
28;079;17;7;28079017_7_8;2026;05;01;4;V;4;V;7;V;3;V;3;V;3;V;4;V;12;V;14;V;3;V;1;V;1;V;1;V;1;V;1;V;1;V;1;V;1;V;0;V;1;V;1;V;1;V;1;V;0;V
28;079;17;7;28079017_7_8;2026;05;02;0;V;0;V;0;V;0;V;0;V;0;V;0;V;0;V;0;V;0;N;0;V;1;V;1;V;2;V;5;V;3;V;2;V;1;V;1;V;2;V;1;V;3;V;0;V;0;V
28;079;17;7;28079017_7_8;2026;05;03;0;V;0;V;0;V;0;V;0;V;0;V;0;V;2;V;1;V;1;V;2;V;2;V;2;V;2;V;2;V;2;V;2;V;2;V;2;V;1;V;1;V;2;V;1;V;1;V
28;079;17;7;28079017_7_8;2026;05;04;0;V;0;V;0;V;0;V;0;V;1;V;1;V;4;V;8;V;7;V;5;V;2;V;2;V;2;V;2;V;2;V;2;V;2;V;2;V;3;V;2;V;2;V;1;V;1;V
28;079;17;7;28079017_7_8;2026;05;05;0;V;0;V;0;V;3;V;0;V;1;V;2;V;5;V;6;V;7;V;4;V;3;V;2;V;2;V;3;V;1;V;2;V;3;V;2;V;2;V;2;V;2;V;0;V;1;V
28;079;17;7;28079017_7_8;2026;05;06;0;V;0;V;0;V;0;V;2;V;1;V;8;V;11;V;11;V;9;V;4;V;2;V;2;V;2;V;1;V;2;V;1;V;1;V;1;V;1;V;0;V;0;V;13;V;23;V
28;079;17;7;28079017_7_8;2026;05;07;29;V;3;V;0;V;0;V;0;V;0;V;0;V;0;V;0;N;0;N;0;N;0;N;0;N;0;N;0;N;0;N;0;N;0;N;0;N;0;N;0;N;0;N;0;N;0;N
28;079;17;8;28079017_8_8;2026;04;07;8;V;9;V;11;V;12;V;14;V;16;V;26;V;34;V;41;V;33;V;25;V;25;V;17;V;14;V;12;V;10;V;11;V;9;V;12;V;14;V;14;V;17;V;18;V;25;V
28;079;17;8;28079017_8_8;2026;04;08;28;V;18;V;28;V;16;V;6;V;10;V;18;V;40;V;45;V;37;V;36;V;26;V;18;V;13;V;9;V;10;V;9;V;10;V;10;V;12;V;13;V;13;V;15;V;15;V
28;079;17;8;28079017_8_8;2026;04;09;10;V;17;V;23;V;25;V;25;V;17;V;37;V;41;V;0;N;37;V;36;V;28;V;22;V;15;V;11;V;10;V;10;V;11;V;12;V;20;V;51;V;60;V;57;V;53;V
28;079;17;8;28079017_8_8;2026;04;10;53;V;48;V;39;V;12;V;12;V;13;V;23;V;26;V;29;V;33;V;26;V;18;V;17;V;13;V;9;V;9;V;10;V;14;V;12;V;14;V;20;V;26;V;40;V;48;V
28;079;17;8;28079017_8_8;2026;04;11;30;V;32;V;45;V;46;V;37;V;29;V;40;V;37;V;42;V;35;V;37;V;24;V;13;V;12;V;15;V;16;V;17;V;10;V;10;V;14;V;18;V;17;V;8;V;8;V
28;079;17;8;28079017_8_8;2026;04;12;8;V;7;V;6;V;6;V;6;V;6;V;7;V;7;V;8;V;9;V;10;V;9;V;9;V;9;V;9;V;10;V;15;V;9;V;10;V;13;V;12;V;12;V;14;V;18;V
28;079;17;8;28079017_8_8;2026;04;13;8;V;6;V;4;V;6;V;7;V;9;V;29;V;47;V;46;V;17;V;10;V;7;V;6;V;7;V;6;V;7;V;6;V;7;V;8;V;10;V;13;V;35;V;27;V;10;V
28;079;17;8;28079017_8_8;2026;04;14;10;V;6;V;8;V;7;V;7;V;10;V;31;V;45;V;48;V;28;V;13;V;9;V;9;V;9;V;7;V;7;V;7;V;8;V;8;V;11;V;11;V;36;V;42;V;38;V
28;079;17;8;28079017_8_8;2026;04;15;33;V;44;V;38;V;34;V;32;V;35;V;31;V;27;V;25;V;36;V;28;V;28;V;21;V;10;V;8;V;7;V;7;V;8;V;10;V;12;V;15;V;22;V;23;V;23;V
28;079;17;8;28079017_8_8;2026;04;16;25;V;24;V;22;V;23;V;28;V;33;V;34;V;37;V;29;V;34;V;33;V;20;V;18;V;15;V;12;V;9;V;8;V;8;V;10;V;13;V;21;V;46;V;57;V;55;V
28;079;17;8;28079017_8_8;2026;04;17;49;V;46;V;42;V;36;V;36;V;32;V;30;V;24;V;22;V;38;V;40;V;28;V;24;V;16;V;11;V;9;V;9;V;8;V;12;V;13;V;26;V;49;V;60;V;61;V
28;079;17;8;28079017_8_8;2026;04;18;59;V;53;V;51;V;48;V;41;V;37;V;32;V;31;V;29;V;26;V;24;V;15;V;14;V;13;V;9;V;9;V;7;V;10;V;12;V;11;V;22;V;53;V;69;V;65;V
28;079;17;8;28079017_8_8;2026;04;19;26;V;23;V;23;V;12;V;16;V;23;V;31;V;31;V;22;V;15;V;11;V;9;V;8;V;7;V;8;V;8;V;7;V;8;V;8;V;11;V;19;V;40;V;66;V;65;V
28;079;17;8;28079017_8_8;2026;04;20;63;V;48;V;33;V;31;V;17;V;30;V;43;V;41;V;38;V;42;V;34;V;22;V;17;V;13;V;10;V;10;V;9;V;13;V;13;V;17;V;28;V;47;V;51;V;56;V
28;079;17;8;28079017_8_8;2026;04;21;56;V;52;V;48;V;40;V;38;V;35;V;35;V;34;V;36;V;42;V;20;V;19;V;19;V;16;V;12;V;12;V;12;V;17;V;13;V;24;V;39;V;29;V;35;V;37;V
28;079;17;8;28079017_8_8;2026;04;22;45;V;46;V;48;V;21;V;8;V;10;V;20;V;29;V;33;V;20;V;12;V;9;V;8;V;8;V;7;V;7;V;8;V;8;V;11;V;11;V;17;V;30;V;45;V;54;V
28;079;17;8;28079017_8_8;2026;04;23;51;V;48;V;36;V;35;V;27;V;23;V;35;V;32;V;37;V;0;N;0;N;10;V;8;V;6;V;7;V;6;V;6;V;6;V;7;V;11;V;12;V;9;V;9;V;8;V
28;079;17;8;28079017_8_8;2026;04;24;7;V;6;V;7;V;7;V;6;V;10;V;14;V;20;V;25;V;18;V;9;V;8;V;9;V;10;V;9;V;8;V;9;V;9;V;12;V;17;V;24;V;35;V;48;V;23;V
28;079;17;8;28079017_8_8;2026;04;25;15;V;18;V;12;V;9;V;7;V;9;V;10;V;10;V;13;V;10;V;8;V;9;V;9;V;9;V;7;V;7;V;6;V;7;V;9;V;9;V;17;V;13;V;12;V;11;V
28;079;17;8;28079017_8_8;2026;04;26;11;V;9;V;9;V;7;V;7;V;11;V;14;V;17;V;18;V;10;V;8;V;6;V;6;V;6;V;6;V;5;V;5;V;5;V;6;V;9;V;15;V;20;V;17;V;14;V
28;079;17;8;28079017_8_8;2026;04;27;12;V;13;V;15;V;16;V;16;V;25;V;44;V;43;V;42;V;52;V;28;V;15;V;11;V;8;V;6;V;7;V;6;V;7;V;8;V;10;V;16;V;32;V;21;V;13;V
28;079;17;8;28079017_8_8;2026;04;28;8;V;7;V;10;V;9;V;11;V;18;V;28;V;51;V;46;V;30;V;15;V;8;V;7;V;7;V;7;V;6;V;6;V;7;V;11;V;13;V;13;V;15;V;12;V;8;V
28;079;17;8;28079017_8_8;2026;04;29;8;V;7;V;7;V;9;V;9;V;11;V;22;V;38;V;31;V;23;V;13;V;9;V;9;V;8;V;8;V;7;V;8;V;9;V;9;V;10;V;12;V;11;V;11;V;0;N
28;079;17;8;28079017_8_8;2026;04;30;0;N;0;N;0;N;0;N;0;N;0;N;0;N;0;N;0;N;0;N;0;N;0;N;0;N;0;N;8;V;8;V;8;V;8;V;10;V;15;V;17;V;25;V;44;V;52;V
28;079;17;8;28079017_8_8;2026;05;01;54;V;46;V;44;V;41;V;36;V;31;V;30;V;30;V;24;V;16;V;11;V;10;V;8;V;6;V;6;V;6;V;6;V;6;V;6;V;7;V;11;V;17;V;15;V;7;V
28;079;17;8;28079017_8_8;2026;05;02;6;V;5;V;5;V;5;V;6;V;5;V;6;V;6;V;7;V;0;N;11;V;9;V;8;V;8;V;13;V;9;V;7;V;6;V;10;V;13;V;12;V;28;V;36;V;26;V
28;079;17;8;28079017_8_8;2026;05;03;28;V;18;V;20;V;20;V;18;V;15;V;19;V;18;V;10;V;8;V;8;V;8;V;7;V;6;V;7;V;5;V;6;V;6;V;7;V;7;V;8;V;14;V;12;V;13;V
28;079;17;8;28079017_8_8;2026;05;04;11;V;10;V;8;V;6;V;7;V;9;V;19;V;25;V;23;V;23;V;16;V;9;V;7;V;7;V;6;V;6;V;7;V;7;V;7;V;8;V;10;V;15;V;12;V;13;V
28;079;17;8;28079017_8_8;2026;05;05;9;V;8;V;6;V;7;V;5;V;8;V;21;V;38;V;23;V;21;V;12;V;7;V;6;V;6;V;7;V;5;V;6;V;7;V;9;V;7;V;11;V;14;V;13;V;13;V
28;079;17;8;28079017_8_8;2026;05;06;12;V;13;V;14;V;20;V;29;V;28;V;32;V;36;V;31;V;26;V;16;V;10;V;8;V;8;V;7;V;8;V;8;V;9;V;11;V;11;V;13;V;25;V;56;V;57;V
28;079;17;8;28079017_8_8;2026;05;07;60;V;44;V;13;V;10;V;12;V;10;V;18;V;21;V;0;N;0;N;0;N;0;N;0;N;0;N;0;N;0;N;0;N;0;N;0;N;0;N;0;N;0;N;0;N;0;N
28;079;18;10;28079018_10_47;2026;04;07;18;V;28;V;11;V;13;V;17;V;22;V;24;V;18;V;16;V;21;V;27;V;21;V;21;V;34;V;37;V;26;V;33;V;53;V;74;V;51;V;59;V;61;V;35;V;37;V
28;079;18;10;28079018_10_47;2026;04;08;40;V;51;V;36;V;52;V;25;V;0;V;0;V;7;V;11;V;17;V;18;V;34;V;12;V;20;V;3;V;0;V;12;V;24;V;10;V;10;V;7;V;9;V;2;V;1;V
28;079;18;10;28079018_10_47;2026;04;09;4;V;3;V;6;V;12;V;5;V;7;V;3;V;1;V;18;V;33;V;42;V;31;V;53;V;54;V;32;V;34;V;40;V;56;V;56;V;40;V;37;V;47;V;48;V;55;V
28;079;18;10;28079018_10_47;2026;04;10;40;V;37;V;51;V;69;V;64;V;53;V;46;V;54;V;59;V;63;V;66;V;58;V;60;V;62;V;65;V;65;V;70;V;77;V;71;V;62;V;76;V;80;V;89;V;83;V
28;079;18;10;28079018_10_47;2026;04;11;77;V;75;V;64;V;55;V;55;V;57;V;58;V;67;V;62;V;53;V;76;V;77;V;87;V;79;V;83;V;73;V;65;V;80;V;97;V;120;V;95;V;65;V;57;V;46;V
28;079;18;10;28079018_10_47;2026;04;12;37;V;23;V;43;V;46;V;26;V;17;V;20;V;24;V;15;V;12;V;11;V;16;V;18;V;18;V;13;V;18;V;15;V;11;V;21;V;29;V;26;V;9;V;14;V;0;V
28;079;18;10;28079018_10_47;2026;04;13;8;V;4;V;5;V;2;V;4;V;7;V;8;V;10;V;1;V;12;V;6;V;0;N;1;V;14;V;12;V;0;N;0;N;4;V;3;V;16;V;8;V;6;V;10;V;9;V
28;079;18;10;28079018_10_47;2026;04;14;7;V;6;V;5;V;7;V;8;V;7;V;10;V;13;V;23;V;28;V;23;V;23;V;7;V;15;V;0;V;3;V;10;V;10;V;4;V;2;V;9;V;12;V;15;V;13;V
28;079;18;10;28079018_10_47;2026;04;15;13;V;19;V;19;V;14;V;16;V;13;V;12;V;15;V;32;V;30;V;31;V;34;V;43;V;0;N;0;N;25;V;0;N;0;N;0;N;11;V;17;V;14;V;21;V;24;V
28;079;18;10;28079018_10_47;2026;04;16;14;V;21;V;15;V;9;V;10;V;7;V;13;V;17;V;29;V;31;V;35;V;30;V;26;V;35;V;37;V;21;V;45;V;23;V;17;V;20;V;5;V;14;V;16;V;20;V
28;079;18;10;28079018_10_47;2026;04;17;29;V;34;V;21;V;22;V;14;V;11;V;11;V;21;V;37;V;39;V;31;V;52;V;42;V;34;V;28;V;20;V;1;V;17;V;16;V;19;V;18;V;19;V;26;V;37;V
28;079;18;10;28079018_10_47;2026;04;18;35;V;27;V;20;V;21;V;22;V;21;V;13;V;21;V;23;V;20;V;31;V;19;V;26;V;26;V;44;V;15;V;19;V;6;V;29;V;26;V;17;V;41;V;24;V;20;V
28;079;18;10;28079018_10_47;2026;04;19;21;V;22;V;8;V;7;V;11;V;13;V;7;V;8;V;18;V;14;V;6;V;12;V;16;V;18;V;15;V;0;V;13;V;21;V;24;V;22;V;24;V;23;V;27;V;30;V
28;079;18;10;28079018_10_47;2026;04;20;35;V;34;V;33;V;29;V;28;V;31;V;22;V;23;V;38;V;37;V;41;V;29;V;40;V;61;V;57;V;54;V;38;V;24;V;20;V;30;V;54;V;40;V;35;V;31;V
28;079;18;10;28079018_10_47;2026;04;21;54;V;48;V;52;V;26;V;28;V;20;V;20;V;27;V;43;V;53;V;46;V;16;V;43;V;63;V;51;V;42;V;66;V;65;V;112;V;86;V;45;V;44;V;53;V;46;V
28;079;18;10;28079018_10_47;2026;04;22;53;V;33;V;35;V;41;V;55;V;64;V;55;V;46;V;62;V;95;V;75;V;68;V;82;V;82;V;82;V;88;V;66;V;50;V;32;V;39;V;24;V;39;V;42;V;50;V
28;079;18;10;28079018_10_47;2026;04;23;38;V;40;V;32;V;24;V;34;V;34;V;28;V;39;V;48;V;61;V;68;V;43;V;32;V;51;V;65;V;50;V;8;V;28;V;67;V;52;V;46;V;39;V;28;V;51;V
28;079;18;10;28079018_10_47;2026;04;24;26;V;14;V;9;V;9;V;19;V;10;V;10;V;13;V;29;V;36;V;30;V;13;V;19;V;42;V;40;V;55;V;40;V;24;V;31;V;39;V;34;V;45;V;48;V;50;V
28;079;18;10;28079018_10_47;2026;04;25;7;V;19;V;28;V;20;V;32;V;31;V;45;V;47;V;55;V;46;V;46;V;35;V;44;V;38;V;6;V;14;V;5;V;0;V;5;V;5;V;4;V;24;V;18;V;14;V
28;079;18;10;28079018_10_47;2026;04;26;12;V;14;V;13;V;12;V;11;V;10;V;12;V;8;V;12;V;10;V;11;V;13;V;15;V;21;V;23;V;27;V;27;V;25;V;25;V;23;V;28;V;22;V;28;V;24;V
28;079;18;10;28079018_10_47;2026;04;27;26;V;16;V;10;V;19;V;11;V;5;V;10;V;17;V;27;V;26;V;30;V;30;V;23;V;28;V;30;V;22;V;25;V;20;V;18;V;14;V;6;V;6;V;16;V;21;V
28;079;18;10;28079018_10_47;2026;04;28;17;V;13;V;13;V;15;V;12;V;8;V;8;V;19;V;28;V;29;V;21;V;18;V;27;V;29;V;30;V;28;V;25;V;23;V;27;V;31;V;40;V;30;V;24;V;20;V
28;079;18;10;28079018_10_47;2026;04;29;21;V;18;V;16;V;20;V;19;V;25;V;13;V;24;V;39;V;45;V;36;V;19;V;17;V;29;V;34;V;19;V;30;V;47;V;33;V;26;V;26;V;8;V;2;V;19;V
28;079;18;10;28079018_10_47;2026;04;30;19;V;14;V;15;V;12;V;1;V;2;V;7;V;6;V;19;V;18;V;22;V;18;V;8;V;13;V;15;V;34;V;15;V;22;V;21;V;20;V;17;V;16;V;21;V;25;V
28;079;18;10;28079018_10_47;2026;05;01;19;V;19;V;15;V;17;V;18;V;15;V;11;V;11;V;21;V;19;V;22;V;28;V;28;V;16;V;20;V;17;V;8;V;23;V;18;V;16;V;19;V;16;V;15;V;20;V
28;079;18;10;28079018_10_47;2026;05;02;20;V;26;V;28;V;25;V;25;V;21;V;13;V;15;V;29;V;32;V;29;V;35;V;36;V;34;V;51;V;53;V;50;V;36;V;14;V;18;V;22;V;24;V;23;V;29;V
28;079;18;10;28079018_10_47;2026;05;03;31;V;28;V;31;V;33;V;27;V;24;V;23;V;24;V;22;V;12;V;16;V;38;V;24;V;7;V;5;V;1;V;1;V;0;V;0;V;0;V;4;V;0;V;0;V;0;V
28;079;18;10;28079018_10_47;2026;05;04;0;V;0;V;0;V;0;V;3;V;3;V;0;V;4;V;6;V;1;V;5;V;2;V;3;V;7;V;20;V;16;V;15;V;13;V;9;V;7;V;6;V;8;V;9;V;9;V
28;079;18;10;28079018_10_47;2026;05;05;6;V;6;V;1;V;0;V;4;V;4;V;7;V;3;V;9;V;22;V;25;V;11;V;8;V;11;V;22;V;8;V;7;V;7;V;9;V;7;V;8;V;7;V;7;V;7;V
28;079;18;10;28079018_10_47;2026;05;06;5;V;1;V;3;V;5;V;3;V;5;V;7;V;11;V;18;V;25;V;14;V;4;V;9;V;1;V;10;V;15;V;21;V;17;V;11;V;15;V;15;V;13;V;18;V;26;V
28;079;18;10;28079018_10_47;2026;05;07;20;V;14;V;11;V;9;V;7;V;8;V;11;V;11;V;12;V;0;N;0;N;0;N;0;N;0;N;0;N;0;N;0;N;0;N;0;N;0;N;0;N;0;N;0;N;0;N
28;079;18;12;28079018_12_8;2026;04;07;8;V;6;V;8;V;15;V;12;V;14;V;21;V;28;V;46;V;39;V;25;V;24;V;29;V;26;V;18;V;16;V;16;V;14;V;17;V;14;V;17;V;18;V;18;V;24;V
28;079;18;12;28079018_12_8;2026;04;08;27;V;15;V;17;V;21;V;5;V;6;V;10;V;27;V;37;V;42;V;44;V;37;V;22;V;14;V;14;V;8;V;7;V;8;V;9;V;17;V;12;V;14;V;12;V;13;V
28;079;18;12;28079018_12_8;2026;04;09;12;V;9;V;18;V;18;V;16;V;15;V;18;V;43;V;66;V;84;V;56;V;45;V;32;V;20;V;13;V;13;V;14;V;17;V;19;V;27;V;56;V;117;V;108;V;68;V
28;079;18;12;28079018_12_8;2026;04;10;43;V;29;V;15;V;9;V;6;V;14;V;18;V;31;V;36;V;38;V;39;V;28;V;23;V;20;V;34;V;18;V;13;V;19;V;11;V;17;V;32;V;62;V;62;V;75;V
28;079;18;12;28079018_12_8;2026;04;11;95;V;47;V;46;V;41;V;25;V;24;V;28;V;28;V;46;V;48;V;45;V;43;V;20;V;17;V;19;V;21;V;16;V;8;V;7;V;13;V;18;V;18;V;10;V;11;V
28;079;18;12;28079018_12_8;2026;04;12;9;V;6;V;7;V;5;V;4;V;3;V;4;V;6;V;7;V;10;V;12;V;10;V;10;V;14;V;10;V;13;V;9;V;8;V;8;V;11;V;15;V;14;V;16;V;8;V
28;079;18;12;28079018_12_8;2026;04;13;7;V;3;V;3;V;4;V;4;V;6;V;14;V;28;V;37;V;25;V;13;V;19;V;9;V;0;N;0;N;10;V;7;V;10;V;11;V;12;V;19;V;24;V;17;V;8;V
28;079;18;12;28079018_12_8;2026;04;14;5;V;5;V;5;V;5;V;5;V;9;V;19;V;45;V;33;V;38;V;24;V;15;V;10;V;7;V;5;V;7;V;10;V;9;V;8;V;11;V;16;V;25;V;21;V;18;V
28;079;18;12;28079018_12_8;2026;04;15;22;V;42;V;31;V;24;V;30;V;31;V;33;V;63;V;104;V;104;V;107;V;82;V;67;V;16;V;9;V;11;V;11;V;11;V;10;V;12;V;14;V;19;V;20;V;20;V
28;079;18;12;28079018_12_8;2026;04;16;22;V;19;V;13;V;15;V;15;V;15;V;25;V;59;V;92;V;87;V;59;V;30;V;30;V;27;V;17;V;11;V;11;V;11;V;13;V;14;V;20;V;38;V;67;V;67;V
28;079;18;12;28079018_12_8;2026;04;17;111;V;58;V;29;V;26;V;22;V;19;V;39;V;77;V;107;V;91;V;82;V;62;V;54;V;33;V;18;V;9;V;10;V;8;V;9;V;14;V;22;V;41;V;72;V;76;V
28;079;18;12;28079018_12_8;2026;04;18;52;V;57;V;42;V;32;V;35;V;31;V;26;V;34;V;45;V;41;V;26;V;28;V;26;V;18;V;12;V;9;V;6;V;5;V;6;V;11;V;16;V;28;V;35;V;61;V
28;079;18;12;28079018_12_8;2026;04;19;28;V;15;V;14;V;20;V;12;V;14;V;14;V;21;V;27;V;22;V;19;V;11;V;10;V;11;V;7;V;6;V;6;V;4;V;6;V;7;V;13;V;19;V;32;V;39;V
28;079;18;12;28079018_12_8;2026;04;20;44;V;54;V;33;V;34;V;35;V;27;V;22;V;53;V;72;V;87;V;62;V;32;V;31;V;25;V;15;V;10;V;10;V;14;V;14;V;14;V;24;V;23;V;29;V;57;V
28;079;18;12;28079018_12_8;2026;04;21;49;V;30;V;25;V;20;V;19;V;19;V;30;V;51;V;92;V;75;V;52;V;33;V;39;V;32;V;20;V;17;V;15;V;24;V;14;V;26;V;43;V;72;V;90;V;75;V
28;079;18;12;28079018_12_8;2026;04;22;55;V;44;V;36;V;26;V;12;V;8;V;11;V;24;V;47;V;25;V;12;V;11;V;9;V;11;V;8;V;8;V;7;V;9;V;12;V;12;V;17;V;26;V;35;V;35;V
28;079;18;12;28079018_12_8;2026;04;23;24;V;28;V;18;V;18;V;18;V;16;V;27;V;61;V;88;V;74;V;33;V;19;V;19;V;18;V;14;V;10;V;10;V;11;V;9;V;17;V;19;V;10;V;8;V;7;V
28;079;18;12;28079018_12_8;2026;04;24;6;V;6;V;7;V;7;V;4;V;5;V;13;V;25;V;29;V;25;V;18;V;17;V;17;V;21;V;18;V;14;V;18;V;17;V;19;V;22;V;22;V;32;V;46;V;34;V
28;079;18;12;28079018_12_8;2026;04;25;28;V;21;V;14;V;8;V;9;V;12;V;14;V;17;V;18;V;24;V;17;V;20;V;16;V;12;V;11;V;9;V;7;V;7;V;10;V;13;V;16;V;16;V;14;V;11;V
28;079;18;12;28079018_12_8;2026;04;26;12;V;10;V;8;V;8;V;9;V;14;V;17;V;18;V;17;V;15;V;10;V;11;V;10;V;10;V;8;V;7;V;7;V;5;V;7;V;10;V;13;V;23;V;30;V;21;V
28;079;18;12;28079018_12_8;2026;04;27;17;V;17;V;14;V;13;V;13;V;19;V;38;V;53;V;68;V;69;V;0;N;36;V;25;V;16;V;10;V;10;V;10;V;8;V;9;V;17;V;22;V;32;V;42;V;28;V
28;079;18;12;28079018_12_8;2026;04;28;17;V;11;V;7;V;7;V;6;V;9;V;20;V;50;V;70;V;58;V;31;V;16;V;13;V;11;V;9;V;9;V;8;V;10;V;17;V;21;V;16;V;17;V;12;V;9;V
28;079;18;12;28079018_12_8;2026;04;29;9;V;9;V;7;V;11;V;9;V;9;V;18;V;51;V;50;V;32;V;21;V;17;V;18;V;14;V;13;V;11;V;12;V;14;V;12;V;14;V;17;V;10;V;10;V;9;V
28;079;18;12;28079018_12_8;2026;04;30;9;V;6;V;6;V;5;V;5;V;6;V;12;V;31;V;40;V;42;V;18;V;14;V;13;V;12;V;10;V;10;V;11;V;10;V;12;V;13;V;13;V;26;V;36;V;38;V
28;079;18;12;28079018_12_8;2026;05;01;32;V;25;V;24;V;28;V;23;V;19;V;20;V;27;V;33;V;29;V;23;V;20;V;14;V;7;V;7;V;6;V;6;V;5;V;6;V;11;V;11;V;17;V;18;V;9;V
28;079;18;12;28079018_12_8;2026;05;02;7;V;7;V;5;V;6;V;6;V;7;V;9;V;13;V;11;V;15;V;17;V;20;V;14;V;12;V;13;V;10;V;8;V;6;V;7;V;11;V;11;V;16;V;31;V;47;V
28;079;18;12;28079018_12_8;2026;05;03;31;V;33;V;33;V;33;V;28;V;23;V;23;V;23;V;12;V;12;V;12;V;10;V;8;V;9;V;8;V;6;V;6;V;5;V;8;V;7;V;10;V;11;V;12;V;13;V
28;079;18;12;28079018_12_8;2026;05;04;19;V;11;V;7;V;5;V;7;V;7;V;18;V;24;V;33;V;58;V;30;V;15;V;8;V;9;V;7;V;8;V;8;V;9;V;13;V;14;V;15;V;19;V;16;V;14;V
28;079;18;12;28079018_12_8;2026;05;05;9;V;6;V;6;V;4;V;5;V;7;V;11;V;23;V;31;V;36;V;25;V;18;V;11;V;9;V;11;V;13;V;16;V;13;V;13;V;16;V;15;V;15;V;15;V;14;V
28;079;18;12;28079018_12_8;2026;05;06;12;V;11;V;14;V;9;V;10;V;15;V;31;V;53;V;65;V;58;V;21;V;16;V;14;V;14;V;12;V;15;V;16;V;16;V;19;V;19;V;26;V;38;V;77;V;75;V
28;079;18;12;28079018_12_8;2026;05;07;45;V;25;V;13;V;10;V;8;V;8;V;12;V;26;V;38;V;0;N;0;N;0;N;0;N;0;N;0;N;0;N;0;N;0;N;0;N;0;N;0;N;0;N;0;N;0;N
28;079;18;14;28079018_14_6;2026;04;07;84;V;85;V;76;V;66;V;67;V;64;V;57;V;56;V;42;V;52;V;70;V;74;V;77;V;81;V;90;V;95;V;98;V;90;V;85;V;70;V;59;V;56;V;50;V;43;V
28;079;18;14;28079018_14_6;2026;04;08;32;V;42;V;42;V;45;V;74;V;65;V;62;V;43;V;33;V;28;V;36;V;47;V;67;V;79;V;81;V;89;V;90;V;91;V;88;V;81;V;84;V;84;V;84;V;80;V
28;079;18;14;28079018_14_6;2026;04;09;80;V;72;V;52;V;53;V;48;V;47;V;41;V;17;V;12;V;19;V;42;V;56;V;69;V;88;V;100;V;104;V;104;V;94;V;96;V;83;V;48;V;10;V;10;V;22;V
28;079;18;14;28079018_14_6;2026;04;10;36;V;45;V;61;V;73;V;81;V;65;V;65;V;57;V;54;V;54;V;64;V;81;V;88;V;94;V;95;V;94;V;96;V;84;V;90;V;85;V;67;V;37;V;37;V;30;V
28;079;18;14;28079018_14_6;2026;04;11;6;V;15;V;15;V;17;V;34;V;31;V;23;V;31;V;20;V;26;V;33;V;54;V;85;V;89;V;83;V;83;V;87;V;92;V;89;V;80;V;65;V;62;V;74;V;71;V
28;079;18;14;28079018_14_6;2026;04;12;65;V;65;V;65;V;69;V;69;V;72;V;73;V;74;V;72;V;69;V;69;V;71;V;74;V;66;V;70;V;69;V;72;V;77;V;82;V;79;V;80;V;78;V;72;V;77;V
28;079;18;14;28079018_14_6;2026;04;13;76;V;81;V;77;V;71;V;70;V;69;V;61;V;49;V;47;V;64;V;79;V;77;V;84;V;0;N;0;N;91;V;94;V;92;V;91;V;90;V;79;V;70;V;74;V;80;V
28;079;18;14;28079018_14_6;2026;04;14;82;V;80;V;77;V;78;V;75;V;70;V;60;V;37;V;50;V;48;V;66;V;75;V;85;V;91;V;95;V;98;V;99;V;99;V;100;V;93;V;83;V;65;V;61;V;60;V
28;079;18;14;28079018_14_6;2026;04;15;50;V;22;V;35;V;32;V;17;V;14;V;15;V;8;V;6;V;15;V;24;V;39;V;54;V;86;V;89;V;91;V;90;V;86;V;83;V;77;V;71;V;62;V;60;V;64;V
28;079;18;14;28079018_14_6;2026;04;16;57;V;51;V;50;V;42;V;37;V;30;V;23;V;7;V;8;V;21;V;44;V;68;V;74;V;85;V;91;V;101;V;103;V;97;V;92;V;88;V;81;V;58;V;25;V;18;V
28;079;18;14;28079018_14_6;2026;04;17;4;V;11;V;26;V;21;V;22;V;27;V;11;V;3;V;5;V;15;V;30;V;50;V;65;V;82;V;95;V;103;V;102;V;102;V;101;V;92;V;77;V;52;V;22;V;14;V
28;079;18;14;28079018_14_6;2026;04;18;24;V;13;V;17;V;20;V;15;V;12;V;20;V;11;V;15;V;34;V;67;V;80;V;91;V;105;V;116;V;119;V;114;V;114;V;113;V;106;V;96;V;77;V;67;V;24;V
28;079;18;14;28079018_14_6;2026;04;19;63;V;74;V;71;V;63;V;59;V;52;V;54;V;38;V;34;V;56;V;80;V;96;V;105;V;116;V;119;V;120;V;119;V;118;V;115;V;110;V;98;V;86;V;66;V;55;V
28;079;18;14;28079018_14_6;2026;04;20;38;V;18;V;34;V;33;V;32;V;25;V;36;V;12;V;16;V;23;V;49;V;81;V;91;V;103;V;115;V;120;V;116;V;108;V;106;V;102;V;86;V;78;V;65;V;24;V
28;079;18;14;28079018_14_6;2026;04;21;31;V;39;V;39;V;35;V;33;V;35;V;24;V;12;V;10;V;25;V;57;V;81;V;87;V;99;V;112;V;113;V;115;V;104;V;93;V;75;V;54;V;25;V;9;V;13;V
28;079;18;14;28079018_14_6;2026;04;22;18;V;17;V;22;V;28;V;59;V;72;V;74;V;66;V;47;V;66;V;75;V;77;V;81;V;84;V;88;V;91;V;95;V;95;V;92;V;90;V;80;V;63;V;49;V;44;V
28;079;18;14;28079018_14_6;2026;04;23;51;V;37;V;41;V;36;V;30;V;31;V;23;V;4;V;9;V;28;V;72;V;87;V;92;V;102;V;113;V;118;V;115;V;108;V;106;V;95;V;87;V;88;V;93;V;96;V
28;079;18;14;28079018_14_6;2026;04;24;97;V;96;V;94;V;93;V;91;V;86;V;75;V;63;V;63;V;68;V;77;V;78;V;81;V;81;V;88;V;97;V;103;V;109;V;111;V;105;V;95;V;78;V;54;V;60;V
28;079;18;14;28079018_14_6;2026;04;25;66;V;63;V;67;V;73;V;71;V;62;V;59;V;59;V;55;V;60;V;74;V;79;V;87;V;99;V;104;V;107;V;104;V;103;V;101;V;96;V;85;V;75;V;79;V;81;V
28;079;18;14;28079018_14_6;2026;04;26;72;V;75;V;76;V;74;V;66;V;50;V;43;V;37;V;38;V;53;V;75;V;79;V;90;V;97;V;103;V;104;V;105;V;108;V;109;V;107;V;102;V;78;V;63;V;67;V
28;079;18;14;28079018_14_6;2026;04;27;65;V;72;V;82;V;77;V;75;V;65;V;18;V;10;V;15;V;23;V;0;N;77;V;92;V;107;V;116;V;116;V;114;V;113;V;108;V;102;V;93;V;74;V;59;V;69;V
28;079;18;14;28079018_14_6;2026;04;28;75;V;86;V;96;V;97;V;99;V;88;V;63;V;30;V;31;V;60;V;87;V;100;V;107;V;112;V;115;V;118;V;117;V;116;V;108;V;99;V;85;V;85;V;88;V;89;V
28;079;18;14;28079018_14_6;2026;04;29;82;V;81;V;79;V;68;V;67;V;70;V;61;V;32;V;39;V;46;V;55;V;65;V;72;V;83;V;89;V;90;V;88;V;86;V;87;V;86;V;80;V;78;V;77;V;76;V
28;079;18;14;28079018_14_6;2026;04;30;71;V;71;V;72;V;66;V;67;V;70;V;63;V;38;V;33;V;48;V;74;V;85;V;93;V;99;V;108;V;110;V;112;V;117;V;112;V;105;V;97;V;75;V;56;V;48;V
28;079;18;14;28079018_14_6;2026;05;01;50;V;44;V;40;V;28;V;21;V;22;V;24;V;20;V;26;V;49;V;72;V;77;V;92;V;110;V;117;V;119;V;120;V;121;V;117;V;109;V;100;V;85;V;76;V;81;V
28;079;18;14;28079018_14_6;2026;05;02;79;V;76;V;78;V;76;V;75;V;72;V;67;V;59;V;57;V;52;V;51;V;51;V;59;V;70;V;68;V;75;V;83;V;85;V;85;V;75;V;77;V;67;V;49;V;30;V
28;079;18;14;28079018_14_6;2026;05;03;52;V;36;V;21;V;10;V;30;V;11;V;32;V;34;V;49;V;66;V;67;V;73;V;78;V;78;V;81;V;78;V;84;V;87;V;83;V;81;V;73;V;73;V;77;V;76;V
28;079;18;14;28079018_14_6;2026;05;04;65;V;71;V;75;V;74;V;68;V;63;V;42;V;41;V;38;V;26;V;55;V;71;V;87;V;91;V;91;V;92;V;97;V;95;V;81;V;81;V;78;V;70;V;76;V;74;V
28;079;18;14;28079018_14_6;2026;05;05;77;V;82;V;83;V;82;V;80;V;76;V;72;V;61;V;57;V;56;V;70;V;79;V;88;V;92;V;93;V;93;V;94;V;94;V;93;V;90;V;87;V;86;V;83;V;76;V
28;079;18;14;28079018_14_6;2026;05;06;71;V;68;V;69;V;71;V;67;V;41;V;26;V;16;V;24;V;41;V;77;V;84;V;90;V;97;V;101;V;105;V;109;V;114;V;113;V;113;V;108;V;88;V;43;V;22;V
28;079;18;14;28079018_14_6;2026;05;07;39;V;56;V;65;V;65;V;67;V;67;V;64;V;52;V;51;V;0;N;0;N;0;N;0;N;0;N;0;N;0;N;0;N;0;N;0;N;0;N;0;N;0;N;0;N;0;N
28;079;18;20;28079018_20_59;2026;04;07;0.5;V;0.5;V;0.6;V;1.7;V;1.9;V;1.3;V;1.8;V;1.6;V;1.2;V;1.7;V;1.4;V;1.4;V;1.9;V;1.3;V;1.1;V;1;V;1.2;V;1.2;V;1.4;V;1;V;1.1;V;0.9;V;0.9;V;1.3;V
28;079;18;20;28079018_20_59;2026;04;08;1.9;V;1.2;V;1.2;V;2.1;V;0.8;V;0.5;V;0.6;V;1;V;1.6;V;0;N;4.2;V;2.6;V;2.3;V;1.3;V;1;V;0.7;V;0.6;V;0.7;V;0.8;V;0.8;V;1.1;V;0.7;V;0.6;V;0.6;V
28;079;18;20;28079018_20_59;2026;04;09;0.7;V;0.6;V;1;V;2.7;V;1.6;V;1.8;V;1.7;V;2.1;V;4.9;V;4.5;V;0;N;3.9;V;4.2;V;2.4;V;1.3;V;1.2;V;1;V;1;V;1.2;V;1.3;V;2.8;V;11;V;14.6;V;8.4;V
28;079;18;20;28079018_20_59;2026;04;10;4.6;V;4.6;V;3.4;V;2;V;1.1;V;2;V;3.1;V;2.4;V;1.8;V;2.1;V;2.8;V;2.7;V;1.7;V;1.5;V;1.1;V;0.8;V;1;V;1.3;V;2;V;1.1;V;1.3;V;2.1;V;4.3;V;2.6;V
28;079;18;20;28079018_20_59;2026;04;11;6.1;V;3.8;V;3.6;V;3.5;V;3.1;V;2.7;V;3;V;2.8;V;2.7;V;3.1;V;2.9;V;4.6;V;1.7;V;1.1;V;1.1;V;1.4;V;1.4;V;0.9;V;1;V;1.1;V;1.1;V;1.4;V;0.7;V;0.5;V
28;079;18;20;28079018_20_59;2026;04;12;0.6;V;0.5;V;0.5;V;0.4;V;0.2;V;0.3;V;0.2;V;0.2;V;0.4;V;0.5;V;0.5;V;0.6;V;0.4;V;1.1;V;0.7;V;0.5;V;0.5;V;0.4;V;0.5;V;0.4;V;0.5;V;1.7;V;0.6;V;0.6;V
28;079;18;20;28079018_20_59;2026;04;13;0.6;V;1.1;V;0.8;V;0.5;V;0.5;V;0.5;V;0.8;V;1.5;V;3.2;V;1.3;V;0.7;V;0.6;V;0.6;V;0;N;0;N;0;N;0.6;V;8.5;V;5.4;V;4;V;0.9;V;4.2;V;5.3;V;3;V
28;079;18;20;28079018_20_59;2026;04;14;2.9;V;2;V;2.7;V;3.1;V;2.8;V;3.2;V;2.6;V;3.9;V;3.7;V;3.4;V;2.1;V;1.4;V;0.8;V;0.6;V;8.6;V;0.9;V;0.8;V;0.8;V;0.6;V;0.9;V;0.9;V;2.1;V;2.7;V;3.4;V
28;079;18;20;28079018_20_59;2026;04;15;5.9;V;4.4;V;8.1;V;3.9;V;5.9;V;2.9;V;2.6;V;6.5;V;4.9;V;5.7;V;4.4;V;3.7;V;3.7;V;3.3;V;1.5;V;0.9;V;1;V;1;V;0.8;V;0.9;V;0.9;V;0.9;V;1.5;V;1.6;V
28;079;18;20;28079018_20_59;2026;04;16;2.2;V;2.5;V;2.7;V;1.8;V;1.7;V;1.7;V;2;V;3.4;V;4.6;V;4.3;V;3.7;V;2.1;V;2.9;V;2.6;V;2.2;V;3.4;V;1.6;V;1.6;V;1.3;V;1;V;1.4;V;2.1;V;4.7;V;7.7;V
28;079;18;20;28079018_20_59;2026;04;17;7.2;V;9.3;V;3.9;V;6.1;V;4.7;V;2.6;V;3.7;V;5.4;V;6.6;V;7.9;V;8.1;V;4.2;V;4.2;V;3.9;V;2.6;V;1.3;V;1;V;0.9;V;0.9;V;1.5;V;1.6;V;2.3;V;5;V;5.7;V
28;079;18;20;28079018_20_59;2026;04;18;5.7;V;5.9;V;3.4;V;2.5;V;2.4;V;3.4;V;2.4;V;2.2;V;2.8;V;2.3;V;1.8;V;1.8;V;2.1;V;2.8;V;1.4;V;1.1;V;1;V;0.8;V;0.8;V;0.9;V;1;V;1.6;V;2;V;3.6;V
28;079;18;20;28079018_20_59;2026;04;19;2.2;V;1.4;V;2.1;V;1.1;V;1.5;V;1.7;V;1.7;V;1.8;V;2.3;V;1.6;V;0.9;V;0.8;V;0.7;V;0.7;V;0.7;V;0.7;V;0.6;V;0.6;V;1.7;V;0.7;V;1;V;1;V;2;V;4.4;V
28;079;18;20;28079018_20_59;2026;04;20;3.3;V;3.3;V;3.5;V;3.4;V;4.1;V;3.2;V;2.4;V;6.2;V;5.2;V;3.4;V;3.7;V;3.3;V;2.2;V;1.6;V;1.3;V;1.4;V;1.3;V;1.4;V;1.7;V;1.5;V;2.5;V;1.7;V;2.2;V;6;V
28;079;18;20;28079018_20_59;2026;04;21;6.1;V;4.5;V;3.3;V;2.7;V;2.9;V;3.5;V;2.9;V;3.4;V;4.7;V;5.2;V;4.3;V;1.9;V;2;V;2.2;V;1.6;V;1.6;V;1.7;V;1.6;V;1.5;V;1.3;V;2.5;V;5.1;V;3.8;V;4.8;V
28;079;18;20;28079018_20_59;2026;04;22;4.5;V;4;V;3.9;V;4.9;V;3.3;V;1.1;V;1.1;V;1.1;V;1.9;V;2;V;1.5;V;1.1;V;1.4;V;1.8;V;1.6;V;1.2;V;1;V;1;V;1;V;1;V;0.9;V;1.4;V;2.4;V;3;V
28;079;18;20;28079018_20_59;2026;04;23;2.3;V;2.4;V;2.3;V;2.4;V;2.4;V;2.8;V;2.6;V;4.4;V;6.1;V;4.3;V;2.4;V;1.2;V;1.1;V;1.3;V;1.2;V;1;V;0.6;V;0.6;V;0.7;V;1.2;V;1.1;V;1.3;V;0.6;V;0.8;V
28;079;18;20;28079018_20_59;2026;04;24;0.7;V;0.7;V;0.7;V;0.9;V;0.5;V;0.5;V;0.7;V;0.9;V;1.3;V;1.3;V;1;V;0.8;V;0.6;V;1.2;V;1.4;V;0.8;V;0.7;V;0.8;V;0.9;V;1.1;V;1.6;V;1.4;V;2.3;V;3.5;V
28;079;18;20;28079018_20_59;2026;04;25;1.8;V;1.3;V;2.2;V;0.6;V;0.5;V;0.9;V;0.8;V;0.7;V;0.8;V;0.8;V;0.7;V;0.8;V;0.9;V;0.9;V;0.7;V;1.2;V;0.7;V;0.5;V;0.6;V;0.6;V;1;V;0.8;V;0.6;V;0.7;V
28;079;18;20;28079018_20_59;2026;04;26;0.8;V;0.5;V;0.4;V;0.4;V;0.9;V;1.1;V;1.2;V;1.4;V;1.4;V;1.1;V;0.6;V;0.6;V;0.5;V;0.5;V;0.4;V;0.2;V;0.3;V;0.3;V;0.2;V;0.5;V;0.6;V;1.1;V;1.1;V;1.2;V
28;079;18;20;28079018_20_59;2026;04;27;0.8;V;2.3;V;1.4;V;1.8;V;1.6;V;1.1;V;4.9;V;6.2;V;0;N;0;N;0;N;2.6;V;0;N;0;N;0.8;V;0.8;V;0.7;V;0.6;V;0.5;V;0.9;V;1.2;V;1.8;V;1.9;V;1.5;V
28;079;18;20;28079018_20_59;2026;04;28;0.9;V;0.6;V;0.5;V;0.6;V;0.8;V;1.1;V;2;V;4.3;V;4.3;V;3.2;V;2.2;V;1.2;V;0.9;V;0.7;V;0.8;V;0.7;V;0.6;V;1;V;0.7;V;1.5;V;1.5;V;1.6;V;1.2;V;0.8;V
28;079;18;20;28079018_20_59;2026;04;29;0.9;V;1.2;V;0.8;V;0.7;V;1;V;1.1;V;1.3;V;1.7;V;2.1;V;1.4;V;1.1;V;0.9;V;1.1;V;1.7;V;1.5;V;1.5;V;2.2;V;1.4;V;1.4;V;1.2;V;0;N;0.9;V;0.6;V;0.7;V
28;079;18;20;28079018_20_59;2026;04;30;0.7;V;0.6;V;0.6;V;0.5;V;0.5;V;0.7;V;1;V;1.3;V;1.5;V;2.2;V;2.7;V;2.3;V;1.8;V;1.3;V;0.9;V;1.1;V;0.9;V;0.8;V;0.7;V;1.1;V;0.9;V;1.4;V;2.3;V;3;V
28;079;18;20;28079018_20_59;2026;05;01;2.4;V;2.2;V;2.7;V;2.7;V;1.9;V;1.7;V;1.7;V;1.9;V;2.3;V;1.8;V;1.3;V;1;V;0.9;V;0.6;V;0.6;V;0.6;V;0.5;V;0.5;V;0.4;V;0.7;V;1;V;1.4;V;2.2;V;0.9;V
28;079;18;20;28079018_20_59;2026;05;02;0.5;V;0.5;V;0.3;V;0.2;V;0.2;V;0.3;V;0.4;V;0.4;V;0.6;V;0.8;V;0;N;0;N;0.9;V;0.9;V;1;V;0.9;V;0.6;V;0.5;V;0.4;V;0.6;V;0.5;V;0.9;V;1.4;V;2.7;V
28;079;18;20;28079018_20_59;2026;05;03;2.7;V;1.9;V;2.1;V;2.4;V;1.9;V;1.5;V;1.7;V;1.6;V;1;V;0.9;V;0.9;V;0.8;V;0.6;V;0.6;V;0.8;V;0.4;V;0.3;V;0.3;V;0.4;V;0.4;V;0.4;V;0.5;V;0.6;V;0.6;V
28;079;18;20;28079018_20_59;2026;05;04;0.9;V;0.8;V;0.7;V;0.6;V;0.5;V;0.6;V;0.8;V;1.3;V;2.9;V;2.4;V;2.4;V;1.3;V;2;V;1;V;1;V;0.9;V;1;V;1.3;V;1.1;V;1.2;V;0.8;V;0.7;V;0.6;V;0.7;V
28;079;18;20;28079018_20_59;2026;05;05;0.6;V;0.5;V;0.4;V;0.4;V;0.5;V;0.5;V;0.8;V;1;V;0.9;V;1.3;V;1.1;V;0.9;V;1.1;V;1.4;V;1.6;V;0.7;V;0.6;V;1.1;V;0.8;V;0.7;V;0.8;V;0.9;V;0.7;V;0.8;V
28;079;18;20;28079018_20_59;2026;05;06;0.8;V;1.1;V;1;V;1.2;V;1.3;V;1.3;V;1.7;V;2.9;V;3.7;V;2.3;V;2.6;V;1.5;V;0.9;V;0.8;V;1.4;V;1.6;V;1.3;V;1.4;V;1.1;V;1;V;1;V;1.5;V;2.7;V;8.1;V
28;079;18;20;28079018_20_59;2026;05;07;6.1;V;6.8;V;5.8;V;2.6;V;1.8;V;1.8;V;1.6;V;1.5;V;1.5;V;0;N;0;N;0;N;0;N;0;N;0;N;0;N;0;N;0;N;0;N;0;N;0;N;0;N;0;N;0;N
28;079;18;30;28079018_30_59;2026;04;07;0.1;V;0.1;V;0.1;V;0.2;V;0.1;V;0.2;V;0.3;V;0.3;V;0.4;V;0.4;V;0.3;V;0.2;V;0.3;V;0.3;V;0.3;V;0.2;V;0.3;V;0.2;V;0.2;V;0.2;V;0.2;V;0.2;V;0.2;V;0.2;V
28;079;18;30;28079018_30_59;2026;04;08;0.3;V;0.2;V;0.2;V;0.3;V;0;V;0;V;0;V;0.2;V;0.3;V;0;N;0.5;V;0.4;V;0.3;V;0.1;V;0.1;V;0.1;V;0;V;0;V;0.1;V;0;V;0.2;V;0.1;V;0.1;V;0;V
28;079;18;30;28079018_30_59;2026;04;09;0.1;V;0.1;V;0.1;V;0.2;V;0.2;V;0.2;V;0.2;V;0.4;V;0.9;V;0.9;V;0;N;0.5;V;0.4;V;0.3;V;0.2;V;0.2;V;0.1;V;0.1;V;0.2;V;0.2;V;0.5;V;1.4;V;1.6;V;1.2;V
28;079;18;30;28079018_30_59;2026;04;10;0.6;V;0.5;V;0.3;V;0.2;V;0.1;V;0.2;V;0.3;V;0.4;V;0.4;V;0.4;V;0.5;V;0.3;V;0.3;V;0.2;V;0.2;V;0.2;V;0.2;V;0.2;V;0.3;V;0.2;V;0.3;V;0.4;V;0.8;V;0.6;V
28;079;18;30;28079018_30_59;2026;04;11;1.1;V;0.6;V;0.5;V;0.5;V;0.4;V;0.4;V;0.4;V;0.4;V;0.4;V;0.5;V;0.5;V;0.5;V;0.3;V;0.2;V;0.2;V;0.3;V;0.3;V;0.1;V;0.1;V;0.2;V;0.2;V;0.3;V;0.2;V;0.2;V
28;079;18;30;28079018_30_59;2026;04;12;0.1;V;0.1;V;0.1;V;0;V;0.1;V;0.1;V;0;V;0;V;0.1;V;0.1;V;0.2;V;0.2;V;0.1;V;0.2;V;0.3;V;0.2;V;0.2;V;0.1;V;0.2;V;0.2;V;0.2;V;0.5;V;0.2;V;0.2;V
28;079;18;30;28079018_30_59;2026;04;13;0.1;V;0.1;V;0.1;V;0.1;V;0.1;V;0.1;V;0.2;V;0.4;V;0.6;V;0.4;V;0.2;V;0.2;V;0.2;V;0;N;0;N;0;N;0.2;V;0.4;V;0.3;V;0.3;V;0.2;V;0.4;V;0.3;V;0.2;V
28;079;18;30;28079018_30_59;2026;04;14;0.3;V;0.1;V;0.2;V;0.2;V;0.2;V;0.2;V;0.3;V;0.6;V;0.6;V;0.6;V;0.3;V;0.2;V;0.2;V;0.1;V;0.1;V;0.1;V;0;V;0;V;0.1;V;0.1;V;0;V;0.3;V;0.3;V;0.3;V
28;079;18;30;28079018_30_59;2026;04;15;0.3;V;0.5;V;0.6;V;0.3;V;0.4;V;0.3;V;0.3;V;0.8;V;0.9;V;1.1;V;0.9;V;0.6;V;0.4;V;0.3;V;0.2;V;0.2;V;0.2;V;0.2;V;0.1;V;0.1;V;0.1;V;0.1;V;0.2;V;0.2;V
28;079;18;30;28079018_30_59;2026;04;16;0.2;V;0.3;V;0.3;V;0.2;V;0.2;V;0.1;V;0.2;V;0.5;V;0.8;V;0.8;V;0.7;V;0.3;V;0.2;V;0.3;V;0.2;V;0.4;V;0.3;V;0.3;V;0.2;V;0.2;V;0.2;V;0.3;V;0.6;V;1.1;V
28;079;18;30;28079018_30_59;2026;04;17;1;V;1.1;V;0.4;V;0.3;V;0.4;V;0.2;V;0.3;V;0.8;V;1.1;V;0.8;V;0.7;V;0.6;V;0.5;V;0.3;V;0.3;V;0.2;V;0.1;V;0.1;V;0.2;V;0.2;V;0.2;V;0.3;V;0.9;V;1;V
28;079;18;30;28079018_30_59;2026;04;18;0.8;V;0.6;V;0.5;V;0.3;V;0.3;V;0.4;V;0.3;V;0.3;V;0.4;V;0.4;V;0.3;V;0.3;V;0.4;V;0.3;V;0.2;V;0.2;V;0.1;V;0.1;V;0;V;0.1;V;0.2;V;0.3;V;0.3;V;0.6;V
28;079;18;30;28079018_30_59;2026;04;19;0.4;V;0.2;V;0.2;V;0.1;V;0.1;V;0.2;V;0.2;V;0.2;V;0.3;V;0.2;V;0.2;V;0.2;V;0.1;V;0.1;V;0.1;V;0.1;V;0.1;V;0;V;0.2;V;0.1;V;0.2;V;0.2;V;0.4;V;0.5;V
28;079;18;30;28079018_30_59;2026;04;20;0.5;V;0.5;V;0.5;V;0.3;V;0.3;V;0.3;V;0.3;V;0.6;V;0.6;V;0.6;V;0.7;V;0.3;V;0.3;V;0.2;V;0.2;V;0.2;V;0.1;V;0.1;V;0.1;V;0.2;V;0.3;V;0.3;V;0.3;V;0.7;V
28;079;18;30;28079018_30_59;2026;04;21;0.6;V;0.4;V;0.3;V;0.2;V;0.2;V;0.2;V;0.3;V;0.4;V;0.7;V;0.7;V;0.6;V;0.3;V;0.3;V;0.3;V;0.2;V;0.2;V;0.4;V;0.3;V;0.2;V;0.2;V;0.4;V;0.7;V;0.6;V;0.7;V
28;079;18;30;28079018_30_59;2026;04;22;0.6;V;0.5;V;0.4;V;0.4;V;0.2;V;0.1;V;0.2;V;0.2;V;0.4;V;0.4;V;0.2;V;0.1;V;0.2;V;0.2;V;0.1;V;0.1;V;0.1;V;0.1;V;0.1;V;0.1;V;0.1;V;0.3;V;0.4;V;0.4;V
28;079;18;30;28079018_30_59;2026;04;23;0.3;V;0.3;V;0.3;V;0.2;V;0.2;V;0.2;V;0.2;V;0.6;V;0.9;V;0.7;V;0.4;V;0.2;V;0.2;V;0.2;V;0.2;V;0.1;V;0.1;V;0.1;V;0;V;0.3;V;0.2;V;0.2;V;0.1;V;0.1;V
28;079;18;30;28079018_30_59;2026;04;24;0;V;0;V;0;V;0;V;0;V;0;V;0.1;V;0.2;V;0.3;V;0.3;V;0.2;V;0.2;V;0.1;V;0.2;V;0.2;V;0.1;V;0.1;V;0.2;V;0.2;V;0.2;V;0.3;V;0.2;V;0.4;V;0.5;V
28;079;18;30;28079018_30_59;2026;04;25;0.2;V;0.2;V;0.3;V;0.1;V;0;V;0.1;V;0.2;V;0.1;V;0.2;V;0.2;V;0.2;V;0.2;V;0.2;V;0.2;V;0.1;V;0.1;V;0.1;V;0;V;0.1;V;0;V;0.2;V;0.2;V;0.2;V;0.2;V
28;079;18;30;28079018_30_59;2026;04;26;0.1;V;0;V;0;V;0;V;0.1;V;0.1;V;0.1;V;0.2;V;0.2;V;0.1;V;0.1;V;0.1;V;0.1;V;0.1;V;0.1;V;0.1;V;0;V;0;V;0;V;0;V;0.1;V;0.2;V;0.3;V;0.2;V
28;079;18;30;28079018_30_59;2026;04;27;0.1;V;0.2;V;0.1;V;0.2;V;0.1;V;0.1;V;0.5;V;0.6;V;0;N;0;N;0;N;0.4;V;0;N;0;N;0.1;V;0.1;V;0;V;0;V;0;V;0.1;V;0.2;V;0.3;V;0.3;V;0.2;V
28;079;18;30;28079018_30_59;2026;04;28;0.1;V;0;V;0.2;V;0;V;0;V;0.1;V;0.1;V;0.5;V;0.7;V;0.6;V;0.3;V;0.1;V;0.1;V;0.1;V;0;V;0;V;0;V;0.1;V;0.1;V;0.2;V;0.2;V;0.2;V;0.1;V;0;V
28;079;18;30;28079018_30_59;2026;04;29;0;V;0;V;0;V;0;V;0;V;0;V;0.1;V;0.2;V;0.4;V;0.3;V;0.2;V;0.1;V;0.2;V;0.2;V;0.2;V;0.1;V;0.1;V;0.1;V;0.1;V;0.2;V;0;N;0.2;V;0.1;V;0.1;V
28;079;18;30;28079018_30_59;2026;04;30;0.1;V;0;V;0;V;0;V;0;V;0;V;0;V;0.2;V;0.3;V;0.4;V;0.3;V;0.2;V;0.2;V;0.2;V;0.1;V;0.2;V;0.2;V;0.1;V;0.1;V;0.2;V;0.1;V;0.2;V;0.4;V;0.5;V
28;079;18;30;28079018_30_59;2026;05;01;0.3;V;0.3;V;0.4;V;0.3;V;0.2;V;0.2;V;0.2;V;0.2;V;0.3;V;0.2;V;0.2;V;0.2;V;0.2;V;0.1;V;0.1;V;0;V;0;V;0;V;0;V;0.1;V;0.2;V;0.2;V;0.4;V;0.1;V
28;079;18;30;28079018_30_59;2026;05;02;0;V;0;V;0;V;0;V;0.1;V;0;V;0;V;0;V;0.1;V;0.2;V;0;N;0;N;0.2;V;0.3;V;0.3;V;0.2;V;0.1;V;0.1;V;0;V;0.1;V;0.1;V;0.1;V;0.2;V;0.4;V
28;079;18;30;28079018_30_59;2026;05;03;0.4;V;0.3;V;0.4;V;0.4;V;0.3;V;0.2;V;0.2;V;0.2;V;0.1;V;0.1;V;0.1;V;0.1;V;0.1;V;0.1;V;0.2;V;0.1;V;0;V;0;V;0;V;0.1;V;0;V;0.1;V;0.1;V;0;V
28;079;18;30;28079018_30_59;2026;05;04;0.1;V;0;V;0;V;0;V;0;V;0;V;0.1;V;0.3;V;0;N;0.3;V;0.3;V;0.2;V;0.4;V;0.2;V;0.1;V;0.1;V;0;V;0.1;V;0;V;0.2;V;0.1;V;0.1;V;0.1;V;0;V
28;079;18;30;28079018_30_59;2026;05;05;0;V;0;V;0;V;0;V;0;V;0;V;0.1;V;0.2;V;0.2;V;0.3;V;0.2;V;0.2;V;0.1;V;0;V;0;V;0.1;V;0;V;0.1;V;0;V;0.1;V;0.1;V;0.1;V;0.1;V;0.1;V
28;079;18;30;28079018_30_59;2026;05;06;0.1;V;0.1;V;0.1;V;0;V;0.1;V;0.1;V;0.2;V;0.5;V;0.6;V;0.5;V;0.3;V;0.1;V;0.1;V;0.1;V;0;V;0.1;V;0.2;V;0.2;V;0.2;V;0.1;V;0.2;V;0.3;V;0.5;V;1;V
28;079;18;30;28079018_30_59;2026;05;07;0.6;V;0.3;V;0.2;V;0;V;0;V;0;V;0;V;0.2;V;0.3;V;0;N;0;N;0;N;0;N;0;N;0;N;0;N;0;N;0;N;0;N;0;N;0;N;0;N;0;N;0;N
28;079;18;35;28079018_35_59;2026;04;07;0;V;0;V;0;V;0;V;0;V;0;V;0;V;0;V;0.4;V;0.4;V;0.1;V;0;V;0.4;V;0;V;0.2;V;0.1;V;0;V;0;V;0.1;V;0;V;0.3;V;0;V;0;V;0.4;V
28;079;18;35;28079018_35_59;2026;04;08;0.4;V;0;V;0.1;V;0.2;V;0;V;0;V;0;V;0;V;0.3;V;0;N;1.2;V;0.6;V;0.4;V;0;V;0.2;V;0;V;0;V;0;V;0;V;0;V;0;V;0;V;0;V;0;V
28;079;18;35;28079018_35_59;2026;04;09;0;V;0;V;0;V;0;V;0.1;V;0;V;0;V;0.2;V;0.7;V;0.9;V;0;N;0.6;V;0.6;V;0.4;V;0;V;0;V;0;V;0;V;0;V;0.1;V;1.6;V;1.7;V;2.6;V;1.4;V
28;079;18;35;28079018_35_59;2026;04;10;0.8;V;0.6;V;0.4;V;0;V;0;V;0;V;0.2;V;0.2;V;0.2;V;0.4;V;0.5;V;0.4;V;0;V;0;V;0;V;0;V;0;V;0.1;V;0.3;V;0;V;0;V;0.2;V;0.8;V;0.4;V
28;079;18;35;28079018_35_59;2026;04;11;1.1;V;0.7;V;0.6;V;0.6;V;0.5;V;0.5;V;0.5;V;0.5;V;0.5;V;0.6;V;0.5;V;0.5;V;0.1;V;0;V;0;V;0;V;0.1;V;0;V;0;V;0;V;0.2;V;0.2;V;0;V;0;V
28;079;18;35;28079018_35_59;2026;04;12;0;V;0;V;0;V;0;V;0.2;V;0;V;0;V;0;V;0;V;0;V;0;V;0;V;0;V;0;V;0;V;0;V;0;V;0;V;0.2;V;0;V;0;V;0.2;V;0;V;0;V
28;079;18;35;28079018_35_59;2026;04;13;0;V;0;V;0;V;0;V;0;V;0;V;0;V;0.1;V;0.4;V;0.1;V;0;V;0;V;0;V;0;N;0;N;0;N;0;V;0.4;V;0.3;V;0.3;V;0;V;0.4;V;0.5;V;0.1;V
28;079;18;35;28079018_35_59;2026;04;14;0.2;V;0;V;0;V;0.1;V;0.1;V;0.2;V;0.1;V;0.5;V;0.6;V;0.6;V;0.7;V;0;V;0;V;0;V;0;V;0;V;0;V;0;V;0;V;0;V;0;V;0.2;V;0.3;V;0.4;V
28;079;18;35;28079018_35_59;2026;04;15;0.2;V;0.5;V;1;V;0.5;V;0.7;V;0.4;V;0.2;V;0.7;V;0.8;V;0.9;V;0.7;V;0.8;V;0.9;V;0.4;V;0.1;V;0;V;0;V;0;V;0;V;0;V;0;V;0;V;0;V;0;V
28;079;18;35;28079018_35_59;2026;04;16;0;V;0.1;V;0.2;V;0;V;0;V;0.1;V;0;V;0.4;V;0.7;V;0.6;V;0.6;V;0.4;V;0.1;V;0.5;V;0.2;V;0.5;V;0.2;V;0;V;0;V;0;V;0;V;0.3;V;0.8;V;1.2;V
28;079;18;35;28079018_35_59;2026;04;17;1.4;V;1.5;V;0.6;V;0.4;V;0.4;V;0.2;V;0.4;V;0.7;V;0.9;V;1;V;1;V;0.7;V;0.7;V;0.8;V;0.5;V;0;V;0;V;0;V;0;V;0;V;0;V;0.3;V;0.9;V;0.9;V
28;079;18;35;28079018_35_59;2026;04;18;0.9;V;0.9;V;0.7;V;0.4;V;0.4;V;0.5;V;0.4;V;0.4;V;0.5;V;0.3;V;0.2;V;0;V;0;V;0.1;V;0;V;0;V;0;V;0;V;0;V;0;V;0;V;0;V;0.1;V;0.5;V
28;079;18;35;28079018_35_59;2026;04;19;0.1;V;0;V;0.1;V;0;V;0;V;0;V;0;V;0;V;0.1;V;0;V;0;V;0;V;0;V;0;V;0;V;0;V;0;V;0;V;0.2;V;0;V;0.1;V;0.1;V;0.2;V;0.6;V
28;079;18;35;28079018_35_59;2026;04;20;0.5;V;0.5;V;0.5;V;0.5;V;0.6;V;0.5;V;0.2;V;0.7;V;0.7;V;0.6;V;0.7;V;0.5;V;0.1;V;0;V;0.1;V;0;V;0;V;0;V;0;V;0;V;0.2;V;0;V;0.2;V;0.7;V
28;079;18;35;28079018_35_59;2026;04;21;0.8;V;0.6;V;0.5;V;0.3;V;0.1;V;0.1;V;0.1;V;0.4;V;0.6;V;0.6;V;0.7;V;0.2;V;0.4;V;0.7;V;0.5;V;0.1;V;0;V;0;V;0;V;0;V;0.5;V;1.1;V;0.8;V;0.8;V
28;079;18;35;28079018_35_59;2026;04;22;0.8;V;0.7;V;0.6;V;0.5;V;0.3;V;0;V;0;V;0;V;0.1;V;0;V;0;V;0;V;0;V;0;V;0;V;0;V;0;V;0;V;0;V;0;V;0;V;0;V;0.5;V;0.5;V
28;079;18;35;28079018_35_59;2026;04;23;0.1;V;0.3;V;0.3;V;0.2;V;0.1;V;0.1;V;0.1;V;0.5;V;0.8;V;0.6;V;0.5;V;0;V;0;V;0;V;0;V;0;V;0.2;V;0.1;V;0;V;0.1;V;0;V;0.1;V;0;V;0;V
28;079;18;35;28079018_35_59;2026;04;24;0;V;0;V;0;V;0;V;0;V;0;V;0;V;0;V;0;V;0;V;0;V;0;V;0;V;0.1;V;0;V;0;V;0;V;0;V;0.1;V;0;V;0.2;V;0.1;V;0.5;V;0.5;V
28;079;18;35;28079018_35_59;2026;04;25;0;V;0;V;0.2;V;0;V;0;V;0;V;0;V;0;V;0;V;0;V;0;V;0;V;0;V;0;V;0;V;0.1;V;0.1;V;0;V;0;V;0.1;V;0;V;0.2;V;0.3;V;0;V
28;079;18;35;28079018_35_59;2026;04;26;0.3;V;0;V;0;V;0;V;0;V;0;V;0;V;0;V;0;V;0;V;0;V;0;V;0;V;0;V;0.1;V;0;V;0;V;0;V;0;V;0;V;0;V;0;V;0;V;0;V
28;079;18;35;28079018_35_59;2026;04;27;0;V;0.1;V;0;V;0.1;V;0;V;0;V;0.4;V;0.7;V;0;N;0;N;0;N;0.8;V;0;N;0;N;0;V;0;V;0;V;0;V;0;V;0;V;0;V;0.3;V;0.1;V;0;V
28;079;18;35;28079018_35_59;2026;04;28;0;V;0;V;0;V;0;V;0;V;0;V;0.2;V;0.6;V;0.6;V;0.6;V;0.6;V;0.1;V;0;V;0;V;0;V;0;V;0;V;0.1;V;0;V;0;V;0;V;0;V;0;V;0;V
28;079;18;35;28079018_35_59;2026;04;29;0;V;0;V;0;V;0;V;0;V;0;V;0;V;0.1;V;0.6;V;1;V;0.4;V;0;V;0.4;V;0.1;V;0.1;V;0;V;0.1;V;0.1;V;0.1;V;0;V;0;N;0;V;0;V;0;V
28;079;18;35;28079018_35_59;2026;04;30;0;V;0;V;0;V;0;V;0;V;0;V;0;V;0;V;0;V;0.1;V;0.2;V;0;V;0;V;0;V;0;V;0;V;0;V;0;V;0;V;0;V;0;V;0;V;0.2;V;0.3;V
28;079;18;35;28079018_35_59;2026;05;01;0.2;V;0.2;V;0.2;V;0.3;V;0;V;0;V;0.2;V;0.1;V;0.4;V;0.3;V;0.1;V;0;V;0;V;0;V;0;V;0;V;0;V;0;V;0;V;0;V;0;V;0;V;0.2;V;0;V
28;079;18;35;28079018_35_59;2026;05;02;0;V;0;V;0;V;0;V;0;V;0.1;V;0;V;0;V;0;V;0;V;0;N;0;N;0.1;V;0;V;0;V;0;V;0;V;0;V;0;V;0;V;0;V;0;V;0;V;0.4;V
28;079;18;35;28079018_35_59;2026;05;03;0.4;V;0;V;0.2;V;0.1;V;0.1;V;0;V;0;V;0;V;0;V;0;V;0;V;0;V;0.1;V;0;V;0;V;0;V;0;V;0.1;V;0;V;0;V;0;V;0;V;0;V;0;V
28;079;18;35;28079018_35_59;2026;05;04;0;V;0;V;0;V;0;V;0;V;0;V;0;V;0;V;0.3;V;0.2;V;0.2;V;0;V;0.1;V;0;V;0;V;0;V;0;V;0;V;0;V;0;V;0;V;0;V;0;V;0;V
28;079;18;35;28079018_35_59;2026;05;05;0;V;0;V;0;V;0;V;0;V;0;V;0;V;0;V;0;V;0;V;0.1;V;0;V;0.1;V;0;V;0;V;0;V;0;V;0;V;0;V;0;V;0;V;0;V;0;V;0;V
28;079;18;35;28079018_35_59;2026;05;06;0;V;0;V;0;V;0;V;0;V;0;V;0;V;0.4;V;0.8;V;0.3;V;0.2;V;0;V;0;V;0;V;0;V;0;V;0;V;0.1;V;0;V;0;V;0;V;0.2;V;0.3;V;1;V
28;079;18;35;28079018_35_59;2026;05;07;0.7;V;0.4;V;0.4;V;0;V;0;V;0;V;0;V;0;V;0;V;0;N;0;N;0;N;0;N;0;N;0;N;0;N;0;N;0;N;0;N;0;N;0;N;0;N;0;N;0;N
28;079;18;7;28079018_7_8;2026;04;07;1;V;0;V;0;V;0;V;0;V;0;V;0;V;1;V;4;V;5;V;3;V;3;V;5;V;4;V;2;V;2;V;2;V;2;V;2;V;1;V;2;V;1;V;1;V;2;V
28;079;18;7;28079018_7_8;2026;04;08;2;V;1;V;1;V;1;V;0;V;1;V;1;V;2;V;2;V;5;V;8;V;5;V;4;V;2;V;3;V;1;V;1;V;1;V;1;V;3;V;1;V;1;V;1;V;0;V
28;079;18;7;28079018_7_8;2026;04;09;1;V;0;V;1;V;0;V;0;V;1;V;1;V;4;V;12;V;24;V;11;V;10;V;6;V;3;V;2;V;2;V;2;V;2;V;2;V;2;V;2;V;22;V;18;V;7;V
28;079;18;7;28079018_7_8;2026;04;10;1;V;1;V;0;V;0;V;0;V;0;V;0;V;1;V;2;V;4;V;6;V;5;V;4;V;4;V;11;V;4;V;2;V;2;V;1;V;2;V;2;V;3;V;3;V;10;V
28;079;18;7;28079018_7_8;2026;04;11;23;V;3;V;2;V;3;V;0;V;1;V;1;V;1;V;6;V;8;V;8;V;7;V;3;V;1;V;2;V;2;V;1;V;1;V;1;V;2;V;1;V;1;V;0;V;1;V
28;079;18;7;28079018_7_8;2026;04;12;1;V;0;V;0;V;1;V;0;V;0;V;0;V;0;V;1;V;1;V;2;V;2;V;1;V;2;V;1;V;2;V;1;V;1;V;1;V;1;V;3;V;1;V;0;V;0;V
28;079;18;7;28079018_7_8;2026;04;13;0;V;0;V;0;V;0;V;0;V;0;V;1;V;2;V;4;V;4;V;2;V;6;V;2;V;0;N;0;N;2;V;1;V;2;V;1;V;1;V;1;V;0;V;0;V;1;V
28;079;18;7;28079018_7_8;2026;04;14;0;V;0;V;0;V;0;V;0;V;0;V;1;V;4;V;3;V;6;V;5;V;3;V;2;V;1;V;1;V;1;V;2;V;1;V;1;V;1;V;1;V;1;V;0;V;0;V
28;079;18;7;28079018_7_8;2026;04;15;0;V;2;V;1;V;1;V;1;V;2;V;3;V;17;V;42;V;41;V;38;V;25;V;19;V;3;V;2;V;2;V;2;V;2;V;1;V;1;V;1;V;1;V;1;V;1;V
28;079;18;7;28079018_7_8;2026;04;16;1;V;1;V;0;V;1;V;0;V;0;V;2;V;15;V;31;V;28;V;16;V;6;V;6;V;5;V;3;V;1;V;1;V;2;V;2;V;2;V;1;V;1;V;5;V;5;V
28;079;18;7;28079018_7_8;2026;04;17;28;V;7;V;1;V;1;V;1;V;1;V;7;V;26;V;43;V;30;V;25;V;15;V;12;V;6;V;3;V;1;V;1;V;1;V;1;V;2;V;1;V;1;V;3;V;7;V
28;079;18;7;28079018_7_8;2026;04;18;2;V;4;V;2;V;2;V;1;V;1;V;2;V;4;V;10;V;10;V;5;V;5;V;4;V;2;V;1;V;1;V;1;V;1;V;0;V;1;V;1;V;0;V;1;V;3;V
28;079;18;7;28079018_7_8;2026;04;19;2;V;0;V;0;V;2;V;0;V;0;V;1;V;1;V;3;V;4;V;3;V;2;V;1;V;1;V;1;V;1;V;1;V;0;V;0;V;0;V;0;V;0;V;0;V;1;V
28;079;18;7;28079018_7_8;2026;04;20;3;V;3;V;1;V;0;V;1;V;1;V;1;V;8;V;17;V;26;V;15;V;6;V;5;V;4;V;2;V;1;V;1;V;2;V;1;V;1;V;1;V;1;V;1;V;2;V
28;079;18;7;28079018_7_8;2026;04;21;2;V;1;V;2;V;1;V;0;V;1;V;3;V;8;V;28;V;20;V;12;V;5;V;6;V;5;V;2;V;2;V;1;V;2;V;1;V;2;V;2;V;4;V;8;V;2;V
28;079;18;7;28079018_7_8;2026;04;22;2;V;1;V;1;V;1;V;0;V;0;V;0;V;2;V;6;V;4;V;2;V;2;V;2;V;2;V;1;V;1;V;1;V;1;V;1;V;1;V;1;V;1;V;1;V;1;V
28;079;18;7;28079018_7_8;2026;04;23;1;V;2;V;1;V;0;V;1;V;0;V;3;V;16;V;28;V;21;V;6;V;3;V;3;V;3;V;2;V;1;V;1;V;1;V;1;V;2;V;1;V;1;V;0;V;0;V
28;079;18;7;28079018_7_8;2026;04;24;0;V;0;V;0;V;0;V;0;V;0;V;1;V;2;V;2;V;3;V;3;V;3;V;3;V;4;V;3;V;2;V;3;V;2;V;2;V;1;V;1;V;1;V;1;V;1;V
28;079;18;7;28079018_7_8;2026;04;25;4;V;1;V;1;V;0;V;1;V;1;V;1;V;1;V;2;V;3;V;3;V;4;V;3;V;2;V;1;V;1;V;1;V;1;V;1;V;1;V;1;V;1;V;1;V;0;V
28;079;18;7;28079018_7_8;2026;04;26;1;V;1;V;1;V;1;V;1;V;1;V;1;V;1;V;2;V;3;V;2;V;2;V;2;V;2;V;1;V;1;V;2;V;1;V;1;V;1;V;0;V;1;V;2;V;1;V
28;079;18;7;28079018_7_8;2026;04;27;1;V;0;V;0;V;0;V;0;V;0;V;4;V;8;V;20;V;21;V;0;N;7;V;4;V;3;V;1;V;1;V;1;V;1;V;1;V;2;V;1;V;1;V;1;V;1;V
28;079;18;7;28079018_7_8;2026;04;28;1;V;0;V;0;V;0;V;0;V;0;V;1;V;4;V;12;V;11;V;5;V;3;V;2;V;2;V;1;V;1;V;1;V;1;V;2;V;2;V;1;V;1;V;1;V;1;V
28;079;18;7;28079018_7_8;2026;04;29;1;V;0;V;0;V;1;V;0;V;0;V;1;V;5;V;7;V;4;V;4;V;3;V;3;V;2;V;2;V;2;V;2;V;2;V;2;V;2;V;2;V;1;V;1;V;0;V
28;079;18;7;28079018_7_8;2026;04;30;1;V;0;V;0;V;0;V;0;V;0;V;0;V;2;V;5;V;8;V;3;V;2;V;2;V;2;V;1;V;1;V;1;V;1;V;1;V;1;V;0;V;1;V;1;V;1;V
28;079;18;7;28079018_7_8;2026;05;01;2;V;1;V;1;V;2;V;1;V;1;V;2;V;4;V;6;V;6;V;4;V;4;V;2;V;1;V;1;V;0;V;1;V;0;V;1;V;1;V;1;V;0;V;0;V;1;V
28;079;18;7;28079018_7_8;2026;05;02;1;V;1;V;0;V;0;V;0;V;0;V;0;V;1;V;1;V;2;V;2;V;3;V;2;V;2;V;2;V;1;V;1;V;1;V;0;V;1;V;1;V;0;V;1;V;2;V
28;079;18;7;28079018_7_8;2026;05;03;2;V;1;V;2;V;2;V;1;V;1;V;1;V;1;V;1;V;1;V;2;V;2;V;2;V;1;V;2;V;1;V;1;V;1;V;1;V;1;V;1;V;1;V;1;V;1;V
28;079;18;7;28079018_7_8;2026;05;04;1;V;1;V;0;V;0;V;1;V;1;V;1;V;2;V;6;V;12;V;6;V;2;V;1;V;2;V;1;V;2;V;1;V;1;V;2;V;2;V;2;V;2;V;2;V;1;V
28;079;18;7;28079018_7_8;2026;05;05;1;V;1;V;1;V;0;V;0;V;1;V;1;V;2;V;3;V;6;V;4;V;4;V;2;V;2;V;2;V;2;V;3;V;2;V;2;V;3;V;1;V;1;V;1;V;1;V
28;079;18;7;28079018_7_8;2026;05;06;1;V;0;V;2;V;0;V;0;V;1;V;3;V;9;V;18;V;15;V;4;V;3;V;3;V;3;V;2;V;2;V;2;V;2;V;2;V;1;V;2;V;1;V;5;V;4;V
28;079;18;7;28079018_7_8;2026;05;07;2;V;1;V;0;V;0;V;0;V;0;V;0;V;2;V;4;V;0;N;0;N;0;N;0;N;0;N;0;N;0;N;0;N;0;N;0;N;0;N;0;N;0;N;0;N;0;N
28;079;18;8;28079018_8_8;2026;04;07;7;V;6;V;8;V;14;V;12;V;13;V;21;V;26;V;41;V;31;V;20;V;19;V;21;V;20;V;14;V;13;V;13;V;11;V;14;V;11;V;14;V;16;V;16;V;21;V
28;079;18;8;28079018_8_8;2026;04;08;24;V;14;V;15;V;19;V;4;V;5;V;9;V;24;V;34;V;35;V;32;V;29;V;16;V;11;V;10;V;6;V;6;V;6;V;7;V;12;V;11;V;13;V;11;V;12;V
28;079;18;8;28079018_8_8;2026;04;09;11;V;8;V;17;V;17;V;16;V;14;V;17;V;37;V;48;V;47;V;38;V;30;V;23;V;15;V;10;V;10;V;12;V;14;V;16;V;23;V;52;V;83;V;81;V;58;V
28;079;18;8;28079018_8_8;2026;04;10;41;V;28;V;14;V;8;V;6;V;13;V;18;V;29;V;34;V;32;V;30;V;21;V;17;V;15;V;16;V;12;V;10;V;15;V;9;V;15;V;29;V;56;V;57;V;59;V
28;079;18;8;28079018_8_8;2026;04;11;60;V;43;V;43;V;37;V;24;V;23;V;26;V;26;V;37;V;36;V;32;V;33;V;16;V;15;V;16;V;18;V;14;V;6;V;6;V;10;V;17;V;17;V;9;V;10;V
28;079;18;8;28079018_8_8;2026;04;12;8;V;6;V;6;V;5;V;3;V;3;V;4;V;5;V;7;V;9;V;9;V;7;V;9;V;10;V;9;V;9;V;8;V;7;V;7;V;10;V;11;V;12;V;15;V;8;V
28;079;18;8;28079018_8_8;2026;04;13;6;V;3;V;3;V;4;V;4;V;5;V;13;V;25;V;31;V;18;V;9;V;11;V;6;V;0;N;0;N;6;V;6;V;8;V;8;V;10;V;18;V;23;V;16;V;7;V
28;079;18;8;28079018_8_8;2026;04;14;4;V;5;V;5;V;4;V;5;V;9;V;17;V;39;V;28;V;30;V;16;V;10;V;7;V;5;V;4;V;5;V;7;V;7;V;6;V;10;V;15;V;23;V;21;V;18;V
28;079;18;8;28079018_8_8;2026;04;15;22;V;38;V;30;V;24;V;29;V;28;V;29;V;37;V;39;V;42;V;48;V;44;V;39;V;12;V;7;V;8;V;8;V;8;V;8;V;10;V;12;V;18;V;19;V;19;V
28;079;18;8;28079018_8_8;2026;04;16;21;V;18;V;13;V;14;V;15;V;15;V;23;V;36;V;45;V;43;V;34;V;20;V;21;V;20;V;13;V;9;V;9;V;9;V;10;V;11;V;18;V;36;V;60;V;59;V
28;079;18;8;28079018_8_8;2026;04;17;68;V;47;V;28;V;25;V;21;V;18;V;27;V;37;V;42;V;45;V;44;V;39;V;36;V;24;V;14;V;7;V;8;V;6;V;8;V;12;V;20;V;40;V;67;V;65;V
28;079;18;8;28079018_8_8;2026;04;18;49;V;50;V;39;V;29;V;33;V;29;V;23;V;27;V;30;V;27;V;19;V;21;V;20;V;14;V;9;V;7;V;5;V;5;V;6;V;10;V;15;V;27;V;34;V;56;V
28;079;18;8;28079018_8_8;2026;04;19;26;V;15;V;14;V;16;V;11;V;13;V;13;V;19;V;23;V;17;V;14;V;8;V;8;V;9;V;6;V;5;V;5;V;4;V;5;V;7;V;13;V;19;V;31;V;38;V
28;079;18;8;28079018_8_8;2026;04;20;41;V;50;V;32;V;34;V;34;V;25;V;21;V;40;V;47;V;48;V;39;V;23;V;23;V;19;V;12;V;8;V;8;V;11;V;12;V;13;V;23;V;22;V;28;V;54;V
28;079;18;8;28079018_8_8;2026;04;21;45;V;29;V;22;V;18;V;18;V;18;V;25;V;39;V;49;V;43;V;35;V;25;V;29;V;25;V;16;V;15;V;13;V;21;V;13;V;24;V;41;V;65;V;78;V;71;V
28;079;18;8;28079018_8_8;2026;04;22;52;V;42;V;34;V;24;V;12;V;8;V;10;V;22;V;38;V;19;V;9;V;8;V;7;V;8;V;6;V;6;V;6;V;7;V;9;V;10;V;15;V;25;V;34;V;34;V
28;079;18;8;28079018_8_8;2026;04;23;22;V;25;V;17;V;17;V;18;V;15;V;24;V;36;V;44;V;42;V;24;V;14;V;14;V;14;V;11;V;8;V;8;V;9;V;8;V;15;V;17;V;9;V;7;V;7;V
28;079;18;8;28079018_8_8;2026;04;24;6;V;5;V;6;V;6;V;4;V;5;V;12;V;22;V;25;V;22;V;14;V;13;V;12;V;15;V;13;V;11;V;14;V;14;V;16;V;20;V;21;V;31;V;44;V;32;V
28;079;18;8;28079018_8_8;2026;04;25;21;V;19;V;12;V;8;V;8;V;11;V;13;V;16;V;16;V;19;V;13;V;15;V;12;V;9;V;8;V;7;V;6;V;5;V;8;V;11;V;15;V;14;V;13;V;11;V
28;079;18;8;28079018_8_8;2026;04;26;11;V;9;V;7;V;7;V;8;V;12;V;15;V;16;V;14;V;11;V;7;V;8;V;7;V;7;V;6;V;5;V;5;V;4;V;6;V;9;V;12;V;21;V;28;V;20;V
28;079;18;8;28079018_8_8;2026;04;27;15;V;16;V;14;V;13;V;13;V;18;V;31;V;40;V;38;V;38;V;0;N;25;V;18;V;12;V;8;V;8;V;8;V;6;V;8;V;14;V;20;V;31;V;40;V;26;V
28;079;18;8;28079018_8_8;2026;04;28;15;V;10;V;7;V;7;V;6;V;9;V;20;V;44;V;52;V;41;V;24;V;12;V;10;V;8;V;8;V;8;V;7;V;8;V;14;V;18;V;14;V;15;V;11;V;8;V
28;079;18;8;28079018_8_8;2026;04;29;8;V;8;V;6;V;9;V;8;V;8;V;16;V;44;V;40;V;27;V;15;V;12;V;14;V;11;V;10;V;8;V;9;V;10;V;9;V;11;V;14;V;9;V;9;V;9;V
28;079;18;8;28079018_8_8;2026;04;30;8;V;6;V;5;V;5;V;4;V;6;V;12;V;28;V;33;V;30;V;14;V;11;V;10;V;9;V;8;V;8;V;10;V;9;V;11;V;12;V;12;V;25;V;35;V;37;V
28;079;18;8;28079018_8_8;2026;05;01;29;V;24;V;22;V;24;V;22;V;18;V;17;V;22;V;23;V;20;V;17;V;15;V;10;V;5;V;6;V;5;V;5;V;4;V;5;V;9;V;10;V;17;V;18;V;8;V
28;079;18;8;28079018_8_8;2026;05;02;6;V;6;V;4;V;6;V;5;V;6;V;9;V;13;V;10;V;13;V;14;V;15;V;10;V;10;V;11;V;8;V;6;V;4;V;6;V;9;V;10;V;15;V;30;V;44;V
28;079;18;8;28079018_8_8;2026;05;03;28;V;32;V;31;V;31;V;27;V;21;V;22;V;21;V;10;V;10;V;9;V;7;V;6;V;7;V;5;V;5;V;4;V;4;V;5;V;5;V;8;V;10;V;10;V;11;V
28;079;18;8;28079018_8_8;2026;05;04;18;V;10;V;7;V;5;V;6;V;6;V;16;V;21;V;24;V;40;V;21;V;11;V;6;V;6;V;5;V;6;V;6;V;7;V;10;V;10;V;12;V;16;V;13;V;12;V
28;079;18;8;28079018_8_8;2026;05;05;7;V;5;V;5;V;4;V;4;V;5;V;9;V;20;V;25;V;26;V;19;V;12;V;8;V;6;V;8;V;9;V;11;V;10;V;10;V;11;V;13;V;14;V;13;V;12;V
28;079;18;8;28079018_8_8;2026;05;06;11;V;11;V;12;V;9;V;9;V;14;V;26;V;39;V;37;V;35;V;14;V;11;V;10;V;10;V;10;V;12;V;13;V;13;V;16;V;17;V;22;V;37;V;68;V;69;V
28;079;18;8;28079018_8_8;2026;05;07;42;V;24;V;12;V;10;V;8;V;8;V;11;V;24;V;32;V;0;N;0;N;0;N;0;N;0;N;0;N;0;N;0;N;0;N;0;N;0;N;0;N;0;N;0;N;0;N
28;079;24;10;28079024_10_47;2026;04;07;12;V;11;V;11;V;14;V;13;V;13;V;16;V;17;V;22;V;29;V;21;V;13;V;19;V;25;V;33;V;33;V;32;V;45;V;46;V;58;V;52;V;45;V;40;V;37;V
28;079;24;10;28079024_10_47;2026;04;08;33;V;35;V;37;V;40;V;26;V;11;V;10;V;8;V;8;V;10;V;11;V;15;V;6;V;3;V;3;V;4;V;8;V;9;V;5;V;2;V;5;V;2;V;2;V;3;V
28;079;24;10;28079024_10_47;2026;04;09;1;V;2;V;4;V;6;V;7;V;8;V;5;V;6;V;8;V;18;V;22;V;0;N;0;N;8;V;36;V;30;V;40;V;39;V;34;V;35;V;39;V;37;V;33;V;31;V
28;079;24;10;28079024_10_47;2026;04;10;37;V;40;V;55;V;68;V;59;V;52;V;46;V;52;V;56;V;53;V;56;V;64;V;54;V;52;V;53;V;50;V;59;V;67;V;68;V;71;V;82;V;75;V;80;V;85;V
28;079;24;10;28079024_10_47;2026;04;11;76;V;67;V;61;V;67;V;58;V;53;V;52;V;50;V;47;V;47;V;39;V;46;V;59;V;70;V;58;V;64;V;76;V;68;V;81;V;95;V;74;V;62;V;65;V;48;V
28;079;24;10;28079024_10_47;2026;04;12;35;V;28;V;34;V;42;V;28;V;25;V;23;V;23;V;16;V;13;V;14;V;15;V;20;V;9;V;3;V;8;V;10;V;6;V;12;V;17;V;9;V;5;V;4;V;0;V
28;079;24;10;28079024_10_47;2026;04;13;5;V;3;V;2;V;5;V;7;V;3;V;4;V;6;V;3;V;6;V;5;V;10;V;3;V;7;V;0;V;1;V;7;V;3;V;4;V;5;V;5;V;10;V;7;V;4;V
28;079;24;10;28079024_10_47;2026;04;14;5;V;6;V;7;V;5;V;6;V;6;V;7;V;2;V;8;V;14;V;13;V;9;V;3;V;1;V;9;V;11;V;14;V;7;V;0;V;7;V;6;V;6;V;6;V;4;V
28;079;24;10;28079024_10_47;2026;04;15;5;V;6;V;12;V;13;V;9;V;12;V;8;V;6;V;6;V;7;V;22;V;30;V;30;V;12;V;10;V;10;V;8;V;11;V;6;V;7;V;9;V;8;V;8;V;11;V
28;079;24;10;28079024_10_47;2026;04;16;13;V;9;V;8;V;10;V;8;V;8;V;10;V;9;V;10;V;10;V;10;V;19;V;23;V;0;N;0;N;4;V;4;V;8;V;11;V;10;V;6;V;9;V;9;V;10;V
28;079;24;10;28079024_10_47;2026;04;17;11;V;11;V;11;V;10;V;12;V;11;V;9;V;10;V;8;V;0;N;0;N;0;N;0;N;0;N;0;N;0;N;0;N;10;V;8;V;8;V;11;V;13;V;19;V;18;V
28;079;24;10;28079024_10_47;2026;04;18;19;V;16;V;17;V;17;V;15;V;13;V;16;V;15;V;15;V;11;V;12;V;0;N;0;N;0;N;0;N;0;N;0;N;0;N;0;N;15;V;10;V;15;V;15;V;18;V
28;079;24;10;28079024_10_47;2026;04;19;18;V;17;V;15;V;10;V;10;V;11;V;11;V;13;V;12;V;13;V;22;V;26;V;0;N;0;N;0;N;0;N;0;N;0;N;0;N;16;V;19;V;16;V;14;V;19;V
28;079;24;10;28079024_10_47;2026;04;20;22;V;25;V;22;V;20;V;24;V;25;V;23;V;21;V;22;V;18;V;39;V;41;V;0;N;0;N;0;N;0;N;30;V;0;N;0;N;0;N;0;N;0;N;0;N;0;N
28;079;24;10;28079024_10_47;2026;04;21;0;N;0;N;0;N;0;N;0;N;0;N;0;N;0;N;0;N;0;N;0;N;0;N;0;N;0;N;0;N;0;N;30;V;24;V;38;V;42;V;37;V;42;V;41;V;39;V
28;079;24;10;28079024_10_47;2026;04;22;45;V;39;V;35;V;34;V;33;V;40;V;44;V;45;V;47;V;58;V;58;V;67;V;61;V;56;V;57;V;0;N;0;N;0;N;38;V;36;V;34;V;39;V;38;V;32;V
28;079;24;10;28079024_10_47;2026;04;23;33;V;33;V;31;V;31;V;28;V;27;V;29;V;30;V;27;V;33;V;48;V;42;V;0;N;0;N;0;N;34;V;33;V;29;V;31;V;25;V;34;V;42;V;43;V;37;V
28;079;24;10;28079024_10_47;2026;04;24;32;V;29;V;24;V;18;V;18;V;16;V;15;V;12;V;17;V;14;V;19;V;27;V;20;V;26;V;31;V;21;V;17;V;24;V;36;V;34;V;31;V;31;V;31;V;32;V
28;079;24;10;28079024_10_47;2026;04;25;30;V;28;V;25;V;22;V;20;V;21;V;24;V;27;V;23;V;32;V;29;V;24;V;29;V;21;V;23;V;27;V;18;V;7;V;25;V;18;V;27;V;19;V;19;V;16;V
28;079;24;10;28079024_10_47;2026;04;26;17;V;20;V;13;V;10;V;12;V;13;V;9;V;8;V;11;V;9;V;17;V;14;V;15;V;37;V;26;V;11;V;17;V;25;V;18;V;22;V;17;V;18;V;21;V;22;V
28;079;24;10;28079024_10_47;2026;04;27;16;V;17;V;11;V;22;V;11;V;19;V;6;V;15;V;15;V;21;V;28;V;39;V;36;V;23;V;19;V;17;V;16;V;14;V;15;V;9;V;10;V;14;V;17;V;17;V
28;079;24;10;28079024_10_47;2026;04;28;16;V;18;V;13;V;16;V;10;V;10;V;13;V;10;V;13;V;11;V;6;V;14;V;22;V;31;V;38;V;31;V;25;V;23;V;21;V;21;V;33;V;27;V;17;V;15;V
28;079;24;10;28079024_10_47;2026;04;29;18;V;19;V;20;V;15;V;19;V;19;V;18;V;18;V;27;V;31;V;24;V;22;V;28;V;21;V;30;V;16;V;30;V;34;V;31;V;32;V;26;V;16;V;7;V;15;V
28;079;24;10;28079024_10_47;2026;04;30;22;V;12;V;10;V;10;V;10;V;10;V;10;V;11;V;13;V;23;V;26;V;0;N;0;N;0;N;20;V;15;V;18;V;24;V;18;V;21;V;12;V;14;V;14;V;14;V
28;079;24;10;28079024_10_47;2026;05;01;17;V;14;V;13;V;16;V;14;V;16;V;13;V;13;V;12;V;23;V;23;V;16;V;24;V;28;V;14;V;15;V;25;V;16;V;18;V;18;V;9;V;13;V;15;V;21;V
28;079;24;10;28079024_10_47;2026;05;02;19;V;19;V;19;V;24;V;19;V;19;V;22;V;25;V;29;V;36;V;42;V;48;V;48;V;50;V;27;V;42;V;46;V;33;V;12;V;11;V;9;V;11;V;17;V;28;V
28;079;24;10;28079024_10_47;2026;05;03;28;V;22;V;31;V;27;V;23;V;20;V;20;V;17;V;24;V;28;V;23;V;22;V;16;V;9;V;1;V;6;V;5;V;2;V;1;V;4;V;3;V;2;V;0;V;4;V
28;079;24;10;28079024_10_47;2026;05;04;8;V;9;V;6;V;7;V;7;V;7;V;6;V;8;V;10;V;11;V;6;V;3;V;9;V;2;V;14;V;17;V;16;V;13;V;5;V;0;V;4;V;5;V;5;V;8;V
28;079;24;10;28079024_10_47;2026;05;05;8;V;8;V;7;V;6;V;7;V;3;V;4;V;4;V;3;V;12;V;12;V;10;V;9;V;5;V;12;V;6;V;4;V;1;V;12;V;4;V;1;V;4;V;4;V;6;V
28;079;24;10;28079024_10_47;2026;05;06;3;V;5;V;5;V;6;V;5;V;4;V;9;V;5;V;1;V;8;V;3;V;12;V;9;V;0;V;5;V;13;V;2;V;11;V;16;V;10;V;16;V;8;V;10;V;15;V
28;079;24;10;28079024_10_47;2026;05;07;11;V;14;V;12;V;7;V;7;V;8;V;8;V;9;V;11;V;0;N;0;N;0;N;0;N;0;N;0;N;0;N;0;N;0;N;0;N;0;N;0;N;0;N;0;N;0;N
28;079;24;12;28079024_12_8;2026;04;07;5;V;5;V;7;V;11;V;12;V;11;V;12;V;25;V;53;V;39;V;21;V;18;V;21;V;24;V;15;V;13;V;8;V;8;V;12;V;6;V;7;V;10;V;7;V;7;V
28;079;24;12;28079024_12_8;2026;04;08;14;V;14;V;9;V;13;V;3;V;3;V;5;V;7;V;19;V;18;V;23;V;22;V;10;V;5;V;4;V;3;V;2;V;3;V;3;V;3;V;3;V;3;V;3;V;4;V
28;079;24;12;28079024_12_8;2026;04;09;4;V;11;V;12;V;10;V;7;V;6;V;6;V;11;V;22;V;38;V;0;N;0;N;25;V;16;V;9;V;8;V;9;V;13;V;10;V;11;V;32;V;41;V;26;V;26;V
28;079;24;12;28079024_12_8;2026;04;10;20;V;10;V;5;V;5;V;5;V;5;V;7;V;18;V;29;V;26;V;30;V;20;V;16;V;15;V;9;V;5;V;6;V;8;V;5;V;7;V;17;V;30;V;56;V;49;V
28;079;24;12;28079024_12_8;2026;04;11;36;V;23;V;29;V;24;V;18;V;17;V;13;V;13;V;12;V;16;V;27;V;35;V;13;V;14;V;17;V;17;V;9;V;3;V;3;V;5;V;9;V;13;V;6;V;5;V
28;079;24;12;28079024_12_8;2026;04;12;4;V;4;V;4;V;4;V;3;V;3;V;3;V;3;V;4;V;6;V;7;V;5;V;6;V;7;V;6;V;5;V;4;V;3;V;3;V;6;V;5;V;8;V;10;V;7;V
28;079;24;12;28079024_12_8;2026;04;13;4;V;2;V;2;V;2;V;2;V;4;V;3;V;5;V;11;V;9;V;4;V;4;V;3;V;2;V;2;V;2;V;2;V;2;V;3;V;3;V;5;V;7;V;6;V;4;V
28;079;24;12;28079024_12_8;2026;04;14;3;V;3;V;3;V;3;V;4;V;5;V;4;V;11;V;27;V;42;V;17;V;11;V;3;V;2;V;2;V;4;V;4;V;3;V;3;V;3;V;4;V;11;V;10;V;6;V
28;079;24;12;28079024_12_8;2026;04;15;6;V;14;V;16;V;9;V;15;V;18;V;12;V;11;V;22;V;62;V;88;V;63;V;52;V;8;V;2;V;2;V;2;V;2;V;3;V;3;V;5;V;7;V;11;V;10;V
28;079;24;12;28079024_12_8;2026;04;16;11;V;10;V;9;V;8;V;8;V;10;V;11;V;17;V;33;V;0;N;0;N;0;N;0;N;0;N;0;N;7;V;3;V;3;V;2;V;3;V;4;V;13;V;25;V;30;V
28;079;24;12;28079024_12_8;2026;04;17;29;V;25;V;18;V;18;V;16;V;16;V;12;V;10;V;26;V;44;V;67;V;63;V;50;V;36;V;13;V;4;V;3;V;3;V;3;V;3;V;6;V;17;V;30;V;31;V
28;079;24;12;28079024_12_8;2026;04;18;37;V;37;V;29;V;27;V;20;V;15;V;17;V;17;V;16;V;17;V;15;V;19;V;21;V;18;V;8;V;5;V;3;V;3;V;2;V;2;V;4;V;10;V;18;V;22;V
28;079;24;12;28079024_12_8;2026;04;19;20;V;11;V;9;V;7;V;7;V;6;V;5;V;5;V;5;V;11;V;16;V;10;V;9;V;9;V;5;V;3;V;3;V;2;V;2;V;2;V;3;V;7;V;12;V;18;V
28;079;24;12;28079024_12_8;2026;04;20;22;V;19;V;15;V;28;V;33;V;22;V;14;V;16;V;20;V;56;V;49;V;35;V;28;V;18;V;9;V;5;V;4;V;3;V;3;V;3;V;4;V;11;V;13;V;30;V
28;079;24;12;28079024_12_8;2026;04;21;17;V;16;V;18;V;18;V;13;V;12;V;12;V;15;V;16;V;56;V;42;V;30;V;30;V;31;V;16;V;7;V;8;V;11;V;6;V;13;V;21;V;25;V;32;V;37;V
28;079;24;12;28079024_12_8;2026;04;22;36;V;29;V;24;V;18;V;13;V;6;V;6;V;12;V;17;V;21;V;10;V;6;V;5;V;4;V;4;V;0;N;0;N;4;V;4;V;4;V;3;V;8;V;15;V;14;V
28;079;24;12;28079024_12_8;2026;04;23;18;V;19;V;15;V;11;V;12;V;14;V;10;V;8;V;12;V;41;V;32;V;24;V;0;N;0;N;12;V;10;V;7;V;6;V;5;V;7;V;11;V;8;V;6;V;6;V
28;079;24;12;28079024_12_8;2026;04;24;4;V;3;V;4;V;4;V;3;V;3;V;8;V;14;V;14;V;17;V;18;V;15;V;15;V;19;V;15;V;12;V;12;V;13;V;14;V;14;V;12;V;13;V;26;V;23;V
28;079;24;12;28079024_12_8;2026;04;25;23;V;19;V;10;V;6;V;5;V;7;V;11;V;10;V;10;V;19;V;17;V;14;V;14;V;8;V;6;V;6;V;5;V;4;V;5;V;6;V;14;V;9;V;9;V;7;V
28;079;24;12;28079024_12_8;2026;04;26;5;V;7;V;5;V;5;V;4;V;7;V;6;V;6;V;7;V;10;V;5;V;9;V;6;V;5;V;4;V;4;V;3;V;3;V;3;V;3;V;3;V;11;V;17;V;18;V
28;079;24;12;28079024_12_8;2026;04;27;11;V;12;V;10;V;10;V;11;V;9;V;11;V;19;V;27;V;41;V;51;V;41;V;18;V;12;V;7;V;7;V;5;V;5;V;4;V;6;V;11;V;25;V;34;V;21;V
28;079;24;12;28079024_12_8;2026;04;28;12;V;8;V;6;V;4;V;6;V;6;V;8;V;12;V;30;V;46;V;24;V;16;V;12;V;9;V;8;V;7;V;6;V;7;V;7;V;8;V;7;V;8;V;6;V;5;V
28;079;24;12;28079024_12_8;2026;04;29;5;V;5;V;4;V;6;V;6;V;4;V;7;V;17;V;42;V;29;V;20;V;13;V;11;V;7;V;8;V;5;V;5;V;5;V;5;V;4;V;6;V;4;V;4;V;6;V
28;079;24;12;28079024_12_8;2026;04;30;5;V;4;V;3;V;4;V;3;V;3;V;7;V;14;V;18;V;24;V;31;V;8;V;4;V;5;V;5;V;5;V;6;V;5;V;5;V;5;V;4;V;6;V;16;V;22;V
28;079;24;12;28079024_12_8;2026;05;01;17;V;19;V;14;V;14;V;15;V;11;V;9;V;9;V;12;V;20;V;24;V;24;V;14;V;6;V;5;V;4;V;3;V;4;V;4;V;5;V;6;V;7;V;15;V;7;V
28;079;24;12;28079024_12_8;2026;05;02;5;V;5;V;5;V;6;V;5;V;6;V;7;V;8;V;7;V;10;V;11;V;14;V;12;V;8;V;5;V;7;V;4;V;3;V;4;V;4;V;3;V;6;V;19;V;25;V
28;079;24;12;28079024_12_8;2026;05;03;21;V;20;V;19;V;17;V;12;V;12;V;16;V;14;V;9;V;7;V;6;V;5;V;4;V;3;V;2;V;2;V;2;V;2;V;2;V;2;V;3;V;4;V;6;V;6;V
28;079;24;12;28079024_12_8;2026;05;04;6;V;8;V;7;V;6;V;5;V;5;V;7;V;16;V;17;V;19;V;11;V;7;V;2;V;2;V;2;V;2;V;2;V;2;V;3;V;3;V;4;V;5;V;5;V;4;V
28;079;24;12;28079024_12_8;2026;05;05;4;V;3;V;2;V;2;V;2;V;3;V;3;V;6;V;9;V;16;V;7;V;5;V;3;V;2;V;2;V;2;V;3;V;3;V;3;V;3;V;4;V;5;V;5;V;5;V
28;079;24;12;28079024_12_8;2026;05;06;7;V;6;V;5;V;6;V;9;V;9;V;10;V;13;V;25;V;40;V;15;V;14;V;10;V;10;V;9;V;9;V;10;V;11;V;11;V;13;V;12;V;10;V;24;V;31;V
28;079;24;12;28079024_12_8;2026;05;07;26;V;16;V;8;V;7;V;7;V;7;V;8;V;17;V;23;V;0;N;0;N;0;N;0;N;0;N;0;N;0;N;0;N;0;N;0;N;0;N;0;N;0;N;0;N;0;N
28;079;24;14;28079024_14_6;2026;04;07;89;V;89;V;82;V;73;V;69;V;64;V;57;V;44;V;26;V;47;V;70;V;76;V;84;V;82;V;92;V;98;V;101;V;97;V;92;V;79;V;64;V;54;V;48;V;44;V
28;079;24;14;28079024_14_6;2026;04;08;32;V;36;V;42;V;50;V;61;V;58;V;55;V;52;V;39;V;33;V;46;V;54;V;74;V;86;V;89;V;95;V;95;V;97;V;92;V;90;V;91;V;91;V;88;V;82;V
28;079;24;14;28079024_14_6;2026;04;09;79;V;61;V;52;V;44;V;44;V;40;V;40;V;32;V;25;V;33;V;0;N;0;N;0;N;90;V;102;V;107;V;108;V;103;V;104;V;95;V;71;V;57;V;63;V;55;V
28;079;24;14;28079024_14_6;2026;04;10;60;V;67;V;76;V;82;V;83;V;83;V;80;V;68;V;59;V;54;V;67;V;87;V;96;V;99;V;105;V;104;V;103;V;98;V;98;V;95;V;81;V;68;V;41;V;40;V
28;079;24;14;28079024_14_6;2026;04;11;41;V;46;V;38;V;37;V;39;V;41;V;41;V;38;V;39;V;28;V;41;V;53;V;92;V;90;V;85;V;88;V;94;V;96;V;92;V;84;V;75;V;66;V;77;V;77;V
28;079;24;14;28079024_14_6;2026;04;12;71;V;67;V;68;V;70;V;73;V;74;V;76;V;76;V;67;V;73;V;73;V;77;V;78;V;68;V;74;V;73;V;81;V;85;V;90;V;83;V;88;V;83;V;76;V;79;V
28;079;24;14;28079024_14_6;2026;04;13;79;V;82;V;78;V;76;V;74;V;70;V;71;V;74;V;66;V;76;V;85;V;87;V;90;V;93;V;96;V;98;V;101;V;100;V;100;V;97;V;91;V;90;V;88;V;86;V
28;079;24;14;28079024_14_6;2026;04;14;87;V;86;V;84;V;83;V;82;V;77;V;77;V;73;V;51;V;39;V;69;V;79;V;90;V;93;V;96;V;99;V;102;V;104;V;104;V;99;V;93;V;78;V;73;V;75;V
28;079;24;14;28079024_14_6;2026;04;15;70;V;58;V;57;V;56;V;43;V;32;V;26;V;27;V;19;V;16;V;29;V;48;V;64;V;93;V;92;V;94;V;95;V;92;V;90;V;87;V;81;V;73;V;67;V;72;V
28;079;24;14;28079024_14_6;2026;04;16;67;V;59;V;54;V;54;V;48;V;34;V;27;V;22;V;14;V;0;N;0;N;0;N;0;N;0;N;0;N;108;V;108;V;102;V;100;V;97;V;95;V;82;V;63;V;53;V
28;079;24;14;28079024_14_6;2026;04;17;46;V;41;V;41;V;33;V;31;V;26;V;36;V;44;V;25;V;20;V;32;V;54;V;69;V;84;V;102;V;107;V;111;V;110;V;112;V;106;V;94;V;75;V;58;V;52;V
28;079;24;14;28079024_14_6;2026;04;18;44;V;35;V;35;V;30;V;36;V;37;V;30;V;26;V;20;V;28;V;81;V;90;V;98;V;107;V;122;V;127;V;120;V;120;V;120;V;118;V;110;V;101;V;87;V;69;V
28;079;24;14;28079024_14_6;2026;04;19;67;V;77;V;80;V;74;V;67;V;66;V;70;V;67;V;55;V;56;V;81;V;98;V;109;V;121;V;123;V;127;V;126;V;123;V;123;V;120;V;113;V;103;V;94;V;82;V
28;079;24;14;28079024_14_6;2026;04;20;70;V;62;V;63;V;43;V;36;V;35;V;44;V;43;V;32;V;26;V;55;V;79;V;97;V;110;V;121;V;125;V;124;V;120;V;120;V;115;V;109;V;95;V;86;V;65;V
28;079;24;14;28079024_14_6;2026;04;21;70;V;56;V;49;V;42;V;40;V;36;V;36;V;32;V;27;V;32;V;63;V;87;V;98;V;103;V;117;V;125;V;123;V;118;V;102;V;84;V;75;V;66;V;56;V;43;V
28;079;24;14;28079024_14_6;2026;04;22;33;V;31;V;33;V;32;V;47;V;66;V;68;V;68;V;61;V;69;V;79;V;84;V;87;V;91;V;94;V;0;N;0;N;102;V;100;V;99;V;94;V;86;V;72;V;66;V
28;079;24;14;28079024_14_6;2026;04;23;54;V;46;V;43;V;44;V;32;V;31;V;49;V;41;V;32;V;31;V;73;V;85;V;0;N;0;N;0;N;121;V;119;V;116;V;111;V;106;V;97;V;94;V;98;V;100;V
28;079;24;14;28079024_14_6;2026;04;24;102;V;101;V;95;V;98;V;89;V;68;V;72;V;65;V;72;V;68;V;72;V;77;V;82;V;84;V;92;V;101;V;109;V;115;V;116;V;110;V;101;V;96;V;74;V;58;V
28;079;24;14;28079024_14_6;2026;04;25;55;V;59;V;71;V;78;V;80;V;68;V;58;V;44;V;40;V;52;V;71;V;82;V;90;V;102;V;105;V;112;V;110;V;106;V;107;V;101;V;78;V;80;V;82;V;79;V
28;079;24;14;28079024_14_6;2026;04;26;77;V;71;V;76;V;70;V;63;V;53;V;38;V;31;V;30;V;52;V;81;V;82;V;95;V;103;V;106;V;108;V;110;V;110;V;113;V;115;V;116;V;94;V;77;V;73;V
28;079;24;14;28079024_14_6;2026;04;27;73;V;73;V;87;V;80;V;69;V;63;V;48;V;25;V;23;V;34;V;56;V;79;V;103;V;115;V;123;V;127;V;124;V;121;V;118;V;114;V;107;V;89;V;71;V;78;V
28;079;24;14;28079024_14_6;2026;04;28;85;V;94;V;103;V;106;V;101;V;92;V;76;V;71;V;43;V;60;V;97;V;105;V;111;V;118;V;120;V;125;V;127;V;126;V;123;V;117;V;100;V;100;V;98;V;97;V
28;079;24;14;28079024_14_6;2026;04;29;93;V;87;V;84;V;78;V;75;V;84;V;78;V;59;V;44;V;55;V;62;V;71;V;80;V;93;V;97;V;101;V;99;V;98;V;98;V;98;V;94;V;89;V;83;V;68;V
28;079;24;14;28079024_14_6;2026;04;30;59;V;53;V;57;V;51;V;50;V;52;V;48;V;35;V;30;V;48;V;63;V;89;V;103;V;109;V;115;V;118;V;122;V;123;V;122;V;118;V;111;V;100;V;81;V;63;V
28;079;24;14;28079024_14_6;2026;05;01;53;V;45;V;49;V;38;V;30;V;24;V;21;V;27;V;28;V;50;V;73;V;82;V;97;V;115;V;125;V;126;V;128;V;128;V;125;V;117;V;110;V;101;V;83;V;87;V
28;079;24;14;28079024_14_6;2026;05;02;85;V;82;V;83;V;82;V;80;V;77;V;75;V;71;V;60;V;53;V;53;V;56;V;58;V;67;V;74;V;77;V;86;V;88;V;85;V;84;V;87;V;65;V;50;V;41;V
28;079;24;14;28079024_14_6;2026;05;03;53;V;30;V;27;V;24;V;15;V;12;V;14;V;16;V;24;V;45;V;70;V;80;V;85;V;87;V;88;V;85;V;92;V;94;V;92;V;89;V;83;V;87;V;81;V;79;V
28;079;24;14;28079024_14_6;2026;05;04;79;V;74;V;73;V;71;V;63;V;56;V;54;V;42;V;41;V;51;V;67;V;77;V;97;V;97;V;100;V;102;V;106;V;103;V;95;V;93;V;89;V;86;V;89;V;87;V
28;079;24;14;28079024_14_6;2026;05;05;88;V;93;V;92;V;90;V;88;V;84;V;82;V;77;V;70;V;75;V;89;V;93;V;98;V;102;V;104;V;106;V;107;V;107;V;106;V;104;V;102;V;101;V;96;V;89;V
28;079;24;14;28079024_14_6;2026;05;06;83;V;75;V;85;V;75;V;66;V;59;V;44;V;33;V;26;V;50;V;84;V;89;V;98;V;101;V;109;V;114;V;120;V;119;V;123;V;122;V;122;V;126;V;101;V;74;V
28;079;24;14;28079024_14_6;2026;05;07;65;V;67;V;72;V;70;V;67;V;70;V;68;V;62;V;62;V;0;N;0;N;0;N;0;N;0;N;0;N;0;N;0;N;0;N;0;N;0;N;0;N;0;N;0;N;0;N
28;079;24;7;28079024_7_8;2026;04;07;1;V;0;V;1;V;0;V;1;V;1;V;1;V;1;V;4;V;5;V;3;V;3;V;4;V;4;V;2;V;2;V;1;V;1;V;1;V;1;V;1;V;1;V;1;V;1;V
28;079;24;7;28079024_7_8;2026;04;08;1;V;1;V;1;V;1;V;1;V;1;V;0;V;1;V;1;V;2;V;4;V;3;V;2;V;1;V;1;V;1;V;1;V;1;V;1;V;1;V;1;V;0;V;1;V;0;V
28;079;24;7;28079024_7_8;2026;04;09;1;V;1;V;1;V;1;V;1;V;1;V;0;V;1;V;2;V;8;V;0;N;0;N;5;V;3;V;2;V;1;V;1;V;2;V;1;V;1;V;1;V;1;V;1;V;1;V
28;079;24;7;28079024_7_8;2026;04;10;0;V;1;V;1;V;1;V;1;V;1;V;1;V;0;V;1;V;3;V;5;V;3;V;3;V;2;V;1;V;1;V;1;V;1;V;1;V;1;V;1;V;1;V;1;V;1;V
28;079;24;7;28079024_7_8;2026;04;11;1;V;1;V;1;V;1;V;1;V;1;V;1;V;1;V;1;V;3;V;4;V;6;V;2;V;1;V;2;V;2;V;1;V;1;V;1;V;1;V;1;V;1;V;1;V;0;V
28;079;24;7;28079024_7_8;2026;04;12;0;V;1;V;1;V;1;V;1;V;0;V;1;V;1;V;1;V;1;V;1;V;1;V;1;V;1;V;1;V;1;V;1;V;1;V;1;V;1;V;0;V;0;V;1;V;1;V
28;079;24;7;28079024_7_8;2026;04;13;1;V;0;V;1;V;1;V;1;V;0;V;0;V;1;V;1;V;1;V;1;V;1;V;1;V;1;V;1;V;1;V;1;V;1;V;1;V;1;V;0;V;0;V;0;V;1;V
28;079;24;7;28079024_7_8;2026;04;14;1;V;0;V;0;V;0;V;1;V;1;V;0;V;1;V;3;V;10;V;4;V;2;V;1;V;1;V;1;V;1;V;1;V;1;V;1;V;1;V;0;V;1;V;1;V;1;V
28;079;24;7;28079024_7_8;2026;04;15;1;V;1;V;1;V;1;V;1;V;1;V;1;V;1;V;4;V;26;V;32;V;17;V;12;V;2;V;1;V;1;V;1;V;1;V;1;V;1;V;1;V;0;V;1;V;1;V
28;079;24;7;28079024_7_8;2026;04;16;1;V;1;V;1;V;1;V;1;V;1;V;1;V;1;V;9;V;0;N;0;N;0;N;0;N;0;N;0;N;1;V;1;V;1;V;1;V;1;V;0;V;1;V;1;V;1;V
28;079;24;7;28079024_7_8;2026;04;17;1;V;1;V;1;V;1;V;1;V;1;V;1;V;1;V;6;V;15;V;21;V;16;V;11;V;7;V;2;V;1;V;1;V;1;V;1;V;1;V;1;V;1;V;1;V;1;V
28;079;24;7;28079024_7_8;2026;04;18;1;V;1;V;1;V;1;V;1;V;1;V;1;V;1;V;3;V;5;V;3;V;3;V;3;V;3;V;1;V;1;V;1;V;1;V;1;V;0;V;0;V;1;V;1;V;1;V
28;079;24;7;28079024_7_8;2026;04;19;1;V;1;V;0;V;1;V;1;V;1;V;1;V;1;V;1;V;2;V;3;V;2;V;1;V;1;V;1;V;1;V;1;V;1;V;0;V;0;V;1;V;1;V;0;V;1;V
28;079;24;7;28079024_7_8;2026;04;20;1;V;1;V;1;V;1;V;1;V;1;V;1;V;1;V;3;V;17;V;12;V;7;V;5;V;3;V;1;V;1;V;1;V;1;V;1;V;1;V;1;V;1;V;1;V;1;V
28;079;24;7;28079024_7_8;2026;04;21;1;V;1;V;1;V;1;V;1;V;1;V;1;V;1;V;3;V;14;V;9;V;5;V;5;V;4;V;2;V;1;V;1;V;1;V;1;V;1;V;1;V;1;V;1;V;1;V
28;079;24;7;28079024_7_8;2026;04;22;1;V;1;V;1;V;1;V;1;V;1;V;1;V;1;V;2;V;3;V;2;V;1;V;1;V;1;V;1;V;0;N;0;N;1;V;1;V;1;V;1;V;1;V;1;V;1;V
28;079;24;7;28079024_7_8;2026;04;23;1;V;1;V;1;V;1;V;1;V;1;V;1;V;1;V;2;V;11;V;6;V;4;V;0;N;0;N;2;V;1;V;1;V;1;V;1;V;1;V;1;V;0;V;1;V;1;V
28;079;24;7;28079024_7_8;2026;04;24;0;V;1;V;1;V;1;V;1;V;1;V;1;V;1;V;1;V;2;V;2;V;2;V;3;V;4;V;3;V;2;V;2;V;2;V;1;V;1;V;1;V;1;V;1;V;1;V
28;079;24;7;28079024_7_8;2026;04;25;1;V;1;V;1;V;1;V;1;V;1;V;1;V;1;V;1;V;2;V;3;V;3;V;3;V;1;V;1;V;1;V;1;V;1;V;1;V;1;V;1;V;1;V;1;V;1;V
28;079;24;7;28079024_7_8;2026;04;26;0;V;1;V;1;V;1;V;1;V;1;V;1;V;1;V;1;V;2;V;1;V;2;V;1;V;1;V;1;V;1;V;1;V;1;V;1;V;1;V;0;V;1;V;1;V;1;V
28;079;24;7;28079024_7_8;2026;04;27;1;V;1;V;1;V;1;V;1;V;1;V;1;V;1;V;7;V;11;V;12;V;8;V;3;V;2;V;1;V;1;V;1;V;1;V;1;V;1;V;1;V;1;V;1;V;1;V
28;079;24;7;28079024_7_8;2026;04;28;0;V;1;V;1;V;1;V;1;V;1;V;1;V;1;V;4;V;9;V;4;V;3;V;2;V;2;V;1;V;1;V;1;V;1;V;1;V;1;V;1;V;1;V;1;V;0;V
28;079;24;7;28079024_7_8;2026;04;29;1;V;1;V;1;V;1;V;1;V;1;V;1;V;1;V;3;V;2;V;3;V;2;V;2;V;1;V;1;V;1;V;1;V;1;V;1;V;1;V;1;V;0;V;1;V;1;V
28;079;24;7;28079024_7_8;2026;04;30;0;V;1;V;0;V;1;V;1;V;1;V;1;V;1;V;3;V;5;V;7;V;2;V;1;V;1;V;1;V;1;V;1;V;1;V;1;V;1;V;1;V;0;V;1;V;1;V
28;079;24;7;28079024_7_8;2026;05;01;1;V;1;V;1;V;1;V;1;V;1;V;1;V;1;V;3;V;4;V;5;V;5;V;3;V;1;V;1;V;1;V;1;V;1;V;1;V;1;V;1;V;0;V;1;V;1;V
28;079;24;7;28079024_7_8;2026;05;02;1;V;1;V;0;V;1;V;1;V;1;V;1;V;1;V;1;V;1;V;1;V;2;V;2;V;1;V;1;V;2;V;1;V;1;V;1;V;1;V;1;V;1;V;1;V;1;V
28;079;24;7;28079024_7_8;2026;05;03;1;V;1;V;1;V;1;V;1;V;1;V;1;V;1;V;2;V;1;V;1;V;1;V;1;V;1;V;1;V;1;V;1;V;1;V;1;V;1;V;1;V;1;V;1;V;0;V
28;079;24;7;28079024_7_8;2026;05;04;1;V;1;V;1;V;1;V;1;V;1;V;1;V;1;V;3;V;3;V;2;V;1;V;1;V;1;V;1;V;1;V;1;V;1;V;1;V;1;V;1;V;1;V;0;V;1;V
28;079;24;7;28079024_7_8;2026;05;05;0;V;0;V;0;V;1;V;0;V;1;V;1;V;1;V;1;V;2;V;1;V;1;V;1;V;1;V;1;V;1;V;1;V;1;V;1;V;1;V;0;V;0;V;0;V;1;V
28;079;24;7;28079024_7_8;2026;05;06;1;V;1;V;1;V;0;V;1;V;1;V;1;V;1;V;7;V;10;V;3;V;3;V;2;V;2;V;2;V;1;V;1;V;1;V;1;V;1;V;1;V;1;V;1;V;1;V
28;079;24;7;28079024_7_8;2026;05;07;1;V;0;V;1;V;1;V;1;V;1;V;1;V;1;V;1;V;0;N;0;N;0;N;0;N;0;N;0;N;0;N;0;N;0;N;0;N;0;N;0;N;0;N;0;N;0;N
28;079;24;8;28079024_8_8;2026;04;07;5;V;4;V;6;V;10;V;11;V;10;V;11;V;24;V;47;V;31;V;17;V;14;V;15;V;19;V;12;V;10;V;7;V;6;V;10;V;5;V;6;V;9;V;6;V;6;V
28;079;24;8;28079024_8_8;2026;04;08;13;V;12;V;8;V;12;V;2;V;2;V;4;V;6;V;18;V;15;V;18;V;18;V;7;V;3;V;3;V;2;V;1;V;1;V;2;V;2;V;2;V;3;V;2;V;3;V
28;079;24;8;28079024_8_8;2026;04;09;3;V;10;V;11;V;9;V;6;V;5;V;5;V;10;V;19;V;26;V;0;N;0;N;18;V;12;V;7;V;6;V;7;V;11;V;9;V;10;V;30;V;40;V;25;V;25;V
28;079;24;8;28079024_8_8;2026;04;10;19;V;10;V;4;V;4;V;4;V;4;V;6;V;17;V;27;V;22;V;23;V;15;V;12;V;11;V;7;V;4;V;4;V;7;V;3;V;6;V;16;V;29;V;55;V;47;V
28;079;24;8;28079024_8_8;2026;04;11;35;V;22;V;28;V;23;V;17;V;16;V;12;V;12;V;11;V;11;V;20;V;26;V;11;V;12;V;14;V;15;V;8;V;2;V;2;V;4;V;8;V;12;V;6;V;4;V
28;079;24;8;28079024_8_8;2026;04;12;4;V;3;V;3;V;3;V;2;V;2;V;2;V;3;V;3;V;5;V;5;V;4;V;5;V;5;V;4;V;4;V;3;V;2;V;2;V;5;V;4;V;7;V;9;V;6;V
28;079;24;8;28079024_8_8;2026;04;13;3;V;1;V;1;V;1;V;1;V;3;V;2;V;4;V;9;V;7;V;3;V;2;V;2;V;1;V;1;V;1;V;1;V;1;V;2;V;2;V;4;V;6;V;5;V;3;V
28;079;24;8;28079024_8_8;2026;04;14;2;V;2;V;2;V;2;V;3;V;4;V;4;V;10;V;23;V;27;V;11;V;7;V;2;V;1;V;1;V;3;V;3;V;2;V;2;V;2;V;3;V;10;V;9;V;5;V
28;079;24;8;28079024_8_8;2026;04;15;5;V;13;V;15;V;8;V;14;V;16;V;11;V;10;V;16;V;22;V;39;V;36;V;32;V;5;V;1;V;1;V;1;V;1;V;2;V;2;V;4;V;7;V;10;V;10;V
28;079;24;8;28079024_8_8;2026;04;16;11;V;10;V;8;V;7;V;7;V;9;V;10;V;15;V;19;V;0;N;0;N;0;N;0;N;0;N;0;N;5;V;3;V;2;V;2;V;2;V;3;V;12;V;24;V;29;V
28;079;24;8;28079024_8_8;2026;04;17;28;V;24;V;17;V;17;V;15;V;15;V;11;V;9;V;17;V;21;V;34;V;38;V;33;V;25;V;10;V;3;V;2;V;2;V;2;V;2;V;5;V;16;V;29;V;30;V
28;079;24;8;28079024_8_8;2026;04;18;36;V;36;V;28;V;26;V;19;V;14;V;16;V;15;V;11;V;9;V;11;V;14;V;16;V;14;V;6;V;4;V;2;V;2;V;2;V;1;V;3;V;8;V;16;V;21;V
28;079;24;8;28079024_8_8;2026;04;19;19;V;10;V;8;V;6;V;6;V;6;V;4;V;5;V;4;V;7;V;11;V;8;V;7;V;7;V;4;V;2;V;2;V;1;V;1;V;1;V;2;V;6;V;11;V;16;V
28;079;24;8;28079024_8_8;2026;04;20;21;V;18;V;14;V;27;V;32;V;21;V;13;V;14;V;15;V;29;V;31;V;25;V;21;V;14;V;7;V;4;V;3;V;2;V;2;V;2;V;4;V;10;V;12;V;29;V
28;079;24;8;28079024_8_8;2026;04;21;16;V;15;V;17;V;17;V;12;V;11;V;11;V;13;V;12;V;34;V;29;V;22;V;22;V;25;V;13;V;6;V;6;V;10;V;5;V;11;V;20;V;24;V;31;V;35;V
28;079;24;8;28079024_8_8;2026;04;22;35;V;28;V;22;V;17;V;12;V;5;V;6;V;11;V;14;V;16;V;7;V;5;V;3;V;3;V;3;V;0;N;0;N;3;V;3;V;3;V;3;V;7;V;14;V;13;V
28;079;24;8;28079024_8_8;2026;04;23;17;V;18;V;14;V;10;V;12;V;13;V;9;V;7;V;9;V;25;V;23;V;17;V;0;N;0;N;10;V;8;V;5;V;5;V;4;V;6;V;10;V;7;V;5;V;6;V
28;079;24;8;28079024_8_8;2026;04;24;4;V;3;V;3;V;3;V;2;V;2;V;7;V;13;V;12;V;15;V;15;V;12;V;11;V;14;V;11;V;9;V;10;V;10;V;12;V;12;V;11;V;12;V;25;V;22;V
28;079;24;8;28079024_8_8;2026;04;25;21;V;17;V;9;V;5;V;5;V;6;V;11;V;9;V;8;V;15;V;13;V;10;V;10;V;6;V;4;V;4;V;4;V;3;V;4;V;5;V;13;V;8;V;8;V;6;V
28;079;24;8;28079024_8_8;2026;04;26;4;V;6;V;4;V;4;V;3;V;6;V;5;V;5;V;5;V;7;V;3;V;6;V;4;V;3;V;3;V;2;V;2;V;2;V;2;V;3;V;3;V;10;V;16;V;16;V
28;079;24;8;28079024_8_8;2026;04;27;10;V;11;V;9;V;9;V;10;V;8;V;10;V;17;V;16;V;23;V;33;V;28;V;13;V;9;V;6;V;5;V;4;V;3;V;3;V;5;V;10;V;24;V;33;V;21;V
28;079;24;8;28079024_8_8;2026;04;28;11;V;7;V;5;V;3;V;5;V;6;V;7;V;11;V;23;V;32;V;18;V;12;V;9;V;7;V;6;V;5;V;4;V;5;V;6;V;7;V;7;V;7;V;5;V;4;V
28;079;24;8;28079024_8_8;2026;04;29;4;V;4;V;4;V;5;V;6;V;3;V;6;V;16;V;38;V;26;V;15;V;10;V;9;V;5;V;6;V;4;V;4;V;3;V;4;V;3;V;5;V;3;V;3;V;5;V
28;079;24;8;28079024_8_8;2026;04;30;4;V;3;V;2;V;3;V;2;V;2;V;6;V;13;V;14;V;17;V;21;V;5;V;3;V;3;V;4;V;4;V;5;V;4;V;4;V;3;V;3;V;6;V;15;V;21;V
28;079;24;8;28079024_8_8;2026;05;01;16;V;18;V;13;V;13;V;13;V;10;V;8;V;8;V;8;V;13;V;17;V;17;V;10;V;4;V;4;V;3;V;2;V;3;V;3;V;4;V;5;V;6;V;14;V;6;V
28;079;24;8;28079024_8_8;2026;05;02;4;V;4;V;4;V;5;V;4;V;5;V;6;V;7;V;6;V;8;V;9;V;11;V;9;V;6;V;3;V;5;V;3;V;2;V;3;V;3;V;2;V;5;V;18;V;23;V
28;079;24;8;28079024_8_8;2026;05;03;20;V;19;V;18;V;15;V;11;V;11;V;14;V;13;V;7;V;5;V;4;V;4;V;2;V;2;V;1;V;1;V;1;V;1;V;1;V;1;V;2;V;3;V;5;V;5;V
28;079;24;8;28079024_8_8;2026;05;04;6;V;7;V;6;V;5;V;4;V;4;V;6;V;14;V;13;V;15;V;8;V;5;V;1;V;1;V;1;V;1;V;1;V;1;V;2;V;2;V;3;V;5;V;4;V;3;V
28;079;24;8;28079024_8_8;2026;05;05;3;V;2;V;2;V;1;V;2;V;2;V;3;V;5;V;7;V;13;V;5;V;4;V;2;V;1;V;1;V;1;V;2;V;2;V;2;V;2;V;3;V;4;V;4;V;4;V
28;079;24;8;28079024_8_8;2026;05;06;6;V;5;V;4;V;5;V;9;V;8;V;9;V;11;V;15;V;25;V;11;V;10;V;7;V;7;V;7;V;7;V;8;V;9;V;10;V;11;V;11;V;9;V;23;V;30;V
28;079;24;8;28079024_8_8;2026;05;07;25;V;15;V;7;V;6;V;7;V;6;V;7;V;16;V;21;V;0;N;0;N;0;N;0;N;0;N;0;N;0;N;0;N;0;N;0;N;0;N;0;N;0;N;0;N;0;N
28;079;24;9;28079024_9_47;2026;04;07;2;V;3;V;4;V;8;V;6;V;6;V;9;V;10;V;11;V;10;V;9;V;4;V;6;V;7;V;11;V;12;V;13;V;18;V;15;V;23;V;29;V;26;V;24;V;23;V
28;079;24;9;28079024_9_47;2026;04;08;20;V;22;V;22;V;24;V;15;V;7;V;6;V;4;V;5;V;6;V;6;V;9;V;2;V;1;V;1;V;2;V;3;V;5;V;2;V;0;V;2;V;0;V;1;V;2;V
28;079;24;9;28079024_9_47;2026;04;09;0;V;1;V;1;V;4;V;4;V;5;V;3;V;3;V;5;V;10;V;7;V;0;N;0;N;2;V;16;V;11;V;17;V;14;V;10;V;10;V;14;V;14;V;14;V;14;V
28;079;24;9;28079024_9_47;2026;04;10;21;V;18;V;21;V;27;V;24;V;22;V;18;V;20;V;22;V;20;V;22;V;23;V;19;V;18;V;18;V;16;V;22;V;25;V;22;V;27;V;33;V;26;V;29;V;33;V
28;079;24;9;28079024_9_47;2026;04;11;30;V;26;V;25;V;31;V;25;V;23;V;21;V;22;V;21;V;21;V;14;V;14;V;20;V;25;V;17;V;21;V;30;V;24;V;32;V;38;V;34;V;30;V;31;V;23;V
28;079;24;9;28079024_9_47;2026;04;12;18;V;14;V;18;V;25;V;15;V;15;V;13;V;14;V;10;V;8;V;8;V;10;V;14;V;4;V;0;V;1;V;3;V;1;V;5;V;8;V;4;V;2;V;2;V;0;V
28;079;24;9;28079024_9_47;2026;04;13;3;V;1;V;0;V;2;V;4;V;1;V;3;V;4;V;2;V;2;V;3;V;5;V;1;V;4;V;0;V;0;V;6;V;2;V;1;V;1;V;2;V;6;V;5;V;2;V
28;079;24;9;28079024_9_47;2026;04;14;2;V;3;V;5;V;3;V;4;V;4;V;5;V;1;V;4;V;6;V;3;V;3;V;2;V;0;V;6;V;10;V;13;V;4;V;0;V;5;V;4;V;2;V;2;V;1;V
28;079;24;9;28079024_9_47;2026;04;15;3;V;4;V;6;V;8;V;5;V;7;V;3;V;2;V;2;V;2;V;9;V;14;V;14;V;1;V;7;V;7;V;6;V;8;V;4;V;4;V;5;V;4;V;3;V;5;V
28;079;24;9;28079024_9_47;2026;04;16;8;V;5;V;4;V;6;V;4;V;4;V;6;V;4;V;4;V;3;V;1;V;7;V;11;V;0;N;0;N;2;V;1;V;5;V;7;V;6;V;3;V;4;V;2;V;4;V
28;079;24;9;28079024_9_47;2026;04;17;4;V;5;V;5;V;5;V;7;V;6;V;5;V;6;V;3;V;0;N;0;N;0;N;0;N;0;N;0;N;0;N;0;N;6;V;5;V;4;V;6;V;6;V;8;V;8;V
28;079;24;9;28079024_9_47;2026;04;18;12;V;9;V;10;V;11;V;9;V;8;V;10;V;11;V;10;V;6;V;6;V;0;N;0;N;0;N;0;N;0;N;0;N;0;N;0;N;11;V;5;V;10;V;8;V;11;V
28;079;24;9;28079024_9_47;2026;04;19;9;V;10;V;10;V;6;V;7;V;8;V;8;V;10;V;9;V;10;V;14;V;19;V;0;N;0;N;0;N;0;N;0;N;0;N;0;N;9;V;12;V;9;V;7;V;10;V
28;079;24;9;28079024_9_47;2026;04;20;12;V;14;V;13;V;11;V;13;V;15;V;14;V;13;V;13;V;7;V;21;V;23;V;0;N;0;N;0;N;0;N;17;V;0;N;0;N;0;N;0;N;0;N;0;N;0;N
28;079;24;9;28079024_9_47;2026;04;21;0;N;0;N;0;N;0;N;0;N;0;N;0;N;0;N;0;N;0;N;0;N;0;N;0;N;0;N;0;N;0;N;15;V;11;V;14;V;18;V;18;V;24;V;22;V;20;V
28;079;24;9;28079024_9_47;2026;04;22;26;V;23;V;20;V;20;V;17;V;19;V;22;V;21;V;21;V;25;V;24;V;33;V;28;V;26;V;29;V;0;N;0;N;0;N;0;N;16;V;16;V;21;V;21;V;16;V
28;079;24;9;28079024_9_47;2026;04;23;17;V;17;V;17;V;17;V;16;V;14;V;16;V;17;V;14;V;19;V;24;V;14;V;0;N;0;N;0;N;8;V;9;V;9;V;8;V;6;V;13;V;14;V;16;V;15;V
28;079;24;9;28079024_9_47;2026;04;24;14;V;12;V;12;V;8;V;8;V;8;V;9;V;6;V;10;V;6;V;8;V;12;V;9;V;12;V;16;V;7;V;4;V;11;V;22;V;20;V;18;V;17;V;17;V;18;V
28;079;24;9;28079024_9_47;2026;04;25;18;V;17;V;14;V;12;V;13;V;14;V;17;V;21;V;17;V;26;V;19;V;13;V;18;V;12;V;13;V;18;V;9;V;1;V;15;V;9;V;18;V;9;V;11;V;10;V
28;079;24;9;28079024_9_47;2026;04;26;12;V;16;V;9;V;7;V;9;V;9;V;6;V;5;V;7;V;6;V;10;V;9;V;9;V;26;V;13;V;2;V;6;V;16;V;12;V;15;V;12;V;12;V;15;V;16;V
28;079;24;9;28079024_9_47;2026;04;27;11;V;12;V;6;V;18;V;8;V;15;V;3;V;10;V;9;V;13;V;15;V;20;V;21;V;10;V;7;V;6;V;4;V;0;V;5;V;1;V;3;V;5;V;7;V;6;V
28;079;24;9;28079024_9_47;2026;04;28;6;V;8;V;4;V;8;V;5;V;5;V;9;V;4;V;7;V;5;V;0;V;3;V;9;V;15;V;20;V;15;V;12;V;11;V;9;V;9;V;7;V;10;V;7;V;5;V
28;079;24;9;28079024_9_47;2026;04;29;9;V;11;V;13;V;7;V;10;V;12;V;11;V;11;V;15;V;19;V;16;V;16;V;19;V;13;V;20;V;3;V;11;V;14;V;10;V;15;V;13;V;6;V;2;V;11;V
28;079;24;9;28079024_9_47;2026;04;30;17;V;8;V;6;V;6;V;7;V;6;V;5;V;6;V;7;V;17;V;15;V;0;N;0;N;0;N;15;V;7;V;8;V;15;V;10;V;14;V;7;V;8;V;7;V;7;V
28;079;24;9;28079024_9_47;2026;05;01;12;V;9;V;8;V;10;V;9;V;10;V;9;V;9;V;7;V;18;V;14;V;8;V;14;V;18;V;7;V;8;V;15;V;8;V;11;V;13;V;5;V;7;V;7;V;10;V
28;079;24;9;28079024_9_47;2026;05;02;10;V;12;V;14;V;19;V;13;V;11;V;16;V;18;V;22;V;30;V;37;V;43;V;41;V;42;V;20;V;39;V;42;V;24;V;7;V;6;V;5;V;8;V;10;V;19;V
28;079;24;9;28079024_9_47;2026;05;03;19;V;15;V;24;V;20;V;17;V;13;V;13;V;11;V;17;V;23;V;17;V;14;V;6;V;0;V;0;V;0;V;0;V;0;V;0;V;0;V;0;V;0;V;0;V;1;V
28;079;24;9;28079024_9_47;2026;05;04;5;V;6;V;4;V;3;V;3;V;4;V;3;V;4;V;6;V;5;V;1;V;1;V;3;V;0;V;4;V;7;V;11;V;8;V;2;V;0;V;3;V;3;V;2;V;5;V
28;079;24;9;28079024_9_47;2026;05;05;5;V;5;V;4;V;3;V;4;V;2;V;1;V;2;V;1;V;8;V;5;V;5;V;5;V;1;V;4;V;2;V;0;V;0;V;8;V;3;V;1;V;2;V;2;V;4;V
28;079;24;9;28079024_9_47;2026;05;06;2;V;3;V;2;V;2;V;2;V;1;V;6;V;4;V;0;V;3;V;0;V;4;V;4;V;0;V;3;V;8;V;1;V;6;V;12;V;4;V;8;V;4;V;4;V;7;V
28;079;24;9;28079024_9_47;2026;05;07;5;V;8;V;8;V;3;V;5;V;5;V;4;V;4;V;6;V;0;N;0;N;0;N;0;N;0;N;0;N;0;N;0;N;0;N;0;N;0;N;0;N;0;N;0;N;0;N
28;079;27;12;28079027_12_8;2026;04;07;10;V;9;V;12;V;17;V;17;V;23;V;42;V;80;V;85;V;59;V;51;V;25;V;36;V;33;V;28;V;30;V;20;V;17;V;20;V;21;V;12;V;21;V;49;V;24;V
28;079;27;12;28079027_12_8;2026;04;08;40;V;43;V;63;V;33;V;13;V;12;V;22;V;65;V;81;V;79;V;37;V;50;V;35;V;15;V;15;V;13;V;10;V;13;V;15;V;16;V;11;V;12;V;13;V;14;V
28;079;27;12;28079027_12_8;2026;04;09;25;V;22;V;36;V;24;V;20;V;27;V;40;V;76;V;120;V;98;V;51;V;49;V;38;V;15;V;15;V;16;V;21;V;28;V;15;V;19;V;86;V;83;V;79;V;44;V
28;079;27;12;28079027_12_8;2026;04;10;61;V;20;V;23;V;11;V;25;V;46;V;53;V;75;V;110;V;75;V;53;V;87;V;23;V;17;V;17;V;11;V;9;V;12;V;15;V;20;V;33;V;63;V;86;V;114;V
28;079;27;12;28079027_12_8;2026;04;11;124;V;140;V;40;V;56;V;35;V;27;V;65;V;57;V;35;V;64;V;58;V;52;V;22;V;15;V;26;V;22;V;28;V;12;V;14;V;23;V;44;V;15;V;20;V;9;V
28;079;27;12;28079027_12_8;2026;04;12;68;V;15;V;5;V;4;V;7;V;7;V;26;V;28;V;23;V;20;V;18;V;9;V;10;V;10;V;14;V;21;V;25;V;27;V;24;V;21;V;36;V;29;V;28;V;28;V
28;079;27;12;28079027_12_8;2026;04;13;34;V;18;V;16;V;4;V;6;V;8;V;20;V;40;V;52;V;34;V;15;V;13;V;12;V;10;V;9;V;9;V;10;V;10;V;12;V;11;V;17;V;33;V;66;V;69;V
28;079;27;12;28079027_12_8;2026;04;14;11;V;5;V;8;V;13;V;16;V;53;V;65;V;82;V;197;V;175;V;96;V;20;V;26;V;23;V;14;V;15;V;17;V;24;V;16;V;17;V;33;V;30;V;56;V;35;V
28;079;27;12;28079027_12_8;2026;04;15;137;V;114;V;78;V;27;V;36;V;55;V;84;V;110;V;0;N;0;N;0;N;0;N;0;N;39;V;12;V;8;V;10;V;11;V;11;V;13;V;14;V;19;V;35;V;55;V
28;079;27;12;28079027_12_8;2026;04;16;54;V;44;V;73;V;30;V;33;V;42;V;147;V;105;V;86;V;65;V;53;V;50;V;33;V;27;V;17;V;20;V;13;V;12;V;13;V;16;V;19;V;28;V;77;V;60;V
28;079;27;12;28079027_12_8;2026;04;17;0;N;77;V;35;V;32;V;46;V;45;V;62;V;93;V;117;V;101;V;61;V;62;V;50;V;40;V;19;V;18;V;11;V;12;V;12;V;13;V;18;V;43;V;118;V;111;V
28;079;27;12;28079027_12_8;2026;04;18;411;V;86;V;79;V;33;V;33;V;36;V;43;V;43;V;57;V;71;V;55;V;43;V;37;V;20;V;14;V;9;V;8;V;8;V;8;V;9;V;16;V;36;V;33;V;32;V
28;079;27;12;28079027_12_8;2026;04;19;34;V;26;V;39;V;23;V;37;V;36;V;35;V;41;V;49;V;41;V;58;V;18;V;13;V;17;V;8;V;7;V;6;V;6;V;6;V;6;V;10;V;24;V;29;V;24;V
28;079;27;12;28079027_12_8;2026;04;20;19;V;93;V;60;V;37;V;77;V;31;V;31;V;86;V;78;V;75;V;66;V;38;V;19;V;18;V;0;N;0;N;11;V;11;V;11;V;13;V;21;V;33;V;32;V;37;V
28;079;27;12;28079027_12_8;2026;04;21;104;V;32;V;32;V;33;V;33;V;45;V;55;V;81;V;79;V;75;V;61;V;43;V;36;V;37;V;19;V;12;V;16;V;19;V;18;V;24;V;45;V;72;V;64;V;46;V
28;079;27;12;28079027_12_8;2026;04;22;0;N;45;V;32;V;0;N;44;V;10;V;14;V;36;V;57;V;55;V;20;V;16;V;12;V;12;V;11;V;11;V;14;V;13;V;13;V;14;V;16;V;25;V;36;V;104;V
28;079;27;12;28079027_12_8;2026;04;23;0;N;34;V;46;V;24;V;24;V;25;V;44;V;97;V;79;V;76;V;61;V;35;V;29;V;26;V;21;V;14;V;15;V;12;V;13;V;12;V;30;V;13;V;13;V;13;V
28;079;27;12;28079027_12_8;2026;04;24;8;V;7;V;8;V;9;V;12;V;17;V;18;V;23;V;52;V;62;V;23;V;23;V;13;V;14;V;12;V;16;V;18;V;24;V;24;V;23;V;26;V;38;V;40;V;55;V
28;079;27;12;28079027_12_8;2026;04;25;30;V;17;V;16;V;20;V;10;V;15;V;19;V;36;V;38;V;48;V;26;V;11;V;12;V;10;V;12;V;10;V;7;V;6;V;7;V;19;V;28;V;17;V;29;V;26;V
28;079;27;12;28079027_12_8;2026;04;26;43;V;16;V;42;V;25;V;21;V;15;V;45;V;47;V;48;V;38;V;20;V;7;V;7;V;8;V;7;V;7;V;5;V;6;V;5;V;7;V;9;V;19;V;15;V;16;V
28;079;27;12;28079027_12_8;2026;04;27;11;V;15;V;41;V;15;V;33;V;24;V;54;V;137;V;137;V;93;V;61;V;26;V;15;V;15;V;17;V;14;V;9;V;9;V;11;V;11;V;16;V;33;V;53;V;26;V
28;079;27;12;28079027_12_8;2026;04;28;14;V;9;V;12;V;9;V;22;V;29;V;38;V;105;V;85;V;74;V;37;V;17;V;14;V;12;V;9;V;11;V;9;V;10;V;13;V;14;V;16;V;15;V;17;V;9;V
28;079;27;12;28079027_12_8;2026;04;29;10;V;9;V;8;V;11;V;13;V;9;V;22;V;47;V;42;V;48;V;38;V;22;V;0;N;0;N;0;N;11;V;11;V;12;V;11;V;10;V;14;V;13;V;8;V;9;V
28;079;27;12;28079027_12_8;2026;04;30;7;V;6;V;4;V;3;V;4;V;6;V;14;V;72;V;80;V;74;V;40;V;23;V;14;V;15;V;12;V;13;V;12;V;12;V;14;V;23;V;40;V;41;V;68;V;69;V
28;079;27;12;28079027_12_8;2026;05;01;0;N;34;V;38;V;34;V;27;V;23;V;46;V;50;V;44;V;41;V;27;V;19;V;15;V;8;V;6;V;5;V;5;V;5;V;5;V;5;V;9;V;23;V;14;V;7;V
28;079;27;12;28079027_12_8;2026;05;02;6;V;7;V;6;V;4;V;7;V;8;V;12;V;13;V;11;V;19;V;28;V;24;V;20;V;12;V;7;V;11;V;9;V;7;V;8;V;10;V;11;V;12;V;26;V;47;V
28;079;27;12;28079027_12_8;2026;05;03;31;V;34;V;21;V;15;V;22;V;22;V;28;V;58;V;13;V;13;V;15;V;10;V;11;V;8;V;7;V;6;V;4;V;5;V;5;V;5;V;5;V;8;V;11;V;12;V
28;079;27;12;28079027_12_8;2026;05;04;12;V;14;V;7;V;7;V;7;V;8;V;16;V;64;V;131;V;113;V;73;V;38;V;10;V;8;V;7;V;7;V;7;V;7;V;9;V;7;V;7;V;10;V;10;V;11;V
28;079;27;12;28079027_12_8;2026;05;05;8;V;4;V;3;V;5;V;5;V;15;V;51;V;54;V;91;V;66;V;24;V;22;V;8;V;9;V;6;V;6;V;6;V;7;V;7;V;7;V;7;V;12;V;14;V;21;V
28;079;27;12;28079027_12_8;2026;05;06;0;N;10;V;10;V;9;V;15;V;27;V;0;N;0;N;0;N;47;V;21;V;9;V;9;V;17;V;11;V;10;V;16;V;19;V;11;V;13;V;14;V;32;V;45;V;59;V
28;079;27;12;28079027_12_8;2026;05;07;51;V;17;V;31;V;13;V;18;V;11;V;60;V;71;V;29;V;0;N;0;N;0;N;0;N;0;N;0;N;0;N;0;N;0;N;0;N;0;N;0;N;0;N;0;N;0;N
28;079;27;14;28079027_14_6;2026;04;07;84;V;84;V;78;V;69;V;66;V;56;V;46;V;14;V;12;V;28;V;43;V;67;V;69;V;75;V;79;V;83;V;93;V;96;V;94;V;82;V;67;V;54;V;30;V;46;V
28;079;27;14;28079027_14_6;2026;04;08;28;V;19;V;7;V;27;V;56;V;54;V;47;V;23;V;15;V;21;V;48;V;50;V;64;V;78;V;77;V;84;V;92;V;86;V;85;V;80;V;83;V;87;V;85;V;81;V
28;079;27;14;28079027_14_6;2026;04;09;62;V;57;V;29;V;33;V;37;V;32;V;23;V;8;V;4;V;17;V;37;V;43;V;69;V;92;V;99;V;100;V;98;V;93;V;98;V;90;V;30;V;25;V;22;V;41;V
28;079;27;14;28079027_14_6;2026;04;10;27;V;60;V;58;V;69;V;59;V;43;V;38;V;24;V;16;V;31;V;47;V;38;V;83;V;95;V;99;V;99;V;96;V;91;V;88;V;79;V;64;V;38;V;19;V;3;V
28;079;27;14;28079027_14_6;2026;04;11;11;V;10;V;29;V;13;V;29;V;35;V;18;V;19;V;32;V;27;V;33;V;42;V;69;V;86;V;76;V;80;V;78;V;90;V;83;V;70;V;48;V;70;V;65;V;65;V
28;079;27;14;28079027_14_6;2026;04;12;39;V;61;V;63;V;63;V;63;V;64;V;53;V;51;V;56;V;60;V;62;V;70;V;70;V;68;V;74;V;76;V;71;V;67;V;69;V;74;V;66;V;70;V;63;V;67;V
28;079;27;14;28079027_14_6;2026;04;13;60;V;66;V;66;V;74;V;73;V;72;V;66;V;47;V;45;V;61;V;76;V;84;V;86;V;87;V;90;V;93;V;95;V;96;V;93;V;91;V;84;V;67;V;38;V;26;V
28;079;27;14;28079027_14_6;2026;04;14;72;V;80;V;76;V;69;V;63;V;17;V;15;V;6;V;4;V;11;V;43;V;76;V;74;V;77;V;82;V;82;V;83;V;85;V;91;V;87;V;65;V;60;V;39;V;50;V
28;079;27;14;28079027_14_6;2026;04;15;11;V;4;V;4;V;36;V;24;V;11;V;5;V;3;V;0;N;0;N;0;N;0;N;0;N;72;V;95;V;96;V;97;V;96;V;92;V;82;V;74;V;65;V;47;V;26;V
28;079;27;14;28079027_14_6;2026;04;16;24;V;27;V;6;V;21;V;23;V;21;V;4;V;5;V;15;V;31;V;42;V;52;V;68;V;80;V;90;V;101;V;113;V;110;V;100;V;93;V;85;V;73;V;25;V;30;V
28;079;27;14;28079027_14_6;2026;04;17;3;V;9;V;27;V;32;V;25;V;22;V;14;V;7;V;10;V;24;V;45;V;58;V;66;V;76;V;90;V;107;V;114;V;111;V;108;V;102;V;92;V;55;V;11;V;7;V
28;079;27;14;28079027_14_6;2026;04;18;2;V;17;V;16;V;39;V;38;V;30;V;22;V;26;V;26;V;32;V;54;V;76;V;83;V;96;V;110;V;118;V;124;V;123;V;117;V;112;V;98;V;70;V;68;V;60;V
28;079;27;14;28079027_14_6;2026;04;19;55;V;57;V;42;V;55;V;49;V;45;V;44;V;33;V;29;V;44;V;53;V;84;V;101;V;113;V;120;V;125;V;124;V;122;V;117;V;116;V;106;V;85;V;76;V;79;V
28;079;27;14;28079027_14_6;2026;04;20;78;V;17;V;19;V;25;V;8;V;30;V;40;V;18;V;23;V;30;V;49;V;74;V;98;V;106;V;0;N;0;N;124;V;118;V;115;V;110;V;97;V;76;V;68;V;56;V
28;079;27;14;28079027_14_6;2026;04;21;16;V;46;V;47;V;48;V;44;V;35;V;27;V;15;V;22;V;31;V;46;V;77;V;90;V;98;V;107;V;120;V;116;V;113;V;95;V;75;V;56;V;30;V;37;V;41;V
28;079;27;14;28079027_14_6;2026;04;22;11;V;28;V;30;V;20;V;15;V;73;V;74;V;57;V;45;V;51;V;75;V;81;V;86;V;90;V;96;V;97;V;97;V;101;V;99;V;96;V;87;V;70;V;53;V;13;V
28;079;27;14;28079027_14_6;2026;04;23;20;V;38;V;30;V;47;V;40;V;37;V;19;V;7;V;14;V;23;V;42;V;72;V;82;V;93;V;105;V;103;V;104;V;104;V;103;V;100;V;78;V;87;V;88;V;88;V
28;079;27;14;28079027_14_6;2026;04;24;95;V;92;V;90;V;88;V;76;V;67;V;69;V;66;V;44;V;37;V;69;V;68;V;80;V;83;V;88;V;94;V;100;V;102;V;103;V;97;V;88;V;70;V;65;V;41;V
28;079;27;14;28079027_14_6;2026;04;25;52;V;58;V;59;V;60;V;65;V;59;V;55;V;42;V;29;V;35;V;58;V;75;V;78;V;90;V;94;V;101;V;100;V;98;V;94;V;84;V;67;V;73;V;67;V;63;V
28;079;27;14;28079027_14_6;2026;04;26;47;V;60;V;36;V;49;V;51;V;49;V;26;V;22;V;21;V;37;V;54;V;71;V;85;V;93;V;99;V;100;V;103;V;107;V;108;V;107;V;91;V;74;V;73;V;69;V
28;079;27;14;28079027_14_6;2026;04;27;67;V;64;V;31;V;50;V;36;V;36;V;18;V;3;V;8;V;20;V;48;V;89;V;101;V;107;V;111;V;111;V;111;V;112;V;110;V;108;V;102;V;79;V;52;V;71;V
28;079;27;14;28079027_14_6;2026;04;28;89;V;98;V;96;V;89;V;70;V;48;V;29;V;7;V;19;V;35;V;75;V;101;V;105;V;106;V;111;V;111;V;113;V;118;V;117;V;109;V;94;V;90;V;86;V;92;V
28;079;27;14;28079027_14_6;2026;04;29;83;V;78;V;76;V;72;V;69;V;69;V;56;V;36;V;43;V;37;V;43;V;61;V;0;N;0;N;0;N;94;V;95;V;90;V;92;V;91;V;84;V;81;V;81;V;80;V
28;079;27;14;28079027_14_6;2026;04;30;82;V;78;V;81;V;81;V;80;V;75;V;70;V;21;V;17;V;33;V;62;V;81;V;93;V;99;V;113;V;116;V;121;V;123;V;124;V;111;V;96;V;88;V;50;V;35;V
28;079;27;14;28079027_14_6;2026;05;01;6;V;50;V;40;V;30;V;35;V;33;V;15;V;18;V;24;V;36;V;57;V;73;V;99;V;110;V;114;V;120;V;127;V;124;V;118;V;114;V;110;V;92;V;85;V;83;V
28;079;27;14;28079027_14_6;2026;05;02;80;V;79;V;80;V;81;V;77;V;73;V;70;V;65;V;64;V;53;V;48;V;51;V;55;V;67;V;80;V;75;V;82;V;86;V;85;V;81;V;80;V;78;V;57;V;28;V
28;079;27;14;28079027_14_6;2026;05;03;44;V;39;V;45;V;45;V;13;V;11;V;7;V;6;V;40;V;56;V;50;V;69;V;79;V;85;V;83;V;83;V;85;V;91;V;89;V;89;V;83;V;78;V;82;V;79;V
28;079;27;14;28079027_14_6;2026;05;04;78;V;70;V;76;V;73;V;67;V;61;V;50;V;18;V;7;V;11;V;30;V;56;V;88;V;95;V;97;V;98;V;101;V;99;V;89;V;88;V;85;V;82;V;83;V;81;V
28;079;27;14;28079027_14_6;2026;05;05;79;V;86;V;87;V;83;V;80;V;60;V;21;V;23;V;12;V;37;V;68;V;71;V;95;V;98;V;101;V;103;V;102;V;103;V;103;V;101;V;99;V;90;V;83;V;70;V
28;079;27;14;28079027_14_6;2026;05;06;19;V;70;V;66;V;66;V;58;V;42;V;15;V;6;V;17;V;42;V;66;V;85;V;94;V;95;V;103;V;109;V;110;V;110;V;116;V;115;V;114;V;89;V;74;V;44;V
28;079;27;14;28079027_14_6;2026;05;07;38;V;53;V;38;V;57;V;53;V;55;V;29;V;30;V;53;V;0;N;0;N;0;N;0;N;0;N;0;N;0;N;0;N;0;N;0;N;0;N;0;N;0;N;0;N;0;N
28;079;27;7;28079027_7_8;2026;04;07;1;V;1;V;1;V;1;V;1;V;1;V;4;V;14;V;19;V;13;V;11;V;4;V;6;V;4;V;4;V;4;V;2;V;2;V;2;V;1;V;1;V;1;V;2;V;1;V
28;079;27;7;28079027_7_8;2026;04;08;1;V;2;V;3;V;1;V;1;V;1;V;2;V;7;V;12;V;18;V;7;V;8;V;6;V;3;V;3;V;2;V;2;V;2;V;2;V;3;V;1;V;1;V;1;V;1;V
28;079;27;7;28079027_7_8;2026;04;09;1;V;1;V;4;V;1;V;1;V;2;V;4;V;16;V;39;V;29;V;13;V;11;V;7;V;3;V;3;V;3;V;3;V;4;V;2;V;2;V;9;V;6;V;5;V;2;V
28;079;27;7;28079027_7_8;2026;04;10;3;V;1;V;1;V;1;V;1;V;2;V;3;V;7;V;27;V;14;V;11;V;23;V;4;V;3;V;2;V;2;V;1;V;1;V;2;V;1;V;1;V;3;V;4;V;15;V
28;079;27;7;28079027_7_8;2026;04;11;34;V;50;V;3;V;7;V;3;V;1;V;11;V;8;V;4;V;15;V;11;V;9;V;3;V;2;V;3;V;2;V;4;V;2;V;2;V;2;V;4;V;1;V;1;V;1;V
28;079;27;7;28079027_7_8;2026;04;12;21;V;3;V;1;V;1;V;1;V;1;V;2;V;2;V;2;V;2;V;3;V;1;V;2;V;2;V;3;V;4;V;4;V;5;V;4;V;2;V;4;V;3;V;2;V;4;V
28;079;27;7;28079027_7_8;2026;04;13;2;V;1;V;1;V;1;V;1;V;1;V;2;V;4;V;8;V;6;V;3;V;3;V;3;V;3;V;2;V;2;V;2;V;2;V;2;V;2;V;2;V;2;V;4;V;5;V
28;079;27;7;28079027_7_8;2026;04;14;1;V;1;V;1;V;1;V;1;V;2;V;3;V;9;V;77;V;60;V;30;V;4;V;5;V;5;V;3;V;3;V;4;V;5;V;3;V;3;V;3;V;3;V;4;V;2;V
28;079;27;7;28079027_7_8;2026;04;15;42;V;27;V;7;V;1;V;3;V;8;V;21;V;31;V;0;N;0;N;0;N;0;N;0;N;8;V;2;V;2;V;2;V;2;V;2;V;2;V;2;V;1;V;1;V;1;V
28;079;27;7;28079027_7_8;2026;04;16;1;V;3;V;11;V;2;V;1;V;4;V;56;V;24;V;20;V;17;V;13;V;12;V;7;V;5;V;3;V;3;V;2;V;2;V;2;V;2;V;1;V;1;V;8;V;2;V
28;079;27;7;28079027_7_8;2026;04;17;0;N;11;V;1;V;1;V;4;V;4;V;7;V;17;V;32;V;25;V;14;V;13;V;10;V;7;V;3;V;3;V;2;V;2;V;2;V;2;V;1;V;2;V;27;V;19;V
28;079;27;7;28079027_7_8;2026;04;18;197;V;13;V;12;V;1;V;1;V;2;V;3;V;3;V;9;V;21;V;11;V;7;V;6;V;3;V;2;V;1;V;1;V;1;V;1;V;1;V;1;V;2;V;1;V;1;V
28;079;27;7;28079027_7_8;2026;04;19;1;V;2;V;2;V;1;V;1;V;1;V;1;V;3;V;10;V;8;V;11;V;3;V;2;V;2;V;1;V;1;V;1;V;1;V;1;V;1;V;1;V;1;V;1;V;1;V
28;079;27;7;28079027_7_8;2026;04;20;1;V;16;V;9;V;1;V;17;V;2;V;2;V;13;V;18;V;20;V;14;V;7;V;3;V;2;V;0;N;0;N;1;V;1;V;1;V;1;V;1;V;1;V;1;V;2;V
28;079;27;7;28079027_7_8;2026;04;21;17;V;1;V;1;V;1;V;1;V;2;V;4;V;10;V;16;V;19;V;14;V;7;V;5;V;5;V;2;V;1;V;2;V;2;V;1;V;2;V;2;V;3;V;2;V;1;V
28;079;27;7;28079027_7_8;2026;04;22;0;N;3;V;1;V;0;N;3;V;1;V;1;V;3;V;6;V;9;V;4;V;3;V;2;V;2;V;2;V;2;V;3;V;2;V;2;V;2;V;1;V;1;V;2;V;14;V
28;079;27;7;28079027_7_8;2026;04;23;0;N;1;V;3;V;1;V;1;V;2;V;3;V;19;V;20;V;22;V;13;V;6;V;5;V;4;V;3;V;2;V;2;V;1;V;1;V;1;V;1;V;1;V;1;V;1;V
28;079;27;7;28079027_7_8;2026;04;24;1;V;1;V;1;V;1;V;1;V;1;V;1;V;1;V;6;V;8;V;2;V;3;V;2;V;2;V;2;V;3;V;3;V;3;V;3;V;2;V;1;V;1;V;2;V;3;V
28;079;27;7;28079027_7_8;2026;04;25;1;V;1;V;1;V;1;V;1;V;1;V;1;V;3;V;6;V;8;V;5;V;2;V;2;V;1;V;2;V;1;V;1;V;1;V;1;V;2;V;3;V;1;V;2;V;2;V
28;079;27;7;28079027_7_8;2026;04;26;6;V;1;V;2;V;1;V;1;V;1;V;3;V;4;V;9;V;8;V;4;V;1;V;1;V;2;V;1;V;1;V;1;V;1;V;1;V;1;V;1;V;1;V;1;V;2;V
28;079;27;7;28079027_7_8;2026;04;27;1;V;1;V;4;V;1;V;1;V;1;V;7;V;48;V;51;V;28;V;14;V;4;V;2;V;2;V;3;V;2;V;1;V;1;V;1;V;1;V;1;V;1;V;1;V;1;V
28;079;27;7;28079027_7_8;2026;04;28;1;V;0;V;0;V;1;V;1;V;2;V;3;V;22;V;20;V;17;V;6;V;3;V;2;V;2;V;1;V;2;V;1;V;2;V;1;V;1;V;1;V;1;V;1;V;1;V
28;079;27;7;28079027_7_8;2026;04;29;1;V;1;V;1;V;1;V;1;V;1;V;1;V;2;V;3;V;5;V;4;V;3;V;0;N;0;N;0;N;1;V;1;V;1;V;1;V;1;V;1;V;0;V;0;V;1;V
28;079;27;7;28079027_7_8;2026;04;30;0;V;0;V;0;V;0;V;0;V;0;V;0;V;8;V;14;V;17;V;7;V;4;V;2;V;2;V;1;V;1;V;1;V;1;V;1;V;1;V;2;V;1;V;2;V;1;V
28;079;27;7;28079027_7_8;2026;05;01;0;N;1;V;1;V;1;V;1;V;1;V;5;V;6;V;9;V;9;V;5;V;3;V;2;V;1;V;0;V;0;V;0;V;1;V;0;V;0;V;0;V;0;V;0;V;0;V
28;079;27;7;28079027_7_8;2026;05;02;0;V;0;V;0;V;0;V;0;V;0;V;0;V;0;V;0;V;1;V;2;V;3;V;2;V;1;V;0;V;2;V;1;V;1;V;1;V;1;V;1;V;0;V;1;V;1;V
28;079;27;7;28079027_7_8;2026;05;03;1;V;2;V;0;V;0;V;2;V;2;V;4;V;16;V;1;V;1;V;2;V;2;V;2;V;1;V;1;V;1;V;1;V;1;V;1;V;0;V;0;V;0;V;1;V;0;V
28;079;27;7;28079027_7_8;2026;05;04;0;V;0;V;0;V;0;V;0;V;0;V;0;V;11;V;47;V;31;V;19;V;8;V;2;V;1;V;1;V;1;V;1;V;1;V;1;V;1;V;1;V;0;V;0;V;0;V
28;079;27;7;28079027_7_8;2026;05;05;0;V;0;V;0;V;0;V;0;V;0;V;1;V;3;V;18;V;16;V;4;V;2;V;1;V;2;V;1;V;1;V;1;V;1;V;1;V;1;V;0;V;0;V;0;V;1;V
28;079;27;7;28079027_7_8;2026;05;06;0;N;0;V;0;V;0;V;0;V;0;V;0;N;0;N;0;N;11;V;4;V;1;V;1;V;3;V;1;V;1;V;2;V;2;V;1;V;1;V;1;V;0;V;0;V;3;V
28;079;27;7;28079027_7_8;2026;05;07;7;V;0;V;1;V;1;V;1;V;1;V;9;V;13;V;2;V;0;N;0;N;0;N;0;N;0;N;0;N;0;N;0;N;0;N;0;N;0;N;0;N;0;N;0;N;0;N
28;079;27;8;28079027_8_8;2026;04;07;9;V;8;V;11;V;16;V;16;V;22;V;35;V;58;V;55;V;39;V;34;V;20;V;27;V;26;V;22;V;24;V;16;V;14;V;18;V;19;V;11;V;19;V;46;V;23;V
28;079;27;8;28079027_8_8;2026;04;08;38;V;40;V;59;V;31;V;11;V;11;V;19;V;55;V;62;V;51;V;27;V;38;V;25;V;11;V;11;V;9;V;7;V;9;V;12;V;12;V;9;V;10;V;11;V;12;V
28;079;27;8;28079027_8_8;2026;04;09;23;V;21;V;30;V;23;V;18;V;24;V;34;V;52;V;60;V;55;V;31;V;33;V;26;V;11;V;11;V;12;V;16;V;22;V;13;V;16;V;72;V;74;V;71;V;42;V
28;079;27;8;28079027_8_8;2026;04;10;56;V;18;V;21;V;9;V;24;V;42;V;48;V;64;V;69;V;53;V;37;V;52;V;17;V;13;V;13;V;8;V;7;V;9;V;12;V;18;V;31;V;59;V;80;V;91;V
28;079;27;8;28079027_8_8;2026;04;11;72;V;64;V;35;V;45;V;30;V;25;V;48;V;45;V;28;V;41;V;41;V;39;V;18;V;12;V;22;V;19;V;22;V;9;V;11;V;20;V;38;V;13;V;18;V;8;V
28;079;27;8;28079027_8_8;2026;04;12;35;V;11;V;4;V;3;V;6;V;5;V;22;V;26;V;20;V;16;V;13;V;7;V;8;V;7;V;10;V;16;V;19;V;20;V;18;V;17;V;30;V;24;V;25;V;21;V
28;079;27;8;28079027_8_8;2026;04;13;31;V;16;V;15;V;3;V;5;V;6;V;18;V;34;V;39;V;25;V;11;V;9;V;7;V;6;V;6;V;6;V;7;V;7;V;8;V;8;V;15;V;29;V;60;V;62;V
28;079;27;8;28079027_8_8;2026;04;14;10;V;4;V;7;V;12;V;15;V;51;V;60;V;68;V;78;V;82;V;51;V;13;V;17;V;16;V;9;V;10;V;12;V;17;V;11;V;12;V;29;V;26;V;50;V;33;V
28;079;27;8;28079027_8_8;2026;04;15;72;V;73;V;67;V;26;V;32;V;42;V;52;V;63;V;0;N;0;N;0;N;0;N;0;N;27;V;8;V;6;V;7;V;8;V;8;V;10;V;12;V;17;V;33;V;53;V
28;079;27;8;28079027_8_8;2026;04;16;52;V;39;V;57;V;28;V;31;V;37;V;61;V;68;V;55;V;39;V;33;V;32;V;23;V;19;V;12;V;15;V;10;V;9;V;10;V;12;V;17;V;26;V;64;V;58;V
28;079;27;8;28079027_8_8;2026;04;17;0;N;59;V;33;V;31;V;41;V;39;V;52;V;67;V;68;V;62;V;40;V;42;V;36;V;29;V;14;V;14;V;8;V;9;V;10;V;11;V;16;V;40;V;77;V;82;V
28;079;27;8;28079027_8_8;2026;04;18;110;V;66;V;61;V;31;V;31;V;34;V;39;V;39;V;43;V;40;V;39;V;33;V;28;V;15;V;11;V;7;V;6;V;5;V;6;V;8;V;14;V;33;V;31;V;30;V
28;079;27;8;28079027_8_8;2026;04;19;33;V;23;V;35;V;22;V;36;V;34;V;33;V;37;V;35;V;29;V;40;V;14;V;10;V;13;V;6;V;5;V;5;V;5;V;5;V;5;V;8;V;23;V;27;V;23;V
28;079;27;8;28079027_8_8;2026;04;20;18;V;69;V;46;V;36;V;51;V;27;V;28;V;66;V;51;V;44;V;45;V;28;V;14;V;14;V;0;N;0;N;9;V;9;V;9;V;11;V;19;V;31;V;30;V;35;V
28;079;27;8;28079027_8_8;2026;04;21;79;V;31;V;31;V;32;V;31;V;41;V;50;V;65;V;54;V;46;V;40;V;32;V;28;V;29;V;16;V;10;V;13;V;17;V;16;V;21;V;42;V;68;V;61;V;44;V
28;079;27;8;28079027_8_8;2026;04;22;0;N;41;V;30;V;0;N;40;V;9;V;12;V;31;V;47;V;41;V;14;V;11;V;8;V;8;V;8;V;8;V;10;V;9;V;10;V;11;V;14;V;23;V;33;V;83;V
28;079;27;8;28079027_8_8;2026;04;23;0;N;33;V;42;V;22;V;21;V;23;V;39;V;67;V;48;V;43;V;41;V;26;V;22;V;20;V;16;V;11;V;12;V;10;V;10;V;10;V;28;V;12;V;12;V;12;V
28;079;27;8;28079027_8_8;2026;04;24;7;V;6;V;7;V;8;V;11;V;16;V;16;V;21;V;43;V;49;V;20;V;19;V;11;V;11;V;9;V;12;V;14;V;19;V;20;V;20;V;23;V;36;V;37;V;51;V
28;079;27;8;28079027_8_8;2026;04;25;28;V;16;V;15;V;18;V;9;V;14;V;18;V;32;V;29;V;36;V;18;V;8;V;9;V;8;V;9;V;8;V;5;V;4;V;6;V;15;V;23;V;15;V;26;V;23;V
28;079;27;8;28079027_8_8;2026;04;26;34;V;15;V;38;V;23;V;20;V;13;V;40;V;41;V;35;V;25;V;14;V;5;V;5;V;6;V;5;V;5;V;4;V;4;V;4;V;5;V;8;V;17;V;14;V;13;V
28;079;27;8;28079027_8_8;2026;04;27;10;V;14;V;35;V;14;V;31;V;22;V;43;V;63;V;60;V;50;V;41;V;20;V;12;V;11;V;13;V;10;V;6;V;8;V;9;V;9;V;15;V;32;V;52;V;25;V
28;079;27;8;28079027_8_8;2026;04;28;13;V;8;V;11;V;8;V;20;V;26;V;33;V;72;V;55;V;47;V;28;V;14;V;11;V;10;V;7;V;9;V;7;V;8;V;10;V;12;V;14;V;14;V;15;V;8;V
28;079;27;8;28079027_8_8;2026;04;29;10;V;8;V;7;V;10;V;12;V;8;V;21;V;44;V;38;V;41;V;31;V;17;V;0;N;0;N;0;N;9;V;9;V;11;V;9;V;9;V;13;V;12;V;8;V;9;V
28;079;27;8;28079027_8_8;2026;04;30;7;V;6;V;4;V;3;V;4;V;6;V;13;V;60;V;58;V;48;V;29;V;18;V;12;V;12;V;10;V;12;V;10;V;11;V;12;V;21;V;38;V;40;V;65;V;66;V
28;079;27;8;28079027_8_8;2026;05;01;0;N;33;V;37;V;33;V;26;V;22;V;38;V;40;V;31;V;27;V;20;V;15;V;12;V;6;V;5;V;4;V;4;V;4;V;4;V;5;V;9;V;22;V;14;V;7;V
28;079;27;8;28079027_8_8;2026;05;02;6;V;7;V;6;V;4;V;7;V;8;V;12;V;13;V;11;V;19;V;25;V;20;V;17;V;10;V;6;V;8;V;7;V;6;V;7;V;9;V;10;V;11;V;25;V;46;V
28;079;27;8;28079027_8_8;2026;05;03;30;V;31;V;21;V;15;V;19;V;19;V;22;V;34;V;12;V;11;V;11;V;7;V;8;V;6;V;6;V;4;V;3;V;4;V;4;V;4;V;5;V;7;V;10;V;11;V
28;079;27;8;28079027_8_8;2026;05;04;11;V;14;V;7;V;7;V;7;V;8;V;16;V;47;V;59;V;65;V;44;V;25;V;7;V;6;V;5;V;5;V;5;V;5;V;7;V;6;V;6;V;9;V;9;V;10;V
28;079;27;8;28079027_8_8;2026;05;05;8;V;4;V;3;V;5;V;5;V;15;V;49;V;49;V;63;V;42;V;18;V;19;V;6;V;7;V;5;V;4;V;5;V;5;V;5;V;6;V;7;V;12;V;13;V;20;V
28;079;27;8;28079027_8_8;2026;05;06;0;N;10;V;10;V;9;V;15;V;26;V;0;N;0;N;0;N;30;V;15;V;7;V;7;V;13;V;9;V;8;V;12;V;15;V;10;V;11;V;13;V;31;V;44;V;55;V
28;079;27;8;28079027_8_8;2026;05;07;39;V;17;V;29;V;12;V;16;V;10;V;47;V;52;V;26;V;0;N;0;N;0;N;0;N;0;N;0;N;0;N;0;N;0;N;0;N;0;N;0;N;0;N;0;N;0;N
28;079;35;1;28079035_1_38;2026;04;07;3;V;3;V;3;V;3;V;2;V;3;V;3;V;3;V;3;V;3;V;3;V;3;V;3;V;3;V;3;V;3;V;3;V;3;V;3;V;3;V;3;V;3;V;3;V;3;V
28;079;35;1;28079035_1_38;2026;04;08;3;V;3;V;3;V;3;V;3;V;2;V;2;V;3;V;3;V;3;V;3;V;2;V;3;V;3;V;3;V;3;V;3;V;3;V;3;V;3;V;3;V;2;V;2;V;2;V
28;079;35;1;28079035_1_38;2026;04;09;2;V;3;V;2;V;3;V;1;V;1;V;2;V;2;V;2;V;3;V;3;V;3;V;3;V;3;V;3;V;3;V;3;V;3;V;3;V;3;V;4;V;4;V;4;V;3;V
28;079;35;1;28079035_1_38;2026;04;10;3;V;3;V;3;V;3;V;3;V;3;V;3;V;3;V;4;V;4;V;4;V;3;V;3;V;3;V;3;V;3;V;3;V;3;V;3;V;3;V;3;V;4;V;3;V;4;V
28;079;35;1;28079035_1_38;2026;04;11;3;V;3;V;4;V;4;V;4;V;4;V;4;V;4;V;5;V;5;V;4;V;4;V;4;V;4;V;4;V;4;V;4;V;4;V;4;V;4;V;4;V;4;V;4;V;4;V
28;079;35;1;28079035_1_38;2026;04;12;4;V;3;V;3;V;4;V;3;V;3;V;3;V;4;V;3;V;3;V;3;V;3;V;4;V;4;V;4;V;4;V;4;V;4;V;4;V;4;V;4;V;3;V;3;V;3;V
28;079;35;1;28079035_1_38;2026;04;13;3;V;3;V;3;V;3;V;3;V;3;V;3;V;3;V;3;V;3;V;3;V;3;V;3;V;3;V;3;V;3;V;3;V;3;V;3;V;3;V;3;V;3;V;3;V;3;V
28;079;35;1;28079035_1_38;2026;04;14;2;V;3;V;2;V;2;V;2;V;2;V;2;V;2;V;3;V;0;N;0;N;0;N;0;N;3;V;3;V;3;V;2;V;3;V;3;V;3;V;3;V;3;V;3;V;3;V
28;079;35;1;28079035_1_38;2026;04;15;3;V;3;V;3;V;2;V;3;V;3;V;2;V;3;V;3;V;3;V;4;V;4;V;4;V;3;V;2;V;2;V;2;V;2;V;3;V;3;V;2;V;3;V;3;V;3;V
28;079;35;1;28079035_1_38;2026;04;16;3;V;3;V;3;V;3;V;3;V;3;V;3;V;3;V;3;V;3;V;3;V;3;V;3;V;3;V;3;V;3;V;3;V;3;V;3;V;3;V;3;V;3;V;3;V;3;V
28;079;35;1;28079035_1_38;2026;04;17;3;V;3;V;3;V;3;V;3;V;4;V;3;V;3;V;4;V;4;V;5;V;5;V;4;V;4;V;3;V;3;V;3;V;3;V;3;V;3;V;3;V;3;V;3;V;3;V
28;079;35;1;28079035_1_38;2026;04;18;4;V;4;V;4;V;4;V;4;V;4;V;4;V;4;V;4;V;4;V;4;V;4;V;4;V;3;V;3;V;3;V;4;V;3;V;3;V;3;V;3;V;3;V;3;V;3;V
28;079;35;1;28079035_1_38;2026;04;19;3;V;3;V;3;V;3;V;3;V;3;V;3;V;3;V;3;V;3;V;4;V;4;V;4;V;4;V;4;V;3;V;3;V;3;V;4;V;3;V;3;V;3;V;4;V;3;V
28;079;35;1;28079035_1_38;2026;04;20;4;V;4;V;4;V;4;V;4;V;3;V;4;V;4;V;4;V;4;V;4;V;4;V;4;V;4;V;4;V;4;V;4;V;4;V;4;V;4;V;4;V;4;V;4;V;4;V
28;079;35;1;28079035_1_38;2026;04;21;4;V;4;V;4;V;4;V;4;V;4;V;4;V;4;V;5;V;4;V;5;V;4;V;5;V;4;V;4;V;4;V;4;V;4;V;3;V;4;V;4;V;4;V;4;V;4;V
28;079;35;1;28079035_1_38;2026;04;22;4;V;4;V;4;V;4;V;4;V;4;V;4;V;3;V;3;V;3;V;4;V;4;V;3;V;4;V;3;V;3;V;3;V;3;V;3;V;4;V;3;V;3;V;4;V;4;V
28;079;35;1;28079035_1_38;2026;04;23;4;V;4;V;4;V;4;V;4;V;4;V;3;V;4;V;4;V;4;V;4;V;5;V;4;V;4;V;4;V;4;V;4;V;4;V;4;V;4;V;4;V;4;V;4;V;4;V
28;079;35;1;28079035_1_38;2026;04;24;3;V;3;V;4;V;3;V;4;V;3;V;3;V;3;V;3;V;3;V;4;V;3;V;3;V;3;V;4;V;4;V;3;V;4;V;4;V;4;V;4;V;4;V;3;V;3;V
28;079;35;1;28079035_1_38;2026;04;25;3;V;3;V;3;V;4;V;3;V;3;V;3;V;3;V;4;V;3;V;3;V;3;V;4;V;4;V;4;V;3;V;4;V;3;V;3;V;4;V;4;V;4;V;3;V;3;V
28;079;35;1;28079035_1_38;2026;04;26;3;V;3;V;3;V;3;V;3;V;3;V;3;V;3;V;3;V;3;V;3;V;3;V;4;V;3;V;4;V;3;V;3;V;4;V;3;V;3;V;4;V;4;V;4;V;4;V
28;079;35;1;28079035_1_38;2026;04;27;4;V;4;V;4;V;3;V;3;V;4;V;4;V;4;V;4;V;4;V;4;V;4;V;4;V;4;V;4;V;3;V;4;V;4;V;4;V;4;V;4;V;4;V;4;V;4;V
28;079;35;1;28079035_1_38;2026;04;28;4;V;4;V;4;V;4;V;4;V;4;V;4;V;4;V;5;V;4;V;4;V;0;N;3;V;3;V;4;V;4;V;4;V;4;V;4;V;4;V;4;V;4;V;4;V;4;V
28;079;35;1;28079035_1_38;2026;04;29;4;V;4;V;4;V;4;V;4;V;4;V;4;V;4;V;4;V;4;V;4;V;4;V;4;V;4;V;4;V;4;V;4;V;4;V;4;V;4;V;4;V;4;V;4;V;4;V
28;079;35;1;28079035_1_38;2026;04;30;4;V;4;V;4;V;3;V;3;V;3;V;3;V;3;V;3;V;3;V;3;V;3;V;4;V;3;V;4;V;4;V;4;V;4;V;3;V;3;V;3;V;4;V;3;V;3;V
28;079;35;1;28079035_1_38;2026;05;01;3;V;3;V;4;V;3;V;3;V;3;V;3;V;3;V;4;V;3;V;4;V;4;V;4;V;3;V;3;V;3;V;3;V;4;V;3;V;3;V;2;V;4;V;3;V;3;V
28;079;35;1;28079035_1_38;2026;05;02;3;V;3;V;3;V;3;V;3;V;3;V;3;V;3;V;3;V;3;V;3;V;3;V;3;V;3;V;3;V;4;V;3;V;4;V;4;V;4;V;4;V;4;V;4;V;4;V
28;079;35;1;28079035_1_38;2026;05;03;3;V;3;V;4;V;4;V;4;V;4;V;4;V;3;V;4;V;3;V;4;V;4;V;4;V;4;V;4;V;4;V;4;V;4;V;4;V;4;V;4;V;4;V;4;V;4;V
28;079;35;1;28079035_1_38;2026;05;04;4;V;4;V;4;V;4;V;4;V;4;V;4;V;4;V;4;V;4;V;4;V;4;V;4;V;4;V;4;V;3;V;4;V;4;V;4;V;4;V;4;V;4;V;4;V;4;V
28;079;35;1;28079035_1_38;2026;05;05;4;V;4;V;4;V;3;V;3;V;4;V;4;V;4;V;3;V;4;V;4;V;4;V;3;V;4;V;3;V;3;V;4;V;4;V;4;V;4;V;4;V;4;V;4;V;4;V
28;079;35;1;28079035_1_38;2026;05;06;4;V;4;V;4;V;3;V;4;V;4;V;4;V;3;V;4;V;4;V;4;V;4;V;4;V;4;V;4;V;4;V;4;V;4;V;4;V;4;V;4;V;4;V;4;V;5;V
28;079;35;1;28079035_1_38;2026;05;07;5;V;4;V;4;V;4;V;4;V;4;V;4;V;4;V;4;V;0;N;0;N;0;N;0;N;0;N;0;N;0;N;0;N;0;N;0;N;0;N;0;N;0;N;0;N;0;N
28;079;35;12;28079035_12_8;2026;04;07;18;V;10;V;14;V;17;V;14;V;16;V;22;V;33;V;40;V;38;V;38;V;30;V;40;V;30;V;27;V;18;V;15;V;23;V;23;V;17;V;23;V;28;V;36;V;42;V
28;079;35;12;28079035_12_8;2026;04;08;30;V;18;V;15;V;22;V;5;V;8;V;10;V;18;V;47;V;60;V;53;V;37;V;27;V;19;V;16;V;11;V;11;V;9;V;10;V;12;V;13;V;12;V;9;V;10;V
28;079;35;12;28079035_12_8;2026;04;09;10;V;11;V;25;V;18;V;26;V;18;V;21;V;40;V;51;V;53;V;51;V;42;V;37;V;33;V;23;V;21;V;24;V;33;V;37;V;36;V;66;V;79;V;105;V;43;V
28;079;35;12;28079035_12_8;2026;04;10;32;V;25;V;12;V;9;V;11;V;12;V;15;V;33;V;37;V;44;V;55;V;43;V;35;V;32;V;18;V;9;V;14;V;13;V;23;V;24;V;32;V;56;V;61;V;39;V
28;079;35;12;28079035_12_8;2026;04;11;40;V;37;V;52;V;56;V;56;V;43;V;51;V;38;V;67;V;47;V;60;V;43;V;26;V;25;V;24;V;28;V;27;V;17;V;16;V;22;V;30;V;25;V;17;V;15;V
28;079;35;12;28079035_12_8;2026;04;12;18;V;15;V;11;V;8;V;6;V;7;V;7;V;14;V;14;V;11;V;17;V;17;V;19;V;18;V;16;V;12;V;12;V;11;V;19;V;18;V;20;V;15;V;18;V;17;V
28;079;35;12;28079035_12_8;2026;04;13;14;V;8;V;13;V;8;V;7;V;8;V;14;V;27;V;49;V;40;V;20;V;14;V;16;V;12;V;13;V;13;V;11;V;12;V;15;V;20;V;21;V;20;V;23;V;19;V
28;079;35;12;28079035_12_8;2026;04;14;13;V;10;V;9;V;8;V;8;V;11;V;15;V;27;V;51;V;0;N;0;N;0;N;0;N;16;V;16;V;19;V;13;V;17;V;15;V;22;V;26;V;30;V;28;V;24;V
28;079;35;12;28079035_12_8;2026;04;15;27;V;37;V;41;V;37;V;37;V;35;V;43;V;55;V;88;V;111;V;111;V;63;V;58;V;25;V;11;V;9;V;10;V;10;V;10;V;11;V;14;V;21;V;20;V;26;V
28;079;35;12;28079035_12_8;2026;04;16;30;V;47;V;63;V;52;V;43;V;34;V;46;V;88;V;56;V;44;V;39;V;36;V;30;V;30;V;22;V;13;V;15;V;13;V;15;V;16;V;16;V;30;V;36;V;33;V
28;079;35;12;28079035_12_8;2026;04;17;73;V;68;V;80;V;50;V;34;V;28;V;31;V;60;V;85;V;76;V;132;V;74;V;73;V;48;V;20;V;15;V;12;V;14;V;14;V;12;V;20;V;36;V;44;V;35;V
28;079;35;12;28079035_12_8;2026;04;18;55;V;87;V;130;V;75;V;61;V;45;V;33;V;52;V;51;V;31;V;27;V;29;V;26;V;18;V;14;V;8;V;9;V;9;V;14;V;17;V;29;V;29;V;28;V;25;V
28;079;35;12;28079035_12_8;2026;04;19;15;V;21;V;13;V;18;V;16;V;17;V;18;V;23;V;19;V;21;V;24;V;21;V;14;V;14;V;9;V;8;V;8;V;7;V;11;V;12;V;17;V;19;V;24;V;26;V
28;079;35;12;28079035_12_8;2026;04;20;25;V;39;V;32;V;38;V;22;V;21;V;41;V;64;V;112;V;82;V;48;V;41;V;47;V;26;V;14;V;13;V;9;V;11;V;12;V;12;V;23;V;25;V;25;V;27;V
28;079;35;12;28079035_12_8;2026;04;21;57;V;70;V;54;V;41;V;29;V;27;V;33;V;43;V;56;V;45;V;42;V;36;V;41;V;36;V;22;V;15;V;13;V;18;V;17;V;34;V;47;V;66;V;52;V;42;V
28;079;35;12;28079035_12_8;2026;04;22;40;V;29;V;30;V;23;V;14;V;9;V;12;V;19;V;32;V;28;V;14;V;11;V;10;V;9;V;9;V;10;V;9;V;9;V;12;V;11;V;18;V;21;V;28;V;34;V
28;079;35;12;28079035_12_8;2026;04;23;72;V;50;V;47;V;19;V;23;V;17;V;21;V;46;V;61;V;49;V;52;V;45;V;26;V;24;V;18;V;18;V;19;V;14;V;18;V;21;V;30;V;19;V;11;V;16;V
28;079;35;12;28079035_12_8;2026;04;24;9;V;10;V;9;V;7;V;7;V;10;V;18;V;29;V;34;V;33;V;34;V;26;V;25;V;29;V;22;V;17;V;19;V;23;V;29;V;30;V;28;V;25;V;22;V;34;V
28;079;35;12;28079035_12_8;2026;04;25;24;V;21;V;14;V;11;V;11;V;14;V;14;V;21;V;23;V;22;V;24;V;26;V;17;V;14;V;14;V;12;V;10;V;9;V;9;V;25;V;33;V;19;V;22;V;18;V
28;079;35;12;28079035_12_8;2026;04;26;20;V;19;V;14;V;10;V;12;V;12;V;17;V;20;V;12;V;11;V;11;V;12;V;9;V;7;V;8;V;7;V;9;V;6;V;8;V;10;V;15;V;22;V;28;V;21;V
28;079;35;12;28079035_12_8;2026;04;27;22;V;15;V;14;V;15;V;16;V;17;V;22;V;37;V;82;V;68;V;71;V;29;V;36;V;25;V;18;V;13;V;14;V;12;V;12;V;11;V;18;V;35;V;33;V;24;V
28;079;35;12;28079035_12_8;2026;04;28;18;V;15;V;11;V;8;V;11;V;10;V;21;V;32;V;52;V;0;N;0;N;41;V;36;V;15;V;15;V;11;V;12;V;11;V;9;V;11;V;13;V;12;V;12;V;10;V
28;079;35;12;28079035_12_8;2026;04;29;10;V;10;V;10;V;10;V;14;V;17;V;15;V;55;V;37;V;32;V;30;V;19;V;18;V;14;V;12;V;11;V;10;V;8;V;10;V;10;V;15;V;11;V;10;V;8;V
28;079;35;12;28079035_12_8;2026;04;30;9;V;9;V;9;V;4;V;4;V;6;V;10;V;21;V;33;V;69;V;35;V;19;V;14;V;18;V;16;V;13;V;15;V;13;V;16;V;21;V;22;V;25;V;29;V;35;V
28;079;35;12;28079035_12_8;2026;05;01;56;V;48;V;40;V;21;V;14;V;12;V;11;V;15;V;18;V;20;V;27;V;25;V;18;V;9;V;8;V;8;V;8;V;7;V;9;V;14;V;11;V;16;V;18;V;20;V
28;079;35;12;28079035_12_8;2026;05;02;10;V;7;V;8;V;6;V;5;V;8;V;6;V;10;V;10;V;12;V;16;V;15;V;19;V;14;V;13;V;17;V;10;V;9;V;13;V;16;V;16;V;18;V;22;V;33;V
28;079;35;12;28079035_12_8;2026;05;03;30;V;30;V;23;V;24;V;17;V;22;V;19;V;21;V;14;V;12;V;11;V;10;V;7;V;8;V;9;V;9;V;5;V;5;V;8;V;8;V;9;V;10;V;11;V;10;V
28;079;35;12;28079035_12_8;2026;05;04;12;V;9;V;14;V;11;V;8;V;9;V;12;V;27;V;27;V;32;V;37;V;18;V;10;V;7;V;7;V;5;V;5;V;6;V;11;V;13;V;12;V;17;V;15;V;10;V
28;079;35;12;28079035_12_8;2026;05;05;10;V;8;V;7;V;6;V;5;V;6;V;7;V;17;V;31;V;26;V;21;V;12;V;9;V;8;V;7;V;5;V;7;V;10;V;10;V;14;V;15;V;19;V;15;V;17;V
28;079;35;12;28079035_12_8;2026;05;06;14;V;12;V;9;V;10;V;10;V;15;V;17;V;30;V;40;V;37;V;26;V;27;V;15;V;16;V;16;V;17;V;23;V;18;V;25;V;25;V;22;V;17;V;33;V;52;V
28;079;35;12;28079035_12_8;2026;05;07;52;V;18;V;8;V;11;V;8;V;8;V;12;V;25;V;32;V;0;N;0;N;0;N;0;N;0;N;0;N;0;N;0;N;0;N;0;N;0;N;0;N;0;N;0;N;0;N
28;079;35;14;28079035_14_6;2026;04;07;80;V;87;V;81;V;76;V;72;V;69;V;64;V;55;V;49;V;53;V;60;V;76;V;76;V;85;V;85;V;97;V;104;V;93;V;89;V;70;V;55;V;53;V;43;V;26;V
28;079;35;14;28079035_14_6;2026;04;08;38;V;49;V;55;V;49;V;81;V;71;V;75;V;66;V;33;V;35;V;46;V;58;V;72;V;79;V;81;V;92;V;93;V;94;V;91;V;86;V;87;V;91;V;91;V;89;V
28;079;35;14;28079035_14_6;2026;04;09;87;V;79;V;60;V;62;V;64;V;70;V;57;V;37;V;31;V;43;V;49;V;57;V;68;V;86;V;97;V;101;V;100;V;89;V;87;V;77;V;47;V;34;V;17;V;53;V
28;079;35;14;28079035_14_6;2026;04;10;60;V;62;V;74;V;80;V;83;V;82;V;80;V;65;V;59;V;55;V;56;V;73;V;83;V;90;V;102;V;105;V;101;V;95;V;87;V;86;V;77;V;55;V;49;V;70;V
28;079;35;14;28079035_14_6;2026;04;11;66;V;65;V;38;V;20;V;23;V;37;V;24;V;52;V;28;V;49;V;37;V;67;V;86;V;86;V;85;V;81;V;83;V;90;V;85;V;76;V;58;V;62;V;73;V;70;V
28;079;35;14;28079035_14_6;2026;04;12;62;V;61;V;63;V;68;V;70;V;73;V;74;V;71;V;72;V;71;V;67;V;68;V;71;V;65;V;72;V;82;V;83;V;81;V;73;V;76;V;78;V;81;V;79;V;77;V
28;079;35;14;28079035_14_6;2026;04;13;77;V;81;V;75;V;75;V;74;V;77;V;72;V;63;V;43;V;56;V;77;V;85;V;86;V;90;V;92;V;95;V;98;V;96;V;94;V;90;V;86;V;84;V;76;V;73;V
28;079;35;14;28079035_14_6;2026;04;14;79;V;82;V;81;V;80;V;79;V;74;V;73;V;60;V;41;V;0;N;0;N;0;N;73;V;86;V;88;V;87;V;94;V;94;V;96;V;85;V;76;V;65;V;62;V;61;V
28;079;35;14;28079035_14_6;2026;04;15;55;V;41;V;33;V;35;V;28;V;14;V;18;V;11;V;11;V;11;V;22;V;45;V;57;V;83;V;92;V;94;V;95;V;92;V;88;V;82;V;74;V;66;V;63;V;63;V
28;079;35;14;28079035_14_6;2026;04;16;48;V;27;V;10;V;20;V;20;V;23;V;32;V;19;V;31;V;44;V;55;V;66;V;77;V;84;V;95;V;105;V;109;V;101;V;96;V;92;V;88;V;71;V;59;V;56;V
28;079;35;14;28079035_14_6;2026;04;17;20;V;16;V;11;V;20;V;27;V;45;V;43;V;30;V;16;V;31;V;33;V;50;V;61;V;82;V;99;V;104;V;107;V;105;V;105;V;101;V;85;V;64;V;51;V;60;V
28;079;35;14;28079035_14_6;2026;04;18;40;V;21;V;4;V;6;V;8;V;32;V;43;V;23;V;31;V;57;V;74;V;83;V;94;V;104;V;117;V;124;V;119;V;116;V;114;V;108;V;91;V;85;V;83;V;80;V
28;079;35;14;28079035_14_6;2026;04;19;83;V;75;V;80;V;69;V;68;V;68;V;67;V;64;V;67;V;66;V;77;V;93;V;105;V;119;V;122;V;126;V;123;V;121;V;116;V;112;V;102;V;94;V;86;V;80;V
28;079;35;14;28079035_14_6;2026;04;20;78;V;60;V;51;V;46;V;65;V;56;V;26;V;11;V;10;V;30;V;60;V;78;V;86;V;105;V;117;V;125;V;125;V;116;V;114;V;110;V;96;V;84;V;78;V;73;V
28;079;35;14;28079035_14_6;2026;04;21;36;V;15;V;18;V;38;V;33;V;31;V;42;V;46;V;38;V;48;V;68;V;82;V;87;V;95;V;109;V;118;V;120;V;112;V;92;V;69;V;55;V;35;V;42;V;47;V
28;079;35;14;28079035_14_6;2026;04;22;45;V;51;V;39;V;44;V;57;V;67;V;68;V;71;V;61;V;64;V;76;V;80;V;85;V;88;V;92;V;95;V;99;V;100;V;98;V;94;V;84;V;75;V;66;V;58;V
28;079;35;14;28079035_14_6;2026;04;23;15;V;17;V;36;V;50;V;35;V;59;V;58;V;45;V;38;V;60;V;68;V;73;V;90;V;99;V;108;V;111;V;111;V;111;V;108;V;97;V;83;V;87;V;93;V;93;V
28;079;35;14;28079035_14_6;2026;04;24;99;V;96;V;96;V;96;V;90;V;86;V;75;V;66;V;65;V;68;V;68;V;75;V;78;V;77;V;86;V;97;V;102;V;108;V;106;V;99;V;93;V;89;V;89;V;68;V
28;079;35;14;28079035_14_6;2026;04;25;70;V;64;V;68;V;74;V;71;V;65;V;66;V;61;V;56;V;65;V;68;V;74;V;89;V;97;V;99;V;108;V;107;V;103;V;104;V;87;V;73;V;72;V;74;V;77;V
28;079;35;14;28079035_14_6;2026;04;26;71;V;67;V;71;V;75;V;73;V;71;V;64;V;57;V;57;V;67;V;72;V;77;V;92;V;101;V;106;V;108;V;107;V;111;V;112;V;110;V;104;V;81;V;68;V;69;V
28;079;35;14;28079035_14_6;2026;04;27;61;V;83;V;87;V;74;V;79;V;68;V;54;V;38;V;14;V;24;V;43;V;92;V;95;V;109;V;115;V;120;V;116;V;120;V;115;V;113;V;105;V;83;V;77;V;78;V
28;079;35;14;28079035_14_6;2026;04;28;82;V;89;V;100;V;103;V;102;V;101;V;80;V;71;V;58;V;0;N;0;N;0;N;100;V;112;V;113;V;123;V;120;V;120;V;119;V;114;V;95;V;96;V;92;V;93;V
28;079;35;14;28079035_14_6;2026;04;29;87;V;82;V;81;V;76;V;67;V;58;V;67;V;28;V;48;V;51;V;52;V;67;V;75;V;90;V;94;V;97;V;95;V;96;V;94;V;93;V;87;V;84;V;80;V;83;V
28;079;35;14;28079035_14_6;2026;04;30;73;V;73;V;73;V;75;V;75;V;76;V;71;V;60;V;48;V;33;V;66;V;84;V;98;V;102;V;111;V;117;V;120;V;124;V;119;V;111;V;99;V;85;V;77;V;68;V
28;079;35;14;28079035_14_6;2026;05;01;27;V;19;V;42;V;70;V;72;V;69;V;65;V;63;V;67;V;66;V;62;V;75;V;93;V;113;V;124;V;125;V;127;V;127;V;122;V;115;V;111;V;94;V;84;V;76;V
28;079;35;14;28079035_14_6;2026;05;02;78;V;80;V;79;V;81;V;81;V;76;V;74;V;66;V;63;V;62;V;59;V;61;V;60;V;71;V;75;V;73;V;87;V;87;V;80;V;76;V;81;V;73;V;67;V;53;V
28;079;35;14;28079035_14_6;2026;05;03;54;V;48;V;61;V;50;V;62;V;46;V;44;V;32;V;47;V;64;V;69;V;71;V;85;V;84;V;85;V;82;V;88;V;92;V;87;V;85;V;79;V;80;V;82;V;84;V
28;079;35;14;28079035_14_6;2026;05;04;82;V;81;V;71;V;69;V;66;V;60;V;57;V;40;V;44;V;44;V;50;V;73;V;92;V;95;V;97;V;100;V;104;V;101;V;88;V;84;V;81;V;75;V;76;V;82;V
28;079;35;14;28079035_14_6;2026;05;05;78;V;86;V;87;V;86;V;85;V;81;V;79;V;69;V;62;V;56;V;70;V;84;V;91;V;95;V;99;V;102;V;103;V;101;V;99;V;96;V;93;V;87;V;86;V;79;V
28;079;35;14;28079035_14_6;2026;05;06;76;V;76;V;81;V;78;V;75;V;63;V;64;V;55;V;55;V;60;V;73;V;79;V;94;V;98;V;103;V;106;V;109;V;114;V;113;V;116;V;115;V;114;V;92;V;64;V
28;079;35;14;28079035_14_6;2026;05;07;58;V;77;V;74;V;68;V;70;V;72;V;67;V;57;V;56;V;0;N;0;N;0;N;0;N;0;N;0;N;0;N;0;N;0;N;0;N;0;N;0;N;0;N;0;N;0;N
28;079;35;6;28079035_6_48;2026;04;07;0.3;V;0.3;V;0.3;V;0.3;V;0.3;V;0.3;V;0.3;V;0.3;V;0.4;V;0.4;V;0.3;V;0.3;V;0.4;V;0.4;V;0.4;V;0.3;V;0.3;V;0.3;V;0.3;V;0.3;V;0.4;V;0.4;V;0.4;V;0.5;V
28;079;35;6;28079035_6_48;2026;04;08;0.4;V;0.3;V;0.3;V;0.3;V;0.2;V;0.2;V;0.3;V;0.3;V;0.4;V;0.4;V;0.4;V;0.4;V;0.3;V;0.3;V;0.3;V;0.3;V;0.3;V;0.3;V;0.3;V;0.3;V;0.3;V;0.3;V;0.3;V;0.3;V
28;079;35;6;28079035_6_48;2026;04;09;0.3;V;0.3;V;0.3;V;0.3;V;0.3;V;0.3;V;0.3;V;0.3;V;0.4;V;0.4;V;0.4;V;0.4;V;0.4;V;0.4;V;0.4;V;0.3;V;0.3;V;0.4;V;0.4;V;0.5;V;0.6;V;0.7;V;0.9;V;0.5;V
28;079;35;6;28079035_6_48;2026;04;10;0.4;V;0.4;V;0.3;V;0.3;V;0.3;V;0.3;V;0.3;V;0.3;V;0.3;V;0.4;V;0.4;V;0.4;V;0.4;V;0.4;V;0.3;V;0.3;V;0.3;V;0.3;V;0.4;V;0.4;V;0.5;V;0.6;V;0.6;V;0.4;V
28;079;35;6;28079035_6_48;2026;04;11;0.5;V;0.4;V;0.5;V;0.5;V;0.5;V;0.4;V;0.5;V;0.4;V;0.5;V;0.4;V;0.5;V;0.5;V;0.4;V;0.3;V;0.4;V;0.4;V;0.4;V;0.3;V;0.3;V;0.4;V;0.4;V;0.4;V;0.3;V;0.3;V
28;079;35;6;28079035_6_48;2026;04;12;0.3;V;0.3;V;0.3;V;0.3;V;0.3;V;0.3;V;0.3;V;0.3;V;0.3;V;0.3;V;0.3;V;0.3;V;0.3;V;0.3;V;0.3;V;0.3;V;0.3;V;0.3;V;0.3;V;0.3;V;0.4;V;0.3;V;0.3;V;0.3;V
28;079;35;6;28079035_6_48;2026;04;13;0.3;V;0.3;V;0.3;V;0.3;V;0.3;V;0.3;V;0.3;V;0.4;V;0.4;V;0.4;V;0.3;V;0.3;V;0.3;V;0.3;V;0.3;V;0.3;V;0.3;V;0.3;V;0.3;V;0.3;V;0.4;V;0.4;V;0.4;V;0.3;V
28;079;35;6;28079035_6_48;2026;04;14;0.3;V;0.3;V;0.3;V;0.3;V;0.3;V;0.3;V;0.3;V;0.3;V;0;N;0;N;0;N;0.3;V;0.3;V;0.3;V;0.3;V;0.3;V;0.3;V;0.3;V;0.3;V;0.4;V;0.4;V;0.4;V;0.4;V;0.4;V
28;079;35;6;28079035_6_48;2026;04;15;0.4;V;0.4;V;0.4;V;0.4;V;0.4;V;0.3;V;0.4;V;0.4;V;0.5;V;0.5;V;0.6;V;0.4;V;0.4;V;0.3;V;0.3;V;0.3;V;0.3;V;0.3;V;0.3;V;0.3;V;0.3;V;0.3;V;0.3;V;0.3;V
28;079;35;6;28079035_6_48;2026;04;16;0.4;V;0.4;V;0.4;V;0.4;V;0.4;V;0.4;V;0.4;V;0.5;V;0.4;V;0.4;V;0.4;V;0.3;V;0.4;V;0.4;V;0.3;V;0.3;V;0.3;V;0.3;V;0.3;V;0.3;V;0.3;V;0.4;V;0.4;V;0.4;V
28;079;35;6;28079035_6_48;2026;04;17;0.6;V;0.6;V;0.5;V;0.4;V;0.4;V;0.3;V;0.4;V;0.5;V;0.8;V;0.7;V;0.5;V;0.5;V;0.4;V;0.3;V;0.3;V;0.3;V;0.3;V;0.3;V;0.3;V;0.3;V;0.3;V;0.4;V;0.4;V;0.4;V
28;079;35;6;28079035_6_48;2026;04;18;0.5;V;0.6;V;0.8;V;0.6;V;0.5;V;0.4;V;0.4;V;0.4;V;0.4;V;0.3;V;0.3;V;0.4;V;0.3;V;0.3;V;0.4;V;0.3;V;0.3;V;0.3;V;0.3;V;0.3;V;0.4;V;0.4;V;0.4;V;0.4;V
28;079;35;6;28079035_6_48;2026;04;19;0.3;V;0.3;V;0.3;V;0.3;V;0.3;V;0.3;V;0.3;V;0.3;V;0.3;V;0.3;V;0.4;V;0.3;V;0.3;V;0.3;V;0.3;V;0.3;V;0.3;V;0.3;V;0.3;V;0.3;V;0.3;V;0.3;V;0.4;V;0.4;V
28;079;35;6;28079035_6_48;2026;04;20;0.3;V;0.3;V;0.4;V;0.4;V;0.4;V;0.3;V;0.4;V;0.4;V;0.5;V;0.5;V;0.4;V;0.4;V;0.4;V;0.3;V;0.3;V;0.3;V;0.3;V;0.3;V;0.3;V;0.3;V;0.3;V;0.4;V;0.4;V;0.4;V
28;079;35;6;28079035_6_48;2026;04;21;0.5;V;0.5;V;0.5;V;0.4;V;0.4;V;0.3;V;0.3;V;0.3;V;0;N;0.4;V;0.3;V;0.4;V;0.4;V;0.4;V;0.3;V;0.3;V;0.3;V;0.3;V;0.3;V;0.4;V;0.5;V;0.6;V;0.5;V;0.4;V
28;079;35;6;28079035_6_48;2026;04;22;0.4;V;0.3;V;0.4;V;0.3;V;0.3;V;0.3;V;0.3;V;0.3;V;0.3;V;0.3;V;0.3;V;0.3;V;0.3;V;0.3;V;0.3;V;0.3;V;0.3;V;0.3;V;0.3;V;0.3;V;0.4;V;0.4;V;0.4;V;0.4;V
28;079;35;6;28079035_6_48;2026;04;23;0.5;V;0.5;V;0.4;V;0.3;V;0.3;V;0.3;V;0.3;V;0.3;V;0.4;V;0.4;V;0.4;V;0.4;V;0.4;V;0.3;V;0.4;V;0.3;V;0.3;V;0.3;V;0.3;V;0.4;V;0.4;V;0.4;V;0.3;V;0.3;V
28;079;35;6;28079035_6_48;2026;04;24;0.3;V;0.3;V;0.3;V;0.3;V;0.3;V;0.3;V;0.3;V;0.3;V;0.4;V;0.3;V;0.4;V;0.4;V;0.4;V;0.4;V;0.3;V;0.3;V;0.3;V;0.3;V;0.4;V;0.4;V;0.4;V;0.4;V;0.4;V;0.4;V
28;079;35;6;28079035_6_48;2026;04;25;0.3;V;0.3;V;0.3;V;0.3;V;0.3;V;0.3;V;0.3;V;0.3;V;0.3;V;0.3;V;0.4;V;0.4;V;0.3;V;0.3;V;0.3;V;0.3;V;0.3;V;0.3;V;0.3;V;0.4;V;0.4;V;0.4;V;0.3;V;0.3;V
28;079;35;6;28079035_6_48;2026;04;26;0.3;V;0.3;V;0.3;V;0.3;V;0.3;V;0.3;V;0.3;V;0.3;V;0.3;V;0.3;V;0.3;V;0.3;V;0.3;V;0.3;V;0.3;V;0.3;V;0.3;V;0.3;V;0.3;V;0.3;V;0.3;V;0.4;V;0.4;V;0.3;V
28;079;35;6;28079035_6_48;2026;04;27;0.3;V;0.3;V;0.3;V;0.3;V;0.3;V;0.3;V;0.3;V;0.3;V;0.4;V;0.4;V;0.4;V;0.3;V;0.4;V;0.3;V;0.3;V;0.3;V;0.3;V;0.3;V;0.3;V;0.3;V;0.4;V;0.4;V;0.4;V;0.3;V
28;079;35;6;28079035_6_48;2026;04;28;0.3;V;0.3;V;0.3;V;0.2;V;0.3;V;0.3;V;0.3;V;0.3;V;0.4;V;0;N;0;N;0;N;0.4;V;0.3;V;0.3;V;0.3;V;0.3;V;0.3;V;0.3;V;0.3;V;0.3;V;0.3;V;0.3;V;0.3;V
28;079;35;6;28079035_6_48;2026;04;29;0.3;V;0.3;V;0.3;V;0.3;V;0.3;V;0.3;V;0.3;V;0.4;V;0.3;V;0.3;V;0.4;V;0.3;V;0.4;V;0.4;V;0.3;V;0.3;V;0.3;V;0.3;V;0.3;V;0.3;V;0.3;V;0.3;V;0.3;V;0.3;V
28;079;35;6;28079035_6_48;2026;04;30;0.3;V;0.3;V;0.3;V;0.3;V;0.3;V;0.3;V;0.3;V;0.3;V;0.3;V;0.4;V;0.3;V;0.3;V;0.3;V;0.4;V;0.3;V;0.3;V;0.3;V;0.3;V;0.3;V;0.3;V;0.3;V;0.4;V;0.4;V;0.4;V
28;079;35;6;28079035_6_48;2026;05;01;0.5;V;0.4;V;0.4;V;0.3;V;0.3;V;0.3;V;0.3;V;0.3;V;0.3;V;0.3;V;0.4;V;0.3;V;0.3;V;0.3;V;0.3;V;0.3;V;0.3;V;0.3;V;0.3;V;0.3;V;0.3;V;0.3;V;0.4;V;0.3;V
28;079;35;6;28079035_6_48;2026;05;02;0.3;V;0.3;V;0.3;V;0.3;V;0.3;V;0.3;V;0.3;V;0.3;V;0.3;V;0.3;V;0.3;V;0.4;V;0.4;V;0.4;V;0.3;V;0.3;V;0.3;V;0.3;V;0.3;V;0.3;V;0.3;V;0.4;V;0.4;V;0.4;V
28;079;35;6;28079035_6_48;2026;05;03;0.4;V;0.4;V;0.3;V;0.4;V;0.3;V;0.3;V;0.4;V;0.3;V;0.3;V;0.3;V;0.3;V;0.3;V;0.3;V;0.3;V;0.3;V;0.3;V;0.3;V;0.3;V;0.3;V;0.3;V;0.3;V;0.3;V;0.3;V;0.3;V
28;079;35;6;28079035_6_48;2026;05;04;0.3;V;0.3;V;0.3;V;0.2;V;0.2;V;0.2;V;0.2;V;0.3;V;0.3;V;0.3;V;0.3;V;0.3;V;0.3;V;0.3;V;0.3;V;0.3;V;0.3;V;0.3;V;0.3;V;0.3;V;0.3;V;0.3;V;0.3;V;0.3;V
28;079;35;6;28079035_6_48;2026;05;05;0.3;V;0.3;V;0.3;V;0.2;V;0.2;V;0.2;V;0.3;V;0.3;V;0.4;V;0.3;V;0.3;V;0.3;V;0.3;V;0.3;V;0.3;V;0.3;V;0.3;V;0.3;V;0.3;V;0.3;V;0.3;V;0.3;V;0.3;V;0.3;V
28;079;35;6;28079035_6_48;2026;05;06;0.3;V;0.3;V;0.3;V;0.3;V;0.3;V;0.3;V;0.3;V;0.3;V;0.3;V;0.3;V;0.3;V;0.4;V;0.3;V;0.3;V;0.3;V;0.3;V;0.3;V;0.3;V;0.3;V;0.3;V;0.3;V;0.4;V;0.5;V;0.5;V
28;079;35;6;28079035_6_48;2026;05;07;0.4;V;0.3;V;0.3;V;0.2;V;0.2;V;0.3;V;0.3;V;0.3;V;0.3;V;0;N;0;N;0;N;0;N;0;N;0;N;0;N;0;N;0;N;0;N;0;N;0;N;0;N;0;N;0;N
28;079;35;7;28079035_7_8;2026;04;07;2;V;1;V;1;V;3;V;1;V;1;V;2;V;2;V;4;V;5;V;6;V;5;V;9;V;5;V;4;V;3;V;2;V;3;V;5;V;2;V;3;V;3;V;3;V;2;V
28;079;35;7;28079035_7_8;2026;04;08;2;V;1;V;1;V;1;V;0;V;1;V;1;V;1;V;4;V;9;V;10;V;6;V;5;V;3;V;3;V;2;V;2;V;2;V;2;V;2;V;2;V;1;V;1;V;0;V
28;079;35;7;28079035_7_8;2026;04;09;1;V;1;V;1;V;1;V;6;V;4;V;2;V;4;V;6;V;9;V;10;V;8;V;8;V;8;V;4;V;4;V;4;V;5;V;7;V;5;V;8;V;8;V;15;V;3;V
28;079;35;7;28079035_7_8;2026;04;10;4;V;3;V;2;V;1;V;1;V;1;V;1;V;3;V;4;V;7;V;11;V;9;V;7;V;7;V;3;V;1;V;3;V;1;V;3;V;3;V;4;V;6;V;4;V;3;V
28;079;35;7;28079035_7_8;2026;04;11;2;V;2;V;6;V;5;V;7;V;5;V;7;V;4;V;13;V;6;V;13;V;8;V;4;V;4;V;3;V;3;V;4;V;3;V;2;V;3;V;3;V;2;V;3;V;2;V
28;079;35;7;28079035_7_8;2026;04;12;3;V;3;V;1;V;1;V;1;V;1;V;1;V;3;V;2;V;1;V;3;V;3;V;3;V;4;V;3;V;2;V;2;V;2;V;3;V;2;V;3;V;1;V;2;V;3;V
28;079;35;7;28079035_7_8;2026;04;13;2;V;1;V;2;V;1;V;1;V;1;V;2;V;4;V;6;V;7;V;4;V;3;V;4;V;3;V;3;V;3;V;2;V;2;V;3;V;4;V;3;V;1;V;1;V;1;V
28;079;35;7;28079035_7_8;2026;04;14;1;V;1;V;1;V;1;V;1;V;1;V;2;V;2;V;8;V;0;N;0;N;0;N;0;N;4;V;3;V;5;V;3;V;4;V;3;V;3;V;4;V;3;V;2;V;2;V
28;079;35;7;28079035_7_8;2026;04;15;2;V;2;V;3;V;3;V;2;V;3;V;5;V;10;V;27;V;41;V;40;V;18;V;15;V;5;V;2;V;2;V;2;V;2;V;2;V;2;V;1;V;2;V;1;V;2;V
28;079;35;7;28079035_7_8;2026;04;16;2;V;5;V;9;V;7;V;4;V;3;V;10;V;26;V;9;V;8;V;8;V;8;V;6;V;6;V;4;V;2;V;3;V;2;V;3;V;2;V;2;V;1;V;2;V;1;V
28;079;35;7;28079035_7_8;2026;04;17;7;V;5;V;13;V;4;V;3;V;4;V;4;V;15;V;21;V;18;V;49;V;21;V;20;V;12;V;3;V;3;V;2;V;3;V;2;V;1;V;1;V;2;V;2;V;3;V
28;079;35;7;28079035_7_8;2026;04;18;5;V;17;V;36;V;15;V;4;V;2;V;3;V;8;V;10;V;5;V;5;V;5;V;4;V;3;V;2;V;1;V;1;V;2;V;2;V;3;V;3;V;2;V;1;V;1;V
28;079;35;7;28079035_7_8;2026;04;19;1;V;2;V;1;V;1;V;1;V;2;V;2;V;4;V;2;V;3;V;4;V;5;V;2;V;2;V;1;V;1;V;1;V;1;V;2;V;2;V;2;V;1;V;2;V;1;V
28;079;35;7;28079035_7_8;2026;04;20;1;V;3;V;1;V;1;V;2;V;1;V;5;V;11;V;36;V;19;V;9;V;9;V;10;V;5;V;2;V;2;V;1;V;1;V;1;V;1;V;2;V;2;V;1;V;2;V
28;079;35;7;28079035_7_8;2026;04;21;5;V;7;V;4;V;3;V;2;V;2;V;4;V;4;V;8;V;6;V;8;V;7;V;8;V;6;V;3;V;1;V;1;V;1;V;2;V;5;V;3;V;4;V;2;V;3;V
28;079;35;7;28079035_7_8;2026;04;22;3;V;1;V;2;V;1;V;1;V;1;V;1;V;1;V;3;V;4;V;2;V;3;V;2;V;2;V;2;V;2;V;2;V;1;V;2;V;1;V;2;V;2;V;2;V;2;V
28;079;35;7;28079035_7_8;2026;04;23;11;V;5;V;9;V;2;V;2;V;1;V;2;V;4;V;9;V;8;V;12;V;11;V;5;V;4;V;3;V;3;V;3;V;2;V;4;V;3;V;5;V;3;V;1;V;2;V
28;079;35;7;28079035_7_8;2026;04;24;1;V;1;V;1;V;1;V;1;V;1;V;2;V;3;V;4;V;6;V;7;V;5;V;5;V;6;V;5;V;3;V;3;V;4;V;4;V;3;V;3;V;2;V;1;V;3;V
28;079;35;7;28079035_7_8;2026;04;25;2;V;1;V;1;V;1;V;1;V;1;V;2;V;3;V;3;V;3;V;5;V;5;V;4;V;3;V;2;V;2;V;2;V;1;V;1;V;3;V;4;V;2;V;3;V;2;V
28;079;35;7;28079035_7_8;2026;04;26;3;V;3;V;2;V;1;V;1;V;1;V;3;V;3;V;2;V;2;V;2;V;2;V;1;V;1;V;1;V;1;V;2;V;1;V;1;V;1;V;1;V;2;V;2;V;1;V
28;079;35;7;28079035_7_8;2026;04;27;2;V;2;V;1;V;1;V;2;V;1;V;1;V;5;V;23;V;18;V;18;V;6;V;9;V;5;V;4;V;2;V;3;V;2;V;2;V;1;V;1;V;2;V;2;V;1;V
28;079;35;7;28079035_7_8;2026;04;28;1;V;1;V;1;V;0;V;1;V;0;V;2;V;4;V;7;V;0;N;0;N;8;V;8;V;2;V;2;V;1;V;1;V;1;V;0;V;0;V;0;V;0;V;0;V;0;V
28;079;35;7;28079035_7_8;2026;04;29;0;V;0;V;0;V;0;V;0;V;0;V;0;V;4;V;2;V;3;V;5;V;3;V;2;V;1;V;1;V;1;V;0;V;0;V;0;V;0;V;2;V;0;V;0;V;0;V
28;079;35;7;28079035_7_8;2026;04;30;0;V;0;V;0;V;0;V;0;V;0;V;0;V;0;V;3;V;15;V;7;V;1;V;1;V;3;V;2;V;1;V;1;V;1;V;1;V;1;V;1;V;1;V;1;V;2;V
28;079;35;7;28079035_7_8;2026;05;01;3;V;3;V;3;V;0;V;0;V;0;V;0;V;0;V;0;V;2;V;3;V;4;V;2;V;1;V;0;V;0;V;0;V;0;V;0;V;1;V;0;V;0;V;0;V;2;V
28;079;35;7;28079035_7_8;2026;05;02;0;V;0;V;0;V;0;V;0;V;1;V;0;V;0;V;0;V;0;V;1;V;1;V;3;V;1;V;1;V;2;V;0;V;1;V;0;V;1;V;1;V;0;V;0;V;1;V
28;079;35;7;28079035_7_8;2026;05;03;0;V;0;V;0;V;0;V;0;V;0;V;1;V;2;V;0;V;0;V;1;V;1;V;0;V;0;V;1;V;1;V;0;V;0;V;1;V;0;V;0;V;0;V;0;V;0;V
28;079;35;7;28079035_7_8;2026;05;04;0;V;0;V;0;V;0;V;0;V;0;V;0;V;2;V;3;V;4;V;7;V;2;V;1;V;0;V;1;V;0;V;0;V;0;V;1;V;1;V;0;V;0;V;0;V;0;V
28;079;35;7;28079035_7_8;2026;05;05;0;V;0;V;0;V;0;V;0;V;0;V;0;V;0;V;2;V;2;V;2;V;1;V;1;V;0;V;0;V;0;V;1;V;1;V;0;V;1;V;1;V;1;V;0;V;1;V
28;079;35;7;28079035_7_8;2026;05;06;1;V;0;V;0;V;1;V;0;V;0;V;0;V;3;V;7;V;6;V;4;V;6;V;2;V;3;V;1;V;1;V;4;V;1;V;3;V;4;V;2;V;0;V;1;V;1;V
28;079;35;7;28079035_7_8;2026;05;07;1;V;0;V;0;V;0;V;0;V;0;V;0;V;2;V;2;V;0;N;0;N;0;N;0;N;0;N;0;N;0;N;0;N;0;N;0;N;0;N;0;N;0;N;0;N;0;N
28;079;35;8;28079035_8_8;2026;04;07;15;V;9;V;12;V;13;V;12;V;14;V;20;V;30;V;35;V;31;V;29;V;22;V;26;V;22;V;20;V;14;V;12;V;17;V;16;V;13;V;18;V;24;V;31;V;39;V
28;079;35;8;28079035_8_8;2026;04;08;28;V;16;V;13;V;19;V;4;V;7;V;8;V;16;V;40;V;47;V;38;V;28;V;20;V;14;V;11;V;8;V;7;V;7;V;7;V;9;V;10;V;10;V;8;V;9;V
28;079;35;8;28079035_8_8;2026;04;09;9;V;10;V;23;V;17;V;16;V;13;V;18;V;34;V;41;V;39;V;35;V;29;V;25;V;22;V;16;V;16;V;18;V;25;V;26;V;29;V;53;V;67;V;82;V;38;V
28;079;35;8;28079035_8_8;2026;04;10;26;V;20;V;10;V;7;V;10;V;11;V;14;V;28;V;31;V;34;V;38;V;29;V;24;V;21;V;13;V;7;V;10;V;11;V;18;V;19;V;25;V;46;V;54;V;35;V
28;079;35;8;28079035_8_8;2026;04;11;37;V;33;V;44;V;48;V;45;V;35;V;40;V;32;V;47;V;37;V;40;V;31;V;19;V;20;V;20;V;23;V;21;V;12;V;12;V;17;V;26;V;22;V;13;V;13;V
28;079;35;8;28079035_8_8;2026;04;12;13;V;11;V;9;V;6;V;5;V;5;V;5;V;9;V;11;V;9;V;13;V;12;V;14;V;13;V;11;V;10;V;9;V;9;V;14;V;14;V;16;V;14;V;14;V;12;V
28;079;35;8;28079035_8_8;2026;04;13;11;V;7;V;9;V;6;V;6;V;6;V;11;V;21;V;39;V;30;V;14;V;10;V;10;V;8;V;8;V;9;V;8;V;9;V;11;V;14;V;17;V;19;V;21;V;17;V
28;079;35;8;28079035_8_8;2026;04;14;11;V;8;V;8;V;7;V;7;V;10;V;13;V;23;V;38;V;0;N;0;N;0;N;0;N;11;V;11;V;12;V;9;V;11;V;11;V;17;V;20;V;25;V;24;V;21;V
28;079;35;8;28079035_8_8;2026;04;15;24;V;35;V;37;V;32;V;34;V;31;V;35;V;40;V;47;V;48;V;49;V;36;V;35;V;17;V;7;V;6;V;7;V;7;V;7;V;8;V;12;V;17;V;18;V;22;V
28;079;35;8;28079035_8_8;2026;04;16;27;V;39;V;49;V;42;V;38;V;29;V;31;V;48;V;43;V;33;V;26;V;24;V;21;V;21;V;16;V;10;V;11;V;9;V;11;V;12;V;14;V;28;V;33;V;31;V
28;079;35;8;28079035_8_8;2026;04;17;63;V;60;V;60;V;44;V;30;V;23;V;26;V;36;V;53;V;48;V;57;V;41;V;42;V;29;V;14;V;11;V;9;V;10;V;10;V;9;V;18;V;33;V;41;V;31;V
28;079;35;8;28079035_8_8;2026;04;18;47;V;61;V;74;V;52;V;54;V;41;V;28;V;39;V;36;V;23;V;20;V;21;V;19;V;14;V;10;V;7;V;7;V;7;V;10;V;13;V;24;V;26;V;26;V;23;V
28;079;35;8;28079035_8_8;2026;04;19;13;V;18;V;12;V;16;V;15;V;14;V;15;V;17;V;16;V;16;V;18;V;13;V;11;V;11;V;7;V;6;V;6;V;6;V;8;V;9;V;14;V;17;V;21;V;24;V
28;079;35;8;28079035_8_8;2026;04;20;23;V;34;V;30;V;36;V;20;V;19;V;33;V;47;V;57;V;53;V;34;V;28;V;32;V;18;V;11;V;10;V;7;V;9;V;10;V;11;V;19;V;23;V;23;V;25;V
28;079;35;8;28079035_8_8;2026;04;21;49;V;60;V;48;V;37;V;25;V;24;V;27;V;36;V;44;V;35;V;30;V;25;V;29;V;28;V;17;V;13;V;11;V;17;V;14;V;28;V;42;V;59;V;48;V;38;V
28;079;35;8;28079035_8_8;2026;04;22;36;V;27;V;27;V;21;V;13;V;8;V;11;V;17;V;27;V;22;V;11;V;8;V;7;V;6;V;6;V;6;V;6;V;6;V;8;V;9;V;15;V;19;V;26;V;31;V
28;079;35;8;28079035_8_8;2026;04;23;56;V;42;V;32;V;17;V;20;V;15;V;17;V;39;V;47;V;36;V;33;V;29;V;19;V;17;V;14;V;13;V;14;V;10;V;12;V;16;V;23;V;14;V;10;V;12;V
28;079;35;8;28079035_8_8;2026;04;24;8;V;8;V;7;V;6;V;5;V;8;V;15;V;25;V;27;V;24;V;24;V;18;V;16;V;19;V;15;V;12;V;14;V;16;V;23;V;25;V;24;V;22;V;20;V;28;V
28;079;35;8;28079035_8_8;2026;04;25;20;V;20;V;12;V;9;V;9;V;12;V;11;V;16;V;19;V;17;V;17;V;18;V;11;V;10;V;10;V;8;V;7;V;7;V;7;V;21;V;27;V;16;V;17;V;15;V
28;079;35;8;28079035_8_8;2026;04;26;16;V;15;V;11;V;9;V;10;V;10;V;13;V;15;V;10;V;8;V;9;V;8;V;6;V;5;V;6;V;5;V;6;V;5;V;6;V;8;V;13;V;19;V;25;V;19;V
28;079;35;8;28079035_8_8;2026;04;27;19;V;13;V;13;V;13;V;14;V;15;V;20;V;30;V;46;V;41;V;44;V;20;V;23;V;17;V;12;V;9;V;10;V;8;V;9;V;10;V;15;V;31;V;30;V;22;V
28;079;35;8;28079035_8_8;2026;04;28;16;V;14;V;9;V;7;V;9;V;9;V;18;V;26;V;42;V;0;N;0;N;28;V;23;V;12;V;12;V;9;V;10;V;10;V;9;V;11;V;12;V;12;V;12;V;9;V
28;079;35;8;28079035_8_8;2026;04;29;10;V;10;V;10;V;10;V;14;V;17;V;15;V;49;V;34;V;28;V;23;V;15;V;15;V;12;V;10;V;10;V;9;V;8;V;9;V;10;V;13;V;10;V;10;V;8;V
28;079;35;8;28079035_8_8;2026;04;30;9;V;9;V;9;V;4;V;4;V;6;V;10;V;20;V;29;V;47;V;25;V;16;V;12;V;14;V;13;V;12;V;13;V;12;V;14;V;19;V;20;V;24;V;28;V;32;V
28;079;35;8;28079035_8_8;2026;05;01;51;V;44;V;36;V;21;V;13;V;12;V;11;V;15;V;17;V;17;V;21;V;20;V;15;V;8;V;8;V;8;V;8;V;7;V;9;V;13;V;11;V;16;V;18;V;17;V
28;079;35;8;28079035_8_8;2026;05;02;10;V;7;V;7;V;6;V;5;V;7;V;6;V;10;V;10;V;12;V;14;V;14;V;15;V;12;V;12;V;14;V;9;V;8;V;13;V;15;V;15;V;18;V;21;V;32;V
28;079;35;8;28079035_8_8;2026;05;03;30;V;30;V;23;V;24;V;17;V;21;V;18;V;19;V;13;V;11;V;10;V;10;V;7;V;8;V;8;V;7;V;5;V;5;V;7;V;7;V;9;V;9;V;11;V;10;V
28;079;35;8;28079035_8_8;2026;05;04;11;V;9;V;14;V;11;V;8;V;9;V;12;V;25;V;23;V;26;V;26;V;14;V;8;V;7;V;6;V;5;V;5;V;6;V;10;V;12;V;12;V;17;V;15;V;10;V
28;079;35;8;28079035_8_8;2026;05;05;10;V;8;V;7;V;6;V;5;V;6;V;7;V;17;V;28;V;23;V;19;V;10;V;8;V;7;V;7;V;5;V;7;V;9;V;10;V;12;V;14;V;18;V;15;V;16;V
28;079;35;8;28079035_8_8;2026;05;06;13;V;12;V;9;V;10;V;10;V;15;V;16;V;26;V;30;V;27;V;20;V;18;V;11;V;13;V;14;V;15;V;18;V;16;V;20;V;20;V;19;V;17;V;32;V;51;V
28;079;35;8;28079035_8_8;2026;05;07;50;V;18;V;8;V;11;V;8;V;8;V;12;V;22;V;30;V;0;N;0;N;0;N;0;N;0;N;0;N;0;N;0;N;0;N;0;N;0;N;0;N;0;N;0;N;0;N
28;079;36;1;28079036_1_38;2026;04;07;4;V;4;V;4;V;4;V;4;V;4;V;4;V;4;V;4;V;4;V;4;V;4;V;5;V;5;V;5;V;5;V;4;V;4;V;5;V;4;V;4;V;4;V;4;V;4;V
28;079;36;1;28079036_1_38;2026;04;08;4;V;4;V;4;V;4;V;4;V;4;V;4;V;4;V;4;V;0;N;0;N;0;N;0;N;0;N;2;V;2;V;1;V;1;V;1;V;1;V;1;V;1;V;1;V;1;V
28;079;36;1;28079036_1_38;2026;04;09;2;V;2;V;2;V;2;V;2;V;2;V;2;V;2;V;2;V;2;V;0;N;0;N;0;N;0;N;0;N;0;N;1;V;1;V;1;V;2;V;2;V;3;V;3;V;2;V
28;079;36;1;28079036_1_38;2026;04;10;2;V;1;V;1;V;1;V;2;V;2;V;2;V;2;V;2;V;2;V;2;V;2;V;2;V;2;V;2;V;1;V;1;V;1;V;1;V;2;V;3;V;2;V;3;V;2;V
28;079;36;1;28079036_1_38;2026;04;11;2;V;2;V;2;V;2;V;1;V;1;V;2;V;2;V;2;V;2;V;2;V;2;V;2;V;2;V;2;V;2;V;2;V;1;V;1;V;1;V;2;V;2;V;2;V;2;V
28;079;36;1;28079036_1_38;2026;04;12;1;V;1;V;1;V;1;V;1;V;1;V;1;V;1;V;2;V;2;V;2;V;2;V;2;V;2;V;2;V;2;V;2;V;2;V;2;V;2;V;2;V;1;V;1;V;2;V
28;079;36;1;28079036_1_38;2026;04;13;2;V;2;V;2;V;2;V;2;V;2;V;2;V;2;V;2;V;2;V;2;V;1;V;2;V;2;V;3;V;3;V;2;V;3;V;4;V;3;V;7;V;2;V;2;V;2;V
28;079;36;1;28079036_1_38;2026;04;14;2;V;2;V;2;V;2;V;2;V;2;V;2;V;2;V;2;V;2;V;2;V;2;V;2;V;3;V;2;V;2;V;2;V;2;V;2;V;2;V;2;V;2;V;2;V;2;V
28;079;36;1;28079036_1_38;2026;04;15;2;V;2;V;2;V;2;V;2;V;2;V;2;V;2;V;3;V;3;V;3;V;3;V;3;V;2;V;2;V;2;V;2;V;2;V;2;V;2;V;2;V;2;V;2;V;2;V
28;079;36;1;28079036_1_38;2026;04;16;2;V;2;V;2;V;2;V;2;V;1;V;2;V;2;V;2;V;2;V;2;V;2;V;2;V;2;V;2;V;2;V;2;V;2;V;2;V;2;V;1;V;2;V;2;V;2;V
28;079;36;1;28079036_1_38;2026;04;17;2;V;2;V;2;V;2;V;2;V;2;V;2;V;2;V;2;V;3;V;3;V;3;V;3;V;2;V;2;V;2;V;2;V;2;V;2;V;2;V;2;V;2;V;2;V;2;V
28;079;36;1;28079036_1_38;2026;04;18;2;V;2;V;2;V;3;V;2;V;2;V;2;V;3;V;2;V;2;V;2;V;2;V;2;V;2;V;2;V;2;V;2;V;2;V;2;V;2;V;2;V;2;V;2;V;2;V
28;079;36;1;28079036_1_38;2026;04;19;2;V;2;V;2;V;2;V;2;V;2;V;2;V;2;V;2;V;2;V;2;V;2;V;2;V;2;V;2;V;2;V;2;V;2;V;2;V;2;V;2;V;2;V;2;V;2;V
28;079;36;1;28079036_1_38;2026;04;20;2;V;2;V;2;V;3;V;3;V;2;V;2;V;2;V;2;V;3;V;3;V;3;V;2;V;2;V;2;V;2;V;2;V;2;V;2;V;2;V;2;V;2;V;2;V;2;V
28;079;36;1;28079036_1_38;2026;04;21;2;V;2;V;2;V;2;V;2;V;2;V;2;V;2;V;2;V;2;V;2;V;2;V;2;V;2;V;2;V;2;V;2;V;2;V;2;V;2;V;2;V;2;V;2;V;2;V
28;079;36;1;28079036_1_38;2026;04;22;2;V;2;V;2;V;3;V;2;V;2;V;2;V;2;V;2;V;2;V;2;V;2;V;0;N;0;N;0;N;2;V;2;V;2;V;2;V;2;V;2;V;2;V;2;V;2;V
28;079;36;1;28079036_1_38;2026;04;23;2;V;2;V;2;V;2;V;2;V;2;V;2;V;2;V;2;V;2;V;3;V;2;V;2;V;2;V;2;V;2;V;2;V;2;V;2;V;2;V;2;V;2;V;2;V;2;V
28;079;36;1;28079036_1_38;2026;04;24;2;V;2;V;2;V;2;V;2;V;2;V;2;V;2;V;2;V;2;V;2;V;2;V;2;V;2;V;2;V;2;V;2;V;2;V;2;V;2;V;2;V;2;V;2;V;2;V
28;079;36;1;28079036_1_38;2026;04;25;2;V;2;V;2;V;2;V;2;V;2;V;2;V;2;V;2;V;2;V;2;V;2;V;2;V;2;V;2;V;2;V;2;V;2;V;2;V;2;V;2;V;2;V;2;V;2;V
28;079;36;1;28079036_1_38;2026;04;26;2;V;2;V;2;V;2;V;2;V;2;V;2;V;2;V;2;V;2;V;2;V;2;V;2;V;2;V;2;V;2;V;2;V;2;V;2;V;2;V;2;V;2;V;2;V;2;V
28;079;36;1;28079036_1_38;2026;04;27;2;V;2;V;2;V;2;V;2;V;2;V;2;V;2;V;2;V;3;V;3;V;3;V;3;V;2;V;2;V;2;V;2;V;2;V;2;V;2;V;2;V;3;V;3;V;2;V
28;079;36;1;28079036_1_38;2026;04;28;2;V;2;V;2;V;2;V;2;V;2;V;2;V;2;V;3;V;3;V;3;V;2;V;2;V;2;V;2;V;2;V;2;V;2;V;2;V;2;V;2;V;2;V;3;V;2;V
28;079;36;1;28079036_1_38;2026;04;29;2;V;2;V;2;V;2;V;2;V;2;V;2;V;2;V;2;V;2;V;2;V;2;V;2;V;2;V;2;V;2;V;2;V;2;V;2;V;2;V;2;V;2;V;2;V;2;V
28;079;36;1;28079036_1_38;2026;04;30;2;V;2;V;2;V;2;V;2;V;2;V;2;V;2;V;2;V;2;V;2;V;2;V;2;V;2;V;2;V;2;V;2;V;2;V;2;V;2;V;2;V;2;V;2;V;2;V
28;079;36;1;28079036_1_38;2026;05;01;2;V;2;V;2;V;2;V;2;V;2;V;2;V;2;V;2;V;2;V;3;V;3;V;3;V;3;V;2;V;2;V;2;V;2;V;2;V;2;V;2;V;2;V;2;V;2;V
28;079;36;1;28079036_1_38;2026;05;02;2;V;2;V;2;V;2;V;2;V;2;V;2;V;2;V;2;V;2;V;2;V;2;V;2;V;2;V;2;V;2;V;2;V;2;V;2;V;2;V;2;V;2;V;2;V;2;V
28;079;36;1;28079036_1_38;2026;05;03;2;V;2;V;2;V;2;V;2;V;2;V;2;V;2;V;2;V;2;V;2;V;2;V;2;V;2;V;2;V;2;V;2;V;2;V;2;V;2;V;2;V;2;V;2;V;2;V
28;079;36;1;28079036_1_38;2026;05;04;2;V;2;V;2;V;2;V;2;V;2;V;2;V;2;V;2;V;2;V;2;V;2;V;2;V;2;V;2;V;2;V;2;V;2;V;2;V;2;V;2;V;2;V;2;V;2;V
28;079;36;1;28079036_1_38;2026;05;05;2;V;2;V;2;V;2;V;2;V;2;V;2;V;2;V;3;V;3;V;2;V;2;V;2;V;2;V;2;V;2;V;2;V;2;V;2;V;2;V;2;V;2;V;3;V;2;V
28;079;36;1;28079036_1_38;2026;05;06;2;V;2;V;2;V;2;V;3;V;3;V;3;V;3;V;3;V;3;V;3;V;0;N;0;N;0;N;3;V;2;V;2;V;2;V;2;V;3;V;2;V;2;V;2;V;2;V
28;079;36;1;28079036_1_38;2026;05;07;3;V;2;V;2;V;2;V;2;V;2;V;3;V;3;V;3;V;0;N;0;N;0;N;0;N;0;N;0;N;0;N;0;N;0;N;0;N;0;N;0;N;0;N;0;N;0;N
28;079;36;10;28079036_10_47;2026;04;07;17;V;14;V;11;V;11;V;17;V;13;V;13;V;21;V;18;V;23;V;25;V;25;V;31;V;48;V;46;V;39;V;40;V;49;V;59;V;72;V;54;V;49;V;48;V;48;V
28;079;36;10;28079036_10_47;2026;04;08;56;V;56;V;46;V;53;V;27;V;12;V;9;V;12;V;13;V;0;N;0;N;0;N;0;N;0;N;11;V;10;V;10;V;11;V;7;V;5;V;4;V;3;V;3;V;3;V
28;079;36;10;28079036_10_47;2026;04;09;3;V;4;V;11;V;8;V;6;V;4;V;5;V;10;V;16;V;24;V;31;V;37;V;44;V;37;V;36;V;0;N;64;V;65;V;46;V;48;V;48;V;48;V;40;V;42;V
28;079;36;10;28079036_10_47;2026;04;10;53;V;71;V;86;V;85;V;62;V;57;V;60;V;67;V;80;V;0;N;111;V;78;V;75;V;79;V;78;V;78;V;89;V;95;V;97;V;103;V;96;V;100;V;127;V;96;V
28;079;36;10;28079036_10_47;2026;04;11;80;V;76;V;80;V;72;V;74;V;65;V;61;V;75;V;80;V;91;V;78;V;83;V;79;V;85;V;95;V;106;V;110;V;110;V;140;V;141;V;112;V;98;V;57;V;46;V
28;079;36;10;28079036_10_47;2026;04;12;43;V;40;V;38;V;31;V;22;V;22;V;21;V;19;V;16;V;17;V;16;V;18;V;15;V;10;V;8;V;13;V;12;V;13;V;14;V;11;V;8;V;6;V;4;V;4;V
28;079;36;10;28079036_10_47;2026;04;13;4;V;3;V;3;V;2;V;2;V;2;V;2;V;4;V;7;V;14;V;9;V;6;V;8;V;5;V;5;V;4;V;5;V;5;V;5;V;5;V;6;V;6;V;8;V;5;V
28;079;36;10;28079036_10_47;2026;04;14;5;V;5;V;5;V;5;V;5;V;5;V;7;V;10;V;17;V;14;V;13;V;9;V;7;V;8;V;7;V;6;V;5;V;6;V;7;V;7;V;6;V;5;V;6;V;7;V
28;079;36;10;28079036_10_47;2026;04;15;7;V;9;V;7;V;7;V;9;V;10;V;17;V;18;V;25;V;29;V;48;V;25;V;29;V;21;V;9;V;7;V;8;V;7;V;8;V;7;V;8;V;8;V;9;V;11;V
28;079;36;10;28079036_10_47;2026;04;16;14;V;12;V;16;V;17;V;12;V;9;V;9;V;11;V;16;V;19;V;17;V;19;V;22;V;25;V;19;V;12;V;12;V;9;V;8;V;7;V;7;V;9;V;12;V;13;V
28;079;36;10;28079036_10_47;2026;04;17;12;V;13;V;14;V;16;V;13;V;13;V;12;V;16;V;21;V;28;V;42;V;40;V;37;V;39;V;18;V;15;V;14;V;13;V;12;V;10;V;8;V;14;V;21;V;22;V
28;079;36;10;28079036_10_47;2026;04;18;17;V;16;V;21;V;23;V;16;V;12;V;16;V;24;V;27;V;17;V;17;V;22;V;20;V;21;V;17;V;11;V;9;V;10;V;8;V;10;V;15;V;17;V;20;V;15;V
28;079;36;10;28079036_10_47;2026;04;19;9;V;8;V;9;V;9;V;11;V;8;V;8;V;8;V;10;V;13;V;13;V;13;V;14;V;16;V;13;V;15;V;15;V;11;V;12;V;13;V;15;V;19;V;19;V;22;V
28;079;36;10;28079036_10_47;2026;04;20;22;V;26;V;24;V;27;V;29;V;22;V;24;V;27;V;38;V;36;V;37;V;25;V;39;V;61;V;40;V;35;V;31;V;32;V;32;V;31;V;33;V;35;V;33;V;32;V
28;079;36;10;28079036_10_47;2026;04;21;30;V;33;V;32;V;30;V;28;V;29;V;29;V;35;V;41;V;43;V;0;N;36;V;43;V;52;V;47;V;33;V;32;V;37;V;108;V;46;V;42;V;49;V;49;V;47;V
28;079;36;10;28079036_10_47;2026;04;22;48;V;48;V;50;V;52;V;52;V;61;V;58;V;61;V;65;V;68;V;70;V;70;V;0;N;0;N;0;N;55;V;50;V;48;V;45;V;43;V;41;V;43;V;40;V;37;V
28;079;36;10;28079036_10_47;2026;04;23;33;V;36;V;36;V;36;V;34;V;32;V;37;V;46;V;54;V;56;V;49;V;49;V;60;V;57;V;52;V;46;V;47;V;44;V;45;V;41;V;42;V;56;V;44;V;39;V
28;079;36;10;28079036_10_47;2026;04;24;37;V;24;V;23;V;20;V;19;V;16;V;14;V;14;V;23;V;28;V;25;V;27;V;29;V;29;V;29;V;31;V;32;V;32;V;32;V;33;V;30;V;29;V;29;V;29;V
28;079;36;10;28079036_10_47;2026;04;25;22;V;25;V;21;V;18;V;17;V;17;V;22;V;17;V;17;V;19;V;21;V;19;V;19;V;21;V;20;V;22;V;22;V;22;V;23;V;23;V;21;V;19;V;15;V;14;V
28;079;36;10;28079036_10_47;2026;04;26;13;V;11;V;11;V;9;V;9;V;9;V;9;V;9;V;11;V;12;V;14;V;17;V;21;V;25;V;27;V;27;V;24;V;23;V;24;V;24;V;22;V;22;V;22;V;20;V
28;079;36;10;28079036_10_47;2026;04;27;17;V;17;V;15;V;15;V;14;V;13;V;14;V;20;V;24;V;27;V;24;V;26;V;29;V;28;V;24;V;26;V;24;V;20;V;16;V;16;V;16;V;27;V;17;V;24;V
28;079;36;10;28079036_10_47;2026;04;28;18;V;18;V;17;V;11;V;9;V;10;V;15;V;20;V;26;V;24;V;25;V;28;V;31;V;29;V;30;V;25;V;27;V;30;V;29;V;24;V;43;V;25;V;20;V;22;V
28;079;36;10;28079036_10_47;2026;04;29;19;V;19;V;22;V;22;V;20;V;19;V;22;V;26;V;27;V;25;V;24;V;21;V;20;V;22;V;23;V;30;V;43;V;35;V;33;V;25;V;21;V;18;V;9;V;11;V
28;079;36;10;28079036_10_47;2026;04;30;13;V;10;V;9;V;8;V;7;V;8;V;10;V;13;V;19;V;25;V;25;V;15;V;18;V;15;V;17;V;17;V;20;V;18;V;20;V;17;V;17;V;16;V;15;V;14;V
28;079;36;10;28079036_10_47;2026;05;01;16;V;18;V;14;V;16;V;14;V;12;V;11;V;14;V;15;V;18;V;20;V;20;V;19;V;18;V;13;V;12;V;12;V;12;V;11;V;11;V;12;V;13;V;16;V;19;V
28;079;36;10;28079036_10_47;2026;05;02;16;V;15;V;15;V;16;V;15;V;16;V;17;V;19;V;22;V;17;V;20;V;19;V;20;V;23;V;22;V;19;V;22;V;19;V;11;V;12;V;12;V;13;V;15;V;16;V
28;079;36;10;28079036_10_47;2026;05;03;14;V;12;V;12;V;13;V;13;V;14;V;15;V;16;V;11;V;11;V;16;V;17;V;15;V;12;V;8;V;8;V;7;V;6;V;6;V;6;V;6;V;6;V;6;V;6;V
28;079;36;10;28079036_10_47;2026;05;04;6;V;5;V;5;V;4;V;4;V;4;V;5;V;9;V;8;V;11;V;16;V;13;V;7;V;7;V;6;V;6;V;6;V;6;V;6;V;4;V;4;V;5;V;5;V;5;V
28;079;36;10;28079036_10_47;2026;05;05;5;V;5;V;5;V;4;V;4;V;4;V;4;V;6;V;7;V;10;V;12;V;8;V;7;V;9;V;7;V;5;V;8;V;5;V;6;V;4;V;4;V;4;V;4;V;4;V
28;079;36;10;28079036_10_47;2026;05;06;4;V;4;V;3;V;4;V;5;V;5;V;8;V;8;V;9;V;13;V;24;V;0;N;0;N;0;N;10;V;8;V;12;V;10;V;9;V;11;V;13;V;12;V;14;V;12;V
28;079;36;10;28079036_10_47;2026;05;07;8;V;6;V;6;V;5;V;5;V;5;V;6;V;8;V;12;V;0;N;0;N;0;N;0;N;0;N;0;N;0;N;0;N;0;N;0;N;0;N;0;N;0;N;0;N;0;N
28;079;36;12;28079036_12_8;2026;04;07;7;V;7;V;3;V;6;V;8;V;10;V;16;V;43;V;50;V;45;V;35;V;30;V;25;V;29;V;30;V;25;V;18;V;22;V;24;V;26;V;22;V;27;V;48;V;34;V
28;079;36;12;28079036_12_8;2026;04;08;42;V;36;V;23;V;25;V;5;V;5;V;15;V;37;V;57;V;0;N;0;N;0;N;21;V;20;V;20;V;14;V;13;V;15;V;17;V;18;V;18;V;16;V;13;V;11;V
28;079;36;12;28079036_12_8;2026;04;09;13;V;17;V;18;V;21;V;10;V;7;V;12;V;34;V;35;V;44;V;0;N;0;N;0;N;0;N;0;N;0;N;14;V;12;V;15;V;16;V;53;V;108;V;90;V;40;V
28;079;36;12;28079036_12_8;2026;04;10;24;V;18;V;4;V;4;V;5;V;6;V;12;V;17;V;36;V;37;V;29;V;31;V;29;V;22;V;17;V;12;V;18;V;18;V;11;V;18;V;34;V;47;V;60;V;49;V
28;079;36;12;28079036_12_8;2026;04;11;38;V;21;V;28;V;52;V;28;V;16;V;26;V;36;V;47;V;46;V;32;V;34;V;23;V;21;V;23;V;22;V;27;V;9;V;9;V;8;V;20;V;9;V;5;V;3;V
28;079;36;12;28079036_12_8;2026;04;12;6;V;3;V;2;V;2;V;2;V;2;V;3;V;3;V;5;V;6;V;6;V;11;V;7;V;8;V;8;V;8;V;10;V;11;V;7;V;9;V;8;V;9;V;5;V;5;V
28;079;36;12;28079036_12_8;2026;04;13;2;V;1;V;0;V;0;V;1;V;1;V;5;V;35;V;60;V;82;V;25;V;10;V;14;V;13;V;13;V;12;V;12;V;15;V;19;V;19;V;33;V;26;V;33;V;9;V
28;079;36;12;28079036_12_8;2026;04;14;5;V;3;V;4;V;4;V;4;V;8;V;24;V;48;V;86;V;50;V;34;V;23;V;17;V;18;V;12;V;13;V;10;V;15;V;14;V;8;V;13;V;12;V;14;V;15;V
28;079;36;12;28079036_12_8;2026;04;15;21;V;39;V;33;V;24;V;25;V;31;V;64;V;88;V;125;V;96;V;62;V;51;V;46;V;31;V;12;V;13;V;14;V;11;V;14;V;17;V;15;V;15;V;22;V;33;V
28;079;36;12;28079036_12_8;2026;04;16;39;V;46;V;63;V;39;V;42;V;27;V;16;V;35;V;48;V;45;V;23;V;39;V;36;V;26;V;25;V;14;V;13;V;15;V;14;V;20;V;16;V;26;V;39;V;45;V
28;079;36;12;28079036_12_8;2026;04;17;45;V;55;V;74;V;82;V;19;V;21;V;41;V;70;V;73;V;89;V;96;V;43;V;46;V;28;V;25;V;18;V;12;V;16;V;14;V;21;V;15;V;44;V;76;V;66;V
28;079;36;12;28079036_12_8;2026;04;18;37;V;33;V;61;V;57;V;58;V;18;V;26;V;43;V;36;V;25;V;25;V;29;V;27;V;22;V;11;V;9;V;6;V;8;V;6;V;11;V;23;V;25;V;39;V;35;V
28;079;36;12;28079036_12_8;2026;04;19;18;V;26;V;17;V;12;V;16;V;6;V;8;V;6;V;20;V;21;V;15;V;9;V;9;V;14;V;11;V;6;V;4;V;5;V;8;V;10;V;16;V;23;V;20;V;30;V
28;079;36;12;28079036_12_8;2026;04;20;25;V;21;V;18;V;35;V;23;V;18;V;41;V;66;V;90;V;70;V;47;V;33;V;32;V;31;V;14;V;13;V;12;V;13;V;12;V;17;V;19;V;24;V;17;V;21;V
28;079;36;12;28079036_12_8;2026;04;21;23;V;30;V;61;V;33;V;20;V;18;V;28;V;57;V;63;V;46;V;37;V;36;V;33;V;36;V;18;V;16;V;22;V;22;V;21;V;29;V;38;V;79;V;47;V;41;V
28;079;36;12;28079036_12_8;2026;04;22;38;V;21;V;27;V;19;V;11;V;6;V;11;V;32;V;36;V;27;V;16;V;12;V;0;N;0;N;9;V;11;V;11;V;13;V;13;V;17;V;17;V;20;V;23;V;23;V
28;079;36;12;28079036_12_8;2026;04;23;25;V;32;V;22;V;9;V;5;V;7;V;25;V;59;V;80;V;60;V;34;V;21;V;21;V;16;V;12;V;15;V;13;V;10;V;9;V;11;V;14;V;11;V;8;V;7;V
28;079;36;12;28079036_12_8;2026;04;24;5;V;4;V;4;V;3;V;3;V;4;V;14;V;26;V;44;V;44;V;23;V;19;V;21;V;18;V;15;V;14;V;16;V;15;V;16;V;18;V;19;V;24;V;39;V;32;V
28;079;36;12;28079036_12_8;2026;04;25;19;V;17;V;9;V;10;V;10;V;8;V;8;V;9;V;13;V;13;V;23;V;15;V;11;V;12;V;10;V;7;V;9;V;8;V;9;V;10;V;13;V;10;V;10;V;12;V
28;079;36;12;28079036_12_8;2026;04;26;7;V;8;V;5;V;5;V;7;V;6;V;6;V;14;V;11;V;10;V;10;V;6;V;7;V;7;V;8;V;5;V;6;V;8;V;9;V;8;V;9;V;19;V;23;V;13;V
28;079;36;12;28079036_12_8;2026;04;27;13;V;7;V;9;V;15;V;15;V;17;V;30;V;68;V;85;V;58;V;37;V;26;V;22;V;15;V;10;V;12;V;13;V;14;V;11;V;13;V;15;V;24;V;29;V;16;V
28;079;36;12;28079036_12_8;2026;04;28;6;V;5;V;4;V;8;V;9;V;11;V;22;V;42;V;73;V;55;V;34;V;22;V;17;V;16;V;12;V;12;V;15;V;13;V;12;V;14;V;12;V;13;V;12;V;5;V
28;079;36;12;28079036_12_8;2026;04;29;7;V;6;V;7;V;6;V;8;V;8;V;17;V;32;V;30;V;36;V;24;V;11;V;12;V;10;V;8;V;9;V;8;V;10;V;9;V;9;V;10;V;10;V;8;V;9;V
28;079;36;12;28079036_12_8;2026;04;30;8;V;7;V;4;V;4;V;3;V;4;V;11;V;21;V;54;V;48;V;37;V;19;V;12;V;15;V;12;V;14;V;14;V;11;V;17;V;15;V;19;V;16;V;21;V;25;V
28;079;36;12;28079036_12_8;2026;05;01;41;V;46;V;14;V;10;V;7;V;7;V;10;V;20;V;22;V;22;V;25;V;18;V;12;V;7;V;4;V;6;V;5;V;5;V;7;V;6;V;9;V;12;V;12;V;6;V
28;079;36;12;28079036_12_8;2026;05;02;5;V;4;V;5;V;7;V;7;V;6;V;7;V;8;V;8;V;14;V;17;V;13;V;11;V;10;V;12;V;12;V;7;V;6;V;10;V;12;V;13;V;20;V;33;V;34;V
28;079;36;12;28079036_12_8;2026;05;03;23;V;18;V;13;V;11;V;15;V;15;V;17;V;17;V;12;V;16;V;15;V;13;V;10;V;7;V;6;V;5;V;4;V;5;V;7;V;8;V;10;V;11;V;11;V;12;V
28;079;36;12;28079036_12_8;2026;05;04;10;V;8;V;6;V;5;V;5;V;7;V;12;V;36;V;33;V;41;V;47;V;31;V;13;V;9;V;8;V;6;V;7;V;8;V;11;V;13;V;11;V;15;V;13;V;8;V
28;079;36;12;28079036_12_8;2026;05;05;6;V;4;V;2;V;2;V;2;V;5;V;9;V;21;V;39;V;42;V;34;V;13;V;11;V;12;V;13;V;9;V;10;V;10;V;10;V;13;V;13;V;11;V;11;V;11;V
28;079;36;12;28079036_12_8;2026;05;06;11;V;20;V;9;V;8;V;12;V;9;V;19;V;41;V;44;V;46;V;35;V;0;N;0;N;0;N;17;V;12;V;15;V;12;V;14;V;16;V;17;V;26;V;46;V;39;V
28;079;36;12;28079036_12_8;2026;05;07;37;V;18;V;9;V;10;V;8;V;6;V;15;V;27;V;34;V;0;N;0;N;0;N;0;N;0;N;0;N;0;N;0;N;0;N;0;N;0;N;0;N;0;N;0;N;0;N
28;079;36;7;28079036_7_8;2026;04;07;0;V;0;V;0;V;0;V;0;V;0;V;0;V;4;V;3;V;7;V;5;V;5;V;3;V;4;V;4;V;3;V;2;V;3;V;2;V;2;V;2;V;0;V;3;V;0;V
28;079;36;7;28079036_7_8;2026;04;08;1;V;1;V;1;V;0;V;0;V;0;V;1;V;2;V;9;V;0;N;0;N;0;N;3;V;5;V;4;V;3;V;3;V;3;V;3;V;2;V;1;V;1;V;1;V;1;V
28;079;36;7;28079036_7_8;2026;04;09;0;V;0;V;0;V;0;V;0;V;0;V;0;V;2;V;3;V;7;V;0;N;0;N;0;N;0;N;0;N;0;N;2;V;2;V;2;V;1;V;7;V;19;V;7;V;1;V
28;079;36;7;28079036_7_8;2026;04;10;1;V;0;V;0;V;0;V;0;V;0;V;1;V;1;V;3;V;5;V;4;V;5;V;5;V;4;V;4;V;3;V;4;V;3;V;1;V;2;V;2;V;2;V;2;V;1;V
28;079;36;7;28079036_7_8;2026;04;11;1;V;1;V;0;V;4;V;1;V;0;V;2;V;3;V;6;V;7;V;5;V;4;V;3;V;3;V;3;V;2;V;4;V;2;V;2;V;1;V;3;V;1;V;0;V;0;V
28;079;36;7;28079036_7_8;2026;04;12;0;V;0;V;0;V;0;V;0;V;1;V;0;V;0;V;0;V;0;V;1;V;2;V;2;V;2;V;2;V;1;V;1;V;1;V;1;V;1;V;1;V;1;V;1;V;0;V
28;079;36;7;28079036_7_8;2026;04;13;0;V;0;V;0;V;0;V;0;V;0;V;0;V;5;V;11;V;20;V;5;V;2;V;3;V;4;V;4;V;4;V;3;V;4;V;4;V;4;V;4;V;1;V;1;V;1;V
28;079;36;7;28079036_7_8;2026;04;14;0;V;0;V;0;V;0;V;0;V;0;V;1;V;4;V;16;V;10;V;6;V;5;V;4;V;4;V;2;V;4;V;3;V;3;V;3;V;1;V;1;V;0;V;1;V;0;V
28;079;36;7;28079036_7_8;2026;04;15;0;V;1;V;1;V;1;V;1;V;2;V;8;V;22;V;45;V;34;V;17;V;10;V;10;V;6;V;3;V;4;V;4;V;3;V;3;V;3;V;1;V;1;V;0;V;1;V
28;079;36;7;28079036_7_8;2026;04;16;0;V;1;V;5;V;1;V;1;V;1;V;1;V;4;V;9;V;10;V;5;V;8;V;6;V;5;V;5;V;3;V;2;V;3;V;3;V;4;V;1;V;1;V;1;V;1;V
28;079;36;7;28079036_7_8;2026;04;17;0;V;1;V;7;V;12;V;1;V;1;V;5;V;16;V;17;V;23;V;27;V;8;V;7;V;5;V;4;V;3;V;2;V;3;V;2;V;3;V;1;V;1;V;2;V;1;V
28;079;36;7;28079036_7_8;2026;04;18;0;V;0;V;2;V;1;V;4;V;0;V;2;V;3;V;5;V;5;V;5;V;4;V;3;V;3;V;2;V;2;V;1;V;2;V;1;V;2;V;2;V;1;V;1;V;2;V
28;079;36;7;28079036_7_8;2026;04;19;1;V;1;V;0;V;1;V;0;V;0;V;1;V;1;V;2;V;2;V;2;V;1;V;1;V;2;V;2;V;1;V;1;V;1;V;1;V;1;V;1;V;1;V;1;V;0;V
28;079;36;7;28079036_7_8;2026;04;20;0;V;0;V;0;V;0;V;0;V;0;V;2;V;13;V;23;V;17;V;9;V;5;V;4;V;5;V;2;V;2;V;2;V;2;V;1;V;2;V;1;V;2;V;0;V;0;V
28;079;36;7;28079036_7_8;2026;04;21;0;V;0;V;3;V;1;V;1;V;1;V;2;V;11;V;14;V;10;V;7;V;5;V;5;V;4;V;2;V;2;V;2;V;1;V;2;V;2;V;1;V;11;V;1;V;2;V
28;079;36;7;28079036_7_8;2026;04;22;2;V;0;V;0;V;0;V;0;V;0;V;0;V;1;V;3;V;3;V;2;V;2;V;0;N;0;N;2;V;2;V;2;V;2;V;2;V;2;V;2;V;1;V;0;V;0;V
28;079;36;7;28079036_7_8;2026;04;23;0;V;0;V;0;V;0;V;0;V;0;V;2;V;10;V;17;V;9;V;3;V;2;V;3;V;2;V;1;V;3;V;1;V;1;V;1;V;1;V;1;V;1;V;0;V;0;V
28;079;36;7;28079036_7_8;2026;04;24;0;V;0;V;0;V;0;V;0;V;0;V;1;V;4;V;8;V;6;V;3;V;2;V;3;V;2;V;2;V;2;V;2;V;1;V;1;V;1;V;1;V;0;V;0;V;0;V
28;079;36;7;28079036_7_8;2026;04;25;0;V;0;V;0;V;1;V;0;V;0;V;0;V;0;V;1;V;1;V;3;V;2;V;1;V;2;V;1;V;1;V;1;V;1;V;1;V;1;V;0;V;0;V;0;V;0;V
28;079;36;7;28079036_7_8;2026;04;26;0;V;0;V;0;V;0;V;0;V;0;V;0;V;1;V;1;V;1;V;1;V;1;V;1;V;1;V;1;V;1;V;1;V;1;V;1;V;1;V;0;V;1;V;0;V;0;V
28;079;36;7;28079036_7_8;2026;04;27;0;V;0;V;0;V;0;V;0;V;1;V;2;V;13;V;20;V;11;V;5;V;2;V;2;V;2;V;1;V;2;V;1;V;1;V;1;V;0;V;0;V;0;V;0;V;0;V
28;079;36;7;28079036_7_8;2026;04;28;0;V;0;V;0;V;0;V;0;V;0;V;0;V;5;V;10;V;5;V;3;V;2;V;1;V;1;V;1;V;1;V;2;V;1;V;0;V;0;V;0;V;0;V;0;V;0;V
28;079;36;7;28079036_7_8;2026;04;29;0;V;0;V;0;V;0;V;0;V;0;V;0;V;2;V;1;V;3;V;1;V;0;V;0;V;1;V;0;V;0;V;0;V;1;V;0;V;0;V;0;V;0;V;0;V;0;V
28;079;36;7;28079036_7_8;2026;04;30;0;V;0;V;0;V;0;V;0;V;0;V;0;V;0;V;6;V;6;V;4;V;1;V;1;V;2;V;1;V;1;V;1;V;0;V;2;V;1;V;1;V;0;V;0;V;0;V
28;079;36;7;28079036_7_8;2026;05;01;1;V;1;V;0;V;0;V;0;V;0;V;0;V;1;V;2;V;2;V;3;V;1;V;0;V;0;V;0;V;0;V;0;V;0;V;0;V;0;V;0;V;0;V;0;V;0;V
28;079;36;7;28079036_7_8;2026;05;02;0;V;0;V;0;V;0;V;0;V;0;V;0;V;0;V;0;V;1;V;1;V;0;V;0;V;0;V;1;V;1;V;0;V;0;V;1;V;0;V;0;V;0;V;0;V;0;V
28;079;36;7;28079036_7_8;2026;05;03;0;V;0;V;0;V;0;V;0;V;0;V;1;V;1;V;1;V;2;V;2;V;2;V;1;V;1;V;1;V;0;V;0;V;0;V;0;V;0;V;1;V;0;V;0;V;0;V
28;079;36;7;28079036_7_8;2026;05;04;0;V;0;V;0;V;0;V;0;V;0;V;0;V;2;V;3;V;5;V;7;V;4;V;1;V;1;V;1;V;1;V;0;V;1;V;1;V;1;V;1;V;1;V;1;V;0;V
28;079;36;7;28079036_7_8;2026;05;05;0;V;0;V;0;V;0;V;0;V;0;V;0;V;1;V;3;V;5;V;4;V;1;V;1;V;2;V;3;V;2;V;2;V;1;V;1;V;2;V;1;V;1;V;0;V;0;V
28;079;36;7;28079036_7_8;2026;05;06;0;V;0;V;1;V;0;V;0;V;0;V;3;V;3;V;7;V;8;V;6;V;0;N;0;N;0;N;3;V;1;V;3;V;1;V;1;V;1;V;0;V;0;V;1;V;0;V
28;079;36;7;28079036_7_8;2026;05;07;1;V;1;V;1;V;1;V;1;V;1;V;0;V;1;V;3;V;0;N;0;N;0;N;0;N;0;N;0;N;0;N;0;N;0;N;0;N;0;N;0;N;0;N;0;N;0;N
28;079;36;8;28079036_8_8;2026;04;07;7;V;7;V;3;V;6;V;8;V;9;V;16;V;37;V;45;V;35;V;27;V;23;V;20;V;23;V;23;V;19;V;15;V;18;V;21;V;23;V;19;V;26;V;43;V;34;V
28;079;36;8;28079036_8_8;2026;04;08;41;V;35;V;22;V;25;V;5;V;5;V;14;V;34;V;44;V;0;N;0;N;0;N;15;V;13;V;14;V;9;V;9;V;11;V;13;V;15;V;15;V;14;V;12;V;10;V
28;079;36;8;28079036_8_8;2026;04;09;13;V;17;V;18;V;21;V;10;V;7;V;12;V;31;V;31;V;33;V;0;N;0;N;0;N;0;N;0;N;0;N;11;V;10;V;12;V;14;V;42;V;78;V;79;V;38;V
28;079;36;8;28079036_8_8;2026;04;10;22;V;18;V;4;V;3;V;5;V;5;V;11;V;16;V;32;V;29;V;23;V;23;V;21;V;16;V;12;V;8;V;12;V;13;V;9;V;15;V;32;V;45;V;57;V;48;V
28;079;36;8;28079036_8_8;2026;04;11;37;V;19;V;28;V;45;V;27;V;16;V;22;V;31;V;38;V;34;V;25;V;28;V;17;V;16;V;19;V;19;V;21;V;6;V;6;V;6;V;16;V;8;V;5;V;2;V
28;079;36;8;28079036_8_8;2026;04;12;5;V;2;V;2;V;1;V;1;V;1;V;3;V;3;V;5;V;6;V;5;V;7;V;4;V;5;V;5;V;6;V;9;V;9;V;5;V;7;V;6;V;7;V;4;V;4;V
28;079;36;8;28079036_8_8;2026;04;13;2;V;1;V;0;V;0;V;1;V;1;V;5;V;28;V;43;V;52;V;16;V;6;V;9;V;6;V;7;V;6;V;7;V;10;V;13;V;14;V;27;V;25;V;31;V;8;V
28;079;36;8;28079036_8_8;2026;04;14;5;V;3;V;4;V;4;V;4;V;8;V;23;V;42;V;61;V;34;V;24;V;15;V;12;V;12;V;8;V;7;V;6;V;10;V;10;V;6;V;11;V;11;V;13;V;14;V
28;079;36;8;28079036_8_8;2026;04;15;20;V;38;V;32;V;23;V;23;V;28;V;52;V;54;V;55;V;44;V;35;V;35;V;32;V;22;V;8;V;6;V;8;V;7;V;9;V;13;V;13;V;14;V;22;V;31;V
28;079;36;8;28079036_8_8;2026;04;16;39;V;44;V;55;V;37;V;40;V;24;V;14;V;29;V;33;V;29;V;16;V;27;V;27;V;19;V;18;V;9;V;10;V;10;V;10;V;15;V;14;V;25;V;38;V;43;V
28;079;36;8;28079036_8_8;2026;04;17;45;V;53;V;63;V;64;V;18;V;19;V;34;V;45;V;47;V;54;V;55;V;31;V;35;V;20;V;18;V;13;V;8;V;11;V;10;V;16;V;14;V;42;V;74;V;64;V
28;079;36;8;28079036_8_8;2026;04;18;37;V;33;V;57;V;55;V;52;V;18;V;23;V;38;V;28;V;18;V;17;V;23;V;23;V;17;V;8;V;6;V;4;V;6;V;5;V;9;V;20;V;24;V;38;V;32;V
28;079;36;8;28079036_8_8;2026;04;19;16;V;25;V;16;V;10;V;16;V;5;V;7;V;5;V;17;V;18;V;12;V;7;V;7;V;11;V;8;V;5;V;3;V;3;V;6;V;8;V;14;V;22;V;19;V;30;V
28;079;36;8;28079036_8_8;2026;04;20;25;V;21;V;18;V;34;V;23;V;17;V;37;V;46;V;54;V;44;V;34;V;26;V;25;V;23;V;10;V;9;V;9;V;10;V;10;V;14;V;17;V;22;V;16;V;21;V
28;079;36;8;28079036_8_8;2026;04;21;23;V;30;V;57;V;32;V;19;V;17;V;25;V;40;V;42;V;30;V;26;V;28;V;26;V;29;V;15;V;13;V;19;V;20;V;18;V;25;V;36;V;62;V;46;V;38;V
28;079;36;8;28079036_8_8;2026;04;22;35;V;21;V;26;V;19;V;11;V;6;V;10;V;30;V;31;V;22;V;12;V;9;V;0;N;0;N;7;V;8;V;9;V;10;V;11;V;14;V;15;V;19;V;23;V;23;V
28;079;36;8;28079036_8_8;2026;04;23;25;V;32;V;21;V;8;V;5;V;6;V;21;V;45;V;54;V;46;V;29;V;17;V;18;V;13;V;10;V;11;V;11;V;9;V;8;V;10;V;13;V;10;V;7;V;6;V
28;079;36;8;28079036_8_8;2026;04;24;5;V;4;V;4;V;3;V;3;V;4;V;12;V;20;V;32;V;34;V;19;V;17;V;16;V;14;V;12;V;11;V;13;V;13;V;14;V;16;V;18;V;23;V;38;V;32;V
28;079;36;8;28079036_8_8;2026;04;25;18;V;17;V;9;V;9;V;10;V;8;V;8;V;8;V;12;V;11;V;19;V;12;V;9;V;9;V;8;V;5;V;7;V;6;V;9;V;9;V;12;V;10;V;10;V;12;V
28;079;36;8;28079036_8_8;2026;04;26;7;V;8;V;5;V;5;V;7;V;5;V;6;V;13;V;9;V;8;V;9;V;5;V;6;V;6;V;6;V;4;V;5;V;6;V;8;V;7;V;8;V;17;V;22;V;13;V
28;079;36;8;28079036_8_8;2026;04;27;12;V;7;V;9;V;15;V;15;V;16;V;27;V;48;V;55;V;41;V;29;V;22;V;19;V;13;V;9;V;9;V;11;V;12;V;10;V;12;V;15;V;24;V;29;V;16;V
28;079;36;8;28079036_8_8;2026;04;28;6;V;5;V;4;V;8;V;9;V;11;V;22;V;35;V;57;V;47;V;30;V;20;V;15;V;14;V;11;V;10;V;12;V;11;V;12;V;14;V;12;V;13;V;12;V;5;V
28;079;36;8;28079036_8_8;2026;04;29;7;V;6;V;7;V;6;V;8;V;8;V;17;V;30;V;29;V;32;V;22;V;11;V;12;V;9;V;8;V;8;V;7;V;9;V;8;V;8;V;10;V;10;V;8;V;9;V
28;079;36;8;28079036_8_8;2026;04;30;8;V;7;V;4;V;4;V;3;V;4;V;11;V;21;V;45;V;39;V;32;V;18;V;11;V;13;V;10;V;12;V;12;V;10;V;15;V;14;V;18;V;16;V;21;V;25;V
28;079;36;8;28079036_8_8;2026;05;01;39;V;44;V;14;V;10;V;7;V;7;V;9;V;17;V;19;V;18;V;21;V;16;V;12;V;7;V;4;V;6;V;5;V;5;V;6;V;6;V;9;V;12;V;12;V;6;V
28;079;36;8;28079036_8_8;2026;05;02;5;V;4;V;5;V;7;V;7;V;6;V;7;V;8;V;8;V;12;V;15;V;13;V;11;V;9;V;11;V;11;V;7;V;6;V;9;V;12;V;13;V;20;V;33;V;34;V
28;079;36;8;28079036_8_8;2026;05;03;23;V;17;V;13;V;11;V;15;V;14;V;15;V;16;V;11;V;13;V;12;V;10;V;9;V;6;V;5;V;4;V;4;V;5;V;6;V;8;V;9;V;11;V;11;V;12;V
28;079;36;8;28079036_8_8;2026;05;04;10;V;8;V;6;V;5;V;5;V;7;V;12;V;32;V;28;V;33;V;37;V;24;V;11;V;8;V;6;V;5;V;6;V;7;V;8;V;11;V;10;V;14;V;12;V;8;V
28;079;36;8;28079036_8_8;2026;05;05;6;V;4;V;2;V;2;V;2;V;4;V;9;V;20;V;34;V;35;V;27;V;11;V;8;V;9;V;9;V;7;V;7;V;8;V;8;V;10;V;11;V;10;V;11;V;10;V
28;079;36;8;28079036_8_8;2026;05;06;11;V;19;V;8;V;8;V;12;V;9;V;15;V;36;V;33;V;34;V;27;V;0;N;0;N;0;N;13;V;10;V;11;V;10;V;12;V;15;V;16;V;26;V;46;V;39;V
28;079;36;8;28079036_8_8;2026;05;07;35;V;17;V;8;V;9;V;7;V;5;V;14;V;26;V;30;V;0;N;0;N;0;N;0;N;0;N;0;N;0;N;0;N;0;N;0;N;0;N;0;N;0;N;0;N;0;N
28;079;38;10;28079038_10_47;2026;04;07;16;V;17;V;12;V;13;V;16;V;16;V;12;V;15;V;20;V;25;V;25;V;22;V;24;V;25;V;36;V;36;V;34;V;40;V;42;V;52;V;45;V;40;V;37;V;37;V
28;079;38;10;28079038_10_47;2026;04;08;38;V;35;V;36;V;43;V;27;V;12;V;11;V;7;V;13;V;10;V;17;V;14;V;17;V;14;V;13;V;9;V;10;V;7;V;6;V;3;V;3;V;8;V;5;V;2;V
28;079;38;10;28079038_10_47;2026;04;09;5;V;6;V;2;V;3;V;5;V;1;V;4;V;13;V;18;V;31;V;49;V;39;V;40;V;40;V;32;V;31;V;36;V;36;V;36;V;39;V;39;V;43;V;39;V;37;V
28;079;38;10;28079038_10_47;2026;04;10;38;V;57;V;65;V;65;V;54;V;46;V;50;V;60;V;65;V;70;V;67;V;64;V;60;V;62;V;62;V;55;V;58;V;71;V;75;V;63;V;78;V;83;V;84;V;83;V
28;079;38;10;28079038_10_47;2026;04;11;71;V;73;V;66;V;65;V;66;V;61;V;52;V;55;V;58;V;70;V;62;V;60;V;57;V;60;V;75;V;76;V;74;V;73;V;89;V;99;V;77;V;71;V;67;V;43;V
28;079;38;10;28079038_10_47;2026;04;12;37;V;32;V;34;V;33;V;24;V;18;V;17;V;14;V;16;V;18;V;15;V;16;V;16;V;15;V;14;V;20;V;13;V;2;V;13;V;11;V;8;V;12;V;13;V;11;V
28;079;38;10;28079038_10_47;2026;04;13;6;V;2;V;4;V;5;V;1;V;1;V;5;V;4;V;7;V;9;V;7;V;10;V;2;V;8;V;7;V;9;V;4;V;5;V;8;V;7;V;7;V;8;V;11;V;8;V
28;079;38;10;28079038_10_47;2026;04;14;8;V;7;V;3;V;4;V;4;V;6;V;6;V;8;V;13;V;20;V;17;V;6;V;10;V;6;V;3;V;3;V;4;V;5;V;5;V;2;V;8;V;7;V;9;V;9;V
28;079;38;10;28079038_10_47;2026;04;15;11;V;17;V;15;V;13;V;11;V;9;V;11;V;8;V;23;V;30;V;30;V;36;V;32;V;21;V;12;V;14;V;12;V;6;V;9;V;12;V;8;V;11;V;9;V;11;V
28;079;38;10;28079038_10_47;2026;04;16;15;V;17;V;21;V;18;V;12;V;13;V;5;V;15;V;48;V;22;V;23;V;31;V;26;V;16;V;21;V;22;V;16;V;15;V;6;V;9;V;9;V;15;V;12;V;8;V
28;079;38;10;28079038_10_47;2026;04;17;11;V;16;V;19;V;18;V;19;V;14;V;13;V;15;V;18;V;27;V;25;V;27;V;31;V;25;V;21;V;12;V;17;V;15;V;16;V;15;V;14;V;14;V;13;V;14;V
28;079;38;10;28079038_10_47;2026;04;18;18;V;20;V;25;V;36;V;30;V;27;V;17;V;19;V;22;V;20;V;19;V;19;V;23;V;27;V;15;V;10;V;13;V;19;V;11;V;10;V;18;V;16;V;16;V;19;V
28;079;38;10;28079038_10_47;2026;04;19;21;V;10;V;11;V;11;V;10;V;12;V;13;V;13;V;13;V;12;V;13;V;15;V;13;V;18;V;20;V;28;V;22;V;19;V;25;V;15;V;16;V;14;V;17;V;19;V
28;079;38;10;28079038_10_47;2026;04;20;20;V;18;V;21;V;24;V;27;V;21;V;22;V;27;V;35;V;0;N;0;N;0;N;0;N;0;N;21;V;22;V;24;V;32;V;36;V;36;V;29;V;27;V;31;V;28;V
28;079;38;10;28079038_10_47;2026;04;21;29;V;29;V;34;V;36;V;25;V;25;V;29;V;29;V;36;V;41;V;36;V;36;V;34;V;35;V;37;V;31;V;33;V;35;V;45;V;54;V;27;V;41;V;42;V;43;V
28;079;38;10;28079038_10_47;2026;04;22;43;V;46;V;39;V;30;V;41;V;41;V;41;V;42;V;51;V;58;V;60;V;58;V;58;V;56;V;56;V;53;V;39;V;43;V;36;V;44;V;38;V;35;V;35;V;35;V
28;079;38;10;28079038_10_47;2026;04;23;32;V;34;V;39;V;35;V;29;V;31;V;33;V;39;V;44;V;43;V;46;V;44;V;48;V;41;V;43;V;41;V;34;V;36;V;44;V;38;V;39;V;41;V;44;V;38;V
28;079;38;10;28079038_10_47;2026;04;24;31;V;29;V;26;V;20;V;17;V;19;V;12;V;14;V;25;V;19;V;20;V;20;V;23;V;27;V;30;V;33;V;30;V;33;V;30;V;29;V;32;V;35;V;31;V;33;V
28;079;38;10;28079038_10_47;2026;04;25;35;V;26;V;25;V;22;V;22;V;17;V;17;V;16;V;21;V;21;V;23;V;19;V;18;V;22;V;26;V;25;V;24;V;30;V;21;V;0;N;16;V;31;V;24;V;18;V
28;079;38;10;28079038_10_47;2026;04;26;18;V;12;V;8;V;8;V;9;V;10;V;13;V;10;V;9;V;14;V;18;V;16;V;19;V;27;V;32;V;35;V;31;V;21;V;17;V;37;V;24;V;0;N;16;V;16;V
28;079;38;10;28079038_10_47;2026;04;27;21;V;22;V;29;V;0;N;0;N;14;V;20;V;25;V;19;V;25;V;26;V;36;V;14;V;19;V;26;V;28;V;17;V;13;V;11;V;11;V;10;V;11;V;18;V;16;V
28;079;38;10;28079038_10_47;2026;04;28;17;V;18;V;13;V;16;V;8;V;0;N;12;V;21;V;27;V;26;V;23;V;27;V;20;V;15;V;17;V;22;V;26;V;24;V;25;V;16;V;25;V;25;V;20;V;16;V
28;079;38;10;28079038_10_47;2026;04;29;17;V;17;V;17;V;18;V;19;V;21;V;19;V;18;V;25;V;17;V;18;V;17;V;17;V;21;V;21;V;27;V;31;V;44;V;37;V;29;V;24;V;15;V;9;V;13;V
28;079;38;10;28079038_10_47;2026;04;30;9;V;6;V;11;V;11;V;5;V;5;V;9;V;10;V;13;V;22;V;27;V;30;V;16;V;21;V;15;V;23;V;16;V;17;V;13;V;17;V;18;V;13;V;14;V;20;V
28;079;38;10;28079038_10_47;2026;05;01;21;V;19;V;21;V;19;V;18;V;14;V;14;V;12;V;16;V;18;V;17;V;25;V;28;V;30;V;14;V;14;V;0;N;6;V;22;V;9;V;12;V;18;V;20;V;0;N
28;079;38;10;28079038_10_47;2026;05;02;11;V;13;V;12;V;16;V;15;V;17;V;19;V;15;V;13;V;7;V;15;V;17;V;23;V;27;V;19;V;17;V;23;V;35;V;18;V;14;V;15;V;8;V;16;V;18;V
28;079;38;10;28079038_10_47;2026;05;03;16;V;17;V;17;V;23;V;15;V;14;V;15;V;17;V;15;V;11;V;13;V;13;V;9;V;0;N;3;V;14;V;11;V;25;V;13;V;20;V;8;V;8;V;9;V;8;V
28;079;38;10;28079038_10_47;2026;05;04;12;V;12;V;8;V;5;V;3;V;7;V;5;V;6;V;14;V;12;V;13;V;10;V;8;V;14;V;11;V;8;V;14;V;11;V;3;V;3;V;5;V;7;V;7;V;4;V
28;079;38;10;28079038_10_47;2026;05;05;5;V;8;V;6;V;9;V;4;V;4;V;3;V;5;V;5;V;10;V;15;V;11;V;8;V;0;V;11;V;9;V;20;V;9;V;6;V;7;V;6;V;7;V;6;V;6;V
28;079;38;10;28079038_10_47;2026;05;06;8;V;5;V;6;V;7;V;5;V;10;V;8;V;8;V;17;V;16;V;13;V;10;V;14;V;9;V;8;V;11;V;16;V;15;V;15;V;13;V;9;V;9;V;0;N;16;V
28;079;38;10;28079038_10_47;2026;05;07;7;V;5;V;4;V;6;V;7;V;6;V;10;V;12;V;18;V;0;N;0;N;0;N;0;N;0;N;0;N;0;N;0;N;0;N;0;N;0;N;0;N;0;N;0;N;0;N
28;079;38;12;28079038_12_8;2026;04;07;9;V;7;V;6;V;9;V;10;V;10;V;14;V;43;V;75;V;61;V;50;V;34;V;40;V;28;V;27;V;21;V;21;V;30;V;21;V;32;V;30;V;36;V;31;V;50;V
28;079;38;12;28079038_12_8;2026;04;08;18;V;11;V;10;V;14;V;4;V;7;V;9;V;20;V;91;V;103;V;71;V;49;V;35;V;20;V;21;V;15;V;19;V;13;V;15;V;20;V;15;V;12;V;9;V;7;V
28;079;38;12;28079038_12_8;2026;04;09;6;V;10;V;20;V;11;V;8;V;9;V;17;V;29;V;68;V;97;V;56;V;80;V;45;V;23;V;22;V;21;V;31;V;29;V;35;V;46;V;102;V;119;V;89;V;43;V
28;079;38;12;28079038_12_8;2026;04;10;23;V;14;V;7;V;4;V;5;V;9;V;18;V;31;V;76;V;61;V;68;V;60;V;37;V;24;V;20;V;23;V;31;V;19;V;25;V;20;V;20;V;39;V;51;V;27;V
28;079;38;12;28079038_12_8;2026;04;11;30;V;27;V;20;V;29;V;29;V;26;V;34;V;25;V;71;V;66;V;35;V;32;V;23;V;28;V;39;V;32;V;26;V;15;V;20;V;27;V;32;V;25;V;10;V;10;V
28;079;38;12;28079038_12_8;2026;04;12;16;V;9;V;7;V;4;V;3;V;3;V;3;V;5;V;14;V;16;V;19;V;21;V;21;V;23;V;26;V;16;V;15;V;14;V;17;V;21;V;26;V;21;V;17;V;11;V
28;079;38;12;28079038_12_8;2026;04;13;6;V;4;V;3;V;4;V;4;V;7;V;18;V;56;V;79;V;98;V;26;V;19;V;15;V;12;V;13;V;16;V;19;V;19;V;21;V;25;V;36;V;31;V;30;V;17;V
28;079;38;12;28079038_12_8;2026;04;14;7;V;3;V;4;V;4;V;4;V;7;V;19;V;71;V;91;V;91;V;38;V;20;V;19;V;17;V;20;V;15;V;17;V;14;V;24;V;38;V;38;V;36;V;25;V;29;V
28;079;38;12;28079038_12_8;2026;04;15;28;V;26;V;27;V;21;V;34;V;33;V;31;V;58;V;94;V;101;V;121;V;78;V;53;V;30;V;13;V;11;V;16;V;14;V;13;V;15;V;17;V;16;V;19;V;29;V
28;079;38;12;28079038_12_8;2026;04;16;41;V;43;V;54;V;41;V;28;V;16;V;28;V;62;V;121;V;90;V;52;V;37;V;35;V;27;V;27;V;16;V;16;V;18;V;12;V;15;V;28;V;31;V;43;V;31;V
28;079;38;12;28079038_12_8;2026;04;17;23;V;50;V;58;V;46;V;29;V;17;V;27;V;61;V;129;V;81;V;52;V;60;V;62;V;42;V;29;V;15;V;25;V;20;V;13;V;22;V;22;V;43;V;35;V;43;V
28;079;38;12;28079038_12_8;2026;04;18;63;V;64;V;68;V;80;V;58;V;29;V;21;V;27;V;37;V;39;V;25;V;30;V;33;V;24;V;17;V;11;V;9;V;9;V;12;V;18;V;30;V;38;V;39;V;29;V
28;079;38;12;28079038_12_8;2026;04;19;12;V;10;V;7;V;7;V;9;V;9;V;13;V;15;V;13;V;11;V;15;V;14;V;14;V;15;V;13;V;9;V;10;V;11;V;12;V;17;V;22;V;33;V;38;V;18;V
28;079;38;12;28079038_12_8;2026;04;20;14;V;13;V;12;V;35;V;17;V;15;V;48;V;97;V;143;V;0;N;0;N;0;N;36;V;36;V;21;V;15;V;22;V;17;V;19;V;19;V;25;V;32;V;30;V;26;V
28;079;38;12;28079038_12_8;2026;04;21;27;V;27;V;32;V;20;V;18;V;18;V;25;V;54;V;109;V;104;V;61;V;42;V;42;V;39;V;26;V;18;V;19;V;35;V;24;V;39;V;56;V;64;V;62;V;60;V
28;079;38;12;28079038_12_8;2026;04;22;44;V;24;V;26;V;17;V;8;V;9;V;18;V;24;V;48;V;45;V;23;V;16;V;17;V;12;V;11;V;10;V;14;V;16;V;17;V;18;V;23;V;40;V;48;V;36;V
28;079;38;12;28079038_12_8;2026;04;23;31;V;31;V;17;V;11;V;10;V;11;V;16;V;42;V;73;V;44;V;35;V;50;V;36;V;24;V;18;V;16;V;14;V;18;V;17;V;17;V;18;V;9;V;7;V;8;V
28;079;38;12;28079038_12_8;2026;04;24;7;V;4;V;4;V;3;V;3;V;4;V;12;V;34;V;54;V;33;V;39;V;32;V;34;V;28;V;28;V;24;V;26;V;33;V;27;V;45;V;40;V;43;V;33;V;28;V
28;079;38;12;28079038_12_8;2026;04;25;17;V;13;V;9;V;6;V;7;V;9;V;7;V;11;V;27;V;29;V;27;V;19;V;19;V;13;V;14;V;8;V;8;V;11;V;20;V;49;V;68;V;18;V;15;V;15;V
28;079;38;12;28079038_12_8;2026;04;26;15;V;9;V;5;V;6;V;8;V;7;V;12;V;9;V;14;V;18;V;15;V;15;V;13;V;12;V;5;V;6;V;8;V;9;V;13;V;14;V;19;V;18;V;22;V;20;V
28;079;38;12;28079038_12_8;2026;04;27;11;V;9;V;8;V;8;V;7;V;14;V;24;V;93;V;115;V;74;V;52;V;38;V;28;V;20;V;12;V;13;V;14;V;11;V;11;V;11;V;16;V;28;V;21;V;14;V
28;079;38;12;28079038_12_8;2026;04;28;5;V;6;V;4;V;6;V;5;V;8;V;14;V;31;V;85;V;68;V;45;V;25;V;20;V;12;V;11;V;13;V;14;V;17;V;21;V;18;V;16;V;15;V;11;V;8;V
28;079;38;12;28079038_12_8;2026;04;29;7;V;7;V;6;V;7;V;9;V;9;V;10;V;37;V;40;V;36;V;26;V;16;V;20;V;15;V;14;V;11;V;11;V;10;V;11;V;11;V;15;V;9;V;10;V;8;V
28;079;38;12;28079038_12_8;2026;04;30;10;V;4;V;3;V;3;V;2;V;2;V;7;V;22;V;47;V;63;V;50;V;46;V;16;V;16;V;14;V;19;V;18;V;18;V;17;V;23;V;26;V;45;V;37;V;28;V
28;079;38;12;28079038_12_8;2026;05;01;40;V;41;V;26;V;15;V;11;V;8;V;11;V;14;V;29;V;21;V;28;V;28;V;19;V;8;V;7;V;6;V;9;V;7;V;8;V;13;V;13;V;15;V;19;V;6;V
28;079;38;12;28079038_12_8;2026;05;02;6;V;3;V;5;V;4;V;4;V;5;V;6;V;7;V;7;V;13;V;13;V;11;V;9;V;7;V;14;V;10;V;7;V;8;V;11;V;12;V;13;V;13;V;23;V;25;V
28;079;38;12;28079038_12_8;2026;05;03;25;V;28;V;30;V;25;V;27;V;17;V;17;V;13;V;15;V;15;V;12;V;11;V;7;V;8;V;9;V;5;V;6;V;9;V;6;V;9;V;10;V;15;V;13;V;11;V
28;079;38;12;28079038_12_8;2026;05;04;7;V;8;V;5;V;5;V;5;V;5;V;8;V;31;V;53;V;55;V;26;V;0;N;0;N;0;N;8;V;10;V;8;V;10;V;18;V;16;V;19;V;27;V;16;V;13;V
28;079;38;12;28079038_12_8;2026;05;05;8;V;3;V;2;V;1;V;3;V;3;V;13;V;25;V;57;V;71;V;32;V;17;V;13;V;14;V;11;V;10;V;20;V;16;V;19;V;22;V;24;V;20;V;19;V;18;V
28;079;38;12;28079038_12_8;2026;05;06;13;V;8;V;5;V;8;V;9;V;11;V;20;V;52;V;76;V;65;V;37;V;29;V;18;V;16;V;18;V;22;V;27;V;20;V;19;V;20;V;21;V;27;V;48;V;52;V
28;079;38;12;28079038_12_8;2026;05;07;35;V;15;V;5;V;5;V;6;V;6;V;14;V;34;V;70;V;0;N;0;N;0;N;0;N;0;N;0;N;0;N;0;N;0;N;0;N;0;N;0;N;0;N;0;N;0;N
28;079;38;20;28079038_20_59;2026;04;07;0.8;V;0.7;V;1.3;V;1.3;V;1.1;V;1.2;V;1.2;V;1.1;V;1.9;V;4.8;V;2.8;V;0;N;0;N;2.6;V;2;V;2;V;1.5;V;1.6;V;1.9;V;1.8;V;1.7;V;2;V;2.5;V;3.1;V
28;079;38;20;28079038_20_59;2026;04;08;3.4;V;1.7;V;1.5;V;1.5;V;1.5;V;0.7;V;0.8;V;1;V;1.7;V;5.2;V;4.5;V;3.2;V;2.7;V;1.8;V;1.5;V;1.5;V;0.9;V;1.4;V;0.8;V;1;V;1.1;V;0.9;V;0.7;V;0.5;V
28;079;38;20;28079038_20_59;2026;04;09;0.6;V;0.5;V;2;V;1.5;V;1.3;V;1;V;0.8;V;1.2;V;1.7;V;3.6;V;6.8;V;5.9;V;7.2;V;3.7;V;2.6;V;2.1;V;2.2;V;2.3;V;2.7;V;2.7;V;4;V;6.1;V;7.6;V;6.1;V
28;079;38;20;28079038_20_59;2026;04;10;4;V;2.9;V;2.2;V;1.5;V;1.3;V;1.6;V;1.6;V;1.4;V;1.9;V;3.5;V;3.7;V;4;V;3.6;V;3.1;V;2.4;V;1.8;V;1.9;V;2.8;V;8.5;V;2.8;V;5.5;V;3.1;V;3.3;V;3.6;V
28;079;38;20;28079038_20_59;2026;04;11;2.4;V;2.9;V;2.8;V;2.2;V;3;V;3.2;V;2.9;V;3.5;V;0;N;4;V;3;V;2.9;V;2.7;V;2.1;V;1.9;V;2.3;V;2.6;V;1.4;V;1;V;1.2;V;1.6;V;1.4;V;1.6;V;1.2;V
28;079;38;20;28079038_20_59;2026;04;12;1.1;V;1;V;0.9;V;0.8;V;0.7;V;0.6;V;0.6;V;0.5;V;0.6;V;0.7;V;0.7;V;1.1;V;1.1;V;0;N;0;N;0;N;0;N;0;N;0;N;0;N;0;N;0;N;3.8;V;1.7;V
28;079;38;20;28079038_20_59;2026;04;13;1.5;V;1.8;V;1.6;V;0.8;V;0.5;V;0.9;V;0.7;V;0.9;V;2;V;2.8;V;2.2;V;1.2;V;1.1;V;0.7;V;0.8;V;0.8;V;0.9;V;0.9;V;1;V;1;V;1.2;V;5.7;V;3.9;V;1.5;V
28;079;38;20;28079038_20_59;2026;04;14;0.9;V;0.5;V;0.5;V;0.5;V;0.5;V;0.4;V;0.6;V;1;V;3.2;V;3.1;V;3.2;V;1.9;V;1.9;V;1.2;V;1.1;V;1;V;1.1;V;1.7;V;1;V;1.6;V;2;V;2.3;V;2.2;V;0;N
28;079;38;20;28079038_20_59;2026;04;15;2.6;V;3.1;V;3;V;2.1;V;2.9;V;3.7;V;3.4;V;2.8;V;3.2;V;5.8;V;6.3;V;7.9;V;4.8;V;0;N;2.5;V;2.5;V;1.6;V;1.5;V;1.3;V;2.2;V;1.8;V;1.9;V;1.3;V;2;V
28;079;38;20;28079038_20_59;2026;04;16;2.2;V;3.3;V;0;N;8.5;V;6.2;V;3.1;V;2.3;V;2.7;V;7.3;V;5.7;V;4.2;V;0;N;0;N;0;N;0;N;2.3;V;1.7;V;1.9;V;1.4;V;1.6;V;1.3;V;1.8;V;2.5;V;2.9;V
28;079;38;20;28079038_20_59;2026;04;17;2.6;V;3.2;V;4.5;V;6;V;5.1;V;4.1;V;3;V;3;V;4.9;V;6.2;V;4.7;V;4.5;V;6.4;V;5.6;V;3.8;V;3;V;1.6;V;1.5;V;1.5;V;1.4;V;1.7;V;1.9;V;2.6;V;2.3;V
28;079;38;20;28079038_20_59;2026;04;18;2.4;V;3.8;V;7;V;6.7;V;6.1;V;5.3;V;3.7;V;2.9;V;3.1;V;3.3;V;2.5;V;2.5;V;3.2;V;2.8;V;1.9;V;1.4;V;1.1;V;0.9;V;0.9;V;0.7;V;0.9;V;1.7;V;1.9;V;2.7;V
28;079;38;20;28079038_20_59;2026;04;19;2.3;V;1.5;V;1.4;V;0.9;V;1;V;1.3;V;1.8;V;1.8;V;1.5;V;1.3;V;1.3;V;1.3;V;2.5;V;1.4;V;1.2;V;0.8;V;0.8;V;0.7;V;0.7;V;0.7;V;1.1;V;1.6;V;1.6;V;1.6;V
28;079;38;20;28079038_20_59;2026;04;20;1.2;V;0.9;V;1.2;V;2.1;V;3.3;V;1.9;V;2.6;V;0;N;0;N;0;N;0;N;0;N;0;N;3.7;V;2.6;V;1.7;V;1.7;V;1.5;V;1.8;V;1.4;V;1.6;V;1.7;V;0;N;2.4;V
28;079;38;20;28079038_20_59;2026;04;21;2.1;V;0;N;0;N;0;N;0;N;4.1;V;2.8;V;2.6;V;6;V;10.5;V;7.4;V;4.4;V;4;V;4.2;V;3.9;V;2.9;V;2.5;V;2.6;V;3.2;V;2.5;V;3.2;V;5.3;V;4.5;V;4;V
28;079;38;20;28079038_20_59;2026;04;22;4;V;3.5;V;3.7;V;4;V;3.3;V;2.4;V;1.5;V;1.4;V;2.7;V;3.3;V;5.2;V;1.7;V;1.4;V;2;V;1.4;V;1.1;V;1.1;V;1.3;V;1.6;V;1.5;V;1.4;V;2.2;V;2.5;V;3;V
28;079;38;20;28079038_20_59;2026;04;23;3.2;V;4;V;5.1;V;2.3;V;1.9;V;2.2;V;1.8;V;2;V;3.1;V;3.9;V;3.7;V;2.8;V;2.6;V;2.8;V;2.6;V;2;V;1.8;V;1.6;V;1.5;V;1.7;V;1.8;V;1.7;V;1.4;V;1.1;V
28;079;38;20;28079038_20_59;2026;04;24;1;V;0.9;V;0.9;V;0.8;V;0.7;V;0.7;V;0.9;V;1.2;V;1.8;V;2.5;V;3;V;2.2;V;2.1;V;2.8;V;5;V;2.8;V;2.2;V;2.1;V;3.4;V;2.6;V;3.5;V;2.9;V;2.9;V;2.5;V
28;079;38;20;28079038_20_59;2026;04;25;2.3;V;2.1;V;2;V;1.2;V;0.9;V;1;V;1.1;V;1;V;1.3;V;1.6;V;1.9;V;1.6;V;1.7;V;1.5;V;1.1;V;1.1;V;0.8;V;0.7;V;0.6;V;1.6;V;2.4;V;3.1;V;1.6;V;1.2;V
28;079;38;20;28079038_20_59;2026;04;26;1.3;V;1.1;V;1;V;0.8;V;0.9;V;0.9;V;1;V;1.1;V;1.3;V;1.8;V;1;V;1.2;V;1.2;V;1.3;V;0.9;V;0.6;V;0.6;V;0.7;V;0.8;V;0.7;V;1;V;1.2;V;1.4;V;1.3;V
28;079;38;20;28079038_20_59;2026;04;27;1.1;V;1;V;1.1;V;1.1;V;0.9;V;1;V;2.4;V;4.7;V;6.7;V;5.7;V;4.1;V;4.2;V;4.2;V;2.2;V;1.8;V;1.4;V;1.2;V;1.1;V;1.1;V;1.1;V;1.1;V;2.1;V;2.7;V;2.1;V
28;079;38;20;28079038_20_59;2026;04;28;1.1;V;0.7;V;1;V;0.9;V;1;V;1.1;V;1.2;V;1.3;V;2.7;V;3.3;V;3.8;V;2.5;V;2;V;1.7;V;1.8;V;1.7;V;1.3;V;1.3;V;1.6;V;2;V;1.6;V;1.6;V;1.5;V;1.1;V
28;079;38;20;28079038_20_59;2026;04;29;0.8;V;1.3;V;1.1;V;0.9;V;1.3;V;1.4;V;1.4;V;1.6;V;2.1;V;2.1;V;2.6;V;2.5;V;2.5;V;2.2;V;2.2;V;1.8;V;1.7;V;1.7;V;1.5;V;1.2;V;1;V;1.1;V;1;V;0.8;V
28;079;38;20;28079038_20_59;2026;04;30;1.1;V;0.9;V;0.6;V;0.5;V;0.6;V;1;V;1.1;V;0.8;V;1.5;V;3.9;V;3.4;V;3.3;V;3.3;V;1.7;V;1.4;V;1.3;V;1.6;V;1.6;V;1.6;V;1.3;V;1.5;V;1.5;V;2.1;V;2;V
28;079;38;20;28079038_20_59;2026;05;01;2.5;V;3.4;V;0;N;2.5;V;1.9;V;1.5;V;1.3;V;1.2;V;1.2;V;1.2;V;1.2;V;1.9;V;2.1;V;1.3;V;0.9;V;0.8;V;0.7;V;0.8;V;0.7;V;0.6;V;0.7;V;1;V;1.3;V;1.2;V
28;079;38;20;28079038_20_59;2026;05;02;0.6;V;0.6;V;0.5;V;0.5;V;0.4;V;0.5;V;0.5;V;0.6;V;0.6;V;0.7;V;0.9;V;1.1;V;0.9;V;0.8;V;0.9;V;0.8;V;0.7;V;0.8;V;0.5;V;0.5;V;0.6;V;0.7;V;0.9;V;1.7;V
28;079;38;20;28079038_20_59;2026;05;03;1.8;V;1.8;V;2.2;V;2.5;V;2.7;V;2.9;V;2;V;1.8;V;1.5;V;1.1;V;0.9;V;1;V;0.9;V;0.8;V;0.6;V;0.6;V;0.4;V;0.5;V;0.4;V;0.5;V;0.5;V;0.6;V;0.8;V;0.7;V
28;079;38;20;28079038_20_59;2026;05;04;0.7;V;0.5;V;0.5;V;0.5;V;0.4;V;0.5;V;0.9;V;0.7;V;0;N;0;N;0;N;0;N;0;N;1.2;V;1;V;0.8;V;0.8;V;1.1;V;0.8;V;0.8;V;1;V;1.1;V;1.2;V;1.1;V
28;079;38;20;28079038_20_59;2026;05;05;0.9;V;0.5;V;0.4;V;0.3;V;0.3;V;0.3;V;0.5;V;0.7;V;1.1;V;2.4;V;2.4;V;1;V;1;V;0.9;V;0.7;V;1;V;0.8;V;0.7;V;1.1;V;1.3;V;1.3;V;1.4;V;1.1;V;1;V
28;079;38;20;28079038_20_59;2026;05;06;1.4;V;1.6;V;1.2;V;2.4;V;1.5;V;0.8;V;0.8;V;1.2;V;2.5;V;3.4;V;3.7;V;1.8;V;2.1;V;1.7;V;1.9;V;1.8;V;2.3;V;2.2;V;2;V;2.4;V;1.9;V;2.1;V;2.2;V;2.8;V
28;079;38;20;28079038_20_59;2026;05;07;2.8;V;2.3;V;1.4;V;0.9;V;0.8;V;1.1;V;1;V;1.3;V;2.1;V;0;N;0;N;0;N;0;N;0;N;0;N;0;N;0;N;0;N;0;N;0;N;0;N;0;N;0;N;0;N
28;079;38;30;28079038_30_59;2026;04;07;0.4;V;0.3;V;0.4;V;0.2;V;0.4;V;0.3;V;0.3;V;0.4;V;0.7;V;1.4;V;0.7;V;0;N;0;N;0.6;V;0.6;V;0.5;V;0.5;V;0.5;V;0.6;V;0.6;V;0.6;V;0.7;V;0.7;V;0.7;V
28;079;38;30;28079038_30_59;2026;04;08;0.8;V;0.5;V;0.5;V;0.4;V;0.5;V;0.2;V;0.3;V;0.3;V;0.4;V;1.3;V;1;V;0.6;V;0.7;V;0.5;V;0.5;V;0.6;V;0.4;V;0.5;V;0.4;V;0.6;V;0.5;V;0.4;V;0.4;V;0.3;V
28;079;38;30;28079038_30_59;2026;04;09;0.3;V;0.3;V;0.3;V;0.4;V;0.4;V;0.4;V;0.3;V;0.4;V;0.6;V;1;V;1.6;V;1;V;1.1;V;0.7;V;0.6;V;0.6;V;0.5;V;0.6;V;0.6;V;0.6;V;0.9;V;1.5;V;1.8;V;1.4;V
28;079;38;30;28079038_30_59;2026;04;10;0.9;V;0.6;V;0.4;V;0.3;V;0.3;V;0.4;V;0.3;V;0.5;V;0.6;V;0.9;V;0.7;V;0.8;V;0.7;V;0.6;V;0.6;V;0.5;V;0.5;V;0.5;V;0.5;V;0.5;V;0.5;V;0.6;V;0.7;V;0.8;V
28;079;38;30;28079038_30_59;2026;04;11;0.7;V;0.6;V;0.7;V;0.5;V;0.6;V;0.6;V;0.7;V;0.7;V;0;N;0.8;V;0.6;V;0.6;V;0.6;V;0.5;V;0.6;V;0.6;V;0.6;V;0.6;V;0.4;V;0.4;V;0.7;V;0.6;V;0.7;V;0.4;V
28;079;38;30;28079038_30_59;2026;04;12;0.4;V;0.4;V;0.4;V;0.4;V;0.3;V;0.3;V;0.3;V;0.3;V;0.3;V;0.3;V;0.3;V;0.5;V;0.5;V;0;N;0;N;0;N;0;N;0;N;0;N;0;N;0;N;0;N;0.6;V;0.5;V
28;079;38;30;28079038_30_59;2026;04;13;0.3;V;0.3;V;0.2;V;0.3;V;0.3;V;0.3;V;0.3;V;0.4;V;0.8;V;1.2;V;0.8;V;0.5;V;0.5;V;0.4;V;0.5;V;0.5;V;0.4;V;0.4;V;0.5;V;0.5;V;0.5;V;0.7;V;0.7;V;0.5;V
28;079;38;30;28079038_30_59;2026;04;14;0.4;V;0.3;V;0.3;V;0.3;V;0.4;V;0.3;V;0.4;V;0.4;V;1;V;1.1;V;1;V;0.6;V;0.5;V;0.4;V;0.5;V;0.4;V;0.4;V;0.5;V;0.4;V;0.6;V;0.6;V;0.7;V;0.6;V;0;N
28;079;38;30;28079038_30_59;2026;04;15;0.7;V;0.6;V;0.6;V;0.4;V;0.5;V;0.5;V;0.6;V;0.6;V;0.7;V;1.3;V;1.4;V;1.4;V;0.9;V;0;N;0.5;V;0.4;V;0.4;V;0.5;V;0.4;V;0.6;V;0.6;V;0.5;V;0.5;V;0.5;V
28;079;38;30;28079038_30_59;2026;04;16;0.6;V;0.7;V;0;N;1;V;0.7;V;0.5;V;0.4;V;0.5;V;1.3;V;1.5;V;1;V;0;N;0;N;0;N;0;N;0.4;V;0.4;V;0.5;V;0.4;V;0.5;V;0.5;V;0.7;V;0.7;V;0.6;V
28;079;38;30;28079038_30_59;2026;04;17;0.5;V;0.5;V;0.7;V;0.8;V;0.7;V;0.6;V;0.5;V;0.6;V;1;V;1.4;V;1;V;0.9;V;0.7;V;0.8;V;0.6;V;0.6;V;0.5;V;0.4;V;0.5;V;0.4;V;0.6;V;0.5;V;0.7;V;0.7;V
28;079;38;30;28079038_30_59;2026;04;18;0.7;V;1;V;1.3;V;1.1;V;1;V;0.9;V;0.6;V;0.6;V;0.6;V;0.6;V;0.7;V;0.6;V;0.7;V;0.5;V;0.6;V;0.4;V;0.4;V;0.3;V;0.4;V;0.3;V;0.4;V;0.6;V;0.6;V;0.7;V
28;079;38;30;28079038_30_59;2026;04;19;0.7;V;0.4;V;0.4;V;0.2;V;0.3;V;0.4;V;0.4;V;0.3;V;0.4;V;0.3;V;0.5;V;0.5;V;0.9;V;0.5;V;0.4;V;0.4;V;0.3;V;0.3;V;0.3;V;0.4;V;0.4;V;0.7;V;0.5;V;0.6;V
28;079;38;30;28079038_30_59;2026;04;20;0.4;V;0.3;V;0.3;V;0.5;V;0.5;V;0.3;V;0.5;V;0;N;0;N;0;N;0;N;0;N;0;N;0.7;V;0.6;V;0.5;V;0.5;V;0.4;V;0.4;V;0.4;V;0.5;V;0.5;V;0;N;0.7;V
28;079;38;30;28079038_30_59;2026;04;21;0.7;V;0;N;0;N;0;N;0;N;0.6;V;0.5;V;0.6;V;0.9;V;1.5;V;1.2;V;0.7;V;0.6;V;0.6;V;0.6;V;0.5;V;0.5;V;0.5;V;0.6;V;0.5;V;0.7;V;1.1;V;1;V;0.9;V
28;079;38;30;28079038_30_59;2026;04;22;0.8;V;0.6;V;0.7;V;0.6;V;0.5;V;0.4;V;0.4;V;0.5;V;0.7;V;0.9;V;0.6;V;0.4;V;0.5;V;0.5;V;0.4;V;0.4;V;0.3;V;0.4;V;0.5;V;0.5;V;0.4;V;0.7;V;0.7;V;0.8;V
28;079;38;30;28079038_30_59;2026;04;23;0.8;V;0.6;V;0.8;V;0.5;V;0.4;V;0.4;V;0.4;V;0.6;V;0.9;V;1;V;1;V;0.8;V;0.6;V;0.5;V;0.5;V;0.5;V;0.4;V;0.5;V;0.4;V;0.5;V;0.5;V;0.7;V;0.4;V;0.4;V
28;079;38;30;28079038_30_59;2026;04;24;0.4;V;0.3;V;0.3;V;0.3;V;0.3;V;0.3;V;0.4;V;0.5;V;0.6;V;0.7;V;0.6;V;0.6;V;0.6;V;0.7;V;0.6;V;0.7;V;0.6;V;0.6;V;0.7;V;0.6;V;0.6;V;0.8;V;0.7;V;0.7;V
28;079;38;30;28079038_30_59;2026;04;25;0.6;V;0.5;V;0.4;V;0.3;V;0.4;V;0.3;V;0.3;V;0.3;V;0.4;V;0.5;V;0.6;V;0.5;V;0.6;V;0.5;V;0.3;V;0.4;V;0.3;V;0.3;V;0.4;V;0.5;V;0.6;V;0.9;V;0.5;V;0.4;V
28;079;38;30;28079038_30_59;2026;04;26;0.4;V;0.4;V;0.3;V;0.3;V;0.3;V;0.3;V;0.3;V;0.4;V;0.3;V;0.5;V;0.3;V;0.4;V;0.4;V;0.4;V;0.3;V;0.3;V;0.3;V;0.3;V;0.3;V;0.3;V;0.4;V;0.5;V;0.4;V;0.5;V
28;079;38;30;28079038_30_59;2026;04;27;0.3;V;0.3;V;0.3;V;0.3;V;0.2;V;0.2;V;0.4;V;0.5;V;1.5;V;1.4;V;0.9;V;0.7;V;0.5;V;0.5;V;0.4;V;0.4;V;0.3;V;0.3;V;0.3;V;0.3;V;0.3;V;0.5;V;0.6;V;0.5;V
28;079;38;30;28079038_30_59;2026;04;28;0.3;V;0.2;V;0.2;V;0.3;V;0.2;V;0.2;V;0.3;V;0.5;V;0.8;V;1;V;0.8;V;0.6;V;0.4;V;0.4;V;0.4;V;0.3;V;0.3;V;0.3;V;0.5;V;0.6;V;0.5;V;0.5;V;0.4;V;0.8;V
28;079;38;30;28079038_30_59;2026;04;29;0.3;V;0.2;V;0.4;V;0.2;V;0.3;V;0.3;V;0.4;V;0.4;V;0.6;V;0.6;V;0.6;V;0.4;V;0.5;V;0.4;V;0.3;V;0.4;V;0.4;V;0.4;V;0.5;V;0.4;V;0.4;V;0.4;V;0.4;V;0.4;V
28;079;38;30;28079038_30_59;2026;04;30;0.4;V;0.3;V;0.3;V;0.2;V;0.3;V;0.4;V;0.3;V;0.3;V;0.6;V;1;V;0.7;V;0.7;V;0.7;V;0.4;V;0.4;V;0.3;V;0.4;V;0.4;V;0.5;V;0.4;V;0.5;V;0.6;V;0.7;V;0.6;V
28;079;38;30;28079038_30_59;2026;05;01;0.6;V;0.7;V;0;N;0.5;V;0.4;V;0.3;V;0.3;V;0.3;V;0.3;V;0.3;V;0.5;V;0.6;V;0.5;V;0.3;V;0.3;V;0.3;V;0.3;V;0.3;V;0.3;V;0.3;V;0.3;V;0.3;V;0.4;V;0.4;V
28;079;38;30;28079038_30_59;2026;05;02;0.3;V;0.3;V;0.3;V;0.2;V;0.3;V;0.2;V;0.3;V;0.3;V;0.3;V;0.2;V;0.4;V;0.4;V;0.3;V;0.3;V;0.4;V;0.4;V;0.4;V;0.3;V;0.3;V;0.3;V;0.3;V;0.4;V;0.4;V;0.6;V
28;079;38;30;28079038_30_59;2026;05;03;0.5;V;0.6;V;0.6;V;0.6;V;0.6;V;0.7;V;0.6;V;0.5;V;0.5;V;0.4;V;0.2;V;0.4;V;0.4;V;0.2;V;0.3;V;0.2;V;0.2;V;0.3;V;0.2;V;0.2;V;0.2;V;0.3;V;0.3;V;0.3;V
28;079;38;30;28079038_30_59;2026;05;04;0.2;V;0.3;V;0.2;V;0.2;V;0.2;V;0.2;V;0.2;V;0.2;V;0;N;0;N;0;N;0;N;0;N;0.4;V;0.4;V;0.3;V;0.3;V;0.3;V;0.4;V;0.3;V;0.5;V;0.4;V;0.4;V;0.4;V
28;079;38;30;28079038_30_59;2026;05;05;0.4;V;0.2;V;0.2;V;0.2;V;0.2;V;0.2;V;0.2;V;0.4;V;0.4;V;0.8;V;0.8;V;0.3;V;0.5;V;0.4;V;0.3;V;0.4;V;0.2;V;0.3;V;0.5;V;0.6;V;0.4;V;0.5;V;0.5;V;0.4;V
28;079;38;30;28079038_30_59;2026;05;06;0.3;V;0.3;V;0.3;V;0.3;V;0.2;V;0.2;V;0.3;V;0.5;V;0.8;V;0.9;V;3.7;V;0.5;V;0.4;V;0.4;V;0.5;V;0.5;V;0.4;V;0.6;V;0.6;V;0.6;V;0.5;V;0.5;V;0.7;V;0.7;V
28;079;38;30;28079038_30_59;2026;05;07;0.6;V;0.5;V;0.2;V;0.2;V;0.2;V;0.2;V;0.3;V;0.4;V;0.8;V;0;N;0;N;0;N;0;N;0;N;0;N;0;N;0;N;0;N;0;N;0;N;0;N;0;N;0;N;0;N
28;079;38;35;28079038_35_59;2026;04;07;0;V;0;V;0.1;V;0;V;0.1;V;0;V;0.1;V;0.1;V;0.1;V;0.3;V;0.2;V;0;N;0;N;0.1;V;0.1;V;0;V;0.1;V;0;V;0.3;V;0.1;V;0.2;V;0.5;V;0.3;V;0.1;V
28;079;38;35;28079038_35_59;2026;04;08;0.4;V;0.2;V;0.1;V;0.1;V;0.6;V;0.1;V;0.1;V;0.1;V;0.2;V;0.7;V;0.4;V;0.2;V;0.2;V;0.1;V;0.1;V;0.3;V;0.1;V;0.2;V;0.2;V;0.2;V;0.1;V;0.1;V;0.1;V;0;V
28;079;38;35;28079038_35_59;2026;04;09;0;V;0.1;V;0.1;V;0;V;0.2;V;0.4;V;0.1;V;0.2;V;0.3;V;0.2;V;0.2;V;0;V;0.4;V;0.1;V;0.1;V;0.2;V;0.3;V;0;V;0.1;V;0.1;V;0;V;0.4;V;0;V;0.3;V
28;079;38;35;28079038_35_59;2026;04;10;0.1;V;0.1;V;0.1;V;0.1;V;0.1;V;0.1;V;0.1;V;0.2;V;0.2;V;0.2;V;0.3;V;0.2;V;0.3;V;0.2;V;0.2;V;0.2;V;0.1;V;0;V;0.2;V;0.1;V;0.1;V;0.1;V;0.1;V;0.2;V
28;079;38;35;28079038_35_59;2026;04;11;0;V;0.2;V;0.1;V;0.1;V;0.1;V;0.2;V;0.1;V;0.5;V;0;N;0.3;V;0.2;V;0.2;V;0.3;V;0.1;V;0.2;V;0.2;V;0.1;V;0.3;V;0.1;V;0.2;V;0.2;V;0.2;V;0.3;V;0.2;V
28;079;38;35;28079038_35_59;2026;04;12;0;V;0.1;V;0.1;V;0.1;V;0.1;V;0.1;V;0.1;V;0;V;0;V;0.1;V;0;V;0.2;V;0;V;0;N;0;N;0;N;0;N;0;N;0;N;0;N;0;N;0;N;0.2;V;0.2;V
28;079;38;35;28079038_35_59;2026;04;13;0.1;V;0.1;V;0;V;0.1;V;0;V;0;V;0;V;0.1;V;0.2;V;0.3;V;0.4;V;0;V;0;V;0.1;V;0.1;V;0.2;V;0.1;V;0.1;V;0.1;V;0.1;V;0.1;V;0.1;V;0.1;V;0.1;V
28;079;38;35;28079038_35_59;2026;04;14;0;V;0.2;V;0.1;V;0.1;V;0;V;0;V;0.1;V;0.1;V;0;V;0.4;V;0.5;V;0.1;V;0.1;V;0;V;0;V;0;V;0.2;V;0;V;0.1;V;0.1;V;0.1;V;0.3;V;0.2;V;0;N
28;079;38;35;28079038_35_59;2026;04;15;0.3;V;0.3;V;0.1;V;0.1;V;0.1;V;0.2;V;0.2;V;0.4;V;0.2;V;0.7;V;0.5;V;0;V;0.5;V;0;N;0;V;0.1;V;0.1;V;0.1;V;0.1;V;0.2;V;0.1;V;0.1;V;0.1;V;0.1;V
28;079;38;35;28079038_35_59;2026;04;16;0;V;0.3;V;0;N;0.5;V;0.5;V;0.3;V;0;V;0.1;V;0.2;V;0.1;V;0.2;V;0;N;0;N;0;N;0;N;0.3;V;0.1;V;0.1;V;0;V;0;V;0.1;V;0.1;V;0.1;V;0.2;V
28;079;38;35;28079038_35_59;2026;04;17;0.1;V;0.2;V;0.4;V;0.4;V;0.5;V;0.3;V;0.1;V;0.1;V;0.3;V;0.2;V;0;V;0;V;0.4;V;0.2;V;0.2;V;0.2;V;0.1;V;0.1;V;0.2;V;0.1;V;0;V;0.1;V;0.3;V;0.1;V
28;079;38;35;28079038_35_59;2026;04;18;0.1;V;0.3;V;0.3;V;0.4;V;0.1;V;0.3;V;0.1;V;0.2;V;0.3;V;0.2;V;0.2;V;0.1;V;0.1;V;0.1;V;0.1;V;0.1;V;0;V;0.1;V;0.1;V;0;V;0.1;V;0.1;V;0.1;V;0.2;V
28;079;38;35;28079038_35_59;2026;04;19;0;V;0.2;V;0;V;0;V;0.1;V;0;V;0.3;V;0.2;V;0.1;V;0;V;0.2;V;0.2;V;0;V;0;V;0.1;V;0.1;V;0;V;0;V;0.1;V;0;V;0;V;0.2;V;0.1;V;0.1;V
28;079;38;35;28079038_35_59;2026;04;20;0;V;0;V;0;V;0.2;V;0.2;V;0.1;V;0.1;V;0;N;0;N;0;N;0;N;0;N;0;N;0.5;V;0;V;0.2;V;0.2;V;0.1;V;0.3;V;0.1;V;0.3;V;0.1;V;0;N;0.4;V
28;079;38;35;28079038_35_59;2026;04;21;0.3;V;0;N;0;N;0;N;0;N;0;V;0.4;V;0.2;V;0.5;V;0.1;V;0.2;V;0;V;0.1;V;0.2;V;0.3;V;0.3;V;0.3;V;0.1;V;0;V;0.1;V;0.2;V;0.2;V;0.6;V;0.7;V
28;079;38;35;28079038_35_59;2026;04;22;0.6;V;0.5;V;0.5;V;0.4;V;0.2;V;0.2;V;0.1;V;0.1;V;0.3;V;0.2;V;0.2;V;0.1;V;0.1;V;0.1;V;0;V;0.1;V;0.1;V;0.1;V;0.1;V;0.1;V;0;V;0.4;V;0.1;V;0.3;V
28;079;38;35;28079038_35_59;2026;04;23;0.3;V;0.4;V;0.5;V;0.3;V;0.3;V;0.2;V;0.1;V;0.1;V;0.2;V;0.4;V;0.4;V;0.1;V;0.2;V;0.1;V;0;V;0.1;V;0.2;V;0.1;V;0.2;V;0.1;V;0.1;V;0.2;V;0.1;V;0.1;V
28;079;38;35;28079038_35_59;2026;04;24;0.1;V;0;V;0;V;0.1;V;0;V;0.1;V;0.1;V;0.1;V;0.3;V;0.2;V;0;V;0.1;V;0.2;V;0.1;V;0.1;V;0.1;V;0.2;V;0.1;V;0.4;V;0.1;V;0.1;V;0.3;V;0.2;V;0.1;V
28;079;38;35;28079038_35_59;2026;04;25;0.2;V;0.1;V;0.1;V;0.1;V;0.1;V;0;V;0.1;V;0.1;V;0;V;0;V;0.2;V;0.1;V;0.1;V;0.1;V;0.1;V;0.1;V;0.1;V;0.1;V;0.1;V;0.1;V;0.3;V;0.2;V;0.2;V;0.1;V
28;079;38;35;28079038_35_59;2026;04;26;0.1;V;0.1;V;0.1;V;0.1;V;0.2;V;0.1;V;0;V;0.2;V;0;V;0.1;V;0.1;V;0.1;V;0;V;0;V;0;V;0.1;V;0;V;0.1;V;0;V;0;V;0.1;V;0.2;V;0;V;0.1;V
28;079;38;35;28079038_35_59;2026;04;27;0.1;V;0;V;0.1;V;0.1;V;0.1;V;0;V;0.2;V;0.2;V;0.3;V;0.2;V;0.3;V;0.2;V;0.1;V;0.1;V;0;V;0.1;V;0.1;V;0.1;V;0.1;V;0.1;V;0.1;V;0;V;0.2;V;0.1;V
28;079;38;35;28079038_35_59;2026;04;28;0.1;V;0;V;0;V;0.2;V;0;V;0;V;0;V;0.2;V;0.1;V;0;V;0.5;V;0.2;V;0.2;V;0.1;V;0.1;V;0.1;V;0.1;V;0.1;V;0.1;V;0.1;V;0.1;V;0.1;V;0.1;V;0.1;V
28;079;38;35;28079038_35_59;2026;04;29;0.1;V;0;V;0.2;V;0.1;V;0.1;V;0.2;V;0.2;V;0.1;V;0.2;V;0.1;V;0.2;V;0.2;V;0.1;V;0.1;V;0.1;V;0.2;V;0.1;V;0.2;V;0.5;V;0.2;V;0.1;V;0.2;V;0.1;V;0.1;V
28;079;38;35;28079038_35_59;2026;04;30;0.1;V;0;V;0.1;V;0;V;0.1;V;0.1;V;0.2;V;0.2;V;0.1;V;0.1;V;0.3;V;0.1;V;0.4;V;0.1;V;0;V;0.1;V;0;V;0.2;V;0.2;V;0.2;V;0.3;V;0.3;V;0.1;V;0.2;V
28;079;38;35;28079038_35_59;2026;05;01;0.1;V;0.3;V;0;N;0.3;V;0.1;V;0;V;0.1;V;0.1;V;0.1;V;0.1;V;0;V;0.1;V;0.1;V;0.1;V;0;V;0.1;V;0.1;V;0;V;0.1;V;0.1;V;0.1;V;0;V;0.1;V;0;V
28;079;38;35;28079038_35_59;2026;05;02;0.1;V;0;V;0;V;0.1;V;0;V;0;V;0;V;0.1;V;0;V;0.1;V;0.2;V;0;V;0.1;V;0;V;0.1;V;0.1;V;0.1;V;0.1;V;0.1;V;0.1;V;0.1;V;0.1;V;0.1;V;0.2;V
28;079;38;35;28079038_35_59;2026;05;03;0.2;V;0.3;V;0.2;V;0.3;V;0.3;V;0.4;V;0.4;V;0.2;V;0.2;V;0.1;V;0;V;0.1;V;0.3;V;0;V;0.1;V;0.1;V;0;V;0.1;V;0.1;V;0.1;V;0;V;0.2;V;0.1;V;0.1;V
28;079;38;35;28079038_35_59;2026;05;04;0;V;0.1;V;0.1;V;0;V;0.1;V;0.2;V;0.1;V;0;V;0;N;0;N;0;N;0;N;0;N;0.1;V;0.1;V;0.2;V;0.1;V;0.2;V;0.1;V;0.2;V;0.1;V;0.1;V;0.2;V;0.1;V
28;079;38;35;28079038_35_59;2026;05;05;0.1;V;0.1;V;0;V;0.1;V;0.1;V;0;V;0.1;V;0.2;V;0.1;V;0.1;V;0.3;V;0.1;V;0.1;V;0.1;V;0.1;V;0.1;V;0;V;0.1;V;0.2;V;0.2;V;0;V;0.1;V;0.2;V;0;V
28;079;38;35;28079038_35_59;2026;05;06;0.1;V;0.1;V;0;V;0.2;V;0.1;V;0;V;0.2;V;0.2;V;0.2;V;0.6;V;0.3;V;0.1;V;0.1;V;0.1;V;0.2;V;0.1;V;0.2;V;0.2;V;0.2;V;0.2;V;0.2;V;0.4;V;0.5;V;0.6;V
28;079;38;35;28079038_35_59;2026;05;07;0.3;V;0.3;V;0.2;V;0.2;V;0.1;V;0.1;V;0.2;V;0.3;V;0.3;V;0;N;0;N;0;N;0;N;0;N;0;N;0;N;0;N;0;N;0;N;0;N;0;N;0;N;0;N;0;N
28;079;38;7;28079038_7_8;2026;04;07;0;V;0;V;0;V;0;V;0;V;0;V;0;V;4;V;17;V;14;V;11;V;6;V;9;V;5;V;4;V;4;V;4;V;6;V;3;V;7;V;6;V;4;V;3;V;5;V
28;079;38;7;28079038_7_8;2026;04;08;1;V;0;V;0;V;0;V;0;V;0;V;0;V;2;V;25;V;27;V;17;V;10;V;9;V;5;V;6;V;4;V;6;V;3;V;3;V;5;V;3;V;1;V;1;V;0;V
28;079;38;7;28079038_7_8;2026;04;09;0;V;0;V;0;V;0;V;0;V;0;V;1;V;3;V;16;V;30;V;14;V;23;V;11;V;5;V;5;V;4;V;6;V;5;V;6;V;6;V;14;V;15;V;7;V;4;V
28;079;38;7;28079038_7_8;2026;04;10;2;V;0;V;0;V;0;V;0;V;0;V;2;V;3;V;18;V;14;V;17;V;17;V;9;V;4;V;4;V;5;V;11;V;3;V;5;V;3;V;1;V;1;V;1;V;1;V
28;079;38;7;28079038_7_8;2026;04;11;1;V;0;V;0;V;0;V;0;V;1;V;2;V;1;V;11;V;13;V;5;V;5;V;3;V;4;V;7;V;4;V;4;V;3;V;4;V;5;V;6;V;3;V;1;V;1;V
28;079;38;7;28079038_7_8;2026;04;12;3;V;1;V;1;V;0;V;0;V;0;V;0;V;0;V;3;V;3;V;4;V;6;V;5;V;6;V;6;V;3;V;3;V;3;V;3;V;3;V;4;V;3;V;2;V;1;V
28;079;38;7;28079038_7_8;2026;04;13;1;V;0;V;0;V;1;V;0;V;1;V;3;V;12;V;23;V;32;V;7;V;6;V;5;V;3;V;4;V;5;V;5;V;5;V;5;V;5;V;6;V;4;V;4;V;2;V
28;079;38;7;28079038_7_8;2026;04;14;0;V;0;V;0;V;0;V;0;V;0;V;1;V;14;V;25;V;25;V;9;V;6;V;6;V;5;V;6;V;4;V;4;V;3;V;6;V;8;V;7;V;5;V;4;V;3;V
28;079;38;7;28079038_7_8;2026;04;15;1;V;0;V;0;V;0;V;1;V;1;V;2;V;13;V;28;V;33;V;41;V;22;V;13;V;7;V;3;V;3;V;4;V;4;V;3;V;3;V;3;V;1;V;1;V;3;V
28;079;38;7;28079038_7_8;2026;04;16;2;V;1;V;1;V;0;V;0;V;0;V;3;V;11;V;34;V;27;V;14;V;9;V;8;V;6;V;6;V;3;V;4;V;5;V;3;V;3;V;5;V;3;V;3;V;2;V
28;079;38;7;28079038_7_8;2026;04;17;1;V;1;V;3;V;1;V;0;V;0;V;3;V;10;V;39;V;22;V;13;V;15;V;13;V;9;V;6;V;3;V;7;V;5;V;2;V;5;V;2;V;5;V;3;V;3;V
28;079;38;7;28079038_7_8;2026;04;18;7;V;4;V;3;V;6;V;4;V;0;V;0;V;1;V;4;V;9;V;5;V;5;V;6;V;4;V;4;V;2;V;1;V;2;V;2;V;3;V;3;V;4;V;3;V;1;V
28;079;38;7;28079038_7_8;2026;04;19;0;V;1;V;0;V;0;V;0;V;0;V;1;V;1;V;1;V;1;V;2;V;2;V;2;V;2;V;2;V;1;V;2;V;2;V;2;V;3;V;3;V;7;V;3;V;1;V
28;079;38;7;28079038_7_8;2026;04;20;0;V;0;V;0;V;0;V;0;V;0;V;6;V;21;V;43;V;0;N;0;N;0;N;6;V;6;V;4;V;3;V;6;V;3;V;4;V;3;V;2;V;3;V;2;V;1;V
28;079;38;7;28079038_7_8;2026;04;21;0;V;0;V;0;V;0;V;0;V;0;V;4;V;9;V;33;V;29;V;16;V;9;V;8;V;6;V;4;V;2;V;3;V;5;V;4;V;5;V;6;V;5;V;1;V;1;V
28;079;38;7;28079038_7_8;2026;04;22;2;V;1;V;0;V;1;V;0;V;1;V;4;V;2;V;9;V;9;V;5;V;4;V;4;V;3;V;3;V;2;V;4;V;4;V;4;V;4;V;4;V;6;V;8;V;1;V
28;079;38;7;28079038_7_8;2026;04;23;1;V;1;V;0;V;1;V;0;V;0;V;1;V;4;V;14;V;8;V;6;V;12;V;8;V;4;V;2;V;2;V;2;V;4;V;3;V;3;V;1;V;0;V;0;V;0;V
28;079;38;7;28079038_7_8;2026;04;24;0;V;0;V;0;V;0;V;0;V;0;V;0;V;5;V;9;V;5;V;8;V;7;V;8;V;6;V;6;V;5;V;5;V;6;V;3;V;8;V;6;V;5;V;3;V;1;V
28;079;38;7;28079038_7_8;2026;04;25;1;V;0;V;0;V;0;V;0;V;0;V;0;V;0;V;5;V;4;V;6;V;4;V;4;V;2;V;3;V;1;V;1;V;2;V;3;V;9;V;11;V;2;V;1;V;2;V
28;079;38;7;28079038_7_8;2026;04;26;1;V;0;V;0;V;0;V;0;V;0;V;0;V;0;V;3;V;5;V;4;V;3;V;3;V;3;V;0;V;1;V;1;V;2;V;3;V;2;V;2;V;1;V;1;V;0;V
28;079;38;7;28079038_7_8;2026;04;27;0;V;0;V;0;V;0;V;0;V;0;V;2;V;20;V;36;V;20;V;11;V;8;V;5;V;4;V;1;V;2;V;2;V;2;V;2;V;2;V;2;V;1;V;0;V;0;V
28;079;38;7;28079038_7_8;2026;04;28;0;V;0;V;0;V;0;V;0;V;0;V;0;V;3;V;22;V;18;V;9;V;5;V;3;V;2;V;2;V;2;V;2;V;3;V;3;V;2;V;2;V;1;V;1;V;0;V
28;079;38;7;28079038_7_8;2026;04;29;0;V;0;V;0;V;0;V;0;V;0;V;1;V;3;V;5;V;4;V;4;V;3;V;3;V;2;V;2;V;2;V;2;V;2;V;2;V;2;V;3;V;1;V;1;V;0;V
28;079;38;7;28079038_7_8;2026;04;30;1;V;0;V;0;V;0;V;0;V;0;V;0;V;3;V;10;V;15;V;12;V;14;V;4;V;4;V;3;V;4;V;4;V;3;V;2;V;3;V;4;V;5;V;3;V;1;V
28;079;38;7;28079038_7_8;2026;05;01;5;V;1;V;1;V;0;V;0;V;0;V;1;V;1;V;6;V;4;V;6;V;5;V;3;V;1;V;1;V;1;V;2;V;1;V;1;V;2;V;2;V;1;V;0;V;0;V
28;079;38;7;28079038_7_8;2026;05;02;0;V;0;V;0;V;0;V;0;V;0;V;0;V;0;V;0;V;1;V;1;V;0;V;0;V;1;V;2;V;1;V;1;V;1;V;1;V;1;V;2;V;0;V;2;V;1;V
28;079;38;7;28079038_7_8;2026;05;03;0;V;0;V;0;V;0;V;0;V;0;V;0;V;1;V;2;V;3;V;2;V;2;V;1;V;2;V;2;V;1;V;1;V;2;V;1;V;2;V;1;V;2;V;1;V;1;V
28;079;38;7;28079038_7_8;2026;05;04;0;V;0;V;0;V;0;V;0;V;0;V;0;V;6;V;14;V;16;V;6;V;0;N;0;N;0;N;2;V;3;V;2;V;2;V;5;V;3;V;3;V;4;V;2;V;1;V
28;079;38;7;28079038_7_8;2026;05;05;0;V;0;V;0;V;0;V;0;V;0;V;1;V;4;V;14;V;18;V;7;V;4;V;3;V;4;V;3;V;3;V;6;V;4;V;5;V;4;V;5;V;3;V;3;V;2;V
28;079;38;7;28079038_7_8;2026;05;06;1;V;0;V;0;V;0;V;0;V;0;V;1;V;9;V;23;V;18;V;11;V;8;V;4;V;4;V;4;V;5;V;5;V;4;V;3;V;2;V;2;V;2;V;4;V;2;V
28;079;38;7;28079038_7_8;2026;05;07;1;V;2;V;0;V;0;V;0;V;0;V;1;V;5;V;17;V;0;N;0;N;0;N;0;N;0;N;0;N;0;N;0;N;0;N;0;N;0;N;0;N;0;N;0;N;0;N
28;079;38;8;28079038_8_8;2026;04;07;9;V;6;V;6;V;9;V;10;V;10;V;14;V;36;V;50;V;39;V;32;V;24;V;26;V;21;V;20;V;16;V;16;V;20;V;18;V;21;V;21;V;29;V;27;V;43;V
28;079;38;8;28079038_8_8;2026;04;08;17;V;11;V;10;V;14;V;4;V;7;V;9;V;17;V;54;V;62;V;45;V;34;V;21;V;12;V;12;V;9;V;11;V;8;V;10;V;12;V;11;V;10;V;8;V;7;V
28;079;38;8;28079038_8_8;2026;04;09;6;V;9;V;20;V;11;V;8;V;9;V;15;V;25;V;44;V;51;V;35;V;44;V;28;V;15;V;14;V;15;V;21;V;22;V;25;V;36;V;81;V;96;V;79;V;36;V
28;079;38;8;28079038_8_8;2026;04;10;19;V;14;V;7;V;4;V;5;V;8;V;14;V;27;V;48;V;39;V;42;V;35;V;23;V;17;V;14;V;15;V;14;V;14;V;17;V;16;V;19;V;37;V;50;V;26;V
28;079;38;8;28079038_8_8;2026;04;11;28;V;26;V;20;V;28;V;29;V;24;V;31;V;22;V;54;V;45;V;27;V;25;V;18;V;22;V;29;V;27;V;19;V;10;V;14;V;19;V;23;V;20;V;8;V;9;V
28;079;38;8;28079038_8_8;2026;04;12;12;V;7;V;6;V;4;V;3;V;3;V;3;V;5;V;10;V;11;V;13;V;12;V;14;V;14;V;16;V;11;V;10;V;9;V;12;V;16;V;19;V;17;V;13;V;9;V
28;079;38;8;28079038_8_8;2026;04;13;6;V;4;V;3;V;4;V;4;V;6;V;14;V;37;V;43;V;49;V;15;V;9;V;8;V;6;V;7;V;8;V;11;V;12;V;13;V;17;V;26;V;25;V;24;V;14;V
28;079;38;8;28079038_8_8;2026;04;14;7;V;3;V;4;V;4;V;4;V;6;V;17;V;50;V;53;V;52;V;24;V;11;V;11;V;9;V;11;V;9;V;11;V;9;V;15;V;26;V;27;V;29;V;19;V;25;V
28;079;38;8;28079038_8_8;2026;04;15;26;V;26;V;27;V;21;V;32;V;31;V;28;V;38;V;51;V;50;V;58;V;44;V;34;V;19;V;8;V;7;V;9;V;9;V;9;V;10;V;13;V;14;V;18;V;24;V
28;079;38;8;28079038_8_8;2026;04;16;38;V;41;V;53;V;41;V;28;V;15;V;24;V;46;V;69;V;49;V;30;V;23;V;23;V;18;V;18;V;11;V;10;V;10;V;8;V;10;V;21;V;28;V;39;V;28;V
28;079;38;8;28079038_8_8;2026;04;17;22;V;48;V;54;V;45;V;29;V;17;V;23;V;45;V;70;V;48;V;32;V;38;V;42;V;28;V;20;V;10;V;13;V;12;V;10;V;15;V;18;V;35;V;30;V;39;V
28;079;38;8;28079038_8_8;2026;04;18;52;V;58;V;63;V;71;V;52;V;29;V;21;V;26;V;31;V;26;V;18;V;22;V;24;V;18;V;11;V;8;V;7;V;6;V;9;V;13;V;26;V;32;V;34;V;27;V
28;079;38;8;28079038_8_8;2026;04;19;11;V;8;V;6;V;7;V;8;V;9;V;12;V;14;V;12;V;9;V;12;V;11;V;11;V;12;V;9;V;7;V;7;V;8;V;9;V;12;V;17;V;23;V;33;V;16;V
28;079;38;8;28079038_8_8;2026;04;20;14;V;13;V;12;V;35;V;17;V;15;V;39;V;64;V;78;V;0;N;0;N;0;N;27;V;26;V;14;V;11;V;14;V;13;V;13;V;14;V;21;V;27;V;27;V;24;V
28;079;38;8;28079038_8_8;2026;04;21;27;V;26;V;32;V;20;V;18;V;17;V;19;V;40;V;58;V;59;V;36;V;29;V;30;V;29;V;20;V;15;V;15;V;27;V;18;V;33;V;47;V;57;V;61;V;59;V
28;079;38;8;28079038_8_8;2026;04;22;42;V;23;V;26;V;16;V;8;V;8;V;12;V;21;V;34;V;30;V;15;V;10;V;10;V;7;V;7;V;7;V;9;V;10;V;12;V;12;V;17;V;30;V;35;V;34;V
28;079;38;8;28079038_8_8;2026;04;23;29;V;29;V;16;V;10;V;10;V;11;V;14;V;36;V;52;V;32;V;25;V;31;V;23;V;18;V;15;V;12;V;10;V;13;V;13;V;13;V;16;V;9;V;7;V;7;V
28;079;38;8;28079038_8_8;2026;04;24;7;V;4;V;4;V;3;V;3;V;4;V;12;V;27;V;40;V;25;V;27;V;22;V;22;V;19;V;19;V;16;V;18;V;24;V;22;V;32;V;31;V;35;V;29;V;26;V
28;079;38;8;28079038_8_8;2026;04;25;16;V;13;V;9;V;6;V;7;V;9;V;7;V;10;V;20;V;23;V;17;V;13;V;13;V;10;V;10;V;6;V;7;V;8;V;15;V;36;V;52;V;14;V;13;V;12;V
28;079;38;8;28079038_8_8;2026;04;26;13;V;9;V;5;V;5;V;8;V;7;V;11;V;9;V;10;V;10;V;9;V;9;V;9;V;8;V;4;V;5;V;5;V;6;V;9;V;11;V;16;V;16;V;21;V;19;V
28;079;38;8;28079038_8_8;2026;04;27;11;V;9;V;8;V;8;V;7;V;14;V;21;V;62;V;60;V;44;V;35;V;25;V;21;V;15;V;9;V;10;V;10;V;8;V;8;V;8;V;13;V;27;V;20;V;14;V
28;079;38;8;28079038_8_8;2026;04;28;5;V;6;V;4;V;6;V;5;V;8;V;13;V;27;V;51;V;40;V;31;V;17;V;15;V;9;V;8;V;9;V;11;V;13;V;16;V;14;V;13;V;14;V;10;V;7;V
28;079;38;8;28079038_8_8;2026;04;29;7;V;7;V;6;V;7;V;9;V;9;V;9;V;33;V;33;V;29;V;20;V;12;V;15;V;11;V;10;V;8;V;8;V;7;V;8;V;8;V;11;V;8;V;9;V;8;V
28;079;38;8;28079038_8_8;2026;04;30;8;V;4;V;3;V;3;V;2;V;2;V;6;V;16;V;31;V;41;V;32;V;24;V;11;V;10;V;10;V;13;V;13;V;13;V;13;V;18;V;21;V;37;V;32;V;26;V
28;079;38;8;28079038_8_8;2026;05;01;33;V;39;V;25;V;15;V;11;V;8;V;10;V;13;V;19;V;14;V;19;V;20;V;15;V;6;V;6;V;5;V;6;V;6;V;6;V;10;V;11;V;14;V;18;V;6;V
28;079;38;8;28079038_8_8;2026;05;02;6;V;3;V;5;V;4;V;4;V;4;V;6;V;7;V;7;V;11;V;12;V;10;V;8;V;6;V;11;V;8;V;6;V;6;V;10;V;10;V;11;V;13;V;20;V;24;V
28;079;38;8;28079038_8_8;2026;05;03;24;V;28;V;29;V;25;V;27;V;17;V;17;V;11;V;12;V;11;V;9;V;8;V;5;V;5;V;5;V;3;V;3;V;5;V;4;V;7;V;8;V;12;V;11;V;10;V
28;079;38;8;28079038_8_8;2026;05;04;6;V;8;V;5;V;5;V;5;V;5;V;7;V;22;V;32;V;30;V;17;V;0;N;0;N;0;N;5;V;6;V;5;V;7;V;11;V;11;V;13;V;21;V;14;V;11;V
28;079;38;8;28079038_8_8;2026;05;05;7;V;3;V;2;V;1;V;3;V;3;V;11;V;19;V;36;V;43;V;21;V;11;V;8;V;7;V;7;V;6;V;11;V;9;V;12;V;16;V;16;V;15;V;14;V;14;V
28;079;38;8;28079038_8_8;2026;05;06;12;V;8;V;5;V;8;V;9;V;11;V;19;V;37;V;41;V;37;V;21;V;17;V;12;V;10;V;12;V;15;V;19;V;14;V;15;V;16;V;19;V;24;V;42;V;48;V
28;079;38;8;28079038_8_8;2026;05;07;34;V;12;V;5;V;5;V;6;V;6;V;13;V;26;V;43;V;0;N;0;N;0;N;0;N;0;N;0;N;0;N;0;N;0;N;0;N;0;N;0;N;0;N;0;N;0;N
28;079;38;9;28079038_9_47;2026;04;07;5;V;8;V;6;V;6;V;8;V;9;V;4;V;7;V;9;V;10;V;10;V;8;V;10;V;8;V;12;V;11;V;11;V;15;V;15;V;16;V;22;V;21;V;21;V;22;V
28;079;38;9;28079038_9_47;2026;04;08;22;V;18;V;19;V;23;V;14;V;6;V;6;V;4;V;9;V;6;V;9;V;7;V;7;V;6;V;7;V;3;V;2;V;2;V;3;V;2;V;1;V;4;V;3;V;1;V
28;079;38;9;28079038_9_47;2026;04;09;1;V;1;V;1;V;2;V;3;V;1;V;2;V;5;V;6;V;10;V;16;V;13;V;11;V;13;V;12;V;12;V;13;V;11;V;13;V;13;V;16;V;19;V;18;V;15;V
28;079;38;9;28079038_9_47;2026;04;10;16;V;21;V;22;V;22;V;19;V;18;V;19;V;21;V;22;V;24;V;22;V;21;V;23;V;18;V;20;V;18;V;20;V;24;V;24;V;22;V;25;V;26;V;27;V;29;V
28;079;38;9;28079038_9_47;2026;04;11;26;V;26;V;20;V;23;V;23;V;20;V;20;V;21;V;21;V;25;V;20;V;22;V;20;V;18;V;23;V;29;V;29;V;27;V;34;V;39;V;32;V;33;V;28;V;19;V
28;079;38;9;28079038_9_47;2026;04;12;18;V;16;V;18;V;20;V;12;V;9;V;9;V;7;V;9;V;10;V;8;V;9;V;9;V;8;V;6;V;6;V;7;V;3;V;5;V;5;V;5;V;6;V;4;V;3;V
28;079;38;9;28079038_9_47;2026;04;13;1;V;1;V;1;V;3;V;1;V;1;V;2;V;2;V;3;V;3;V;3;V;4;V;2;V;4;V;2;V;3;V;3;V;1;V;5;V;3;V;3;V;5;V;3;V;5;V
28;079;38;9;28079038_9_47;2026;04;14;5;V;4;V;1;V;2;V;2;V;3;V;3;V;3;V;4;V;7;V;7;V;4;V;5;V;3;V;2;V;4;V;4;V;3;V;3;V;2;V;5;V;3;V;5;V;4;V
28;079;38;9;28079038_9_47;2026;04;15;4;V;5;V;6;V;7;V;4;V;4;V;5;V;2;V;5;V;10;V;12;V;15;V;16;V;9;V;3;V;6;V;7;V;5;V;6;V;5;V;4;V;5;V;3;V;3;V
28;079;38;9;28079038_9_47;2026;04;16;5;V;7;V;9;V;9;V;7;V;6;V;3;V;9;V;12;V;8;V;7;V;9;V;7;V;7;V;8;V;7;V;7;V;6;V;3;V;3;V;3;V;5;V;4;V;5;V
28;079;38;9;28079038_9_47;2026;04;17;5;V;7;V;8;V;9;V;8;V;8;V;8;V;7;V;8;V;11;V;9;V;10;V;15;V;11;V;7;V;5;V;8;V;7;V;7;V;7;V;5;V;5;V;7;V;8;V
28;079;38;9;28079038_9_47;2026;04;18;10;V;11;V;12;V;16;V;14;V;12;V;9;V;11;V;12;V;11;V;10;V;9;V;10;V;13;V;9;V;8;V;8;V;8;V;6;V;4;V;5;V;7;V;9;V;9;V
28;079;38;9;28079038_9_47;2026;04;19;8;V;5;V;6;V;7;V;5;V;8;V;9;V;8;V;8;V;7;V;8;V;8;V;8;V;11;V;10;V;8;V;9;V;9;V;9;V;6;V;8;V;6;V;9;V;10;V
28;079;38;9;28079038_9_47;2026;04;20;11;V;10;V;10;V;12;V;14;V;11;V;11;V;13;V;15;V;0;N;0;N;0;N;0;N;0;N;10;V;11;V;7;V;10;V;12;V;14;V;11;V;11;V;15;V;13;V
28;079;38;9;28079038_9_47;2026;04;21;14;V;14;V;15;V;16;V;12;V;13;V;14;V;14;V;16;V;16;V;14;V;14;V;13;V;14;V;13;V;10;V;15;V;13;V;12;V;20;V;14;V;19;V;21;V;21;V
28;079;38;9;28079038_9_47;2026;04;22;20;V;20;V;18;V;18;V;19;V;18;V;18;V;16;V;21;V;22;V;23;V;23;V;24;V;23;V;22;V;22;V;21;V;19;V;15;V;19;V;17;V;15;V;16;V;16;V
28;079;38;9;28079038_9_47;2026;04;23;15;V;15;V;15;V;14;V;13;V;15;V;15;V;17;V;18;V;18;V;15;V;15;V;17;V;15;V;16;V;15;V;11;V;14;V;15;V;13;V;13;V;12;V;14;V;13;V
28;079;38;9;28079038_9_47;2026;04;24;10;V;11;V;10;V;9;V;12;V;11;V;6;V;8;V;13;V;12;V;12;V;12;V;10;V;14;V;13;V;15;V;15;V;16;V;14;V;17;V;16;V;16;V;15;V;17;V
28;079;38;9;28079038_9_47;2026;04;25;15;V;11;V;12;V;12;V;12;V;9;V;10;V;10;V;11;V;12;V;12;V;9;V;11;V;12;V;13;V;14;V;12;V;13;V;11;V;0;N;10;V;15;V;14;V;10;V
28;079;38;9;28079038_9_47;2026;04;26;10;V;7;V;3;V;3;V;4;V;7;V;10;V;6;V;5;V;8;V;8;V;7;V;9;V;12;V;16;V;14;V;14;V;10;V;9;V;12;V;8;V;0;N;10;V;9;V
28;079;38;9;28079038_9_47;2026;04;27;12;V;8;V;7;V;0;N;0;N;9;V;10;V;11;V;11;V;11;V;12;V;12;V;8;V;7;V;10;V;11;V;9;V;6;V;5;V;5;V;4;V;5;V;6;V;5;V
28;079;38;9;28079038_9_47;2026;04;28;4;V;6;V;3;V;5;V;5;V;0;N;6;V;8;V;9;V;9;V;7;V;8;V;6;V;6;V;4;V;8;V;10;V;11;V;10;V;7;V;9;V;9;V;8;V;8;V
28;079;38;9;28079038_9_47;2026;04;29;8;V;8;V;9;V;11;V;12;V;11;V;11;V;8;V;12;V;7;V;10;V;10;V;8;V;10;V;11;V;12;V;11;V;10;V;11;V;11;V;7;V;5;V;7;V;8;V
28;079;38;9;28079038_9_47;2026;04;30;5;V;2;V;6;V;7;V;3;V;2;V;5;V;5;V;5;V;9;V;12;V;9;V;7;V;7;V;6;V;9;V;8;V;9;V;7;V;7;V;6;V;5;V;7;V;9;V
28;079;38;9;28079038_9_47;2026;05;01;10;V;9;V;10;V;10;V;11;V;9;V;10;V;9;V;8;V;10;V;10;V;11;V;14;V;12;V;7;V;9;V;0;N;3;V;8;V;6;V;6;V;7;V;8;V;0;N
28;079;38;9;28079038_9_47;2026;05;02;8;V;8;V;7;V;10;V;9;V;9;V;11;V;10;V;6;V;5;V;11;V;12;V;15;V;16;V;11;V;8;V;15;V;13;V;7;V;9;V;8;V;3;V;11;V;11;V
28;079;38;9;28079038_9_47;2026;05;03;9;V;10;V;12;V;14;V;8;V;10;V;11;V;10;V;8;V;6;V;9;V;10;V;5;V;0;N;3;V;4;V;6;V;6;V;3;V;5;V;3;V;3;V;2;V;3;V
28;079;38;9;28079038_9_47;2026;05;04;5;V;5;V;4;V;3;V;2;V;4;V;2;V;3;V;5;V;4;V;4;V;2;V;4;V;2;V;3;V;2;V;2;V;2;V;1;V;3;V;2;V;3;V;3;V;2;V
28;079;38;9;28079038_9_47;2026;05;05;3;V;5;V;3;V;5;V;1;V;2;V;2;V;4;V;2;V;6;V;7;V;6;V;4;V;1;V;3;V;4;V;8;V;2;V;1;V;2;V;2;V;3;V;4;V;4;V
28;079;38;9;28079038_9_47;2026;05;06;5;V;3;V;4;V;2;V;2;V;5;V;3;V;2;V;5;V;6;V;3;V;2;V;5;V;6;V;6;V;4;V;4;V;5;V;6;V;5;V;5;V;5;V;0;N;8;V
28;079;38;9;28079038_9_47;2026;05;07;5;V;4;V;3;V;3;V;5;V;4;V;6;V;6;V;8;V;0;N;0;N;0;N;0;N;0;N;0;N;0;N;0;N;0;N;0;N;0;N;0;N;0;N;0;N;0;N
28;079;39;12;28079039_12_8;2026;04;07;8;V;5;V;5;V;7;V;9;V;9;V;20;V;33;V;38;V;32;V;23;V;16;V;24;V;24;V;23;V;18;V;13;V;11;V;19;V;24;V;18;V;15;V;21;V;33;V
28;079;39;12;28079039_12_8;2026;04;08;19;V;8;V;9;V;13;V;6;V;4;V;10;V;37;V;41;V;24;V;28;V;15;V;12;V;9;V;12;V;11;V;11;V;13;V;14;V;15;V;15;V;12;V;11;V;9;V
28;079;39;12;28079039_12_8;2026;04;09;7;V;7;V;20;V;12;V;8;V;10;V;15;V;26;V;36;V;40;V;37;V;29;V;18;V;14;V;12;V;9;V;11;V;11;V;13;V;26;V;60;V;104;V;169;V;34;V
28;079;39;12;28079039_12_8;2026;04;10;19;V;7;V;5;V;7;V;8;V;9;V;17;V;28;V;38;V;34;V;34;V;23;V;16;V;17;V;17;V;11;V;14;V;20;V;16;V;14;V;20;V;40;V;62;V;67;V
28;079;39;12;28079039_12_8;2026;04;11;69;V;48;V;44;V;46;V;42;V;29;V;32;V;37;V;43;V;40;V;33;V;29;V;26;V;37;V;25;V;24;V;12;V;6;V;8;V;10;V;18;V;21;V;10;V;8;V
28;079;39;12;28079039_12_8;2026;04;12;6;V;5;V;6;V;4;V;4;V;4;V;5;V;5;V;7;V;7;V;8;V;7;V;9;V;9;V;9;V;6;V;8;V;8;V;11;V;14;V;12;V;9;V;7;V;5;V
28;079;39;12;28079039_12_8;2026;04;13;4;V;3;V;2;V;4;V;3;V;4;V;9;V;25;V;44;V;32;V;11;V;11;V;6;V;5;V;8;V;7;V;7;V;10;V;13;V;12;V;14;V;29;V;41;V;15;V
28;079;39;12;28079039_12_8;2026;04;14;5;V;4;V;4;V;4;V;4;V;6;V;22;V;37;V;0;N;0;N;24;V;7;V;5;V;6;V;6;V;5;V;6;V;6;V;8;V;8;V;11;V;16;V;19;V;17;V
28;079;39;12;28079039_12_8;2026;04;15;30;V;34;V;27;V;22;V;20;V;28;V;25;V;50;V;98;V;0;N;0;N;0;N;0;N;0;N;0;N;8;V;9;V;9;V;14;V;12;V;17;V;20;V;19;V;30;V
28;079;39;12;28079039_12_8;2026;04;16;53;V;54;V;58;V;65;V;53;V;25;V;21;V;42;V;64;V;64;V;30;V;18;V;20;V;18;V;16;V;11;V;8;V;12;V;13;V;13;V;18;V;27;V;41;V;50;V
28;079;39;12;28079039_12_8;2026;04;17;46;V;54;V;37;V;29;V;21;V;17;V;20;V;32;V;48;V;45;V;36;V;26;V;35;V;37;V;21;V;12;V;12;V;10;V;10;V;11;V;22;V;38;V;67;V;89;V
28;079;39;12;28079039_12_8;2026;04;18;95;V;126;V;64;V;68;V;44;V;21;V;12;V;27;V;32;V;23;V;19;V;20;V;22;V;15;V;10;V;8;V;7;V;6;V;9;V;10;V;17;V;43;V;100;V;65;V
28;079;39;12;28079039_12_8;2026;04;19;14;V;10;V;8;V;7;V;9;V;6;V;8;V;11;V;13;V;9;V;9;V;9;V;14;V;12;V;8;V;7;V;6;V;10;V;8;V;12;V;18;V;38;V;37;V;41;V
28;079;39;12;28079039_12_8;2026;04;20;49;V;45;V;40;V;29;V;30;V;23;V;27;V;82;V;94;V;72;V;34;V;20;V;22;V;22;V;13;V;11;V;12;V;16;V;12;V;14;V;31;V;50;V;51;V;67;V
28;079;39;12;28079039_12_8;2026;04;21;87;V;82;V;42;V;12;V;10;V;12;V;15;V;28;V;62;V;44;V;27;V;22;V;23;V;26;V;20;V;14;V;14;V;18;V;20;V;30;V;42;V;51;V;50;V;36;V
28;079;39;12;28079039_12_8;2026;04;22;29;V;26;V;28;V;26;V;13;V;10;V;14;V;20;V;29;V;24;V;13;V;12;V;9;V;8;V;9;V;9;V;8;V;9;V;10;V;12;V;14;V;20;V;25;V;52;V
28;079;39;12;28079039_12_8;2026;04;23;27;V;33;V;15;V;11;V;14;V;15;V;12;V;47;V;63;V;37;V;25;V;29;V;31;V;24;V;17;V;12;V;9;V;10;V;14;V;15;V;18;V;12;V;10;V;7;V
28;079;39;12;28079039_12_8;2026;04;24;7;V;6;V;4;V;4;V;0;N;0;N;0;N;0;N;0;N;25;V;18;V;20;V;17;V;20;V;23;V;14;V;13;V;12;V;14;V;15;V;15;V;20;V;39;V;66;V
28;079;39;12;28079039_12_8;2026;04;25;23;V;29;V;12;V;7;V;8;V;10;V;8;V;12;V;21;V;17;V;7;V;8;V;13;V;10;V;8;V;6;V;7;V;8;V;11;V;23;V;14;V;15;V;12;V;8;V
28;079;39;12;28079039_12_8;2026;04;26;7;V;5;V;5;V;5;V;6;V;5;V;8;V;9;V;9;V;7;V;7;V;8;V;9;V;7;V;6;V;5;V;6;V;6;V;7;V;6;V;11;V;31;V;24;V;14;V
28;079;39;12;28079039_12_8;2026;04;27;16;V;13;V;11;V;8;V;7;V;11;V;36;V;81;V;135;V;32;V;24;V;16;V;17;V;14;V;11;V;8;V;8;V;11;V;11;V;14;V;16;V;19;V;24;V;16;V
28;079;39;12;28079039_12_8;2026;04;28;6;V;5;V;4;V;6;V;8;V;11;V;17;V;28;V;31;V;29;V;22;V;18;V;12;V;9;V;8;V;7;V;8;V;8;V;13;V;20;V;14;V;14;V;10;V;7;V
28;079;39;12;28079039_12_8;2026;04;29;6;V;6;V;5;V;5;V;8;V;6;V;9;V;22;V;33;V;28;V;0;N;0;N;0;N;0;N;14;V;11;V;11;V;12;V;12;V;15;V;15;V;16;V;12;V;10;V
28;079;39;12;28079039_12_8;2026;04;30;7;V;5;V;4;V;4;V;4;V;4;V;9;V;16;V;21;V;28;V;21;V;16;V;7;V;9;V;8;V;9;V;8;V;9;V;12;V;10;V;14;V;22;V;30;V;25;V
28;079;39;12;28079039_12_8;2026;05;01;41;V;31;V;22;V;17;V;11;V;10;V;11;V;12;V;14;V;12;V;13;V;14;V;14;V;8;V;6;V;6;V;6;V;6;V;6;V;9;V;10;V;20;V;22;V;8;V
28;079;39;12;28079039_12_8;2026;05;02;6;V;4;V;6;V;6;V;6;V;6;V;7;V;9;V;9;V;13;V;14;V;14;V;15;V;10;V;14;V;7;V;8;V;7;V;13;V;13;V;15;V;20;V;26;V;22;V
28;079;39;12;28079039_12_8;2026;05;03;25;V;22;V;25;V;31;V;38;V;21;V;17;V;16;V;12;V;11;V;9;V;8;V;9;V;9;V;7;V;6;V;5;V;6;V;8;V;9;V;11;V;14;V;14;V;12;V
28;079;39;12;28079039_12_8;2026;05;04;8;V;8;V;6;V;7;V;5;V;6;V;11;V;25;V;40;V;31;V;25;V;15;V;10;V;9;V;8;V;7;V;7;V;9;V;9;V;10;V;12;V;15;V;13;V;15;V
28;079;39;12;28079039_12_8;2026;05;05;6;V;4;V;3;V;3;V;4;V;5;V;9;V;20;V;27;V;26;V;17;V;10;V;9;V;7;V;9;V;8;V;6;V;7;V;9;V;10;V;11;V;12;V;17;V;11;V
28;079;39;12;28079039_12_8;2026;05;06;10;V;9;V;5;V;6;V;11;V;16;V;24;V;28;V;25;V;19;V;12;V;11;V;9;V;10;V;10;V;9;V;10;V;11;V;13;V;14;V;16;V;31;V;82;V;62;V
28;079;39;12;28079039_12_8;2026;05;07;27;V;12;V;5;V;6;V;5;V;6;V;13;V;25;V;29;V;0;N;0;N;0;N;0;N;0;N;0;N;0;N;0;N;0;N;0;N;0;N;0;N;0;N;0;N;0;N
28;079;39;14;28079039_14_6;2026;04;07;84;V;86;V;84;V;76;V;70;V;72;V;58;V;46;V;40;V;51;V;63;V;76;V;76;V;79;V;82;V;91;V;93;V;93;V;86;V;63;V;55;V;53;V;35;V;22;V
28;079;39;14;28079039_14_6;2026;04;08;31;V;44;V;42;V;40;V;62;V;64;V;50;V;26;V;28;V;41;V;48;V;65;V;73;V;78;V;79;V;87;V;89;V;84;V;81;V;75;V;77;V;82;V;81;V;80;V
28;079;39;14;28079039_14_6;2026;04;09;80;V;72;V;51;V;59;V;64;V;63;V;52;V;34;V;26;V;37;V;48;V;56;V;78;V;91;V;97;V;99;V;101;V;102;V;94;V;75;V;39;V;10;V;7;V;53;V
28;079;39;14;28079039_14_6;2026;04;10;61;V;71;V;76;V;78;V;80;V;80;V;71;V;59;V;48;V;52;V;56;V;76;V;89;V;92;V;97;V;99;V;94;V;85;V;88;V;85;V;75;V;55;V;33;V;34;V
28;079;39;14;28079039_14_6;2026;04;11;27;V;41;V;37;V;25;V;30;V;47;V;42;V;36;V;33;V;41;V;53;V;62;V;74;V;66;V;72;V;77;V;87;V;89;V;84;V;78;V;60;V;57;V;69;V;70;V
28;079;39;14;28079039_14_6;2026;04;12;64;V;59;V;59;V;64;V;68;V;67;V;71;V;71;V;69;V;69;V;68;V;72;V;67;V;62;V;71;V;79;V;78;V;80;V;70;V;71;V;76;V;80;V;80;V;79;V
28;079;39;14;28079039_14_6;2026;04;13;79;V;79;V;77;V;73;V;71;V;74;V;71;V;55;V;49;V;61;V;78;V;82;V;86;V;88;V;88;V;93;V;95;V;91;V;89;V;87;V;83;V;64;V;48;V;68;V
28;079;39;14;28079039_14_6;2026;04;14;79;V;83;V;82;V;81;V;76;V;73;V;57;V;37;V;0;N;0;N;62;V;81;V;87;V;89;V;89;V;90;V;93;V;96;V;95;V;89;V;81;V;67;V;64;V;60;V
28;079;39;14;28079039_14_6;2026;04;15;44;V;32;V;31;V;30;V;34;V;26;V;33;V;15;V;8;V;0;N;0;N;0;N;0;N;0;N;0;N;87;V;89;V;88;V;83;V;79;V;67;V;58;V;58;V;49;V
28;079;39;14;28079039_14_6;2026;04;16;19;V;9;V;4;V;2;V;15;V;16;V;51;V;32;V;20;V;27;V;54;V;70;V;78;V;86;V;92;V;103;V;104;V;94;V;89;V;85;V;76;V;63;V;44;V;32;V
28;079;39;14;28079039_14_6;2026;04;17;30;V;14;V;26;V;38;V;46;V;49;V;47;V;39;V;29;V;36;V;50;V;64;V;71;V;77;V;91;V;104;V;102;V;104;V;105;V;101;V;78;V;53;V;22;V;7;V
28;079;39;14;28079039_14_6;2026;04;18;4;V;3;V;9;V;5;V;10;V;47;V;57;V;41;V;38;V;56;V;74;V;84;V;94;V;104;V;112;V;125;V;120;V;115;V;112;V;107;V;92;V;58;V;14;V;38;V
28;079;39;14;28079039_14_6;2026;04;19;74;V;76;V;79;V;74;V;70;V;73;V;72;V;69;V;64;V;65;V;79;V;94;V;100;V;115;V;116;V;122;V;119;V;116;V;114;V;107;V;96;V;68;V;63;V;50;V
28;079;39;14;28079039_14_6;2026;04;20;36;V;38;V;34;V;46;V;39;V;42;V;43;V;10;V;12;V;30;V;60;V;83;V;89;V;105;V;109;V;123;V;120;V;110;V;111;V;104;V;81;V;51;V;44;V;24;V
28;079;39;14;28079039_14_6;2026;04;21;5;V;7;V;26;V;70;V;71;V;66;V;63;V;49;V;26;V;45;V;68;V;85;V;95;V;103;V;105;V;116;V;115;V;109;V;89;V;59;V;50;V;34;V;36;V;48;V
28;079;39;14;28079039_14_6;2026;04;22;51;V;48;V;31;V;26;V;51;V;58;V;58;V;60;V;56;V;62;V;73;V;75;V;80;V;86;V;88;V;90;V;93;V;94;V;94;V;89;V;83;V;72;V;63;V;32;V
28;079;39;14;28079039_14_6;2026;04;23;53;V;35;V;58;V;62;V;58;V;58;V;58;V;28;V;22;V;52;V;71;V;72;V;77;V;89;V;103;V;110;V;111;V;109;V;103;V;96;V;86;V;87;V;90;V;96;V
28;079;39;14;28079039_14_6;2026;04;24;96;V;94;V;95;V;97;V;0;N;0;N;0;N;0;N;0;N;0;N;66;V;64;V;70;V;72;V;76;V;91;V;97;V;102;V;101;V;95;V;92;V;83;V;55;V;19;V
28;079;39;14;28079039_14_6;2026;04;25;60;V;47;V;64;V;69;V;75;V;64;V;63;V;48;V;40;V;51;V;71;V;77;V;77;V;89;V;95;V;100;V;98;V;99;V;91;V;75;V;74;V;66;V;77;V;79;V
28;079;39;14;28079039_14_6;2026;04;26;74;V;77;V;73;V;71;V;70;V;70;V;60;V;53;V;52;V;61;V;69;V;72;V;84;V;95;V;102;V;105;V;107;V;107;V;108;V;107;V;101;V;61;V;65;V;70;V
28;079;39;14;28079039_14_6;2026;04;27;59;V;75;V;78;V;64;V;71;V;56;V;21;V;3;V;9;V;41;V;62;V;88;V;96;V;100;V;111;V;118;V;114;V;112;V;108;V;101;V;97;V;91;V;80;V;83;V
28;079;39;14;28079039_14_6;2026;04;28;94;V;99;V;100;V;95;V;91;V;87;V;69;V;52;V;54;V;68;V;83;V;93;V;103;V;110;V;111;V;116;V;122;V;123;V;117;V;99;V;91;V;89;V;91;V;89;V
28;079;39;14;28079039_14_6;2026;04;29;90;V;86;V;88;V;81;V;70;V;76;V;72;V;54;V;46;V;56;V;0;N;0;N;0;N;0;N;82;V;90;V;87;V;86;V;85;V;83;V;82;V;76;V;79;V;72;V
28;079;39;14;28079039_14_6;2026;04;30;67;V;67;V;69;V;68;V;65;V;66;V;60;V;49;V;46;V;48;V;68;V;80;V;96;V;100;V;108;V;114;V;119;V;119;V;113;V;109;V;98;V;84;V;72;V;73;V
28;079;39;14;28079039_14_6;2026;05;01;45;V;56;V;67;V;66;V;67;V;62;V;56;V;56;V;56;V;62;V;64;V;72;V;94;V;105;V;119;V;123;V;123;V;124;V;122;V;114;V;105;V;87;V;78;V;85;V
28;079;39;14;28079039_14_6;2026;05;02;81;V;82;V;78;V;80;V;78;V;74;V;72;V;67;V;59;V;53;V;50;V;54;V;55;V;66;V;70;V;79;V;81;V;83;V;70;V;75;V;70;V;56;V;42;V;46;V
28;079;39;14;28079039_14_6;2026;05;03;45;V;34;V;28;V;14;V;16;V;29;V;29;V;24;V;32;V;53;V;64;V;73;V;79;V;80;V;81;V;80;V;84;V;87;V;83;V;80;V;74;V;76;V;76;V;76;V
28;079;39;14;28079039_14_6;2026;05;04;76;V;73;V;70;V;66;V;64;V;59;V;49;V;37;V;30;V;38;V;50;V;68;V;84;V;87;V;92;V;96;V;97;V;91;V;88;V;84;V;78;V;73;V;80;V;73;V
28;079;39;14;28079039_14_6;2026;05;05;81;V;89;V;88;V;85;V;83;V;79;V;71;V;63;V;58;V;61;V;74;V;87;V;91;V;95;V;96;V;98;V;101;V;101;V;100;V;97;V;94;V;91;V;81;V;81;V
28;079;39;14;28079039_14_6;2026;05;06;76;V;75;V;78;V;75;V;68;V;56;V;51;V;49;V;57;V;66;V;77;V;81;V;91;V;98;V;104;V;109;V;115;V;116;V;115;V;112;V;109;V;92;V;34;V;47;V
28;079;39;14;28079039_14_6;2026;05;07;73;V;76;V;73;V;70;V;71;V;69;V;61;V;49;V;50;V;0;N;0;N;0;N;0;N;0;N;0;N;0;N;0;N;0;N;0;N;0;N;0;N;0;N;0;N;0;N
28;079;39;7;28079039_7_8;2026;04;07;0;V;0;V;0;V;0;V;0;V;0;V;0;V;0;V;1;V;2;V;2;V;1;V;2;V;2;V;2;V;1;V;0;V;0;V;0;V;1;V;1;V;0;V;0;V;1;V
28;079;39;7;28079039_7_8;2026;04;08;0;V;0;V;0;V;0;V;0;V;0;V;0;V;0;V;1;V;0;V;2;V;0;V;0;V;0;V;1;V;1;V;1;V;1;V;1;V;0;V;0;V;0;V;0;V;0;V
28;079;39;7;28079039_7_8;2026;04;09;0;V;0;V;0;V;0;V;0;V;0;V;0;V;0;V;2;V;4;V;5;V;3;V;2;V;1;V;1;V;0;V;0;V;0;V;0;V;0;V;0;V;10;V;52;V;0;V
28;079;39;7;28079039_7_8;2026;04;10;0;V;0;V;0;V;0;V;0;V;0;V;0;V;0;V;0;V;1;V;3;V;2;V;1;V;1;V;2;V;0;V;1;V;1;V;1;V;0;V;0;V;0;V;1;V;5;V
28;079;39;7;28079039_7_8;2026;04;11;2;V;0;V;0;V;0;V;0;V;0;V;0;V;0;V;1;V;2;V;2;V;2;V;2;V;3;V;1;V;1;V;0;V;0;V;0;V;0;V;0;V;0;V;0;V;0;V
28;079;39;7;28079039_7_8;2026;04;12;0;V;0;V;0;V;0;V;0;V;0;V;0;V;0;V;0;V;0;V;0;V;0;V;0;V;0;V;0;V;0;V;0;V;0;V;0;V;0;V;0;V;0;V;0;V;0;V
28;079;39;7;28079039_7_8;2026;04;13;0;V;0;V;0;V;0;V;0;V;0;V;0;V;1;V;6;V;5;V;1;V;1;V;0;V;0;V;0;V;0;V;0;V;1;V;1;V;0;V;0;V;0;V;1;V;0;V
28;079;39;7;28079039_7_8;2026;04;14;0;V;0;V;0;V;0;V;0;V;0;V;0;V;0;V;0;N;0;N;3;V;0;V;0;V;0;V;0;V;0;V;0;V;0;V;0;V;0;V;0;V;0;V;0;V;0;V
28;079;39;7;28079039_7_8;2026;04;15;0;V;0;V;0;V;0;V;0;V;0;V;0;V;3;V;28;V;0;N;0;N;0;N;0;N;0;N;0;N;0;V;0;V;0;V;1;V;0;V;1;V;0;V;0;V;0;V
28;079;39;7;28079039_7_8;2026;04;16;0;V;0;V;2;V;5;V;4;V;0;V;0;V;1;V;8;V;13;V;5;V;2;V;2;V;2;V;1;V;1;V;0;V;1;V;1;V;0;V;0;V;0;V;0;V;1;V
28;079;39;7;28079039_7_8;2026;04;17;0;V;1;V;0;V;0;V;0;V;0;V;0;V;0;V;3;V;6;V;6;V;4;V;6;V;6;V;2;V;1;V;1;V;0;V;0;V;0;V;0;V;0;V;1;V;8;V
28;079;39;7;28079039_7_8;2026;04;18;14;V;35;V;3;V;10;V;1;V;0;V;0;V;0;V;1;V;1;V;1;V;2;V;2;V;1;V;0;V;0;V;0;V;0;V;0;V;0;V;0;V;0;V;11;V;7;V
28;079;39;7;28079039_7_8;2026;04;19;0;V;0;V;0;V;0;V;0;V;0;V;0;V;0;V;0;V;0;V;0;V;0;V;0;V;0;V;0;V;0;V;0;V;0;V;0;V;0;V;0;V;0;V;0;V;0;V
28;079;39;7;28079039_7_8;2026;04;20;0;V;0;V;0;V;0;V;0;V;0;V;0;V;12;V;18;V;14;V;4;V;2;V;2;V;2;V;1;V;0;V;0;V;1;V;0;V;0;V;0;V;0;V;0;V;0;V
28;079;39;7;28079039_7_8;2026;04;21;7;V;11;V;0;V;0;V;0;V;0;V;0;V;0;V;7;V;5;V;2;V;2;V;2;V;2;V;1;V;0;V;0;V;0;V;1;V;0;V;1;V;0;V;0;V;0;V
28;079;39;7;28079039_7_8;2026;04;22;0;V;0;V;0;V;0;V;0;V;0;V;0;V;0;V;1;V;2;V;1;V;1;V;1;V;0;V;1;V;0;V;0;V;0;V;0;V;0;V;0;V;0;V;0;V;1;V
28;079;39;7;28079039_7_8;2026;04;23;0;V;0;V;0;V;0;V;0;V;0;V;0;V;3;V;9;V;3;V;2;V;3;V;4;V;2;V;1;V;0;V;0;V;0;V;0;V;0;V;0;V;0;V;0;V;0;V
28;079;39;7;28079039_7_8;2026;04;24;0;V;0;V;0;V;0;V;0;N;0;N;0;N;0;N;0;N;0;V;0;V;0;V;0;V;2;V;2;V;0;V;0;V;0;V;0;V;0;V;0;V;0;V;0;V;2;V
28;079;39;7;28079039_7_8;2026;04;25;0;V;0;V;0;V;0;V;0;V;0;V;0;V;0;V;0;V;0;V;0;V;0;V;1;V;0;V;0;V;0;V;0;V;0;V;0;V;1;V;0;V;0;V;0;V;0;V
28;079;39;7;28079039_7_8;2026;04;26;0;V;0;V;0;V;0;V;0;V;0;V;0;V;0;V;0;V;0;V;0;V;0;V;0;V;0;V;0;V;0;V;0;V;0;V;0;V;0;V;0;V;0;V;0;V;0;V
28;079;39;7;28079039_7_8;2026;04;27;0;V;0;V;0;V;0;V;0;V;0;V;1;V;24;V;54;V;4;V;2;V;1;V;1;V;1;V;0;V;0;V;0;V;1;V;0;V;0;V;0;V;0;V;0;V;0;V
28;079;39;7;28079039_7_8;2026;04;28;0;V;0;V;0;V;0;V;0;V;0;V;0;V;0;V;1;V;2;V;2;V;1;V;0;V;0;V;0;V;0;V;0;V;0;V;0;V;0;V;0;V;0;V;0;V;0;V
28;079;39;7;28079039_7_8;2026;04;29;0;V;0;V;0;V;0;V;0;V;0;V;0;V;0;V;1;V;1;V;0;N;0;N;0;N;0;N;0;V;0;V;0;V;0;V;0;V;0;V;0;V;0;V;0;V;0;V
28;079;39;7;28079039_7_8;2026;04;30;0;V;0;V;0;V;0;V;0;V;0;V;0;V;0;V;0;V;3;V;2;V;1;V;0;V;0;V;0;V;0;V;0;V;0;V;0;V;0;V;0;V;0;V;0;V;0;V
28;079;39;7;28079039_7_8;2026;05;01;0;V;0;V;0;V;0;V;0;V;0;V;0;V;0;V;0;V;0;V;0;V;0;V;0;V;0;V;0;V;0;V;0;V;0;V;0;V;0;V;0;V;0;V;0;V;0;V
28;079;39;7;28079039_7_8;2026;05;02;0;V;0;V;0;V;0;V;0;V;0;V;0;V;0;V;0;V;0;V;0;V;0;V;0;V;0;V;0;V;0;V;0;V;0;V;0;V;0;V;0;V;0;V;0;V;0;V
28;079;39;7;28079039_7_8;2026;05;03;0;V;0;V;0;V;0;V;0;V;0;V;0;V;0;V;0;V;0;V;0;V;0;V;0;V;0;V;0;V;0;V;0;V;0;V;0;V;0;V;0;V;0;V;0;V;0;V
28;079;39;7;28079039_7_8;2026;05;04;0;V;0;V;0;V;0;V;0;V;0;V;0;V;2;V;7;V;4;V;3;V;2;V;0;V;0;V;0;V;0;V;0;V;0;V;0;V;0;V;0;V;0;V;0;V;0;V
28;079;39;7;28079039_7_8;2026;05;05;0;V;0;V;0;V;0;V;0;V;0;V;0;V;0;V;1;V;2;V;1;V;0;V;0;V;0;V;0;V;0;V;0;V;0;V;0;V;0;V;0;V;0;V;0;V;0;V
28;079;39;7;28079039_7_8;2026;05;06;0;V;0;V;0;V;0;V;0;V;0;V;0;V;0;V;0;V;0;V;0;V;0;V;0;V;0;V;0;V;0;V;0;V;0;V;0;V;0;V;0;V;0;V;0;V;0;V
28;079;39;7;28079039_7_8;2026;05;07;0;V;0;V;0;V;0;V;0;V;0;V;0;V;0;V;0;V;0;N;0;N;0;N;0;N;0;N;0;N;0;N;0;N;0;N;0;N;0;N;0;N;0;N;0;N;0;N
28;079;39;8;28079039_8_8;2026;04;07;8;V;5;V;5;V;7;V;9;V;9;V;20;V;33;V;38;V;29;V;20;V;15;V;20;V;21;V;20;V;16;V;13;V;11;V;18;V;22;V;17;V;15;V;21;V;32;V
28;079;39;8;28079039_8_8;2026;04;08;19;V;8;V;9;V;13;V;6;V;4;V;10;V;37;V;40;V;24;V;25;V;15;V;12;V;9;V;10;V;10;V;10;V;12;V;13;V;14;V;15;V;12;V;11;V;9;V
28;079;39;8;28079039_8_8;2026;04;09;7;V;7;V;20;V;12;V;8;V;10;V;15;V;26;V;34;V;34;V;30;V;25;V;16;V;12;V;11;V;9;V;10;V;11;V;13;V;25;V;59;V;89;V;89;V;34;V
28;079;39;8;28079039_8_8;2026;04;10;19;V;7;V;5;V;7;V;8;V;9;V;17;V;28;V;38;V;32;V;29;V;20;V;14;V;14;V;15;V;11;V;13;V;18;V;15;V;14;V;20;V;40;V;60;V;59;V
28;079;39;8;28079039_8_8;2026;04;11;66;V;48;V;44;V;46;V;42;V;29;V;32;V;37;V;42;V;37;V;30;V;26;V;23;V;33;V;24;V;22;V;12;V;6;V;8;V;10;V;18;V;21;V;10;V;8;V
28;079;39;8;28079039_8_8;2026;04;12;6;V;5;V;6;V;4;V;4;V;4;V;5;V;5;V;7;V;7;V;8;V;7;V;8;V;9;V;9;V;6;V;8;V;8;V;11;V;14;V;12;V;9;V;7;V;5;V
28;079;39;8;28079039_8_8;2026;04;13;4;V;3;V;2;V;3;V;3;V;4;V;9;V;24;V;35;V;24;V;9;V;8;V;6;V;5;V;8;V;6;V;7;V;9;V;11;V;12;V;14;V;29;V;40;V;15;V
28;079;39;8;28079039_8_8;2026;04;14;5;V;4;V;4;V;4;V;4;V;6;V;21;V;37;V;0;N;0;N;19;V;6;V;5;V;5;V;6;V;5;V;5;V;5;V;8;V;8;V;11;V;16;V;18;V;17;V
28;079;39;8;28079039_8_8;2026;04;15;30;V;34;V;27;V;22;V;20;V;28;V;25;V;45;V;55;V;0;N;0;N;0;N;0;N;0;N;0;N;7;V;8;V;9;V;12;V;11;V;16;V;20;V;19;V;30;V
28;079;39;8;28079039_8_8;2026;04;16;53;V;54;V;55;V;57;V;47;V;25;V;21;V;40;V;51;V;44;V;22;V;15;V;17;V;15;V;14;V;10;V;8;V;10;V;12;V;13;V;18;V;27;V;41;V;49;V
28;079;39;8;28079039_8_8;2026;04;17;46;V;52;V;37;V;29;V;21;V;17;V;20;V;32;V;43;V;36;V;27;V;21;V;27;V;28;V;18;V;11;V;11;V;9;V;10;V;11;V;22;V;38;V;65;V;76;V
28;079;39;8;28079039_8_8;2026;04;18;74;V;72;V;59;V;53;V;43;V;21;V;12;V;26;V;30;V;21;V;17;V;17;V;19;V;14;V;10;V;8;V;7;V;6;V;8;V;10;V;17;V;43;V;83;V;55;V
28;079;39;8;28079039_8_8;2026;04;19;14;V;10;V;8;V;7;V;9;V;6;V;8;V;11;V;13;V;9;V;9;V;9;V;13;V;12;V;8;V;7;V;6;V;9;V;8;V;12;V;18;V;38;V;37;V;41;V
28;079;39;8;28079039_8_8;2026;04;20;49;V;45;V;40;V;29;V;29;V;23;V;27;V;63;V;66;V;51;V;28;V;18;V;19;V;19;V;12;V;10;V;11;V;14;V;11;V;14;V;30;V;50;V;51;V;67;V
28;079;39;8;28079039_8_8;2026;04;21;76;V;65;V;42;V;12;V;10;V;12;V;15;V;28;V;51;V;37;V;24;V;19;V;20;V;23;V;19;V;14;V;13;V;18;V;19;V;30;V;41;V;51;V;50;V;36;V
28;079;39;8;28079039_8_8;2026;04;22;29;V;26;V;28;V;26;V;13;V;10;V;14;V;20;V;27;V;21;V;12;V;10;V;8;V;8;V;7;V;8;V;8;V;9;V;9;V;12;V;14;V;20;V;25;V;50;V
28;079;39;8;28079039_8_8;2026;04;23;27;V;33;V;15;V;11;V;14;V;15;V;12;V;43;V;50;V;33;V;22;V;24;V;25;V;21;V;16;V;12;V;9;V;10;V;14;V;15;V;18;V;12;V;9;V;7;V
28;079;39;8;28079039_8_8;2026;04;24;7;V;6;V;4;V;4;V;0;N;0;N;0;N;0;N;0;N;24;V;18;V;20;V;16;V;18;V;19;V;13;V;13;V;12;V;14;V;15;V;15;V;20;V;39;V;63;V
28;079;39;8;28079039_8_8;2026;04;25;23;V;29;V;12;V;7;V;8;V;10;V;8;V;12;V;21;V;17;V;7;V;8;V;12;V;10;V;8;V;6;V;7;V;8;V;11;V;22;V;14;V;15;V;12;V;8;V
28;079;39;8;28079039_8_8;2026;04;26;7;V;5;V;5;V;5;V;6;V;5;V;8;V;9;V;9;V;7;V;7;V;8;V;8;V;7;V;6;V;5;V;6;V;6;V;7;V;6;V;11;V;31;V;24;V;14;V
28;079;39;8;28079039_8_8;2026;04;27;16;V;13;V;11;V;8;V;7;V;11;V;35;V;45;V;53;V;26;V;21;V;15;V;15;V;13;V;10;V;8;V;8;V;10;V;11;V;14;V;16;V;19;V;24;V;16;V
28;079;39;8;28079039_8_8;2026;04;28;6;V;5;V;4;V;6;V;8;V;11;V;17;V;28;V;30;V;26;V;19;V;16;V;11;V;9;V;8;V;7;V;8;V;8;V;13;V;19;V;14;V;14;V;10;V;7;V
28;079;39;8;28079039_8_8;2026;04;29;6;V;6;V;5;V;5;V;8;V;6;V;9;V;22;V;32;V;27;V;0;N;0;N;0;N;0;N;14;V;11;V;11;V;12;V;12;V;15;V;15;V;16;V;11;V;10;V
28;079;39;8;28079039_8_8;2026;04;30;7;V;5;V;4;V;4;V;4;V;4;V;8;V;16;V;21;V;24;V;18;V;15;V;7;V;9;V;8;V;9;V;8;V;9;V;12;V;10;V;14;V;22;V;30;V;25;V
28;079;39;8;28079039_8_8;2026;05;01;41;V;31;V;22;V;17;V;11;V;10;V;11;V;12;V;14;V;12;V;13;V;14;V;14;V;8;V;6;V;6;V;6;V;6;V;6;V;9;V;10;V;20;V;22;V;8;V
28;079;39;8;28079039_8_8;2026;05;02;6;V;4;V;6;V;6;V;6;V;6;V;7;V;9;V;9;V;13;V;14;V;14;V;15;V;10;V;14;V;7;V;8;V;7;V;13;V;13;V;15;V;20;V;26;V;22;V
28;079;39;8;28079039_8_8;2026;05;03;25;V;22;V;25;V;31;V;38;V;21;V;17;V;16;V;12;V;11;V;9;V;8;V;8;V;9;V;7;V;6;V;5;V;6;V;8;V;9;V;11;V;14;V;14;V;12;V
28;079;39;8;28079039_8_8;2026;05;04;8;V;8;V;6;V;7;V;5;V;6;V;11;V;22;V;30;V;25;V;20;V;12;V;9;V;9;V;7;V;7;V;7;V;8;V;9;V;10;V;12;V;15;V;13;V;15;V
28;079;39;8;28079039_8_8;2026;05;05;6;V;4;V;3;V;3;V;4;V;5;V;9;V;19;V;25;V;23;V;16;V;10;V;9;V;7;V;8;V;7;V;6;V;7;V;9;V;10;V;11;V;12;V;17;V;11;V
28;079;39;8;28079039_8_8;2026;05;06;10;V;9;V;5;V;6;V;11;V;16;V;24;V;28;V;25;V;19;V;12;V;11;V;9;V;9;V;10;V;9;V;10;V;11;V;13;V;14;V;16;V;31;V;82;V;62;V
28;079;39;8;28079039_8_8;2026;05;07;27;V;12;V;5;V;6;V;5;V;6;V;13;V;25;V;29;V;0;N;0;N;0;N;0;N;0;N;0;N;0;N;0;N;0;N;0;N;0;N;0;N;0;N;0;N;0;N
28;079;4;10;28079004_10_A;2026;04;07;19;V;13;V;13;V;13;V;16;V;17;V;15;V;16;V;19;V;19;V;21;V;28;V;35;V;41;V;47;V;42;V;45;V;52;V;67;V;82;V;52;V;46;V;44;V;42;V
28;079;4;10;28079004_10_A;2026;04;08;44;V;45;V;46;V;46;V;17;V;11;V;11;V;12;V;13;V;14;V;16;V;20;V;15;V;12;V;12;V;8;V;8;V;7;V;6;V;4;V;4;V;4;V;3;V;5;V
28;079;4;10;28079004_10_A;2026;04;09;3;V;4;V;7;V;4;V;6;V;4;V;5;V;11;V;23;V;36;V;42;V;44;V;45;V;42;V;36;V;44;V;54;V;53;V;48;V;48;V;44;V;47;V;56;V;40;V
28;079;4;10;28079004_10_A;2026;04;10;57;V;65;V;83;V;77;V;58;V;57;V;66;V;74;V;76;V;83;V;83;V;78;V;72;V;74;V;75;V;76;V;87;V;97;V;96;V;106;V;106;V;114;V;111;V;108;V
28;079;4;10;28079004_10_A;2026;04;11;109;V;94;V;84;V;78;V;71;V;71;V;65;V;66;V;65;V;68;V;66;V;79;V;83;V;87;V;95;V;98;V;102;V;97;V;134;V;131;V;109;V;98;V;66;V;46;V
28;079;4;10;28079004_10_A;2026;04;12;42;V;36;V;44;V;36;V;24;V;24;V;22;V;18;V;16;V;0;N;0;N;18;V;14;V;10;V;9;V;15;V;14;V;20;V;17;V;13;V;15;V;12;V;6;V;4;V
28;079;4;10;28079004_10_A;2026;04;13;4;V;4;V;4;V;3;V;4;V;3;V;3;V;6;V;14;V;15;V;8;V;9;V;9;V;9;V;9;V;8;V;9;V;8;V;8;V;8;V;9;V;21;V;15;V;10;V
28;079;4;10;28079004_10_A;2026;04;14;6;V;5;V;5;V;4;V;5;V;6;V;6;V;8;V;15;V;20;V;18;V;9;V;8;V;0;N;8;V;8;V;11;V;9;V;11;V;10;V;7;V;14;V;8;V;20;V
28;079;4;10;28079004_10_A;2026;04;15;23;V;19;V;16;V;17;V;11;V;10;V;11;V;16;V;21;V;32;V;30;V;23;V;31;V;22;V;11;V;8;V;9;V;13;V;12;V;12;V;14;V;15;V;18;V;19;V
28;079;4;10;28079004_10_A;2026;04;16;23;V;19;V;17;V;14;V;12;V;10;V;10;V;16;V;26;V;36;V;21;V;23;V;23;V;23;V;19;V;14;V;14;V;13;V;12;V;13;V;15;V;41;V;42;V;37;V
28;079;4;10;28079004_10_A;2026;04;17;55;V;34;V;36;V;20;V;13;V;15;V;13;V;22;V;35;V;0;N;53;V;46;V;36;V;35;V;19;V;16;V;14;V;15;V;14;V;16;V;26;V;0;N;0;N;51;V
28;079;4;10;28079004_10_A;2026;04;18;55;V;46;V;43;V;32;V;22;V;22;V;21;V;22;V;27;V;27;V;30;V;26;V;23;V;21;V;16;V;17;V;17;V;14;V;21;V;31;V;48;V;0;N;0;N;0;N
28;079;4;10;28079004_10_A;2026;04;19;12;V;9;V;9;V;24;V;23;V;24;V;22;V;21;V;21;V;16;V;16;V;15;V;17;V;19;V;21;V;21;V;19;V;20;V;21;V;26;V;30;V;0;N;0;N;42;V
28;079;4;10;28079004_10_A;2026;04;20;35;V;32;V;32;V;33;V;29;V;22;V;22;V;33;V;53;V;0;N;64;V;35;V;42;V;41;V;38;V;33;V;34;V;34;V;35;V;44;V;52;V;48;V;52;V;52;V
28;079;4;10;28079004_10_A;2026;04;21;55;V;44;V;39;V;31;V;30;V;28;V;27;V;41;V;0;N;86;V;52;V;38;V;41;V;43;V;46;V;34;V;37;V;48;V;113;V;46;V;46;V;55;V;55;V;51;V
28;079;4;10;28079004_10_A;2026;04;22;63;V;49;V;42;V;40;V;47;V;54;V;52;V;56;V;66;V;73;V;68;V;69;V;70;V;62;V;58;V;53;V;50;V;47;V;45;V;47;V;49;V;68;V;53;V;73;V
28;079;4;10;28079004_10_A;2026;04;23;52;V;43;V;39;V;38;V;32;V;29;V;33;V;39;V;47;V;62;V;51;V;57;V;53;V;56;V;54;V;44;V;48;V;49;V;49;V;44;V;49;V;56;V;46;V;39;V
28;079;4;10;28079004_10_A;2026;04;24;36;V;27;V;23;V;22;V;17;V;14;V;13;V;15;V;22;V;37;V;30;V;32;V;31;V;31;V;30;V;33;V;33;V;33;V;33;V;36;V;37;V;45;V;37;V;39;V
28;079;4;10;28079004_10_A;2026;04;25;26;V;25;V;25;V;19;V;18;V;18;V;20;V;17;V;17;V;24;V;20;V;19;V;20;V;20;V;23;V;22;V;24;V;24;V;25;V;32;V;31;V;25;V;16;V;14;V
28;079;4;10;28079004_10_A;2026;04;26;13;V;12;V;10;V;8;V;11;V;11;V;12;V;13;V;13;V;12;V;14;V;16;V;22;V;27;V;26;V;29;V;27;V;27;V;25;V;27;V;41;V;28;V;21;V;23;V
28;079;4;10;28079004_10_A;2026;04;27;19;V;20;V;17;V;15;V;14;V;15;V;15;V;22;V;25;V;28;V;36;V;28;V;32;V;28;V;28;V;27;V;32;V;25;V;18;V;18;V;20;V;23;V;24;V;22;V
28;079;4;10;28079004_10_A;2026;04;28;21;V;20;V;18;V;12;V;10;V;11;V;15;V;20;V;28;V;26;V;21;V;28;V;30;V;35;V;27;V;29;V;27;V;29;V;28;V;26;V;46;V;29;V;24;V;23;V
28;079;4;10;28079004_10_A;2026;04;29;20;V;20;V;19;V;20;V;21;V;22;V;20;V;28;V;31;V;27;V;21;V;22;V;26;V;24;V;28;V;32;V;39;V;43;V;35;V;25;V;20;V;16;V;10;V;12;V
28;079;4;10;28079004_10_A;2026;04;30;11;V;10;V;9;V;8;V;7;V;9;V;11;V;12;V;15;V;24;V;25;V;19;V;14;V;16;V;17;V;15;V;17;V;18;V;21;V;20;V;25;V;37;V;45;V;0;N
28;079;4;10;28079004_10_A;2026;05;01;39;V;28;V;26;V;31;V;19;V;17;V;16;V;20;V;19;V;25;V;22;V;22;V;22;V;17;V;17;V;15;V;17;V;17;V;18;V;22;V;24;V;39;V;43;V;26;V
28;079;4;10;28079004_10_A;2026;05;02;19;V;14;V;16;V;15;V;16;V;17;V;18;V;18;V;18;V;19;V;18;V;20;V;24;V;23;V;19;V;18;V;21;V;17;V;9;V;12;V;15;V;20;V;21;V;21;V
28;079;4;10;28079004_10_A;2026;05;03;19;V;18;V;20;V;19;V;22;V;18;V;17;V;16;V;16;V;12;V;13;V;14;V;12;V;14;V;13;V;12;V;10;V;9;V;8;V;8;V;9;V;9;V;8;V;7;V
28;079;4;10;28079004_10_A;2026;05;04;6;V;6;V;5;V;4;V;5;V;5;V;4;V;6;V;8;V;14;V;12;V;9;V;10;V;9;V;10;V;9;V;9;V;8;V;7;V;7;V;8;V;8;V;7;V;5;V
28;079;4;10;28079004_10_A;2026;05;05;6;V;6;V;6;V;5;V;4;V;4;V;3;V;5;V;7;V;8;V;9;V;7;V;8;V;8;V;8;V;7;V;8;V;7;V;8;V;7;V;8;V;7;V;7;V;5;V
28;079;4;10;28079004_10_A;2026;05;06;5;V;5;V;5;V;5;V;4;V;5;V;8;V;11;V;19;V;21;V;10;V;14;V;11;V;8;V;8;V;9;V;11;V;11;V;11;V;13;V;13;V;22;V;19;V;30;V
28;079;4;10;28079004_10_A;2026;05;07;17;V;12;V;6;V;5;V;5;V;5;V;7;V;7;V;12;V;0;N;0;N;0;N;0;N;0;N;0;N;0;N;0;N;0;N;0;N;0;N;0;N;0;N;0;N;0;N
28;079;4;12;28079004_12_8;2026;04;07;13;V;11;V;11;V;13;V;14;V;14;V;18;V;28;V;37;V;39;V;33;V;31;V;30;V;30;V;28;V;21;V;17;V;19;V;22;V;20;V;23;V;25;V;29;V;26;V
28;079;4;12;28079004_12_8;2026;04;08;24;V;17;V;18;V;19;V;9;V;8;V;16;V;27;V;60;V;65;V;46;V;37;V;33;V;28;V;24;V;14;V;11;V;11;V;11;V;11;V;10;V;10;V;9;V;10;V
28;079;4;12;28079004_12_8;2026;04;09;11;V;18;V;21;V;15;V;19;V;18;V;28;V;42;V;47;V;52;V;41;V;39;V;31;V;24;V;19;V;18;V;18;V;21;V;18;V;21;V;40;V;72;V;110;V;43;V
28;079;4;12;28079004_12_8;2026;04;10;27;V;23;V;11;V;7;V;7;V;10;V;13;V;23;V;32;V;34;V;34;V;31;V;29;V;26;V;22;V;24;V;17;V;16;V;22;V;22;V;30;V;46;V;60;V;74;V
28;079;4;12;28079004_12_8;2026;04;11;80;V;67;V;57;V;47;V;42;V;36;V;35;V;36;V;56;V;69;V;53;V;52;V;33;V;30;V;28;V;37;V;32;V;20;V;25;V;24;V;28;V;25;V;14;V;14;V
28;079;4;12;28079004_12_8;2026;04;12;11;V;9;V;8;V;7;V;6;V;5;V;5;V;7;V;0;N;0;N;0;N;0;N;15;V;14;V;11;V;10;V;9;V;10;V;13;V;14;V;13;V;15;V;12;V;8;V
28;079;4;12;28079004_12_8;2026;04;13;8;V;6;V;5;V;6;V;7;V;7;V;11;V;38;V;83;V;53;V;29;V;22;V;18;V;18;V;20;V;18;V;14;V;16;V;16;V;18;V;18;V;26;V;24;V;16;V
28;079;4;12;28079004_12_8;2026;04;14;12;V;8;V;7;V;6;V;6;V;11;V;10;V;26;V;43;V;38;V;38;V;28;V;18;V;0;N;21;V;15;V;13;V;16;V;19;V;21;V;18;V;20;V;18;V;23;V
28;079;4;12;28079004_12_8;2026;04;15;39;V;41;V;38;V;31;V;27;V;26;V;34;V;56;V;92;V;104;V;104;V;70;V;63;V;38;V;23;V;16;V;13;V;13;V;13;V;15;V;19;V;25;V;26;V;24;V
28;079;4;12;28079004_12_8;2026;04;16;25;V;26;V;24;V;23;V;21;V;22;V;27;V;44;V;88;V;96;V;51;V;44;V;34;V;33;V;27;V;19;V;16;V;15;V;14;V;17;V;23;V;38;V;39;V;37;V
28;079;4;12;28079004_12_8;2026;04;17;60;V;64;V;53;V;37;V;27;V;26;V;36;V;53;V;92;V;121;V;121;V;86;V;66;V;48;V;32;V;21;V;15;V;13;V;12;V;14;V;36;V;49;V;46;V;52;V
28;079;4;12;28079004_12_8;2026;04;18;70;V;67;V;56;V;49;V;40;V;37;V;33;V;30;V;45;V;62;V;60;V;40;V;33;V;25;V;22;V;17;V;14;V;14;V;20;V;27;V;44;V;53;V;45;V;47;V
28;079;4;12;28079004_12_8;2026;04;19;20;V;15;V;12;V;27;V;27;V;25;V;25;V;25;V;28;V;22;V;24;V;17;V;17;V;17;V;13;V;12;V;12;V;13;V;14;V;17;V;22;V;28;V;25;V;37;V
28;079;4;12;28079004_12_8;2026;04;20;29;V;38;V;37;V;33;V;24;V;25;V;29;V;54;V;88;V;94;V;76;V;45;V;39;V;30;V;20;V;17;V;14;V;17;V;18;V;19;V;28;V;30;V;27;V;35;V
28;079;4;12;28079004_12_8;2026;04;21;54;V;42;V;30;V;24;V;23;V;19;V;27;V;51;V;89;V;120;V;78;V;51;V;43;V;42;V;30;V;20;V;19;V;28;V;24;V;29;V;36;V;52;V;49;V;38;V
28;079;4;12;28079004_12_8;2026;04;22;52;V;43;V;33;V;28;V;20;V;14;V;14;V;23;V;33;V;36;V;22;V;21;V;17;V;17;V;14;V;14;V;11;V;14;V;15;V;15;V;18;V;20;V;29;V;89;V
28;079;4;12;28079004_12_8;2026;04;23;56;V;35;V;29;V;21;V;18;V;19;V;33;V;70;V;99;V;89;V;53;V;42;V;30;V;28;V;23;V;18;V;16;V;17;V;17;V;20;V;21;V;17;V;14;V;14;V
28;079;4;12;28079004_12_8;2026;04;24;11;V;9;V;9;V;8;V;7;V;9;V;13;V;22;V;25;V;25;V;27;V;25;V;23;V;23;V;22;V;18;V;19;V;20;V;22;V;25;V;29;V;28;V;32;V;47;V
28;079;4;12;28079004_12_8;2026;04;25;31;V;25;V;19;V;12;V;11;V;12;V;12;V;14;V;27;V;26;V;22;V;21;V;23;V;15;V;15;V;16;V;15;V;15;V;18;V;28;V;30;V;17;V;15;V;13;V
28;079;4;12;28079004_12_8;2026;04;26;14;V;11;V;7;V;8;V;11;V;12;V;18;V;20;V;27;V;13;V;9;V;12;V;11;V;10;V;10;V;10;V;11;V;11;V;11;V;14;V;18;V;24;V;24;V;23;V
28;079;4;12;28079004_12_8;2026;04;27;19;V;16;V;14;V;12;V;16;V;23;V;29;V;62;V;87;V;72;V;74;V;44;V;0;N;0;N;0;N;11;V;11;V;9;V;9;V;9;V;14;V;22;V;24;V;18;V
28;079;4;12;28079004_12_8;2026;04;28;15;V;12;V;8;V;8;V;7;V;8;V;16;V;37;V;59;V;47;V;38;V;27;V;22;V;16;V;15;V;13;V;13;V;12;V;12;V;12;V;12;V;13;V;12;V;9;V
28;079;4;12;28079004_12_8;2026;04;29;8;V;8;V;7;V;7;V;9;V;11;V;11;V;37;V;45;V;34;V;27;V;22;V;23;V;17;V;16;V;12;V;10;V;8;V;8;V;9;V;10;V;9;V;9;V;10;V
28;079;4;12;28079004_12_8;2026;04;30;8;V;22;V;7;V;5;V;5;V;5;V;11;V;15;V;24;V;37;V;38;V;23;V;14;V;12;V;12;V;12;V;11;V;9;V;15;V;14;V;14;V;18;V;25;V;49;V
28;079;4;12;28079004_12_8;2026;05;01;46;V;32;V;26;V;25;V;20;V;18;V;18;V;23;V;38;V;38;V;29;V;29;V;19;V;11;V;10;V;8;V;8;V;9;V;11;V;13;V;15;V;52;V;46;V;16;V
28;079;4;12;28079004_12_8;2026;05;02;13;V;10;V;8;V;7;V;5;V;6;V;7;V;9;V;10;V;11;V;14;V;15;V;14;V;12;V;10;V;21;V;11;V;8;V;10;V;13;V;12;V;15;V;34;V;41;V
28;079;4;12;28079004_12_8;2026;05;03;38;V;31;V;31;V;28;V;26;V;24;V;19;V;17;V;16;V;14;V;12;V;11;V;9;V;10;V;11;V;10;V;8;V;8;V;9;V;11;V;10;V;11;V;14;V;12;V
28;079;4;12;28079004_12_8;2026;05;04;12;V;11;V;9;V;7;V;6;V;6;V;9;V;18;V;22;V;29;V;23;V;14;V;12;V;10;V;9;V;8;V;8;V;8;V;9;V;11;V;11;V;13;V;9;V;9;V
28;079;4;12;28079004_12_8;2026;05;05;8;V;6;V;8;V;5;V;4;V;4;V;7;V;14;V;20;V;22;V;19;V;13;V;11;V;10;V;9;V;7;V;7;V;9;V;12;V;12;V;13;V;13;V;13;V;10;V
28;079;4;12;28079004_12_8;2026;05;06;9;V;9;V;7;V;7;V;7;V;16;V;27;V;40;V;73;V;60;V;27;V;23;V;15;V;13;V;15;V;14;V;12;V;14;V;14;V;15;V;14;V;15;V;28;V;53;V
28;079;4;12;28079004_12_8;2026;05;07;38;V;26;V;9;V;8;V;6;V;6;V;10;V;19;V;29;V;0;N;0;N;0;N;0;N;0;N;0;N;0;N;0;N;0;N;0;N;0;N;0;N;0;N;0;N;0;N
28;079;4;6;28079004_6_48;2026;04;07;0.2;V;0.2;V;0.2;V;0.2;V;0.2;V;0.2;V;0.2;V;0.2;V;0.3;V;0.3;V;0.2;V;0.2;V;0.3;V;0.2;V;0.3;V;0.2;V;0.2;V;0.2;V;0.2;V;0.2;V;0.2;V;0.2;V;0.3;V;0.3;V
28;079;4;6;28079004_6_48;2026;04;08;0.2;V;0.2;V;0.2;V;0.2;V;0.1;V;0.1;V;0.2;V;0.2;V;0.3;V;0.4;V;0.3;V;0.3;V;0.2;V;0.2;V;0.2;V;0.2;V;0.2;V;0.2;V;0.2;V;0.2;V;0.2;V;0.2;V;0.2;V;0.2;V
28;079;4;6;28079004_6_48;2026;04;09;0.2;V;0.2;V;0.2;V;0.2;V;0.2;V;0.2;V;0.2;V;0.3;V;0.3;V;0.4;V;0.3;V;0.3;V;0.2;V;0.2;V;0.2;V;0.2;V;0.2;V;0.2;V;0.2;V;0.2;V;0.4;V;0.6;V;0.7;V;0.3;V
28;079;4;6;28079004_6_48;2026;04;10;0.3;V;0.2;V;0.2;V;0.2;V;0.2;V;0.2;V;0.2;V;0.2;V;0.2;V;0.3;V;0.3;V;0.3;V;0.2;V;0.2;V;0.2;V;0.2;V;0.2;V;0.2;V;0.2;V;0.2;V;0.3;V;0.4;V;0.5;V;0.5;V
28;079;4;6;28079004_6_48;2026;04;11;0.5;V;0.4;V;0.4;V;0.3;V;0.3;V;0.3;V;0.3;V;0.3;V;0.3;V;0.3;V;0.3;V;0.3;V;0.3;V;0.3;V;0.2;V;0.3;V;0.3;V;0.2;V;0.2;V;0.2;V;0.2;V;0.2;V;0.2;V;0.2;V
28;079;4;6;28079004_6_48;2026;04;12;0.2;V;0.2;V;0.2;V;0.2;V;0.2;V;0.2;V;0.2;V;0.2;V;0;N;0;N;0;N;0;N;0.2;V;0.2;V;0.2;V;0.2;V;0.2;V;0.2;V;0.2;V;0.2;V;0.2;V;0.2;V;0.2;V;0.2;V
28;079;4;6;28079004_6_48;2026;04;13;0.2;V;0.2;V;0.2;V;0.2;V;0.2;V;0.2;V;0.2;V;0.3;V;0.4;V;0.3;V;0.2;V;0.2;V;0.2;V;0.2;V;0.2;V;0.2;V;0.2;V;0.2;V;0.2;V;0.2;V;0.2;V;0.3;V;0.2;V;0.2;V
28;079;4;6;28079004_6_48;2026;04;14;0.2;V;0.2;V;0.2;V;0.2;V;0.2;V;0.2;V;0.2;V;0.2;V;0.3;V;0.3;V;0.3;V;0.2;V;0.2;V;0;N;0;N;0.2;V;0.2;V;0.2;V;0.2;V;0.2;V;0.2;V;0.2;V;0.2;V;0.2;V
28;079;4;6;28079004_6_48;2026;04;15;0.3;V;0.3;V;0.3;V;0.3;V;0.2;V;0.2;V;0.2;V;0.3;V;0.4;V;0.5;V;0.5;V;0.3;V;0.3;V;0.2;V;0.2;V;0.2;V;0.2;V;0.2;V;0.2;V;0.2;V;0.2;V;0.2;V;0.3;V;0.2;V
28;079;4;6;28079004_6_48;2026;04;16;0.2;V;0.2;V;0.2;V;0.2;V;0.2;V;0.2;V;0.2;V;0.3;V;0.4;V;0.5;V;0.3;V;0.3;V;0.2;V;0.2;V;0.2;V;0.2;V;0.2;V;0.2;V;0.2;V;0.2;V;0.2;V;0.3;V;0.3;V;0.3;V
28;079;4;6;28079004_6_48;2026;04;17;0.5;V;0.4;V;0.3;V;0.3;V;0.2;V;0.2;V;0.3;V;0.3;V;0.5;V;0.6;V;0.6;V;0.4;V;0.3;V;0.2;V;0.2;V;0.2;V;0.2;V;0.2;V;0.2;V;0.2;V;0.3;V;0.3;V;0.3;V;0.3;V
28;079;4;6;28079004_6_48;2026;04;18;0.5;V;0.4;V;0.4;V;0.3;V;0.3;V;0.3;V;0.2;V;0.3;V;0.3;V;0.3;V;0.3;V;0.3;V;0.2;V;0.2;V;0.2;V;0.2;V;0.2;V;0.2;V;0.2;V;0.2;V;0.3;V;0.3;V;0.3;V;0.3;V
28;079;4;6;28079004_6_48;2026;04;19;0.2;V;0.2;V;0.2;V;0.3;V;0.2;V;0.2;V;0.2;V;0.2;V;0.2;V;0.2;V;0.2;V;0.2;V;0.2;V;0.2;V;0.2;V;0.2;V;0.2;V;0.2;V;0.2;V;0.2;V;0.2;V;0.3;V;0.2;V;0.3;V
28;079;4;6;28079004_6_48;2026;04;20;0.2;V;0.3;V;0.3;V;0.2;V;0.2;V;0.2;V;0.2;V;0.3;V;0.4;V;0.5;V;0.4;V;0.3;V;0.3;V;0.2;V;0.2;V;0.2;V;0.2;V;0.2;V;0.2;V;0.2;V;0.3;V;0.3;V;0.3;V;0.3;V
28;079;4;6;28079004_6_48;2026;04;21;0.4;V;0.3;V;0.3;V;0.2;V;0.2;V;0.2;V;0.2;V;0.3;V;0.5;V;0.6;V;0.4;V;0.2;V;0.2;V;0.2;V;0.2;V;0.2;V;0.2;V;0.3;V;0.2;V;0.3;V;0.3;V;0.5;V;0.4;V;0.3;V
28;079;4;6;28079004_6_48;2026;04;22;0.4;V;0.3;V;0.3;V;0.3;V;0.2;V;0.2;V;0.2;V;0.2;V;0.3;V;0.3;V;0.2;V;0.2;V;0.2;V;0.2;V;0.2;V;0.2;V;0.2;V;0.2;V;0.2;V;0.2;V;0.2;V;0.2;V;0.3;V;0.5;V
28;079;4;6;28079004_6_48;2026;04;23;0.4;V;0.3;V;0.2;V;0.2;V;0.2;V;0.2;V;0.2;V;0.3;V;0.5;V;0.4;V;0.3;V;0.2;V;0.2;V;0.2;V;0.2;V;0.2;V;0.2;V;0.2;V;0.2;V;0.2;V;0.2;V;0.2;V;0.2;V;0.2;V
28;079;4;6;28079004_6_48;2026;04;24;0.2;V;0.2;V;0.2;V;0.2;V;0.2;V;0.2;V;0.2;V;0.2;V;0.2;V;0.2;V;0.2;V;0.2;V;0.2;V;0.2;V;0.2;V;0.2;V;0.2;V;0.2;V;0.2;V;0.3;V;0.3;V;0.3;V;0.3;V;0.4;V
28;079;4;6;28079004_6_48;2026;04;25;0.3;V;0.2;V;0.2;V;0.2;V;0.2;V;0.2;V;0.2;V;0.2;V;0.2;V;0.2;V;0.2;V;0.2;V;0.2;V;0.2;V;0.2;V;0.2;V;0.2;V;0.2;V;0.2;V;0.2;V;0.3;V;0.2;V;0.2;V;0.2;V
28;079;4;6;28079004_6_48;2026;04;26;0.2;V;0.2;V;0.2;V;0.2;V;0.2;V;0.2;V;0.2;V;0.2;V;0.2;V;0.2;V;0.2;V;0.2;V;0.2;V;0.2;V;0.2;V;0.2;V;0.2;V;0.2;V;0.2;V;0.2;V;0.2;V;0.2;V;0.2;V;0.2;V
28;079;4;6;28079004_6_48;2026;04;27;0.2;V;0.2;V;0.2;V;0.2;V;0.2;V;0.2;V;0.2;V;0.3;V;0.4;V;0.4;V;0.4;V;0.2;V;0;N;0.2;V;0.2;V;0.2;V;0.2;V;0.2;V;0.2;V;0.2;V;0.2;V;0.3;V;0.3;V;0.2;V
28;079;4;6;28079004_6_48;2026;04;28;0.2;V;0.2;V;0.1;V;0.1;V;0.2;V;0.1;V;0.2;V;0.2;V;0.4;V;0.3;V;0.2;V;0.2;V;0.2;V;0.2;V;0.2;V;0.2;V;0.2;V;0.2;V;0.2;V;0.2;V;0.2;V;0.2;V;0.2;V;0.2;V
28;079;4;6;28079004_6_48;2026;04;29;0.2;V;0.2;V;0.2;V;0.1;V;0.2;V;0.2;V;0.2;V;0.2;V;0.3;V;0.2;V;0.2;V;0.2;V;0.2;V;0.2;V;0.2;V;0.2;V;0.2;V;0.2;V;0.2;V;0.2;V;0.2;V;0.2;V;0.2;V;0.2;V
28;079;4;6;28079004_6_48;2026;04;30;0.2;V;0.2;V;0.2;V;0.2;V;0.2;V;0.2;V;0.2;V;0.2;V;0.2;V;0.3;V;0.3;V;0.2;V;0.2;V;0.2;V;0.2;V;0.2;V;0.2;V;0.2;V;0.2;V;0.2;V;0.2;V;0.2;V;0.3;V;0.4;V
28;079;4;6;28079004_6_48;2026;05;01;0.3;V;0.2;V;0.2;V;0.2;V;0.2;V;0.2;V;0.2;V;0.2;V;0.3;V;0.3;V;0.2;V;0.2;V;0.2;V;0.2;V;0.2;V;0.2;V;0.2;V;0.2;V;0.2;V;0.2;V;0.2;V;0.5;V;0.4;V;0.2;V
28;079;4;6;28079004_6_48;2026;05;02;0.2;V;0.2;V;0.2;V;0.2;V;0.2;V;0.2;V;0.2;V;0.2;V;0.2;V;0.2;V;0.2;V;0.2;V;0.2;V;0.2;V;0.2;V;0.2;V;0.2;V;0.2;V;0.2;V;0.2;V;0.2;V;0.2;V;0.4;V;0.5;V
28;079;4;6;28079004_6_48;2026;05;03;0.4;V;0.3;V;0.3;V;0.3;V;0.3;V;0.3;V;0.2;V;0.2;V;0.2;V;0.2;V;0.2;V;0.2;V;0.2;V;0.2;V;0.2;V;0.2;V;0.2;V;0.2;V;0.2;V;0.2;V;0.2;V;0.2;V;0.2;V;0.2;V
28;079;4;6;28079004_6_48;2026;05;04;0.2;V;0.2;V;0.1;V;0.1;V;0.1;V;0.1;V;0.1;V;0.2;V;0.2;V;0.2;V;0.2;V;0.2;V;0.2;V;0.2;V;0.2;V;0.2;V;0.2;V;0.1;V;0.2;V;0.2;V;0.2;V;0.2;V;0.2;V;0.2;V
28;079;4;6;28079004_6_48;2026;05;05;0.2;V;0.1;V;0.1;V;0.1;V;0.1;V;0.1;V;0.1;V;0.2;V;0.2;V;0.2;V;0.2;V;0.2;V;0.2;V;0.2;V;0.2;V;0.2;V;0.2;V;0.2;V;0.2;V;0.2;V;0.2;V;0.2;V;0.2;V;0.2;V
28;079;4;6;28079004_6_48;2026;05;06;0.2;V;0.2;V;0.2;V;0.2;V;0.1;V;0.2;V;0.2;V;0.2;V;0.4;V;0.3;V;0.2;V;0.2;V;0.2;V;0.2;V;0.2;V;0.2;V;0.2;V;0.2;V;0.2;V;0.2;V;0.2;V;0.2;V;0.3;V;0.4;V
28;079;4;6;28079004_6_48;2026;05;07;0.3;V;0.2;V;0.2;V;0.1;V;0.1;V;0.2;V;0.2;V;0.2;V;0.2;V;0;N;0;N;0;N;0;N;0;N;0;N;0;N;0;N;0;N;0;N;0;N;0;N;0;N;0;N;0;N
28;079;4;7;28079004_7_8;2026;04;07;1;V;1;V;1;V;1;V;1;V;1;V;1;V;2;V;3;V;4;V;4;V;4;V;4;V;3;V;3;V;3;V;1;V;2;V;2;V;2;V;2;V;2;V;2;V;2;V
28;079;4;7;28079004_7_8;2026;04;08;2;V;2;V;1;V;1;V;1;V;1;V;1;V;2;V;10;V;12;V;6;V;4;V;5;V;4;V;4;V;2;V;2;V;2;V;2;V;2;V;1;V;1;V;1;V;1;V
28;079;4;7;28079004_7_8;2026;04;09;2;V;4;V;1;V;1;V;1;V;1;V;3;V;7;V;6;V;7;V;5;V;5;V;4;V;3;V;2;V;2;V;2;V;2;V;2;V;2;V;2;V;8;V;24;V;3;V
28;079;4;7;28079004_7_8;2026;04;10;1;V;2;V;1;V;1;V;1;V;1;V;1;V;1;V;2;V;3;V;4;V;4;V;4;V;3;V;2;V;4;V;2;V;2;V;3;V;2;V;3;V;4;V;6;V;14;V
28;079;4;7;28079004_7_8;2026;04;11;16;V;12;V;8;V;5;V;5;V;4;V;4;V;4;V;13;V;22;V;14;V;12;V;4;V;2;V;3;V;6;V;4;V;2;V;4;V;3;V;2;V;2;V;1;V;1;V
28;079;4;7;28079004_7_8;2026;04;12;1;V;2;V;1;V;1;V;1;V;1;V;1;V;1;V;0;N;0;N;0;N;0;N;2;V;2;V;2;V;1;V;1;V;2;V;2;V;2;V;1;V;2;V;1;V;1;V
28;079;4;7;28079004_7_8;2026;04;13;1;V;1;V;1;V;1;V;1;V;1;V;1;V;5;V;19;V;9;V;4;V;3;V;3;V;4;V;4;V;3;V;2;V;2;V;2;V;2;V;2;V;1;V;1;V;1;V
28;079;4;7;28079004_7_8;2026;04;14;1;V;1;V;1;V;1;V;1;V;1;V;1;V;2;V;4;V;4;V;6;V;4;V;3;V;0;N;3;V;2;V;2;V;3;V;2;V;3;V;2;V;2;V;1;V;1;V
28;079;4;7;28079004_7_8;2026;04;15;3;V;2;V;2;V;2;V;2;V;2;V;6;V;17;V;38;V;44;V;40;V;23;V;16;V;7;V;3;V;2;V;2;V;2;V;2;V;2;V;3;V;3;V;2;V;1;V
28;079;4;7;28079004_7_8;2026;04;16;1;V;1;V;1;V;1;V;1;V;2;V;4;V;10;V;35;V;39;V;14;V;8;V;5;V;5;V;4;V;2;V;2;V;2;V;2;V;2;V;2;V;2;V;1;V;2;V
28;079;4;7;28079004_7_8;2026;04;17;6;V;9;V;8;V;4;V;3;V;3;V;7;V;15;V;37;V;54;V;50;V;29;V;17;V;8;V;3;V;2;V;2;V;2;V;2;V;2;V;6;V;6;V;2;V;4;V
28;079;4;7;28079004_7_8;2026;04;18;10;V;11;V;9;V;8;V;5;V;5;V;5;V;5;V;13;V;22;V;19;V;8;V;4;V;3;V;3;V;2;V;2;V;2;V;4;V;4;V;7;V;7;V;3;V;4;V
28;079;4;7;28079004_7_8;2026;04;19;2;V;1;V;1;V;2;V;1;V;1;V;2;V;2;V;4;V;3;V;3;V;2;V;2;V;2;V;2;V;2;V;2;V;2;V;3;V;2;V;3;V;2;V;1;V;2;V
28;079;4;7;28079004_7_8;2026;04;20;1;V;2;V;2;V;1;V;1;V;2;V;2;V;11;V;30;V;35;V;24;V;9;V;5;V;3;V;2;V;2;V;2;V;2;V;3;V;3;V;2;V;2;V;1;V;1;V
28;079;4;7;28079004_7_8;2026;04;21;3;V;2;V;2;V;1;V;1;V;1;V;3;V;13;V;35;V;52;V;27;V;12;V;6;V;5;V;3;V;2;V;2;V;3;V;2;V;2;V;2;V;4;V;3;V;2;V
28;079;4;7;28079004_7_8;2026;04;22;4;V;3;V;3;V;2;V;2;V;1;V;1;V;2;V;3;V;4;V;3;V;4;V;4;V;3;V;3;V;3;V;2;V;2;V;2;V;2;V;2;V;1;V;2;V;23;V
28;079;4;7;28079004_7_8;2026;04;23;8;V;3;V;2;V;1;V;1;V;1;V;5;V;25;V;42;V;35;V;11;V;6;V;3;V;3;V;3;V;2;V;2;V;2;V;2;V;2;V;1;V;2;V;1;V;1;V
28;079;4;7;28079004_7_8;2026;04;24;1;V;1;V;1;V;1;V;1;V;1;V;2;V;2;V;2;V;2;V;3;V;3;V;3;V;3;V;3;V;2;V;2;V;2;V;2;V;2;V;2;V;2;V;2;V;4;V
28;079;4;7;28079004_7_8;2026;04;25;5;V;2;V;1;V;1;V;1;V;1;V;1;V;1;V;3;V;3;V;3;V;3;V;4;V;2;V;2;V;3;V;2;V;2;V;3;V;3;V;3;V;2;V;2;V;1;V
28;079;4;7;28079004_7_8;2026;04;26;2;V;1;V;1;V;1;V;1;V;1;V;1;V;2;V;7;V;2;V;1;V;2;V;2;V;2;V;2;V;2;V;2;V;2;V;2;V;2;V;2;V;3;V;2;V;2;V
28;079;4;7;28079004_7_8;2026;04;27;2;V;1;V;1;V;1;V;2;V;1;V;3;V;18;V;34;V;25;V;21;V;8;V;0;N;0;N;0;N;2;V;1;V;1;V;1;V;1;V;2;V;1;V;2;V;1;V
28;079;4;7;28079004_7_8;2026;04;28;1;V;1;V;1;V;1;V;1;V;1;V;1;V;3;V;10;V;5;V;4;V;3;V;3;V;2;V;2;V;2;V;2;V;2;V;1;V;1;V;1;V;1;V;1;V;1;V
28;079;4;7;28079004_7_8;2026;04;29;1;V;1;V;1;V;1;V;1;V;1;V;1;V;3;V;4;V;3;V;4;V;4;V;4;V;2;V;3;V;2;V;2;V;2;V;1;V;2;V;1;V;1;V;1;V;1;V
28;079;4;7;28079004_7_8;2026;04;30;1;V;7;V;1;V;1;V;1;V;1;V;1;V;1;V;3;V;5;V;6;V;3;V;3;V;2;V;2;V;2;V;2;V;1;V;2;V;2;V;1;V;1;V;1;V;3;V
28;079;4;7;28079004_7_8;2026;05;01;2;V;2;V;2;V;2;V;2;V;2;V;2;V;5;V;13;V;12;V;5;V;4;V;3;V;2;V;2;V;2;V;2;V;2;V;2;V;2;V;3;V;14;V;8;V;2;V
28;079;4;7;28079004_7_8;2026;05;02;2;V;2;V;1;V;1;V;1;V;1;V;1;V;1;V;1;V;1;V;2;V;2;V;2;V;2;V;1;V;6;V;2;V;2;V;1;V;2;V;2;V;2;V;8;V;7;V
28;079;4;7;28079004_7_8;2026;05;03;6;V;2;V;2;V;2;V;4;V;4;V;2;V;2;V;2;V;2;V;2;V;2;V;2;V;3;V;3;V;2;V;2;V;2;V;2;V;2;V;1;V;1;V;2;V;1;V
28;079;4;7;28079004_7_8;2026;05;04;1;V;1;V;1;V;1;V;1;V;1;V;1;V;2;V;3;V;4;V;4;V;2;V;2;V;2;V;2;V;2;V;2;V;2;V;2;V;1;V;1;V;1;V;1;V;1;V
28;079;4;7;28079004_7_8;2026;05;05;1;V;1;V;2;V;1;V;1;V;1;V;1;V;2;V;2;V;3;V;2;V;2;V;2;V;2;V;2;V;1;V;2;V;2;V;2;V;2;V;2;V;1;V;1;V;1;V
28;079;4;7;28079004_7_8;2026;05;06;1;V;1;V;1;V;1;V;1;V;1;V;3;V;8;V;27;V;19;V;4;V;4;V;2;V;2;V;2;V;3;V;2;V;2;V;2;V;1;V;1;V;1;V;1;V;1;V
28;079;4;7;28079004_7_8;2026;05;07;1;V;1;V;1;V;1;V;1;V;1;V;2;V;2;V;3;V;0;N;0;N;0;N;0;N;0;N;0;N;0;N;0;N;0;N;0;N;0;N;0;N;0;N;0;N;0;N
28;079;4;8;28079004_8_8;2026;04;07;11;V;9;V;9;V;12;V;12;V;13;V;16;V;25;V;32;V;33;V;27;V;26;V;24;V;25;V;23;V;18;V;15;V;16;V;19;V;17;V;20;V;22;V;26;V;23;V
28;079;4;8;28079004_8_8;2026;04;08;21;V;15;V;16;V;17;V;7;V;7;V;13;V;24;V;45;V;46;V;36;V;32;V;26;V;22;V;19;V;11;V;8;V;8;V;8;V;8;V;8;V;8;V;7;V;8;V
28;079;4;8;28079004_8_8;2026;04;09;8;V;11;V;19;V;14;V;17;V;16;V;24;V;31;V;38;V;41;V;34;V;31;V;25;V;19;V;16;V;15;V;15;V;17;V;15;V;19;V;37;V;60;V;74;V;39;V
28;079;4;8;28079004_8_8;2026;04;10;24;V;20;V;9;V;6;V;6;V;8;V;11;V;21;V;29;V;30;V;29;V;25;V;23;V;21;V;18;V;18;V;13;V;13;V;17;V;19;V;26;V;40;V;51;V;53;V
28;079;4;8;28079004_8_8;2026;04;11;56;V;48;V;44;V;38;V;34;V;30;V;29;V;30;V;36;V;35;V;31;V;34;V;27;V;26;V;24;V;28;V;26;V;16;V;19;V;20;V;25;V;22;V;12;V;12;V
28;079;4;8;28079004_8_8;2026;04;12;9;V;7;V;6;V;5;V;3;V;3;V;4;V;5;V;0;N;0;N;0;N;0;N;12;V;11;V;8;V;8;V;7;V;7;V;10;V;12;V;11;V;12;V;10;V;7;V
28;079;4;8;28079004_8_8;2026;04;13;6;V;4;V;3;V;5;V;6;V;5;V;9;V;30;V;54;V;40;V;23;V;17;V;13;V;13;V;15;V;14;V;11;V;13;V;13;V;16;V;16;V;25;V;22;V;14;V
28;079;4;8;28079004_8_8;2026;04;14;10;V;7;V;6;V;5;V;5;V;10;V;8;V;23;V;37;V;31;V;29;V;21;V;14;V;0;N;16;V;12;V;10;V;11;V;15;V;17;V;15;V;17;V;16;V;21;V
28;079;4;8;28079004_8_8;2026;04;15;34;V;37;V;34;V;28;V;24;V;23;V;25;V;30;V;34;V;36;V;43;V;35;V;39;V;27;V;18;V;12;V;10;V;10;V;10;V;12;V;14;V;20;V;22;V;21;V
28;079;4;8;28079004_8_8;2026;04;16;23;V;23;V;23;V;21;V;19;V;19;V;21;V;28;V;35;V;37;V;30;V;32;V;27;V;26;V;21;V;15;V;13;V;11;V;11;V;14;V;19;V;35;V;36;V;33;V
28;079;4;8;28079004_8_8;2026;04;17;51;V;50;V;41;V;30;V;23;V;22;V;26;V;30;V;35;V;38;V;45;V;41;V;40;V;36;V;27;V;18;V;13;V;10;V;10;V;11;V;27;V;40;V;42;V;45;V
28;079;4;8;28079004_8_8;2026;04;18;54;V;50;V;42;V;37;V;33;V;29;V;25;V;23;V;25;V;28;V;31;V;27;V;27;V;21;V;17;V;14;V;11;V;11;V;15;V;20;V;34;V;41;V;41;V;41;V
28;079;4;8;28079004_8_8;2026;04;19;18;V;13;V;10;V;24;V;25;V;23;V;23;V;22;V;22;V;18;V;20;V;14;V;13;V;13;V;10;V;9;V;9;V;9;V;10;V;13;V;18;V;25;V;23;V;35;V
28;079;4;8;28079004_8_8;2026;04;20;27;V;36;V;34;V;31;V;23;V;22;V;25;V;37;V;41;V;41;V;39;V;32;V;32;V;26;V;17;V;14;V;11;V;14;V;14;V;15;V;25;V;26;V;25;V;33;V
28;079;4;8;28079004_8_8;2026;04;21;49;V;39;V;27;V;22;V;21;V;17;V;22;V;31;V;35;V;41;V;37;V;33;V;34;V;35;V;25;V;17;V;16;V;24;V;21;V;25;V;33;V;45;V;44;V;34;V
28;079;4;8;28079004_8_8;2026;04;22;46;V;39;V;29;V;25;V;18;V;12;V;12;V;20;V;28;V;29;V;17;V;14;V;12;V;12;V;9;V;10;V;8;V;11;V;12;V;13;V;16;V;18;V;26;V;54;V
28;079;4;8;28079004_8_8;2026;04;23;44;V;31;V;26;V;19;V;16;V;17;V;25;V;32;V;34;V;36;V;35;V;33;V;25;V;23;V;18;V;15;V;13;V;14;V;14;V;17;V;19;V;15;V;12;V;12;V
28;079;4;8;28079004_8_8;2026;04;24;9;V;7;V;8;V;7;V;6;V;7;V;10;V;18;V;22;V;22;V;22;V;21;V;18;V;18;V;17;V;15;V;15;V;17;V;19;V;22;V;27;V;25;V;28;V;41;V
28;079;4;8;28079004_8_8;2026;04;25;24;V;22;V;17;V;10;V;9;V;11;V;10;V;13;V;23;V;22;V;18;V;17;V;17;V;12;V;12;V;12;V;12;V;11;V;13;V;23;V;25;V;15;V;13;V;11;V
28;079;4;8;28079004_8_8;2026;04;26;11;V;10;V;5;V;6;V;10;V;11;V;15;V;17;V;17;V;10;V;7;V;9;V;8;V;8;V;7;V;8;V;8;V;9;V;9;V;11;V;15;V;20;V;21;V;20;V
28;079;4;8;28079004_8_8;2026;04;27;16;V;15;V;12;V;11;V;13;V;21;V;25;V;35;V;34;V;34;V;42;V;31;V;0;N;0;N;0;N;9;V;9;V;7;V;7;V;7;V;11;V;20;V;22;V;17;V
28;079;4;8;28079004_8_8;2026;04;28;13;V;10;V;7;V;6;V;5;V;7;V;14;V;32;V;44;V;40;V;31;V;22;V;18;V;13;V;12;V;10;V;10;V;10;V;10;V;11;V;10;V;11;V;10;V;7;V
28;079;4;8;28079004_8_8;2026;04;29;6;V;6;V;6;V;6;V;8;V;9;V;10;V;33;V;38;V;29;V;21;V;16;V;17;V;13;V;12;V;9;V;7;V;6;V;6;V;7;V;8;V;7;V;7;V;8;V
28;079;4;8;28079004_8_8;2026;04;30;6;V;12;V;5;V;4;V;3;V;4;V;9;V;13;V;20;V;28;V;28;V;18;V;10;V;9;V;9;V;9;V;8;V;7;V;11;V;11;V;12;V;16;V;23;V;44;V
28;079;4;8;28079004_8_8;2026;05;01;42;V;29;V;24;V;22;V;18;V;15;V;15;V;16;V;18;V;19;V;21;V;22;V;15;V;9;V;7;V;5;V;5;V;6;V;8;V;10;V;11;V;30;V;34;V;13;V
28;079;4;8;28079004_8_8;2026;05;02;10;V;8;V;5;V;5;V;4;V;4;V;5;V;7;V;8;V;9;V;12;V;11;V;11;V;9;V;8;V;12;V;7;V;5;V;8;V;10;V;9;V;13;V;22;V;29;V
28;079;4;8;28079004_8_8;2026;05;03;28;V;28;V;27;V;25;V;21;V;18;V;16;V;14;V;12;V;11;V;9;V;8;V;6;V;6;V;7;V;6;V;5;V;5;V;6;V;7;V;8;V;9;V;10;V;10;V
28;079;4;8;28079004_8_8;2026;05;04;10;V;10;V;7;V;6;V;5;V;4;V;8;V;16;V;18;V;23;V;18;V;11;V;8;V;7;V;5;V;5;V;5;V;6;V;7;V;8;V;9;V;11;V;8;V;8;V
28;079;4;8;28079004_8_8;2026;05;05;6;V;4;V;5;V;4;V;3;V;3;V;5;V;12;V;18;V;18;V;15;V;9;V;7;V;7;V;6;V;4;V;4;V;6;V;9;V;10;V;10;V;11;V;12;V;9;V
28;079;4;8;28079004_8_8;2026;05;06;8;V;8;V;6;V;6;V;6;V;14;V;22;V;28;V;32;V;31;V;20;V;18;V;11;V;9;V;12;V;10;V;9;V;11;V;11;V;13;V;12;V;14;V;26;V;52;V
28;079;4;8;28079004_8_8;2026;05;07;37;V;24;V;7;V;7;V;4;V;4;V;8;V;16;V;25;V;0;N;0;N;0;N;0;N;0;N;0;N;0;N;0;N;0;N;0;N;0;N;0;N;0;N;0;N;0;N
28;079;4;9;28079004_9_A;2026;04;07;5;V;4;V;4;V;4;V;6;V;6;V;5;V;5;V;6;V;6;V;6;V;7;V;9;V;11;V;12;V;12;V;12;V;15;V;21;V;27;V;23;V;22;V;21;V;20;V
28;079;4;9;28079004_9_A;2026;04;08;20;V;20;V;20;V;20;V;8;V;6;V;5;V;5;V;6;V;6;V;6;V;7;V;6;V;5;V;5;V;3;V;2;V;2;V;2;V;2;V;2;V;2;V;2;V;2;V
28;079;4;9;28079004_9_A;2026;04;09;1;V;1;V;2;V;2;V;2;V;2;V;2;V;4;V;7;V;10;V;12;V;13;V;13;V;12;V;11;V;12;V;15;V;14;V;13;V;14;V;14;V;17;V;21;V;13;V
28;079;4;9;28079004_9_A;2026;04;10;17;V;20;V;25;V;23;V;18;V;18;V;19;V;21;V;21;V;22;V;22;V;20;V;19;V;20;V;21;V;21;V;23;V;25;V;25;V;28;V;31;V;35;V;37;V;34;V
28;079;4;9;28079004_9_A;2026;04;11;35;V;30;V;27;V;26;V;24;V;24;V;22;V;22;V;22;V;22;V;20;V;22;V;23;V;25;V;26;V;29;V;29;V;30;V;45;V;44;V;34;V;33;V;23;V;18;V
28;079;4;9;28079004_9_A;2026;04;12;17;V;16;V;19;V;15;V;11;V;11;V;10;V;8;V;7;V;0;N;0;N;8;V;7;V;4;V;4;V;6;V;6;V;6;V;7;V;6;V;6;V;6;V;3;V;2;V
28;079;4;9;28079004_9_A;2026;04;13;2;V;2;V;1;V;1;V;2;V;1;V;1;V;2;V;4;V;4;V;3;V;3;V;3;V;3;V;4;V;3;V;3;V;3;V;3;V;3;V;3;V;6;V;5;V;3;V
28;079;4;9;28079004_9_A;2026;04;14;3;V;2;V;3;V;3;V;3;V;3;V;3;V;3;V;5;V;5;V;5;V;3;V;2;V;0;N;3;V;2;V;3;V;3;V;3;V;3;V;3;V;4;V;3;V;5;V
28;079;4;9;28079004_9_A;2026;04;15;6;V;6;V;5;V;5;V;4;V;3;V;3;V;4;V;6;V;8;V;10;V;8;V;10;V;6;V;3;V;3;V;3;V;3;V;3;V;3;V;4;V;5;V;7;V;6;V
28;079;4;9;28079004_9_A;2026;04;16;6;V;5;V;5;V;5;V;4;V;4;V;4;V;5;V;7;V;9;V;6;V;7;V;6;V;7;V;5;V;4;V;4;V;4;V;3;V;4;V;4;V;12;V;10;V;10;V
28;079;4;9;28079004_9_A;2026;04;17;13;V;10;V;9;V;6;V;5;V;5;V;5;V;6;V;8;V;0;N;13;V;13;V;10;V;8;V;6;V;5;V;5;V;4;V;4;V;5;V;7;V;0;N;0;N;13;V
28;079;4;9;28079004_9_A;2026;04;18;15;V;14;V;12;V;9;V;7;V;8;V;7;V;7;V;8;V;9;V;11;V;9;V;9;V;7;V;6;V;5;V;6;V;4;V;5;V;8;V;10;V;0;N;0;N;0;N
28;079;4;9;28079004_9_A;2026;04;19;5;V;4;V;4;V;7;V;8;V;8;V;7;V;7;V;7;V;7;V;7;V;6;V;7;V;8;V;8;V;7;V;6;V;6;V;5;V;6;V;8;V;0;N;0;N;15;V
28;079;4;9;28079004_9_A;2026;04;20;15;V;11;V;11;V;11;V;11;V;9;V;9;V;11;V;14;V;0;N;15;V;10;V;12;V;12;V;11;V;10;V;10;V;10;V;10;V;12;V;13;V;14;V;16;V;17;V
28;079;4;9;28079004_9_A;2026;04;21;18;V;15;V;15;V;12;V;11;V;11;V;10;V;13;V;0;N;21;V;14;V;11;V;11;V;12;V;12;V;11;V;12;V;14;V;23;V;18;V;18;V;22;V;23;V;22;V
28;079;4;9;28079004_9_A;2026;04;22;21;V;18;V;17;V;16;V;18;V;18;V;18;V;20;V;24;V;27;V;26;V;27;V;26;V;24;V;23;V;21;V;19;V;18;V;17;V;17;V;17;V;21;V;20;V;24;V
28;079;4;9;28079004_9_A;2026;04;23;19;V;17;V;15;V;15;V;14;V;13;V;14;V;15;V;17;V;19;V;17;V;18;V;17;V;18;V;17;V;15;V;15;V;15;V;15;V;15;V;17;V;19;V;17;V;15;V
28;079;4;9;28079004_9_A;2026;04;24;12;V;10;V;9;V;9;V;8;V;8;V;8;V;8;V;9;V;11;V;12;V;13;V;14;V;15;V;15;V;16;V;16;V;16;V;17;V;17;V;17;V;18;V;18;V;19;V
28;079;4;9;28079004_9_A;2026;04;25;12;V;12;V;12;V;11;V;10;V;10;V;11;V;10;V;9;V;12;V;12;V;11;V;12;V;11;V;11;V;11;V;11;V;10;V;10;V;12;V;12;V;11;V;9;V;7;V
28;079;4;9;28079004_9_A;2026;04;26;7;V;7;V;6;V;5;V;6;V;6;V;6;V;6;V;6;V;6;V;7;V;8;V;10;V;12;V;11;V;12;V;10;V;10;V;10;V;10;V;12;V;13;V;11;V;11;V
28;079;4;9;28079004_9_A;2026;04;27;9;V;8;V;7;V;7;V;7;V;8;V;8;V;10;V;9;V;11;V;14;V;10;V;9;V;10;V;10;V;9;V;9;V;7;V;5;V;6;V;8;V;9;V;11;V;8;V
28;079;4;9;28079004_9_A;2026;04;28;7;V;6;V;5;V;4;V;4;V;4;V;5;V;6;V;8;V;7;V;6;V;7;V;7;V;9;V;8;V;8;V;8;V;8;V;8;V;8;V;11;V;10;V;9;V;9;V
28;079;4;9;28079004_9_A;2026;04;29;8;V;8;V;8;V;9;V;10;V;10;V;9;V;11;V;11;V;9;V;9;V;9;V;10;V;10;V;13;V;13;V;12;V;12;V;10;V;9;V;8;V;6;V;5;V;6;V
28;079;4;9;28079004_9_A;2026;04;30;6;V;5;V;5;V;4;V;4;V;5;V;5;V;6;V;7;V;9;V;10;V;7;V;6;V;6;V;7;V;7;V;7;V;7;V;7;V;7;V;8;V;10;V;13;V;0;N
28;079;4;9;28079004_9_A;2026;05;01;12;V;10;V;9;V;9;V;8;V;7;V;7;V;9;V;8;V;10;V;11;V;11;V;10;V;8;V;8;V;7;V;6;V;6;V;7;V;7;V;9;V;11;V;14;V;11;V
28;079;4;9;28079004_9_A;2026;05;02;9;V;8;V;9;V;9;V;10;V;10;V;11;V;11;V;11;V;11;V;12;V;13;V;14;V;14;V;12;V;13;V;12;V;8;V;5;V;6;V;7;V;10;V;12;V;13;V
28;079;4;9;28079004_9_A;2026;05;03;11;V;11;V;12;V;11;V;13;V;11;V;11;V;10;V;9;V;7;V;8;V;9;V;7;V;7;V;7;V;6;V;5;V;4;V;4;V;3;V;4;V;4;V;4;V;3;V
28;079;4;9;28079004_9_A;2026;05;04;3;V;3;V;3;V;2;V;2;V;2;V;2;V;3;V;3;V;4;V;3;V;3;V;3;V;3;V;3;V;3;V;3;V;3;V;3;V;3;V;3;V;3;V;3;V;3;V
28;079;4;9;28079004_9_A;2026;05;05;3;V;3;V;3;V;2;V;2;V;2;V;2;V;2;V;2;V;3;V;3;V;3;V;3;V;3;V;3;V;3;V;3;V;3;V;3;V;3;V;3;V;3;V;2;V;2;V
28;079;4;9;28079004_9_A;2026;05;06;2;V;2;V;2;V;2;V;2;V;3;V;4;V;3;V;5;V;5;V;3;V;3;V;3;V;3;V;3;V;3;V;4;V;3;V;4;V;4;V;4;V;6;V;9;V;9;V
28;079;4;9;28079004_9_A;2026;05;07;5;V;4;V;2;V;2;V;2;V;2;V;3;V;3;V;5;V;0;N;0;N;0;N;0;N;0;N;0;N;0;N;0;N;0;N;0;N;0;N;0;N;0;N;0;N;0;N
28;079;40;10;28079040_10_47;2026;04;07;25;V;14;V;11;V;10;V;14;V;19;V;25;V;22;V;21;V;34;V;37;V;20;V;0;N;0;N;0;N;0;N;0;N;23;V;31;V;38;V;43;V;27;V;30;V;34;V
28;079;40;10;28079040_10_47;2026;04;08;41;V;39;V;25;V;31;V;27;V;13;V;4;V;9;V;3;V;9;V;13;V;11;V;7;V;10;V;5;V;8;V;7;V;3;V;4;V;10;V;19;V;4;V;2;V;0;V
28;079;40;10;28079040_10_47;2026;04;09;0;V;3;V;24;V;8;V;6;V;3;V;4;V;5;V;13;V;15;V;20;V;21;V;25;V;0;N;0;N;0;N;0;N;0;N;36;V;25;V;41;V;39;V;34;V;32;V
28;079;40;10;28079040_10_47;2026;04;10;37;V;47;V;55;V;57;V;53;V;40;V;40;V;45;V;51;V;54;V;52;V;55;V;52;V;60;V;53;V;59;V;67;V;60;V;67;V;70;V;67;V;77;V;70;V;66;V
28;079;40;10;28079040_10_47;2026;04;11;61;V;61;V;55;V;52;V;46;V;46;V;43;V;42;V;47;V;50;V;51;V;51;V;55;V;66;V;73;V;68;V;75;V;74;V;94;V;99;V;95;V;73;V;67;V;39;V
28;079;40;10;28079040_10_47;2026;04;12;35;V;33;V;28;V;29;V;21;V;16;V;14;V;19;V;8;V;11;V;13;V;12;V;10;V;7;V;8;V;0;N;0;N;17;V;13;V;0;N;0;N;0;N;0;N;0;N
28;079;40;10;28079040_10_47;2026;04;13;8;V;6;V;5;V;3;V;2;V;3;V;6;V;0;N;0;N;0;N;0;N;0;N;2;V;2;V;5;V;6;V;14;V;12;V;12;V;6;V;0;V;2;V;9;V;11;V
28;079;40;10;28079040_10_47;2026;04;14;5;V;0;V;2;V;2;V;2;V;0;V;1;V;9;V;0;N;21;V;10;V;18;V;22;V;11;V;10;V;5;V;5;V;2;V;2;V;14;V;4;V;3;V;13;V;8;V
28;079;40;10;28079040_10_47;2026;04;15;7;V;8;V;11;V;9;V;10;V;4;V;10;V;11;V;17;V;21;V;10;V;12;V;28;V;21;V;32;V;16;V;3;V;4;V;0;V;3;V;10;V;7;V;6;V;12;V
28;079;40;10;28079040_10_47;2026;04;16;10;V;17;V;14;V;14;V;11;V;8;V;11;V;11;V;13;V;16;V;19;V;17;V;17;V;27;V;16;V;13;V;10;V;4;V;14;V;2;V;6;V;1;V;8;V;14;V
28;079;40;10;28079040_10_47;2026;04;17;13;V;14;V;8;V;15;V;17;V;17;V;15;V;16;V;17;V;28;V;36;V;28;V;33;V;46;V;10;V;14;V;16;V;19;V;14;V;10;V;12;V;13;V;16;V;22;V
28;079;40;10;28079040_10_47;2026;04;18;23;V;22;V;17;V;20;V;20;V;19;V;21;V;19;V;21;V;16;V;15;V;12;V;23;V;26;V;19;V;5;V;22;V;16;V;0;V;6;V;0;V;12;V;21;V;23;V
28;079;40;10;28079040_10_47;2026;04;19;16;V;9;V;15;V;18;V;13;V;17;V;8;V;17;V;10;V;4;V;13;V;17;V;23;V;19;V;20;V;18;V;1;V;11;V;9;V;18;V;9;V;17;V;16;V;20;V
28;079;40;10;28079040_10_47;2026;04;20;19;V;21;V;23;V;21;V;24;V;19;V;18;V;28;V;24;V;31;V;28;V;26;V;31;V;41;V;39;V;35;V;32;V;29;V;29;V;14;V;21;V;29;V;38;V;28;V
28;079;40;10;28079040_10_47;2026;04;21;28;V;37;V;29;V;27;V;30;V;30;V;30;V;32;V;41;V;40;V;32;V;28;V;39;V;37;V;40;V;36;V;32;V;32;V;104;V;86;V;39;V;47;V;50;V;45;V
28;079;40;10;28079040_10_47;2026;04;22;44;V;44;V;38;V;41;V;44;V;45;V;47;V;0;N;51;V;34;V;65;V;66;V;61;V;56;V;57;V;65;V;45;V;49;V;34;V;38;V;40;V;41;V;34;V;38;V
28;079;40;10;28079040_10_47;2026;04;23;34;V;34;V;38;V;37;V;34;V;32;V;34;V;37;V;44;V;47;V;44;V;38;V;22;V;37;V;76;V;57;V;45;V;45;V;50;V;14;V;34;V;51;V;54;V;28;V
28;079;40;10;28079040_10_47;2026;04;24;47;V;28;V;24;V;29;V;36;V;25;V;27;V;18;V;27;V;21;V;26;V;19;V;20;V;27;V;29;V;29;V;39;V;34;V;27;V;43;V;32;V;32;V;26;V;32;V
28;079;40;10;28079040_10_47;2026;04;25;24;V;25;V;27;V;23;V;24;V;25;V;22;V;21;V;24;V;19;V;20;V;22;V;32;V;21;V;23;V;22;V;17;V;17;V;32;V;27;V;29;V;23;V;20;V;16;V
28;079;40;10;28079040_10_47;2026;04;26;9;V;11;V;9;V;9;V;0;N;0;N;10;V;7;V;6;V;7;V;12;V;12;V;22;V;37;V;29;V;27;V;28;V;13;V;34;V;26;V;0;N;0;N;0;N;0;N
28;079;40;10;28079040_10_47;2026;04;27;17;V;24;V;23;V;10;V;18;V;17;V;16;V;14;V;17;V;25;V;23;V;41;V;37;V;26;V;26;V;18;V;10;V;12;V;13;V;14;V;13;V;15;V;14;V;11;V
28;079;40;10;28079040_10_47;2026;04;28;21;V;17;V;17;V;13;V;10;V;12;V;15;V;17;V;30;V;35;V;41;V;21;V;22;V;18;V;18;V;23;V;22;V;41;V;11;V;20;V;41;V;24;V;17;V;16;V
28;079;40;10;28079040_10_47;2026;04;29;18;V;23;V;25;V;23;V;23;V;16;V;19;V;21;V;15;V;6;V;18;V;21;V;13;V;10;V;19;V;24;V;33;V;28;V;11;V;29;V;24;V;25;V;18;V;19;V
28;079;40;10;28079040_10_47;2026;04;30;18;V;21;V;17;V;14;V;13;V;15;V;16;V;14;V;24;V;34;V;30;V;16;V;24;V;24;V;21;V;18;V;22;V;18;V;25;V;15;V;23;V;25;V;33;V;17;V
28;079;40;10;28079040_10_47;2026;05;01;4;V;25;V;20;V;19;V;22;V;16;V;14;V;15;V;0;N;0;N;27;V;21;V;21;V;15;V;9;V;20;V;14;V;10;V;11;V;13;V;16;V;14;V;16;V;21;V
28;079;40;10;28079040_10_47;2026;05;02;19;V;17;V;21;V;23;V;22;V;23;V;22;V;19;V;28;V;31;V;27;V;22;V;25;V;31;V;30;V;28;V;31;V;28;V;23;V;18;V;4;V;18;V;21;V;20;V
28;079;40;10;28079040_10_47;2026;05;03;21;V;28;V;11;V;15;V;22;V;23;V;27;V;24;V;39;V;21;V;21;V;13;V;28;V;31;V;33;V;29;V;27;V;38;V;11;V;14;V;10;V;14;V;7;V;2;V
28;079;40;10;28079040_10_47;2026;05;04;12;V;11;V;9;V;9;V;8;V;9;V;10;V;14;V;18;V;23;V;20;V;12;V;0;V;2;V;2;V;2;V;12;V;5;V;7;V;6;V;7;V;7;V;9;V;8;V
28;079;40;10;28079040_10_47;2026;05;05;9;V;6;V;8;V;7;V;7;V;4;V;3;V;6;V;9;V;22;V;16;V;13;V;5;V;5;V;11;V;4;V;0;V;16;V;7;V;10;V;6;V;8;V;7;V;6;V
28;079;40;10;28079040_10_47;2026;05;06;6;V;7;V;7;V;4;V;6;V;6;V;7;V;11;V;10;V;10;V;12;V;3;V;0;V;7;V;10;V;12;V;11;V;7;V;3;V;14;V;15;V;16;V;16;V;22;V
28;079;40;10;28079040_10_47;2026;05;07;18;V;10;V;4;V;9;V;8;V;4;V;8;V;12;V;25;V;0;N;0;N;0;N;0;N;0;N;0;N;0;N;0;N;0;N;0;N;0;N;0;N;0;N;0;N;0;N
28;079;40;12;28079040_12_8;2026;04;07;10;V;9;V;5;V;7;V;10;V;12;V;19;V;33;V;59;V;54;V;43;V;33;V;0;N;0;N;0;N;19;V;20;V;23;V;25;V;30;V;21;V;34;V;62;V;44;V
28;079;40;12;28079040_12_8;2026;04;08;48;V;39;V;31;V;28;V;8;V;8;V;14;V;39;V;48;V;65;V;39;V;28;V;28;V;20;V;20;V;13;V;14;V;17;V;18;V;20;V;18;V;21;V;21;V;19;V
28;079;40;12;28079040_12_8;2026;04;09;23;V;32;V;21;V;18;V;13;V;10;V;18;V;36;V;45;V;52;V;45;V;37;V;31;V;16;V;13;V;12;V;15;V;19;V;34;V;30;V;68;V;94;V;88;V;51;V
28;079;40;12;28079040_12_8;2026;04;10;21;V;19;V;5;V;5;V;6;V;7;V;12;V;25;V;34;V;38;V;32;V;34;V;28;V;21;V;13;V;15;V;18;V;18;V;21;V;21;V;32;V;37;V;37;V;23;V
28;079;40;12;28079040_12_8;2026;04;11;34;V;16;V;20;V;18;V;21;V;19;V;24;V;35;V;46;V;30;V;33;V;33;V;19;V;17;V;24;V;22;V;27;V;11;V;11;V;17;V;22;V;14;V;10;V;9;V
28;079;40;12;28079040_12_8;2026;04;12;8;V;6;V;5;V;4;V;5;V;4;V;6;V;8;V;11;V;10;V;10;V;10;V;9;V;9;V;9;V;10;V;13;V;12;V;11;V;13;V;10;V;13;V;10;V;6;V
28;079;40;12;28079040_12_8;2026;04;13;4;V;4;V;2;V;3;V;4;V;6;V;12;V;27;V;53;V;71;V;0;N;0;N;0;N;12;V;12;V;10;V;10;V;12;V;13;V;15;V;19;V;35;V;24;V;13;V
28;079;40;12;28079040_12_8;2026;04;14;8;V;5;V;6;V;5;V;6;V;14;V;29;V;46;V;93;V;55;V;36;V;26;V;19;V;18;V;13;V;11;V;12;V;16;V;17;V;12;V;17;V;27;V;22;V;21;V
28;079;40;12;28079040_12_8;2026;04;15;27;V;38;V;32;V;28;V;25;V;31;V;54;V;74;V;92;V;77;V;69;V;64;V;42;V;26;V;14;V;12;V;15;V;13;V;18;V;18;V;18;V;21;V;25;V;32;V
28;079;40;12;28079040_12_8;2026;04;16;37;V;37;V;48;V;34;V;36;V;30;V;23;V;34;V;61;V;44;V;34;V;36;V;32;V;31;V;25;V;13;V;14;V;13;V;19;V;14;V;22;V;29;V;41;V;47;V
28;079;40;12;28079040_12_8;2026;04;17;69;V;45;V;53;V;59;V;35;V;25;V;39;V;61;V;68;V;83;V;68;V;49;V;55;V;28;V;19;V;17;V;15;V;14;V;15;V;17;V;22;V;42;V;76;V;71;V
28;079;40;12;28079040_12_8;2026;04;18;51;V;49;V;60;V;53;V;66;V;36;V;36;V;42;V;53;V;28;V;27;V;29;V;29;V;25;V;14;V;9;V;9;V;10;V;10;V;15;V;19;V;31;V;41;V;41;V
28;079;40;12;28079040_12_8;2026;04;19;24;V;26;V;17;V;9;V;12;V;12;V;8;V;9;V;19;V;24;V;13;V;11;V;11;V;11;V;10;V;8;V;7;V;11;V;9;V;15;V;18;V;29;V;38;V;30;V
28;079;40;12;28079040_12_8;2026;04;20;26;V;22;V;31;V;30;V;15;V;19;V;37;V;51;V;77;V;82;V;46;V;33;V;30;V;22;V;13;V;15;V;13;V;15;V;26;V;21;V;24;V;32;V;35;V;33;V
28;079;40;12;28079040_12_8;2026;04;21;40;V;30;V;70;V;43;V;32;V;29;V;41;V;63;V;62;V;42;V;41;V;0;N;40;V;28;V;17;V;17;V;24;V;26;V;23;V;35;V;43;V;56;V;45;V;28;V
28;079;40;12;28079040_12_8;2026;04;22;26;V;20;V;15;V;23;V;13;V;8;V;18;V;33;V;46;V;43;V;26;V;15;V;12;V;17;V;13;V;11;V;16;V;16;V;13;V;19;V;23;V;27;V;32;V;31;V
28;079;40;12;28079040_12_8;2026;04;23;40;V;45;V;27;V;11;V;7;V;12;V;28;V;54;V;70;V;51;V;45;V;21;V;20;V;15;V;13;V;10;V;15;V;13;V;14;V;20;V;19;V;11;V;12;V;9;V
28;079;40;12;28079040_12_8;2026;04;24;8;V;7;V;7;V;5;V;6;V;7;V;15;V;25;V;37;V;43;V;22;V;17;V;17;V;19;V;14;V;17;V;18;V;15;V;20;V;24;V;25;V;35;V;50;V;23;V
28;079;40;12;28079040_12_8;2026;04;25;20;V;18;V;10;V;8;V;8;V;9;V;10;V;14;V;16;V;17;V;18;V;16;V;13;V;11;V;10;V;11;V;8;V;9;V;9;V;15;V;19;V;18;V;16;V;14;V
28;079;40;12;28079040_12_8;2026;04;26;11;V;9;V;10;V;7;V;9;V;6;V;9;V;16;V;14;V;15;V;13;V;8;V;10;V;9;V;8;V;6;V;8;V;6;V;9;V;9;V;12;V;23;V;25;V;16;V
28;079;40;12;28079040_12_8;2026;04;27;16;V;9;V;7;V;16;V;12;V;18;V;40;V;62;V;76;V;53;V;51;V;28;V;17;V;17;V;12;V;11;V;13;V;14;V;12;V;18;V;20;V;25;V;19;V;17;V
28;079;40;12;28079040_12_8;2026;04;28;7;V;6;V;5;V;6;V;9;V;13;V;25;V;45;V;59;V;48;V;28;V;17;V;12;V;13;V;9;V;13;V;13;V;13;V;27;V;53;V;19;V;20;V;16;V;10;V
28;079;40;12;28079040_12_8;2026;04;29;10;V;12;V;13;V;9;V;10;V;12;V;27;V;36;V;56;V;31;V;28;V;18;V;17;V;15;V;11;V;12;V;17;V;18;V;14;V;16;V;16;V;16;V;16;V;12;V
28;079;40;12;28079040_12_8;2026;04;30;10;V;7;V;6;V;7;V;5;V;7;V;21;V;49;V;83;V;54;V;58;V;24;V;17;V;16;V;14;V;21;V;20;V;22;V;23;V;25;V;24;V;29;V;35;V;46;V
28;079;40;12;28079040_12_8;2026;05;01;51;V;54;V;18;V;12;V;10;V;10;V;15;V;23;V;37;V;29;V;28;V;22;V;13;V;9;V;7;V;6;V;9;V;9;V;6;V;10;V;11;V;21;V;15;V;7;V
28;079;40;12;28079040_12_8;2026;05;02;7;V;5;V;8;V;7;V;6;V;6;V;8;V;9;V;11;V;15;V;17;V;18;V;12;V;10;V;12;V;18;V;10;V;9;V;13;V;17;V;16;V;22;V;39;V;42;V
28;079;40;12;28079040_12_8;2026;05;03;23;V;20;V;16;V;16;V;18;V;15;V;16;V;20;V;17;V;17;V;14;V;12;V;14;V;10;V;11;V;9;V;8;V;9;V;8;V;9;V;16;V;15;V;15;V;15;V
28;079;40;12;28079040_12_8;2026;05;04;12;V;16;V;10;V;12;V;7;V;12;V;22;V;57;V;56;V;65;V;60;V;35;V;13;V;9;V;15;V;10;V;9;V;11;V;15;V;16;V;14;V;19;V;14;V;12;V
28;079;40;12;28079040_12_8;2026;05;05;10;V;5;V;4;V;4;V;5;V;6;V;13;V;29;V;0;N;0;N;0;N;14;V;17;V;14;V;9;V;13;V;12;V;13;V;14;V;16;V;13;V;13;V;17;V;15;V
28;079;40;12;28079040_12_8;2026;05;06;10;V;26;V;8;V;7;V;13;V;17;V;27;V;49;V;47;V;42;V;28;V;17;V;14;V;15;V;13;V;14;V;17;V;14;V;15;V;22;V;25;V;30;V;47;V;56;V
28;079;40;12;28079040_12_8;2026;05;07;39;V;22;V;13;V;9;V;11;V;7;V;16;V;34;V;43;V;0;N;0;N;0;N;0;N;0;N;0;N;0;N;0;N;0;N;0;N;0;N;0;N;0;N;0;N;0;N
28;079;40;7;28079040_7_8;2026;04;07;0;V;1;V;0;V;0;V;0;V;1;V;1;V;1;V;7;V;9;V;8;V;6;V;0;N;0;N;0;N;3;V;3;V;5;V;4;V;5;V;3;V;2;V;7;V;3;V
28;079;40;7;28079040_7_8;2026;04;08;2;V;1;V;1;V;1;V;0;V;1;V;1;V;4;V;5;V;10;V;7;V;5;V;5;V;4;V;4;V;3;V;3;V;4;V;4;V;4;V;2;V;4;V;3;V;1;V
28;079;40;7;28079040_7_8;2026;04;09;1;V;1;V;1;V;1;V;1;V;0;V;1;V;2;V;5;V;11;V;9;V;9;V;7;V;2;V;2;V;2;V;2;V;3;V;6;V;3;V;4;V;9;V;8;V;1;V
28;079;40;7;28079040_7_8;2026;04;10;0;V;0;V;0;V;0;V;0;V;0;V;1;V;3;V;4;V;5;V;5;V;7;V;5;V;4;V;2;V;4;V;4;V;3;V;5;V;3;V;5;V;2;V;3;V;2;V
28;079;40;7;28079040_7_8;2026;04;11;2;V;1;V;1;V;0;V;0;V;0;V;0;V;1;V;5;V;3;V;4;V;5;V;2;V;2;V;4;V;2;V;4;V;2;V;1;V;2;V;2;V;1;V;1;V;1;V
28;079;40;7;28079040_7_8;2026;04;12;1;V;1;V;1;V;0;V;1;V;0;V;1;V;1;V;1;V;1;V;2;V;2;V;2;V;1;V;2;V;1;V;2;V;2;V;2;V;2;V;1;V;2;V;1;V;1;V
28;079;40;7;28079040_7_8;2026;04;13;0;V;1;V;0;V;0;V;0;V;1;V;1;V;3;V;9;V;17;V;0;N;0;N;0;N;3;V;3;V;2;V;2;V;3;V;3;V;3;V;2;V;2;V;2;V;1;V
28;079;40;7;28079040_7_8;2026;04;14;1;V;1;V;1;V;1;V;1;V;1;V;4;V;5;V;23;V;12;V;9;V;6;V;4;V;4;V;2;V;3;V;3;V;3;V;3;V;2;V;3;V;3;V;2;V;1;V
28;079;40;7;28079040_7_8;2026;04;15;1;V;1;V;1;V;1;V;1;V;2;V;5;V;16;V;29;V;26;V;19;V;20;V;10;V;6;V;3;V;3;V;3;V;3;V;4;V;3;V;3;V;2;V;1;V;2;V
28;079;40;7;28079040_7_8;2026;04;16;1;V;1;V;2;V;1;V;1;V;1;V;2;V;3;V;12;V;9;V;8;V;8;V;6;V;7;V;5;V;2;V;3;V;3;V;5;V;2;V;2;V;1;V;1;V;2;V
28;079;40;7;28079040_7_8;2026;04;17;3;V;1;V;4;V;3;V;1;V;0;V;1;V;6;V;12;V;22;V;17;V;9;V;15;V;5;V;3;V;3;V;3;V;3;V;3;V;3;V;2;V;2;V;5;V;3;V
28;079;40;7;28079040_7_8;2026;04;18;2;V;1;V;1;V;2;V;6;V;1;V;1;V;2;V;10;V;4;V;5;V;5;V;5;V;4;V;3;V;1;V;2;V;2;V;1;V;2;V;1;V;1;V;1;V;1;V
28;079;40;7;28079040_7_8;2026;04;19;1;V;1;V;1;V;0;V;0;V;1;V;0;V;1;V;2;V;4;V;2;V;2;V;2;V;2;V;2;V;1;V;1;V;2;V;2;V;2;V;2;V;1;V;2;V;0;V
28;079;40;7;28079040_7_8;2026;04;20;0;V;1;V;0;V;0;V;1;V;1;V;2;V;7;V;13;V;20;V;9;V;6;V;5;V;3;V;2;V;3;V;2;V;2;V;5;V;3;V;2;V;4;V;4;V;2;V
28;079;40;7;28079040_7_8;2026;04;21;2;V;0;V;5;V;0;V;1;V;1;V;1;V;5;V;10;V;7;V;7;V;0;N;6;V;4;V;2;V;2;V;3;V;3;V;3;V;4;V;3;V;2;V;1;V;1;V
28;079;40;7;28079040_7_8;2026;04;22;1;V;1;V;0;V;0;V;0;V;1;V;2;V;2;V;6;V;9;V;6;V;4;V;3;V;5;V;3;V;2;V;4;V;3;V;2;V;3;V;3;V;3;V;2;V;1;V
28;079;40;7;28079040_7_8;2026;04;23;1;V;1;V;0;V;0;V;0;V;1;V;1;V;3;V;12;V;10;V;9;V;4;V;3;V;2;V;2;V;1;V;3;V;2;V;2;V;2;V;2;V;1;V;2;V;1;V
28;079;40;7;28079040_7_8;2026;04;24;1;V;0;V;0;V;0;V;0;V;0;V;0;V;1;V;2;V;4;V;4;V;3;V;3;V;3;V;3;V;3;V;3;V;2;V;3;V;2;V;2;V;2;V;1;V;1;V
28;079;40;7;28079040_7_8;2026;04;25;1;V;1;V;1;V;0;V;0;V;0;V;1;V;1;V;2;V;2;V;4;V;3;V;3;V;2;V;2;V;2;V;2;V;1;V;1;V;2;V;2;V;2;V;1;V;1;V
28;079;40;7;28079040_7_8;2026;04;26;1;V;1;V;1;V;1;V;1;V;0;V;1;V;2;V;2;V;3;V;2;V;2;V;2;V;2;V;1;V;1;V;2;V;1;V;2;V;1;V;1;V;1;V;1;V;1;V
28;079;40;7;28079040_7_8;2026;04;27;0;V;0;V;0;V;0;V;0;V;0;V;2;V;9;V;18;V;13;V;12;V;5;V;3;V;3;V;2;V;2;V;3;V;3;V;2;V;2;V;1;V;2;V;1;V;1;V
28;079;40;7;28079040_7_8;2026;04;28;0;V;0;V;0;V;0;V;0;V;0;V;1;V;2;V;8;V;8;V;4;V;3;V;2;V;2;V;1;V;3;V;2;V;2;V;5;V;18;V;2;V;2;V;1;V;1;V
28;079;40;7;28079040_7_8;2026;04;29;1;V;1;V;1;V;0;V;0;V;1;V;2;V;4;V;12;V;4;V;6;V;4;V;4;V;3;V;3;V;2;V;4;V;4;V;3;V;3;V;2;V;2;V;2;V;1;V
28;079;40;7;28079040_7_8;2026;04;30;1;V;1;V;0;V;0;V;0;V;0;V;3;V;7;V;19;V;11;V;14;V;4;V;4;V;3;V;2;V;4;V;4;V;4;V;3;V;4;V;3;V;3;V;2;V;5;V
28;079;40;7;28079040_7_8;2026;05;01;1;V;1;V;1;V;1;V;1;V;1;V;1;V;1;V;7;V;5;V;6;V;4;V;2;V;1;V;1;V;1;V;2;V;1;V;1;V;1;V;1;V;1;V;1;V;1;V
28;079;40;7;28079040_7_8;2026;05;02;1;V;0;V;1;V;0;V;0;V;0;V;1;V;1;V;1;V;2;V;2;V;3;V;2;V;2;V;2;V;4;V;1;V;1;V;2;V;2;V;2;V;1;V;2;V;3;V
28;079;40;7;28079040_7_8;2026;05;03;1;V;1;V;1;V;0;V;1;V;0;V;1;V;2;V;2;V;3;V;3;V;2;V;3;V;2;V;3;V;2;V;2;V;2;V;2;V;1;V;3;V;2;V;2;V;1;V
28;079;40;7;28079040_7_8;2026;05;04;0;V;0;V;0;V;1;V;0;V;1;V;2;V;9;V;12;V;16;V;15;V;8;V;3;V;2;V;4;V;2;V;2;V;2;V;3;V;3;V;2;V;3;V;1;V;1;V
28;079;40;7;28079040_7_8;2026;05;05;1;V;1;V;0;V;0;V;0;V;0;V;1;V;5;V;0;N;0;N;0;N;3;V;4;V;4;V;2;V;4;V;3;V;3;V;3;V;4;V;2;V;1;V;2;V;2;V
28;079;40;7;28079040_7_8;2026;05;06;1;V;1;V;0;V;0;V;0;V;0;V;2;V;8;V;8;V;9;V;6;V;4;V;3;V;3;V;3;V;2;V;3;V;2;V;2;V;3;V;2;V;1;V;1;V;1;V
28;079;40;7;28079040_7_8;2026;05;07;1;V;1;V;0;V;0;V;1;V;0;V;1;V;3;V;5;V;0;N;0;N;0;N;0;N;0;N;0;N;0;N;0;N;0;N;0;N;0;N;0;N;0;N;0;N;0;N
28;079;40;8;28079040_8_8;2026;04;07;9;V;8;V;5;V;7;V;9;V;11;V;17;V;31;V;48;V;40;V;31;V;23;V;0;N;0;N;0;N;14;V;14;V;15;V;19;V;22;V;17;V;31;V;52;V;40;V
28;079;40;8;28079040_8_8;2026;04;08;44;V;37;V;29;V;26;V;7;V;8;V;13;V;34;V;40;V;50;V;28;V;21;V;19;V;14;V;14;V;9;V;9;V;11;V;12;V;14;V;14;V;15;V;18;V;18;V
28;079;40;8;28079040_8_8;2026;04;09;21;V;31;V;20;V;17;V;12;V;9;V;16;V;32;V;37;V;35;V;32;V;24;V;20;V;12;V;10;V;9;V;12;V;15;V;24;V;25;V;61;V;80;V;76;V;49;V
28;079;40;8;28079040_8_8;2026;04;10;20;V;18;V;4;V;5;V;6;V;6;V;11;V;21;V;28;V;29;V;24;V;23;V;20;V;16;V;9;V;10;V;12;V;13;V;14;V;16;V;24;V;34;V;33;V;20;V
28;079;40;8;28079040_8_8;2026;04;11;31;V;15;V;19;V;17;V;20;V;19;V;24;V;34;V;38;V;25;V;26;V;26;V;15;V;14;V;19;V;18;V;21;V;8;V;9;V;13;V;19;V;13;V;8;V;7;V
28;079;40;8;28079040_8_8;2026;04;12;7;V;5;V;4;V;3;V;4;V;4;V;5;V;7;V;9;V;8;V;8;V;7;V;6;V;7;V;6;V;8;V;10;V;10;V;9;V;10;V;9;V;10;V;8;V;5;V
28;079;40;8;28079040_8_8;2026;04;13;4;V;3;V;2;V;2;V;4;V;5;V;9;V;22;V;39;V;44;V;0;N;0;N;0;N;7;V;7;V;6;V;6;V;8;V;9;V;11;V;16;V;31;V;21;V;11;V
28;079;40;8;28079040_8_8;2026;04;14;7;V;4;V;5;V;4;V;5;V;12;V;23;V;38;V;58;V;36;V;23;V;17;V;13;V;12;V;9;V;7;V;8;V;11;V;13;V;9;V;13;V;23;V;19;V;20;V
28;079;40;8;28079040_8_8;2026;04;15;26;V;36;V;31;V;26;V;24;V;29;V;47;V;50;V;47;V;38;V;39;V;34;V;26;V;18;V;9;V;8;V;10;V;8;V;12;V;13;V;13;V;19;V;23;V;30;V
28;079;40;8;28079040_8_8;2026;04;16;35;V;35;V;45;V;33;V;35;V;28;V;20;V;29;V;43;V;29;V;22;V;24;V;22;V;21;V;17;V;10;V;10;V;9;V;12;V;11;V;18;V;27;V;40;V;44;V
28;079;40;8;28079040_8_8;2026;04;17;64;V;44;V;48;V;54;V;33;V;25;V;37;V;52;V;50;V;50;V;41;V;34;V;32;V;19;V;14;V;12;V;11;V;10;V;11;V;12;V;19;V;39;V;69;V;66;V
28;079;40;8;28079040_8_8;2026;04;18;48;V;47;V;58;V;50;V;56;V;34;V;34;V;40;V;39;V;21;V;20;V;21;V;22;V;18;V;10;V;7;V;6;V;7;V;8;V;12;V;17;V;29;V;39;V;40;V
28;079;40;8;28079040_8_8;2026;04;19;22;V;25;V;16;V;9;V;11;V;11;V;7;V;8;V;16;V;19;V;10;V;8;V;9;V;8;V;7;V;6;V;5;V;7;V;7;V;11;V;15;V;27;V;35;V;29;V
28;079;40;8;28079040_8_8;2026;04;20;25;V;21;V;30;V;29;V;14;V;18;V;34;V;40;V;56;V;51;V;31;V;24;V;23;V;17;V;9;V;10;V;10;V;12;V;18;V;17;V;20;V;26;V;30;V;29;V
28;079;40;8;28079040_8_8;2026;04;21;38;V;29;V;61;V;42;V;31;V;28;V;39;V;55;V;47;V;31;V;30;V;0;N;32;V;22;V;14;V;13;V;20;V;22;V;17;V;28;V;39;V;53;V;43;V;27;V
28;079;40;8;28079040_8_8;2026;04;22;25;V;19;V;15;V;22;V;12;V;7;V;15;V;29;V;38;V;30;V;17;V;10;V;8;V;9;V;8;V;8;V;10;V;11;V;10;V;13;V;18;V;22;V;29;V;29;V
28;079;40;8;28079040_8_8;2026;04;23;38;V;44;V;26;V;11;V;7;V;11;V;27;V;49;V;52;V;36;V;32;V;15;V;15;V;11;V;11;V;8;V;11;V;10;V;12;V;17;V;16;V;9;V;9;V;8;V
28;079;40;8;28079040_8_8;2026;04;24;7;V;6;V;6;V;4;V;5;V;7;V;14;V;24;V;34;V;37;V;16;V;12;V;12;V;14;V;10;V;12;V;14;V;12;V;16;V;20;V;22;V;32;V;48;V;21;V
28;079;40;8;28079040_8_8;2026;04;25;19;V;17;V;9;V;7;V;8;V;8;V;9;V;13;V;14;V;14;V;12;V;12;V;9;V;8;V;8;V;8;V;6;V;7;V;8;V;12;V;16;V;15;V;14;V;12;V
28;079;40;8;28079040_8_8;2026;04;26;10;V;9;V;9;V;6;V;8;V;6;V;8;V;13;V;12;V;11;V;9;V;6;V;7;V;7;V;6;V;5;V;6;V;4;V;7;V;8;V;10;V;21;V;24;V;15;V
28;079;40;8;28079040_8_8;2026;04;27;16;V;8;V;7;V;16;V;12;V;18;V;37;V;49;V;48;V;33;V;34;V;21;V;13;V;12;V;9;V;8;V;9;V;11;V;9;V;14;V;17;V;23;V;17;V;15;V
28;079;40;8;28079040_8_8;2026;04;28;6;V;6;V;5;V;6;V;8;V;12;V;23;V;42;V;47;V;36;V;21;V;13;V;9;V;10;V;7;V;9;V;9;V;9;V;19;V;25;V;15;V;17;V;14;V;9;V
28;079;40;8;28079040_8_8;2026;04;29;8;V;10;V;12;V;8;V;9;V;11;V;24;V;31;V;38;V;25;V;20;V;12;V;11;V;10;V;7;V;8;V;10;V;12;V;10;V;11;V;13;V;13;V;14;V;11;V
28;079;40;8;28079040_8_8;2026;04;30;9;V;7;V;5;V;6;V;5;V;6;V;17;V;38;V;54;V;37;V;36;V;17;V;12;V;11;V;11;V;15;V;14;V;15;V;18;V;19;V;20;V;25;V;31;V;39;V
28;079;40;8;28079040_8_8;2026;05;01;49;V;52;V;16;V;11;V;9;V;9;V;14;V;21;V;27;V;21;V;19;V;15;V;10;V;7;V;5;V;5;V;6;V;7;V;5;V;8;V;10;V;20;V;14;V;6;V
28;079;40;8;28079040_8_8;2026;05;02;5;V;4;V;7;V;6;V;6;V;5;V;7;V;8;V;9;V;12;V;14;V;14;V;9;V;7;V;9;V;13;V;8;V;7;V;10;V;13;V;13;V;20;V;36;V;38;V
28;079;40;8;28079040_8_8;2026;05;03;21;V;19;V;15;V;15;V;17;V;15;V;15;V;17;V;13;V;13;V;10;V;9;V;9;V;7;V;7;V;6;V;5;V;6;V;6;V;7;V;11;V;12;V;13;V;14;V
28;079;40;8;28079040_8_8;2026;05;04;11;V;16;V;10;V;11;V;7;V;12;V;19;V;44;V;37;V;41;V;38;V;22;V;9;V;6;V;8;V;7;V;6;V;8;V;10;V;11;V;11;V;14;V;12;V;11;V
28;079;40;8;28079040_8_8;2026;05;05;8;V;5;V;4;V;4;V;4;V;6;V;11;V;22;V;0;N;0;N;0;N;9;V;10;V;8;V;6;V;7;V;7;V;8;V;10;V;11;V;10;V;11;V;14;V;12;V
28;079;40;8;28079040_8_8;2026;05;06;9;V;25;V;8;V;7;V;12;V;16;V;25;V;38;V;34;V;28;V;18;V;11;V;9;V;10;V;9;V;10;V;12;V;11;V;11;V;17;V;22;V;29;V;45;V;55;V
28;079;40;8;28079040_8_8;2026;05;07;38;V;21;V;12;V;9;V;10;V;6;V;14;V;30;V;35;V;0;N;0;N;0;N;0;N;0;N;0;N;0;N;0;N;0;N;0;N;0;N;0;N;0;N;0;N;0;N
28;079;47;10;28079047_10_47;2026;04;07;20;V;19;V;11;V;13;V;16;V;18;V;20;V;20;V;21;V;28;V;26;V;24;V;29;V;30;V;37;V;29;V;28;V;44;V;54;V;74;V;58;V;42;V;41;V;39;V
28;079;47;10;28079047_10_47;2026;04;08;44;V;46;V;42;V;35;V;33;V;17;V;6;V;0;N;0;N;0;N;17;V;15;V;0;N;10;V;9;V;10;V;9;V;10;V;9;V;3;V;3;V;6;V;2;V;3;V
28;079;47;10;28079047_10_47;2026;04;09;4;V;6;V;3;V;14;V;8;V;7;V;1;V;5;V;13;V;25;V;32;V;32;V;39;V;34;V;35;V;31;V;47;V;67;V;50;V;45;V;45;V;55;V;53;V;48;V
28;079;47;10;28079047_10_47;2026;04;10;42;V;51;V;62;V;72;V;61;V;45;V;45;V;56;V;66;V;74;V;77;V;73;V;57;V;53;V;42;V;56;V;79;V;72;V;65;V;66;V;74;V;81;V;83;V;80;V
28;079;47;10;28079047_10_47;2026;04;11;69;V;74;V;74;V;66;V;61;V;58;V;61;V;58;V;60;V;63;V;55;V;56;V;63;V;71;V;85;V;85;V;81;V;84;V;103;V;106;V;88;V;80;V;76;V;43;V
28;079;47;10;28079047_10_47;2026;04;12;41;V;42;V;33;V;32;V;29;V;16;V;18;V;21;V;18;V;16;V;17;V;17;V;14;V;13;V;9;V;5;V;9;V;6;V;11;V;16;V;0;N;0;N;5;V;10;V
28;079;47;10;28079047_10_47;2026;04;13;10;V;7;V;3;V;1;V;5;V;6;V;6;V;4;V;3;V;27;V;10;V;6;V;3;V;3;V;2;V;0;N;0;N;0;N;9;V;2;V;6;V;12;V;6;V;6;V
28;079;47;10;28079047_10_47;2026;04;14;9;V;7;V;4;V;7;V;9;V;7;V;9;V;10;V;17;V;21;V;13;V;10;V;11;V;4;V;9;V;9;V;9;V;11;V;0;N;5;V;9;V;12;V;13;V;11;V
28;079;47;10;28079047_10_47;2026;04;15;15;V;12;V;12;V;20;V;24;V;17;V;11;V;13;V;18;V;23;V;27;V;38;V;27;V;25;V;7;V;19;V;7;V;12;V;8;V;15;V;12;V;11;V;12;V;12;V
28;079;47;10;28079047_10_47;2026;04;16;13;V;16;V;13;V;12;V;14;V;12;V;9;V;12;V;20;V;25;V;23;V;20;V;18;V;25;V;31;V;29;V;17;V;7;V;1;V;1;V;19;V;6;V;13;V;14;V
28;079;47;10;28079047_10_47;2026;04;17;27;V;30;V;30;V;22;V;18;V;14;V;13;V;15;V;24;V;33;V;39;V;40;V;46;V;50;V;22;V;15;V;7;V;6;V;0;N;16;V;17;V;14;V;25;V;27;V
28;079;47;10;28079047_10_47;2026;04;18;29;V;32;V;31;V;27;V;20;V;17;V;20;V;19;V;16;V;19;V;26;V;19;V;19;V;31;V;31;V;14;V;17;V;0;N;19;V;15;V;18;V;19;V;22;V;22;V
28;079;47;10;28079047_10_47;2026;04;19;17;V;9;V;7;V;15;V;17;V;16;V;13;V;16;V;11;V;14;V;15;V;21;V;15;V;15;V;36;V;36;V;30;V;18;V;0;N;19;V;18;V;21;V;21;V;18;V
28;079;47;10;28079047_10_47;2026;04;20;28;V;32;V;27;V;28;V;30;V;27;V;22;V;23;V;31;V;38;V;33;V;26;V;36;V;50;V;43;V;35;V;42;V;52;V;41;V;41;V;32;V;32;V;32;V;31;V
28;079;47;10;28079047_10_47;2026;04;21;37;V;44;V;32;V;26;V;25;V;24;V;30;V;31;V;38;V;36;V;36;V;34;V;36;V;41;V;37;V;42;V;36;V;33;V;142;V;101;V;39;V;46;V;43;V;49;V
28;079;47;10;28079047_10_47;2026;04;22;46;V;47;V;50;V;39;V;43;V;51;V;50;V;49;V;65;V;0;N;0;N;0;N;72;V;81;V;68;V;62;V;69;V;34;V;33;V;37;V;41;V;38;V;38;V;38;V
28;079;47;10;28079047_10_47;2026;04;23;44;V;44;V;34;V;26;V;27;V;30;V;32;V;42;V;41;V;49;V;38;V;58;V;48;V;46;V;54;V;49;V;33;V;23;V;24;V;44;V;48;V;47;V;51;V;37;V
28;079;47;10;28079047_10_47;2026;04;24;26;V;23;V;23;V;18;V;25;V;14;V;18;V;21;V;18;V;35;V;26;V;33;V;25;V;41;V;32;V;46;V;28;V;34;V;43;V;43;V;31;V;30;V;27;V;23;V
28;079;47;10;28079047_10_47;2026;04;25;31;V;27;V;24;V;23;V;20;V;16;V;23;V;16;V;13;V;14;V;21;V;19;V;17;V;0;N;14;V;24;V;22;V;38;V;29;V;19;V;0;N;19;V;16;V;19;V
28;079;47;10;28079047_10_47;2026;04;26;12;V;10;V;11;V;14;V;12;V;10;V;9;V;12;V;13;V;12;V;12;V;14;V;21;V;22;V;0;N;33;V;26;V;8;V;18;V;0;N;0;N;28;V;22;V;25;V
28;079;47;10;28079047_10_47;2026;04;27;20;V;42;V;31;V;16;V;15;V;26;V;16;V;18;V;0;N;31;V;54;V;54;V;39;V;32;V;27;V;28;V;31;V;20;V;21;V;10;V;22;V;15;V;18;V;18;V
28;079;47;10;28079047_10_47;2026;04;28;17;V;17;V;23;V;22;V;10;V;0;N;22;V;14;V;20;V;16;V;20;V;0;N;14;V;18;V;12;V;12;V;16;V;20;V;46;V;32;V;36;V;30;V;23;V;15;V
28;079;47;10;28079047_10_47;2026;04;29;11;V;14;V;16;V;21;V;23;V;19;V;26;V;27;V;28;V;20;V;18;V;19;V;22;V;30;V;20;V;18;V;65;V;53;V;40;V;25;V;25;V;19;V;9;V;6;V
28;079;47;10;28079047_10_47;2026;04;30;8;V;12;V;9;V;10;V;16;V;15;V;11;V;10;V;20;V;0;N;29;V;30;V;20;V;26;V;20;V;19;V;16;V;20;V;28;V;17;V;16;V;15;V;15;V;17;V
28;079;47;10;28079047_10_47;2026;05;01;29;V;16;V;9;V;17;V;19;V;12;V;15;V;10;V;18;V;0;N;15;V;21;V;21;V;35;V;30;V;12;V;0;N;16;V;14;V;8;V;8;V;20;V;18;V;18;V
28;079;47;10;28079047_10_47;2026;05;02;17;V;17;V;15;V;10;V;15;V;12;V;13;V;18;V;8;V;15;V;17;V;26;V;29;V;17;V;16;V;52;V;49;V;0;N;0;N;27;V;0;N;0;N;17;V;18;V
28;079;47;10;28079047_10_47;2026;05;03;18;V;13;V;0;N;16;V;17;V;17;V;15;V;19;V;17;V;11;V;15;V;0;N;0;N;24;V;21;V;0;N;9;V;11;V;11;V;11;V;13;V;8;V;8;V;6;V
28;079;47;10;28079047_10_47;2026;05;04;7;V;5;V;9;V;3;V;15;V;11;V;7;V;7;V;7;V;14;V;17;V;18;V;26;V;19;V;9;V;4;V;9;V;1;V;14;V;8;V;4;V;10;V;4;V;4;V
28;079;47;10;28079047_10_47;2026;05;05;6;V;10;V;9;V;4;V;7;V;3;V;7;V;7;V;7;V;7;V;9;V;0;V;2;V;0;N;0;N;15;V;12;V;17;V;4;V;8;V;0;V;7;V;6;V;5;V
28;079;47;10;28079047_10_47;2026;05;06;5;V;9;V;3;V;0;N;7;V;9;V;4;V;0;N;11;V;14;V;0;V;2;V;8;V;7;V;8;V;7;V;10;V;10;V;9;V;13;V;13;V;12;V;18;V;22;V
28;079;47;10;28079047_10_47;2026;05;07;20;V;19;V;7;V;7;V;7;V;8;V;8;V;12;V;18;V;0;N;0;N;0;N;0;N;0;N;0;N;0;N;0;N;0;N;0;N;0;N;0;N;0;N;0;N;0;N
28;079;47;12;28079047_12_8;2026;04;07;10;V;9;V;13;V;11;V;9;V;11;V;20;V;39;V;56;V;47;V;37;V;24;V;30;V;21;V;19;V;13;V;9;V;8;V;11;V;15;V;17;V;27;V;37;V;57;V
28;079;47;12;28079047_12_8;2026;04;08;54;V;20;V;18;V;30;V;4;V;3;V;10;V;0;N;0;N;55;V;51;V;27;V;22;V;10;V;9;V;7;V;7;V;7;V;7;V;10;V;12;V;11;V;9;V;12;V
28;079;47;12;28079047_12_8;2026;04;09;18;V;22;V;32;V;22;V;14;V;10;V;15;V;36;V;52;V;56;V;41;V;41;V;31;V;19;V;13;V;13;V;16;V;18;V;22;V;32;V;85;V;119;V;108;V;71;V
28;079;47;12;28079047_12_8;2026;04;10;31;V;24;V;9;V;10;V;9;V;10;V;16;V;31;V;44;V;42;V;47;V;32;V;32;V;18;V;12;V;6;V;6;V;9;V;10;V;11;V;25;V;45;V;51;V;35;V
28;079;47;12;28079047_12_8;2026;04;11;30;V;25;V;60;V;53;V;42;V;38;V;38;V;37;V;53;V;64;V;79;V;86;V;75;V;29;V;17;V;19;V;20;V;11;V;10;V;14;V;19;V;19;V;10;V;8;V
28;079;47;12;28079047_12_8;2026;04;12;7;V;7;V;6;V;4;V;5;V;5;V;5;V;5;V;9;V;12;V;10;V;14;V;9;V;15;V;12;V;8;V;9;V;7;V;19;V;15;V;16;V;13;V;10;V;9;V
28;079;47;12;28079047_12_8;2026;04;13;6;V;3;V;3;V;3;V;4;V;5;V;9;V;25;V;62;V;62;V;15;V;7;V;6;V;5;V;5;V;5;V;5;V;6;V;7;V;9;V;12;V;16;V;13;V;12;V
28;079;47;12;28079047_12_8;2026;04;14;6;V;5;V;6;V;7;V;5;V;8;V;10;V;28;V;98;V;46;V;29;V;15;V;13;V;10;V;11;V;9;V;7;V;9;V;10;V;14;V;15;V;23;V;17;V;19;V
28;079;47;12;28079047_12_8;2026;04;15;35;V;41;V;45;V;60;V;65;V;38;V;29;V;67;V;104;V;100;V;80;V;66;V;49;V;16;V;5;V;5;V;4;V;5;V;5;V;6;V;11;V;19;V;24;V;32;V
28;079;47;12;28079047_12_8;2026;04;16;17;V;21;V;25;V;25;V;23;V;23;V;24;V;62;V;115;V;62;V;39;V;25;V;34;V;25;V;15;V;7;V;7;V;6;V;6;V;7;V;11;V;25;V;45;V;103;V
28;079;47;12;28079047_12_8;2026;04;17;140;V;124;V;80;V;46;V;32;V;25;V;30;V;61;V;108;V;118;V;88;V;64;V;49;V;34;V;15;V;6;V;5;V;5;V;5;V;9;V;23;V;36;V;56;V;43;V
28;079;47;12;28079047_12_8;2026;04;18;78;V;77;V;62;V;51;V;34;V;35;V;38;V;36;V;48;V;46;V;19;V;24;V;25;V;19;V;8;V;4;V;3;V;3;V;3;V;6;V;17;V;30;V;28;V;28;V
28;079;47;12;28079047_12_8;2026;04;19;14;V;19;V;13;V;14;V;18;V;21;V;20;V;20;V;15;V;26;V;14;V;8;V;9;V;8;V;6;V;4;V;3;V;2;V;4;V;6;V;9;V;15;V;22;V;31;V
28;079;47;12;28079047_12_8;2026;04;20;41;V;33;V;42;V;46;V;29;V;20;V;30;V;62;V;125;V;92;V;37;V;29;V;34;V;20;V;9;V;6;V;5;V;5;V;6;V;7;V;12;V;24;V;29;V;37;V
28;079;47;12;28079047_12_8;2026;04;21;65;V;55;V;30;V;23;V;22;V;19;V;22;V;57;V;116;V;56;V;35;V;36;V;36;V;27;V;15;V;11;V;12;V;12;V;11;V;33;V;42;V;67;V;67;V;54;V
28;079;47;12;28079047_12_8;2026;04;22;51;V;65;V;47;V;38;V;16;V;7;V;11;V;35;V;42;V;0;N;0;N;0;N;8;V;7;V;5;V;6;V;6;V;5;V;5;V;5;V;9;V;12;V;16;V;37;V
28;079;47;12;28079047_12_8;2026;04;23;56;V;32;V;39;V;22;V;16;V;15;V;23;V;58;V;96;V;38;V;35;V;23;V;20;V;17;V;13;V;10;V;6;V;6;V;7;V;10;V;17;V;9;V;8;V;7;V
28;079;47;12;28079047_12_8;2026;04;24;5;V;4;V;5;V;5;V;4;V;6;V;16;V;34;V;38;V;42;V;15;V;12;V;11;V;17;V;13;V;11;V;14;V;16;V;20;V;24;V;21;V;24;V;30;V;30;V
28;079;47;12;28079047_12_8;2026;04;25;21;V;20;V;9;V;7;V;5;V;13;V;9;V;16;V;17;V;13;V;16;V;16;V;10;V;8;V;7;V;6;V;4;V;3;V;4;V;8;V;20;V;16;V;16;V;13;V
28;079;47;12;28079047_12_8;2026;04;26;11;V;16;V;8;V;5;V;5;V;8;V;10;V;15;V;11;V;9;V;12;V;8;V;6;V;5;V;5;V;3;V;2;V;3;V;3;V;4;V;12;V;19;V;26;V;18;V
28;079;47;12;28079047_12_8;2026;04;27;16;V;10;V;10;V;14;V;13;V;37;V;49;V;62;V;112;V;121;V;69;V;27;V;19;V;11;V;9;V;7;V;5;V;5;V;5;V;8;V;19;V;37;V;28;V;19;V
28;079;47;12;28079047_12_8;2026;04;28;14;V;12;V;6;V;7;V;6;V;9;V;23;V;44;V;69;V;54;V;33;V;15;V;8;V;9;V;10;V;6;V;7;V;6;V;6;V;10;V;10;V;12;V;11;V;6;V
28;079;47;12;28079047_12_8;2026;04;29;10;V;13;V;11;V;12;V;23;V;28;V;41;V;52;V;39;V;34;V;20;V;10;V;9;V;8;V;9;V;8;V;8;V;7;V;7;V;8;V;8;V;7;V;14;V;9;V
28;079;47;12;28079047_12_8;2026;04;30;8;V;7;V;4;V;6;V;4;V;5;V;12;V;35;V;77;V;64;V;40;V;9;V;7;V;8;V;7;V;12;V;13;V;8;V;7;V;8;V;9;V;12;V;14;V;21;V
28;079;47;12;28079047_12_8;2026;05;01;65;V;40;V;33;V;32;V;19;V;15;V;19;V;24;V;29;V;25;V;48;V;22;V;12;V;4;V;4;V;4;V;4;V;3;V;3;V;5;V;6;V;13;V;17;V;9;V
28;079;47;12;28079047_12_8;2026;05;02;9;V;7;V;5;V;4;V;4;V;4;V;6;V;8;V;10;V;13;V;15;V;12;V;9;V;6;V;8;V;10;V;5;V;4;V;7;V;8;V;10;V;12;V;29;V;42;V
28;079;47;12;28079047_12_8;2026;05;03;29;V;23;V;16;V;16;V;23;V;23;V;19;V;21;V;15;V;18;V;13;V;10;V;5;V;5;V;4;V;3;V;3;V;3;V;3;V;4;V;5;V;8;V;8;V;11;V
28;079;47;12;28079047_12_8;2026;05;04;13;V;9;V;8;V;6;V;5;V;6;V;15;V;39;V;24;V;43;V;61;V;22;V;6;V;5;V;4;V;3;V;4;V;4;V;5;V;7;V;8;V;12;V;10;V;7;V
28;079;47;12;28079047_12_8;2026;05;05;7;V;5;V;10;V;5;V;4;V;4;V;7;V;15;V;22;V;27;V;18;V;7;V;6;V;4;V;3;V;3;V;4;V;6;V;5;V;5;V;8;V;9;V;9;V;9;V
28;079;47;12;28079047_12_8;2026;05;06;8;V;13;V;8;V;7;V;12;V;11;V;12;V;41;V;60;V;0;N;0;N;15;V;11;V;10;V;10;V;12;V;13;V;10;V;14;V;13;V;12;V;16;V;50;V;69;V
28;079;47;12;28079047_12_8;2026;05;07;68;V;24;V;9;V;11;V;8;V;8;V;15;V;36;V;50;V;0;N;0;N;0;N;0;N;0;N;0;N;0;N;0;N;0;N;0;N;0;N;0;N;0;N;0;N;0;N
28;079;47;7;28079047_7_8;2026;04;07;0;V;1;V;0;V;0;V;0;V;0;V;0;V;1;V;4;V;5;V;5;V;2;V;5;V;3;V;2;V;2;V;1;V;1;V;1;V;2;V;1;V;1;V;1;V;3;V
28;079;47;7;28079047_7_8;2026;04;08;1;V;1;V;1;V;1;V;1;V;0;V;0;V;0;N;0;N;7;V;8;V;3;V;3;V;1;V;1;V;1;V;1;V;1;V;1;V;1;V;1;V;1;V;0;V;0;V
28;079;47;7;28079047_7_8;2026;04;09;0;V;0;V;1;V;0;V;0;V;0;V;0;V;2;V;5;V;10;V;7;V;8;V;5;V;3;V;2;V;2;V;2;V;2;V;3;V;2;V;9;V;15;V;11;V;4;V
28;079;47;7;28079047_7_8;2026;04;10;1;V;1;V;0;V;1;V;0;V;0;V;1;V;1;V;3;V;4;V;7;V;5;V;6;V;3;V;2;V;1;V;1;V;1;V;1;V;1;V;1;V;1;V;0;V;1;V
28;079;47;7;28079047_7_8;2026;04;11;0;V;1;V;2;V;2;V;1;V;1;V;1;V;1;V;8;V;14;V;19;V;22;V;18;V;3;V;1;V;2;V;2;V;2;V;1;V;1;V;1;V;1;V;1;V;1;V
28;079;47;7;28079047_7_8;2026;04;12;0;V;1;V;0;V;0;V;1;V;0;V;0;V;0;V;1;V;1;V;1;V;2;V;1;V;2;V;2;V;1;V;1;V;1;V;3;V;1;V;0;V;1;V;1;V;0;V
28;079;47;7;28079047_7_8;2026;04;13;0;V;0;V;0;V;0;V;0;V;0;V;0;V;0;V;7;V;12;V;2;V;1;V;1;V;1;V;1;V;1;V;1;V;1;V;1;V;1;V;1;V;0;V;0;V;0;V
28;079;47;7;28079047_7_8;2026;04;14;0;V;0;V;0;V;0;V;0;V;0;V;0;V;1;V;19;V;5;V;4;V;3;V;2;V;2;V;1;V;1;V;1;V;2;V;2;V;1;V;1;V;1;V;1;V;0;V
28;079;47;7;28079047_7_8;2026;04;15;0;V;1;V;1;V;5;V;6;V;1;V;1;V;16;V;36;V;33;V;24;V;17;V;10;V;3;V;1;V;1;V;1;V;1;V;1;V;1;V;1;V;1;V;1;V;1;V
28;079;47;7;28079047_7_8;2026;04;16;0;V;0;V;0;V;1;V;0;V;0;V;1;V;13;V;43;V;17;V;8;V;4;V;6;V;4;V;2;V;1;V;1;V;1;V;1;V;1;V;1;V;0;V;1;V;13;V
28;079;47;7;28079047_7_8;2026;04;17;31;V;27;V;12;V;3;V;1;V;0;V;1;V;11;V;39;V;43;V;23;V;15;V;9;V;5;V;2;V;1;V;1;V;1;V;0;V;1;V;1;V;1;V;1;V;1;V
28;079;47;7;28079047_7_8;2026;04;18;4;V;7;V;3;V;2;V;1;V;1;V;2;V;3;V;10;V;10;V;3;V;3;V;3;V;3;V;1;V;1;V;1;V;1;V;1;V;0;V;1;V;1;V;0;V;1;V
28;079;47;7;28079047_7_8;2026;04;19;1;V;1;V;0;V;0;V;0;V;0;V;1;V;0;V;1;V;4;V;2;V;1;V;1;V;1;V;1;V;1;V;1;V;1;V;0;V;1;V;1;V;0;V;0;V;1;V
28;079;47;7;28079047_7_8;2026;04;20;0;V;0;V;0;V;0;V;0;V;0;V;0;V;9;V;44;V;28;V;6;V;5;V;5;V;3;V;1;V;1;V;1;V;1;V;0;V;0;V;1;V;0;V;0;V;0;V
28;079;47;7;28079047_7_8;2026;04;21;1;V;3;V;1;V;1;V;0;V;0;V;1;V;8;V;40;V;9;V;5;V;6;V;5;V;3;V;1;V;1;V;1;V;1;V;0;V;3;V;1;V;1;V;1;V;1;V
28;079;47;7;28079047_7_8;2026;04;22;1;V;2;V;3;V;2;V;0;V;0;V;0;V;1;V;2;V;0;N;0;N;0;N;1;V;2;V;1;V;1;V;1;V;1;V;0;V;1;V;0;V;0;V;1;V;1;V
28;079;47;7;28079047_7_8;2026;04;23;1;V;1;V;4;V;1;V;0;V;1;V;0;V;4;V;20;V;6;V;5;V;3;V;3;V;3;V;2;V;1;V;1;V;1;V;1;V;1;V;1;V;0;V;0;V;0;V
28;079;47;7;28079047_7_8;2026;04;24;0;V;0;V;0;V;1;V;0;V;0;V;0;V;1;V;4;V;6;V;2;V;2;V;2;V;3;V;2;V;2;V;2;V;2;V;2;V;2;V;1;V;0;V;1;V;1;V
28;079;47;7;28079047_7_8;2026;04;25;0;V;2;V;1;V;0;V;0;V;0;V;1;V;1;V;1;V;1;V;2;V;3;V;2;V;1;V;1;V;1;V;1;V;0;V;1;V;1;V;1;V;1;V;1;V;1;V
28;079;47;7;28079047_7_8;2026;04;26;1;V;1;V;1;V;0;V;1;V;0;V;0;V;1;V;1;V;1;V;2;V;2;V;1;V;1;V;1;V;1;V;1;V;1;V;1;V;1;V;1;V;1;V;0;V;1;V
28;079;47;7;28079047_7_8;2026;04;27;1;V;0;V;0;V;0;V;0;V;1;V;0;V;4;V;38;V;42;V;17;V;4;V;3;V;2;V;2;V;1;V;1;V;1;V;1;V;1;V;1;V;0;V;1;V;0;V
28;079;47;7;28079047_7_8;2026;04;28;0;V;1;V;1;V;0;V;0;V;0;V;0;V;2;V;8;V;8;V;5;V;2;V;1;V;1;V;2;V;1;V;1;V;1;V;0;V;1;V;0;V;0;V;0;V;0;V
28;079;47;7;28079047_7_8;2026;04;29;0;V;1;V;1;V;0;V;1;V;1;V;1;V;2;V;2;V;2;V;2;V;1;V;1;V;1;V;1;V;1;V;1;V;1;V;1;V;1;V;0;V;0;V;3;V;0;V
28;079;47;7;28079047_7_8;2026;04;30;0;V;0;V;0;V;1;V;0;V;0;V;0;V;1;V;13;V;11;V;7;V;1;V;1;V;1;V;1;V;2;V;2;V;1;V;1;V;1;V;0;V;0;V;0;V;1;V
28;079;47;7;28079047_7_8;2026;05;01;1;V;1;V;1;V;1;V;1;V;0;V;0;V;1;V;4;V;4;V;12;V;3;V;2;V;1;V;1;V;1;V;1;V;1;V;0;V;0;V;0;V;0;V;0;V;1;V
28;079;47;7;28079047_7_8;2026;05;02;0;V;1;V;0;V;0;V;0;V;0;V;0;V;1;V;1;V;1;V;1;V;1;V;1;V;1;V;1;V;2;V;1;V;1;V;0;V;0;V;0;V;1;V;1;V;1;V
28;079;47;7;28079047_7_8;2026;05;03;0;V;0;V;1;V;0;V;0;V;1;V;0;V;1;V;1;V;2;V;2;V;2;V;1;V;1;V;1;V;1;V;0;V;1;V;0;V;1;V;1;V;0;V;0;V;1;V
28;079;47;7;28079047_7_8;2026;05;04;0;V;0;V;0;V;0;V;0;V;0;V;0;V;1;V;2;V;5;V;13;V;4;V;1;V;1;V;1;V;1;V;1;V;0;V;1;V;1;V;0;V;1;V;0;V;0;V
28;079;47;7;28079047_7_8;2026;05;05;0;V;0;V;0;V;0;V;0;V;0;V;0;V;1;V;1;V;2;V;2;V;1;V;1;V;1;V;1;V;1;V;1;V;1;V;1;V;1;V;1;V;0;V;0;V;0;V
28;079;47;7;28079047_7_8;2026;05;06;0;V;0;V;0;V;0;V;1;V;0;V;0;V;4;V;13;V;0;N;0;N;3;V;2;V;2;V;2;V;2;V;2;V;1;V;1;V;1;V;1;V;0;V;1;V;0;V
28;079;47;7;28079047_7_8;2026;05;07;1;V;0;V;0;V;0;V;0;V;0;V;1;V;2;V;4;V;0;N;0;N;0;N;0;N;0;N;0;N;0;N;0;N;0;N;0;N;0;N;0;N;0;N;0;N;0;N
28;079;47;8;28079047_8_8;2026;04;07;9;V;8;V;12;V;11;V;9;V;10;V;20;V;38;V;51;V;39;V;30;V;21;V;23;V;17;V;16;V;10;V;8;V;7;V;10;V;11;V;15;V;25;V;35;V;52;V
28;079;47;8;28079047_8_8;2026;04;08;52;V;19;V;17;V;28;V;4;V;3;V;9;V;0;N;0;N;44;V;39;V;23;V;17;V;8;V;7;V;5;V;5;V;6;V;6;V;9;V;11;V;10;V;8;V;11;V
28;079;47;8;28079047_8_8;2026;04;09;18;V;22;V;31;V;21;V;13;V;10;V;15;V;33;V;45;V;42;V;31;V;29;V;23;V;15;V;10;V;10;V;13;V;14;V;18;V;28;V;72;V;97;V;91;V;66;V
28;079;47;8;28079047_8_8;2026;04;10;30;V;23;V;9;V;9;V;8;V;9;V;15;V;29;V;40;V;37;V;35;V;25;V;23;V;14;V;9;V;4;V;4;V;8;V;9;V;10;V;24;V;43;V;50;V;35;V
28;079;47;8;28079047_8_8;2026;04;11;30;V;25;V;57;V;50;V;41;V;37;V;37;V;36;V;41;V;43;V;50;V;53;V;47;V;24;V;15;V;16;V;17;V;9;V;8;V;12;V;18;V;17;V;9;V;7;V
28;079;47;8;28079047_8_8;2026;04;12;7;V;6;V;5;V;3;V;4;V;5;V;4;V;5;V;8;V;11;V;8;V;10;V;7;V;11;V;9;V;7;V;8;V;6;V;15;V;14;V;16;V;12;V;9;V;8;V
28;079;47;8;28079047_8_8;2026;04;13;6;V;3;V;2;V;3;V;3;V;5;V;9;V;24;V;51;V;44;V;12;V;6;V;5;V;4;V;3;V;4;V;4;V;5;V;6;V;8;V;11;V;15;V;13;V;12;V
28;079;47;8;28079047_8_8;2026;04;14;6;V;4;V;6;V;6;V;5;V;7;V;9;V;27;V;69;V;38;V;22;V;11;V;9;V;7;V;8;V;7;V;6;V;7;V;7;V;12;V;14;V;22;V;17;V;19;V
28;079;47;8;28079047_8_8;2026;04;15;34;V;40;V;44;V;53;V;55;V;37;V;28;V;43;V;50;V;50;V;43;V;40;V;34;V;12;V;4;V;3;V;3;V;3;V;4;V;6;V;10;V;18;V;23;V;31;V
28;079;47;8;28079047_8_8;2026;04;16;17;V;21;V;24;V;24;V;22;V;22;V;23;V;41;V;49;V;37;V;27;V;18;V;24;V;18;V;12;V;6;V;5;V;5;V;5;V;6;V;10;V;25;V;44;V;84;V
28;079;47;8;28079047_8_8;2026;04;17;92;V;84;V;62;V;42;V;31;V;25;V;29;V;44;V;48;V;51;V;53;V;41;V;35;V;26;V;12;V;5;V;4;V;4;V;5;V;8;V;21;V;35;V;55;V;42;V
28;079;47;8;28079047_8_8;2026;04;18;71;V;67;V;58;V;48;V;33;V;34;V;36;V;32;V;32;V;30;V;15;V;19;V;20;V;15;V;6;V;3;V;2;V;2;V;3;V;5;V;16;V;29;V;28;V;27;V
28;079;47;8;28079047_8_8;2026;04;19;13;V;18;V;13;V;14;V;17;V;20;V;20;V;20;V;13;V;21;V;12;V;7;V;8;V;6;V;4;V;2;V;2;V;2;V;3;V;5;V;8;V;14;V;21;V;30;V
28;079;47;8;28079047_8_8;2026;04;20;41;V;32;V;41;V;46;V;29;V;19;V;30;V;48;V;57;V;49;V;28;V;22;V;26;V;16;V;7;V;5;V;4;V;4;V;5;V;6;V;11;V;24;V;28;V;36;V
28;079;47;8;28079047_8_8;2026;04;21;64;V;51;V;29;V;22;V;22;V;18;V;21;V;46;V;54;V;43;V;26;V;28;V;28;V;23;V;13;V;10;V;10;V;11;V;11;V;28;V;41;V;65;V;65;V;52;V
28;079;47;8;28079047_8_8;2026;04;22;50;V;62;V;43;V;36;V;15;V;6;V;11;V;33;V;38;V;0;N;0;N;0;N;6;V;5;V;4;V;4;V;4;V;4;V;4;V;4;V;8;V;11;V;16;V;36;V
28;079;47;8;28079047_8_8;2026;04;23;55;V;31;V;32;V;21;V;16;V;14;V;23;V;52;V;65;V;29;V;27;V;18;V;15;V;13;V;10;V;8;V;5;V;5;V;6;V;9;V;16;V;8;V;7;V;7;V
28;079;47;8;28079047_8_8;2026;04;24;4;V;3;V;4;V;4;V;4;V;5;V;16;V;32;V;33;V;33;V;13;V;10;V;9;V;13;V;10;V;8;V;12;V;14;V;17;V;21;V;19;V;23;V;30;V;28;V
28;079;47;8;28079047_8_8;2026;04;25;20;V;18;V;8;V;6;V;5;V;13;V;8;V;15;V;15;V;11;V;12;V;12;V;7;V;5;V;5;V;5;V;3;V;2;V;3;V;7;V;18;V;14;V;15;V;12;V
28;079;47;8;28079047_8_8;2026;04;26;10;V;15;V;6;V;4;V;4;V;7;V;9;V;14;V;9;V;7;V;9;V;5;V;4;V;3;V;3;V;2;V;1;V;2;V;2;V;3;V;11;V;18;V;25;V;17;V
28;079;47;8;28079047_8_8;2026;04;27;15;V;10;V;9;V;13;V;13;V;36;V;49;V;55;V;53;V;57;V;42;V;21;V;15;V;8;V;7;V;6;V;4;V;4;V;4;V;7;V;18;V;36;V;27;V;19;V
28;079;47;8;28079047_8_8;2026;04;28;14;V;11;V;6;V;6;V;6;V;9;V;23;V;41;V;57;V;42;V;26;V;12;V;7;V;7;V;7;V;4;V;5;V;5;V;6;V;9;V;10;V;11;V;10;V;5;V
28;079;47;8;28079047_8_8;2026;04;29;9;V;12;V;10;V;12;V;21;V;27;V;41;V;49;V;36;V;30;V;17;V;8;V;7;V;7;V;7;V;6;V;7;V;6;V;6;V;6;V;7;V;7;V;8;V;9;V
28;079;47;8;28079047_8_8;2026;04;30;7;V;6;V;4;V;5;V;3;V;4;V;12;V;34;V;56;V;46;V;30;V;7;V;6;V;6;V;6;V;10;V;10;V;7;V;6;V;7;V;8;V;12;V;13;V;20;V
28;079;47;8;28079047_8_8;2026;05;01;63;V;38;V;32;V;31;V;18;V;15;V;18;V;22;V;23;V;19;V;29;V;17;V;9;V;3;V;3;V;3;V;3;V;2;V;2;V;4;V;5;V;12;V;17;V;8;V
28;079;47;8;28079047_8_8;2026;05;02;8;V;6;V;4;V;3;V;3;V;4;V;5;V;7;V;9;V;11;V;13;V;10;V;7;V;5;V;7;V;8;V;4;V;3;V;6;V;7;V;9;V;11;V;28;V;41;V
28;079;47;8;28079047_8_8;2026;05;03;28;V;22;V;15;V;15;V;22;V;22;V;18;V;20;V;13;V;15;V;9;V;7;V;3;V;4;V;3;V;2;V;2;V;2;V;3;V;3;V;5;V;7;V;7;V;10;V
28;079;47;8;28079047_8_8;2026;05;04;12;V;9;V;8;V;6;V;5;V;5;V;15;V;37;V;21;V;36;V;41;V;16;V;5;V;3;V;3;V;2;V;3;V;3;V;4;V;6;V;7;V;11;V;9;V;7;V
28;079;47;8;28079047_8_8;2026;05;05;7;V;4;V;10;V;5;V;3;V;3;V;6;V;14;V;20;V;24;V;15;V;5;V;4;V;3;V;2;V;2;V;3;V;4;V;4;V;5;V;7;V;8;V;9;V;8;V
28;079;47;8;28079047_8_8;2026;05;06;7;V;13;V;7;V;7;V;11;V;11;V;12;V;35;V;41;V;0;N;0;N;11;V;8;V;7;V;7;V;9;V;10;V;9;V;12;V;12;V;11;V;15;V;49;V;68;V
28;079;47;8;28079047_8_8;2026;05;07;67;V;23;V;8;V;11;V;8;V;7;V;14;V;33;V;43;V;0;N;0;N;0;N;0;N;0;N;0;N;0;N;0;N;0;N;0;N;0;N;0;N;0;N;0;N;0;N
28;079;47;9;28079047_9_47;2026;04;07;6;V;8;V;4;V;7;V;8;V;9;V;7;V;7;V;9;V;11;V;10;V;6;V;9;V;10;V;11;V;9;V;11;V;13;V;20;V;24;V;28;V;25;V;24;V;21;V
28;079;47;9;28079047_9_47;2026;04;08;24;V;25;V;22;V;19;V;17;V;7;V;4;V;0;N;0;N;0;N;8;V;9;V;0;N;5;V;3;V;5;V;3;V;6;V;5;V;2;V;3;V;4;V;0;V;1;V
28;079;47;9;28079047_9_47;2026;04;09;1;V;3;V;3;V;6;V;5;V;5;V;0;V;1;V;6;V;7;V;9;V;12;V;14;V;13;V;13;V;12;V;16;V;20;V;15;V;16;V;17;V;19;V;19;V;20;V
28;079;47;9;28079047_9_47;2026;04;10;16;V;19;V;25;V;27;V;22;V;17;V;15;V;19;V;21;V;23;V;23;V;24;V;21;V;19;V;15;V;18;V;25;V;27;V;27;V;25;V;26;V;27;V;32;V;29;V
28;079;47;9;28079047_9_47;2026;04;11;24;V;25;V;27;V;26;V;26;V;25;V;27;V;27;V;25;V;28;V;25;V;28;V;25;V;25;V;27;V;30;V;29;V;28;V;38;V;43;V;39;V;35;V;28;V;20;V
28;079;47;9;28079047_9_47;2026;04;12;22;V;23;V;18;V;18;V;13;V;7;V;10;V;14;V;10;V;8;V;11;V;10;V;10;V;6;V;2;V;2;V;5;V;5;V;6;V;7;V;0;N;0;N;3;V;6;V
28;079;47;9;28079047_9_47;2026;04;13;7;V;3;V;0;V;0;V;2;V;1;V;2;V;1;V;2;V;7;V;4;V;6;V;2;V;0;V;2;V;0;N;0;N;0;N;3;V;0;V;2;V;5;V;5;V;3;V
28;079;47;9;28079047_9_47;2026;04;14;5;V;3;V;1;V;6;V;7;V;3;V;5;V;5;V;8;V;8;V;2;V;6;V;5;V;1;V;3;V;5;V;4;V;5;V;0;N;2;V;3;V;6;V;7;V;6;V
28;079;47;9;28079047_9_47;2026;04;15;7;V;5;V;7;V;10;V;11;V;9;V;5;V;6;V;9;V;10;V;13;V;13;V;11;V;11;V;4;V;5;V;2;V;5;V;5;V;6;V;4;V;6;V;3;V;5;V
28;079;47;9;28079047_9_47;2026;04;16;6;V;8;V;4;V;4;V;9;V;7;V;5;V;5;V;9;V;11;V;8;V;9;V;8;V;9;V;7;V;14;V;7;V;7;V;1;V;2;V;6;V;4;V;9;V;11;V
28;079;47;9;28079047_9_47;2026;04;17;14;V;14;V;13;V;13;V;10;V;11;V;9;V;7;V;12;V;12;V;13;V;14;V;13;V;10;V;7;V;9;V;4;V;3;V;0;N;8;V;6;V;6;V;11;V;14;V
28;079;47;9;28079047_9_47;2026;04;18;15;V;14;V;14;V;13;V;10;V;10;V;11;V;9;V;10;V;12;V;12;V;11;V;10;V;13;V;5;V;5;V;8;V;0;N;6;V;6;V;8;V;10;V;12;V;14;V
28;079;47;9;28079047_9_47;2026;04;19;8;V;5;V;5;V;9;V;9;V;10;V;7;V;10;V;6;V;8;V;9;V;10;V;9;V;8;V;14;V;12;V;10;V;10;V;0;N;7;V;7;V;9;V;11;V;11;V
28;079;47;9;28079047_9_47;2026;04;20;16;V;17;V;15;V;13;V;16;V;14;V;13;V;12;V;15;V;16;V;14;V;11;V;13;V;16;V;17;V;13;V;16;V;15;V;14;V;14;V;15;V;13;V;14;V;15;V
28;079;47;9;28079047_9_47;2026;04;21;18;V;22;V;16;V;12;V;13;V;13;V;16;V;15;V;17;V;16;V;12;V;11;V;12;V;13;V;11;V;12;V;11;V;12;V;22;V;22;V;18;V;21;V;23;V;26;V
28;079;47;9;28079047_9_47;2026;04;22;24;V;25;V;26;V;18;V;20;V;21;V;24;V;23;V;24;V;0;N;0;N;0;N;29;V;31;V;23;V;23;V;23;V;21;V;18;V;19;V;18;V;19;V;18;V;18;V
28;079;47;9;28079047_9_47;2026;04;23;25;V;21;V;17;V;13;V;13;V;13;V;17;V;19;V;20;V;20;V;16;V;19;V;20;V;17;V;18;V;21;V;17;V;15;V;10;V;14;V;16;V;17;V;17;V;13;V
28;079;47;9;28079047_9_47;2026;04;24;7;V;6;V;9;V;6;V;8;V;7;V;8;V;10;V;10;V;15;V;14;V;13;V;12;V;17;V;16;V;16;V;17;V;18;V;21;V;22;V;16;V;14;V;15;V;12;V
28;079;47;9;28079047_9_47;2026;04;25;14;V;16;V;10;V;14;V;14;V;12;V;13;V;14;V;10;V;10;V;10;V;11;V;11;V;0;N;8;V;10;V;11;V;16;V;11;V;11;V;0;N;14;V;13;V;11;V
28;079;47;9;28079047_9_47;2026;04;26;8;V;7;V;7;V;8;V;6;V;6;V;6;V;8;V;9;V;7;V;5;V;9;V;10;V;13;V;0;N;16;V;9;V;2;V;8;V;0;N;0;N;14;V;13;V;15;V
28;079;47;9;28079047_9_47;2026;04;27;15;V;13;V;11;V;9;V;10;V;11;V;10;V;12;V;0;N;15;V;23;V;15;V;10;V;11;V;11;V;13;V;10;V;6;V;7;V;3;V;6;V;6;V;8;V;7;V
28;079;47;9;28079047_9_47;2026;04;28;7;V;7;V;8;V;6;V;4;V;0;N;9;V;11;V;8;V;7;V;7;V;0;N;7;V;8;V;8;V;10;V;7;V;8;V;13;V;10;V;10;V;8;V;10;V;8;V
28;079;47;9;28079047_9_47;2026;04;29;8;V;8;V;9;V;15;V;14;V;10;V;15;V;16;V;12;V;11;V;9;V;9;V;10;V;14;V;10;V;10;V;14;V;12;V;10;V;9;V;11;V;7;V;5;V;5;V
28;079;47;9;28079047_9_47;2026;04;30;6;V;8;V;4;V;8;V;8;V;5;V;4;V;6;V;10;V;0;N;15;V;8;V;9;V;10;V;7;V;8;V;8;V;9;V;10;V;7;V;8;V;8;V;8;V;11;V
28;079;47;9;28079047_9_47;2026;05;01;14;V;11;V;8;V;11;V;11;V;10;V;12;V;8;V;11;V;0;N;11;V;15;V;14;V;14;V;10;V;6;V;0;N;9;V;9;V;6;V;3;V;9;V;8;V;9;V
28;079;47;9;28079047_9_47;2026;05;02;13;V;11;V;10;V;9;V;9;V;6;V;9;V;13;V;7;V;7;V;9;V;14;V;11;V;9;V;9;V;12;V;22;V;0;N;0;N;8;V;0;N;0;N;10;V;13;V
28;079;47;9;28079047_9_47;2026;05;03;12;V;12;V;0;N;11;V;13;V;15;V;12;V;10;V;8;V;8;V;8;V;0;N;0;N;7;V;7;V;0;N;6;V;6;V;5;V;5;V;5;V;1;V;1;V;3;V
28;079;47;9;28079047_9_47;2026;05;04;4;V;2;V;4;V;2;V;6;V;6;V;6;V;5;V;4;V;6;V;7;V;9;V;5;V;4;V;3;V;3;V;3;V;1;V;4;V;2;V;4;V;4;V;2;V;2;V
28;079;47;9;28079047_9_47;2026;05;05;4;V;5;V;4;V;3;V;4;V;2;V;6;V;5;V;1;V;4;V;4;V;0;V;2;V;0;N;0;N;4;V;4;V;4;V;1;V;3;V;2;V;5;V;5;V;3;V
28;079;47;9;28079047_9_47;2026;05;06;3;V;5;V;2;V;0;N;6;V;7;V;2;V;0;N;7;V;7;V;0;V;1;V;3;V;3;V;4;V;2;V;4;V;4;V;4;V;6;V;5;V;5;V;10;V;12;V
28;079;47;9;28079047_9_47;2026;05;07;9;V;9;V;2;V;4;V;4;V;3;V;4;V;7;V;9;V;0;N;0;N;0;N;0;N;0;N;0;N;0;N;0;N;0;N;0;N;0;N;0;N;0;N;0;N;0;N
28;079;48;10;28079048_10_47;2026;04;07;16;V;13;V;12;V;10;V;13;V;11;V;10;V;12;V;14;V;16;V;11;V;15;V;26;V;24;V;23;V;19;V;20;V;23;V;42;V;55;V;45;V;38;V;36;V;37;V
28;079;48;10;28079048_10_47;2026;04;08;38;V;37;V;33;V;30;V;33;V;7;V;12;V;9;V;7;V;10;V;12;V;11;V;6;V;10;V;10;V;8;V;2;V;7;V;8;V;4;V;5;V;6;V;7;V;3;V
28;079;48;10;28079048_10_47;2026;04;09;2;V;4;V;5;V;10;V;6;V;5;V;7;V;9;V;13;V;23;V;32;V;26;V;34;V;23;V;33;V;19;V;38;V;40;V;21;V;27;V;32;V;24;V;24;V;31;V
28;079;48;10;28079048_10_47;2026;04;10;32;V;45;V;58;V;62;V;51;V;41;V;42;V;47;V;54;V;56;V;57;V;59;V;48;V;42;V;43;V;58;V;73;V;73;V;70;V;71;V;75;V;80;V;75;V;72;V
28;079;48;10;28079048_10_47;2026;04;11;63;V;69;V;62;V;56;V;50;V;48;V;43;V;41;V;47;V;51;V;47;V;51;V;46;V;56;V;62;V;60;V;61;V;72;V;91;V;103;V;94;V;66;V;60;V;36;V
28;079;48;10;28079048_10_47;2026;04;12;30;V;30;V;27;V;29;V;23;V;18;V;19;V;14;V;11;V;11;V;15;V;18;V;15;V;11;V;11;V;3;V;0;N;22;V;7;V;10;V;8;V;5;V;0;V;1;V
28;079;48;10;28079048_10_47;2026;04;13;8;V;4;V;4;V;7;V;7;V;7;V;5;V;5;V;7;V;6;V;6;V;2;V;0;N;0;N;0;N;6;V;1;V;11;V;21;V;8;V;4;V;10;V;7;V;5;V
28;079;48;10;28079048_10_47;2026;04;14;8;V;9;V;7;V;6;V;3;V;4;V;9;V;10;V;12;V;10;V;10;V;8;V;6;V;8;V;13;V;14;V;14;V;0;V;3;V;7;V;5;V;2;V;7;V;8;V
28;079;48;10;28079048_10_47;2026;04;15;6;V;10;V;6;V;7;V;10;V;10;V;9;V;8;V;10;V;16;V;21;V;24;V;31;V;23;V;15;V;2;V;0;V;1;V;14;V;10;V;21;V;16;V;15;V;17;V
28;079;48;10;28079048_10_47;2026;04;16;16;V;15;V;17;V;18;V;14;V;12;V;9;V;14;V;15;V;13;V;12;V;8;V;11;V;13;V;18;V;25;V;26;V;13;V;16;V;23;V;18;V;8;V;13;V;17;V
28;079;48;10;28079048_10_47;2026;04;17;12;V;19;V;16;V;13;V;9;V;5;V;11;V;10;V;28;V;22;V;22;V;21;V;25;V;33;V;18;V;10;V;18;V;29;V;9;V;6;V;15;V;29;V;28;V;18;V
28;079;48;10;28079048_10_47;2026;04;18;15;V;21;V;19;V;22;V;15;V;11;V;13;V;16;V;11;V;10;V;17;V;17;V;19;V;0;N;0;N;26;V;0;N;26;V;17;V;11;V;20;V;27;V;21;V;8;V
28;079;48;10;28079048_10_47;2026;04;19;9;V;8;V;7;V;7;V;8;V;8;V;8;V;10;V;9;V;9;V;8;V;11;V;11;V;19;V;27;V;25;V;14;V;7;V;12;V;10;V;23;V;14;V;12;V;12;V
28;079;48;10;28079048_10_47;2026;04;20;21;V;16;V;22;V;20;V;26;V;20;V;15;V;19;V;21;V;26;V;24;V;19;V;21;V;20;V;19;V;8;V;16;V;21;V;29;V;20;V;20;V;16;V;22;V;20;V
28;079;48;10;28079048_10_47;2026;04;21;28;V;26;V;28;V;27;V;24;V;26;V;24;V;25;V;26;V;36;V;29;V;30;V;25;V;39;V;53;V;48;V;35;V;34;V;55;V;54;V;35;V;40;V;38;V;39;V
28;079;48;10;28079048_10_47;2026;04;22;36;V;36;V;35;V;36;V;39;V;37;V;43;V;44;V;47;V;53;V;59;V;60;V;64;V;61;V;51;V;33;V;25;V;25;V;41;V;50;V;32;V;36;V;34;V;33;V
28;079;48;10;28079048_10_47;2026;04;23;29;V;29;V;31;V;28;V;26;V;27;V;26;V;34;V;40;V;42;V;33;V;33;V;41;V;36;V;44;V;42;V;32;V;36;V;41;V;35;V;39;V;42;V;45;V;33;V
28;079;48;10;28079048_10_47;2026;04;24;31;V;25;V;24;V;22;V;17;V;17;V;14;V;13;V;13;V;16;V;20;V;21;V;27;V;26;V;33;V;31;V;0;N;31;V;40;V;22;V;30;V;29;V;26;V;27;V
28;079;48;10;28079048_10_47;2026;04;25;25;V;21;V;19;V;15;V;19;V;13;V;20;V;18;V;15;V;16;V;17;V;20;V;27;V;16;V;23;V;23;V;26;V;17;V;28;V;35;V;18;V;18;V;19;V;16;V
28;079;48;10;28079048_10_47;2026;04;26;10;V;8;V;9;V;11;V;10;V;8;V;9;V;9;V;10;V;13;V;16;V;11;V;23;V;17;V;25;V;17;V;26;V;30;V;14;V;9;V;16;V;29;V;18;V;20;V
28;079;48;10;28079048_10_47;2026;04;27;17;V;22;V;29;V;11;V;8;V;8;V;11;V;13;V;17;V;19;V;27;V;35;V;0;N;0;N;21;V;18;V;0;N;28;V;34;V;32;V;26;V;17;V;21;V;19;V
28;079;48;10;28079048_10_47;2026;04;28;14;V;16;V;14;V;10;V;10;V;8;V;5;V;15;V;23;V;20;V;15;V;18;V;26;V;20;V;30;V;33;V;34;V;24;V;24;V;14;V;29;V;24;V;23;V;20;V
28;079;48;10;28079048_10_47;2026;04;29;21;V;15;V;15;V;19;V;18;V;18;V;19;V;20;V;24;V;24;V;21;V;22;V;25;V;22;V;27;V;20;V;26;V;34;V;37;V;21;V;28;V;17;V;12;V;10;V
28;079;48;10;28079048_10_47;2026;04;30;14;V;12;V;9;V;12;V;11;V;10;V;10;V;14;V;16;V;17;V;37;V;24;V;0;N;16;V;35;V;20;V;18;V;6;V;0;N;16;V;7;V;14;V;9;V;12;V
28;079;48;10;28079048_10_47;2026;05;01;14;V;16;V;15;V;17;V;20;V;10;V;9;V;12;V;10;V;11;V;17;V;15;V;21;V;22;V;0;N;7;V;25;V;3;V;12;V;28;V;18;V;19;V;21;V;27;V
28;079;48;10;28079048_10_47;2026;05;02;15;V;13;V;16;V;19;V;18;V;13;V;11;V;14;V;11;V;11;V;17;V;23;V;18;V;19;V;31;V;19;V;23;V;27;V;15;V;14;V;12;V;12;V;23;V;20;V
28;079;48;10;28079048_10_47;2026;05;03;18;V;16;V;18;V;14;V;17;V;16;V;16;V;18;V;17;V;13;V;11;V;15;V;0;N;0;N;16;V;16;V;12;V;12;V;14;V;8;V;6;V;7;V;0;N;4;V
28;079;48;10;28079048_10_47;2026;05;04;6;V;6;V;6;V;7;V;5;V;6;V;10;V;10;V;9;V;11;V;17;V;15;V;19;V;17;V;4;V;10;V;1;V;4;V;5;V;0;V;6;V;4;V;3;V;4;V
28;079;48;10;28079048_10_47;2026;05;05;2;V;8;V;5;V;6;V;0;V;7;V;8;V;8;V;2;V;11;V;18;V;11;V;6;V;0;N;0;N;0;N;21;V;17;V;15;V;15;V;10;V;0;N;4;V;0;N
28;079;48;10;28079048_10_47;2026;05;06;5;V;4;V;4;V;8;V;0;N;0;N;4;V;4;V;8;V;4;V;6;V;7;V;8;V;15;V;0;N;0;V;0;V;1;V;0;N;9;V;4;V;12;V;15;V;11;V
28;079;48;10;28079048_10_47;2026;05;07;14;V;8;V;5;V;0;N;7;V;7;V;5;V;9;V;14;V;0;N;0;N;0;N;0;N;0;N;0;N;0;N;0;N;0;N;0;N;0;N;0;N;0;N;0;N;0;N
28;079;48;12;28079048_12_8;2026;04;07;9;V;6;V;7;V;9;V;10;V;10;V;14;V;32;V;32;V;28;V;21;V;24;V;25;V;22;V;31;V;23;V;18;V;18;V;16;V;26;V;22;V;20;V;27;V;49;V
28;079;48;12;28079048_12_8;2026;04;08;25;V;12;V;10;V;20;V;5;V;4;V;8;V;19;V;29;V;52;V;35;V;20;V;24;V;18;V;21;V;13;V;13;V;13;V;17;V;16;V;17;V;13;V;12;V;13;V
28;079;48;12;28079048_12_8;2026;04;09;8;V;6;V;20;V;11;V;9;V;8;V;13;V;31;V;44;V;49;V;26;V;22;V;16;V;14;V;10;V;8;V;16;V;13;V;13;V;18;V;36;V;53;V;42;V;24;V
28;079;48;12;28079048_12_8;2026;04;10;15;V;10;V;4;V;3;V;4;V;5;V;9;V;20;V;28;V;30;V;25;V;19;V;19;V;17;V;15;V;16;V;16;V;16;V;21;V;17;V;25;V;37;V;49;V;38;V
28;079;48;12;28079048_12_8;2026;04;11;35;V;24;V;18;V;21;V;24;V;17;V;17;V;20;V;30;V;27;V;23;V;28;V;18;V;18;V;22;V;25;V;17;V;9;V;9;V;11;V;14;V;12;V;6;V;9;V
28;079;48;12;28079048_12_8;2026;04;12;6;V;5;V;4;V;6;V;1;V;2;V;4;V;4;V;5;V;7;V;9;V;6;V;9;V;9;V;7;V;4;V;6;V;11;V;9;V;9;V;10;V;8;V;6;V;5;V
28;079;48;12;28079048_12_8;2026;04;13;3;V;2;V;1;V;2;V;2;V;3;V;12;V;25;V;39;V;27;V;17;V;15;V;0;N;0;N;0;N;11;V;13;V;15;V;15;V;13;V;13;V;19;V;19;V;11;V
28;079;48;12;28079048_12_8;2026;04;14;5;V;3;V;4;V;5;V;3;V;5;V;14;V;39;V;51;V;48;V;34;V;16;V;15;V;10;V;10;V;8;V;9;V;10;V;12;V;13;V;12;V;14;V;10;V;20;V
28;079;48;12;28079048_12_8;2026;04;15;17;V;28;V;28;V;23;V;23;V;21;V;23;V;34;V;48;V;68;V;86;V;75;V;54;V;30;V;16;V;12;V;11;V;12;V;16;V;18;V;20;V;20;V;22;V;26;V
28;079;48;12;28079048_12_8;2026;04;16;34;V;50;V;53;V;38;V;31;V;9;V;11;V;26;V;38;V;29;V;19;V;24;V;31;V;26;V;24;V;20;V;14;V;12;V;18;V;18;V;25;V;40;V;38;V;37;V
28;079;48;12;28079048_12_8;2026;04;17;45;V;74;V;52;V;27;V;13;V;12;V;12;V;23;V;49;V;40;V;42;V;49;V;55;V;32;V;25;V;15;V;11;V;11;V;12;V;15;V;25;V;29;V;26;V;26;V
28;079;48;12;28079048_12_8;2026;04;18;32;V;27;V;66;V;83;V;32;V;13;V;14;V;19;V;18;V;17;V;19;V;25;V;23;V;19;V;11;V;9;V;7;V;7;V;7;V;10;V;20;V;25;V;24;V;17;V
28;079;48;12;28079048_12_8;2026;04;19;9;V;8;V;6;V;7;V;6;V;5;V;8;V;11;V;10;V;10;V;15;V;11;V;13;V;13;V;8;V;5;V;5;V;6;V;6;V;9;V;12;V;17;V;20;V;14;V
28;079;48;12;28079048_12_8;2026;04;20;11;V;11;V;13;V;39;V;21;V;12;V;18;V;44;V;58;V;44;V;27;V;19;V;29;V;22;V;16;V;18;V;13;V;19;V;16;V;17;V;14;V;21;V;24;V;19;V
28;079;48;12;28079048_12_8;2026;04;21;22;V;20;V;30;V;15;V;10;V;11;V;14;V;27;V;37;V;30;V;23;V;23;V;33;V;31;V;21;V;15;V;16;V;22;V;24;V;23;V;39;V;49;V;53;V;51;V
28;079;48;12;28079048_12_8;2026;04;22;39;V;29;V;27;V;16;V;10;V;7;V;13;V;31;V;38;V;35;V;20;V;16;V;14;V;12;V;14;V;12;V;10;V;16;V;17;V;19;V;17;V;20;V;23;V;18;V
28;079;48;12;28079048_12_8;2026;04;23;25;V;31;V;13;V;7;V;6;V;7;V;12;V;39;V;64;V;32;V;25;V;31;V;30;V;17;V;12;V;10;V;16;V;14;V;11;V;14;V;16;V;15;V;9;V;8;V
28;079;48;12;28079048_12_8;2026;04;24;8;V;5;V;5;V;4;V;3;V;3;V;12;V;21;V;40;V;29;V;26;V;16;V;16;V;16;V;15;V;12;V;14;V;13;V;16;V;15;V;20;V;16;V;20;V;22;V
28;079;48;12;28079048_12_8;2026;04;25;17;V;14;V;9;V;6;V;7;V;8;V;7;V;8;V;13;V;22;V;16;V;12;V;11;V;8;V;8;V;6;V;5;V;5;V;9;V;22;V;19;V;9;V;8;V;7;V
28;079;48;12;28079048_12_8;2026;04;26;9;V;7;V;3;V;3;V;3;V;8;V;9;V;9;V;9;V;5;V;3;V;8;V;6;V;9;V;4;V;4;V;6;V;5;V;7;V;7;V;10;V;12;V;19;V;15;V
28;079;48;12;28079048_12_8;2026;04;27;11;V;9;V;7;V;8;V;8;V;8;V;11;V;29;V;44;V;47;V;46;V;20;V;0;N;0;N;9;V;8;V;11;V;10;V;11;V;13;V;17;V;24;V;25;V;17;V
28;079;48;12;28079048_12_8;2026;04;28;7;V;7;V;5;V;5;V;6;V;9;V;12;V;25;V;36;V;39;V;29;V;17;V;14;V;15;V;10;V;13;V;9;V;14;V;17;V;20;V;14;V;14;V;14;V;8;V
28;079;48;12;28079048_12_8;2026;04;29;9;V;9;V;9;V;9;V;11;V;15;V;21;V;42;V;40;V;33;V;34;V;21;V;20;V;18;V;15;V;13;V;15;V;13;V;16;V;16;V;14;V;11;V;10;V;10;V
28;079;48;12;28079048_12_8;2026;04;30;8;V;6;V;4;V;2;V;3;V;4;V;13;V;22;V;34;V;64;V;41;V;20;V;14;V;15;V;10;V;17;V;12;V;12;V;16;V;19;V;20;V;21;V;20;V;21;V
28;079;48;12;28079048_12_8;2026;05;01;20;V;34;V;19;V;10;V;8;V;6;V;6;V;10;V;13;V;14;V;23;V;22;V;15;V;8;V;6;V;6;V;5;V;5;V;5;V;8;V;11;V;16;V;18;V;8;V
28;079;48;12;28079048_12_8;2026;05;02;8;V;5;V;8;V;6;V;6;V;6;V;7;V;8;V;10;V;12;V;12;V;15;V;14;V;10;V;12;V;11;V;8;V;6;V;10;V;10;V;10;V;16;V;21;V;24;V
28;079;48;12;28079048_12_8;2026;05;03;23;V;23;V;21;V;20;V;22;V;16;V;17;V;12;V;13;V;14;V;12;V;12;V;7;V;8;V;7;V;5;V;4;V;7;V;6;V;7;V;10;V;11;V;12;V;9;V
28;079;48;12;28079048_12_8;2026;05;04;10;V;8;V;7;V;6;V;5;V;4;V;11;V;39;V;36;V;33;V;26;V;16;V;11;V;10;V;9;V;9;V;10;V;12;V;16;V;15;V;17;V;14;V;15;V;11;V
28;079;48;12;28079048_12_8;2026;05;05;8;V;4;V;2;V;1;V;2;V;5;V;12;V;26;V;37;V;39;V;26;V;14;V;12;V;12;V;14;V;8;V;11;V;13;V;15;V;14;V;18;V;14;V;12;V;12;V
28;079;48;12;28079048_12_8;2026;05;06;9;V;6;V;6;V;7;V;9;V;11;V;14;V;25;V;24;V;23;V;17;V;14;V;12;V;15;V;14;V;15;V;16;V;16;V;15;V;20;V;23;V;20;V;32;V;52;V
28;079;48;12;28079048_12_8;2026;05;07;50;V;11;V;6;V;5;V;4;V;5;V;10;V;20;V;29;V;0;N;0;N;0;N;0;N;0;N;0;N;0;N;0;N;0;N;0;N;0;N;0;N;0;N;0;N;0;N
28;079;48;7;28079048_7_8;2026;04;07;0;V;0;V;0;V;0;V;0;V;0;V;0;V;1;V;1;V;1;V;2;V;2;V;3;V;2;V;4;V;2;V;1;V;1;V;1;V;2;V;1;V;0;V;0;V;2;V
28;079;48;7;28079048_7_8;2026;04;08;0;V;0;V;0;V;0;V;0;V;0;V;0;V;0;V;0;V;3;V;4;V;1;V;3;V;2;V;3;V;1;V;1;V;2;V;2;V;1;V;1;V;0;V;0;V;0;V
28;079;48;7;28079048_7_8;2026;04;09;0;V;0;V;0;V;0;V;0;V;0;V;0;V;1;V;2;V;6;V;2;V;2;V;2;V;1;V;1;V;1;V;1;V;1;V;1;V;0;V;1;V;0;V;0;V;0;V
28;079;48;7;28079048_7_8;2026;04;10;0;V;0;V;0;V;0;V;0;V;0;V;0;V;0;V;1;V;1;V;2;V;1;V;2;V;1;V;1;V;2;V;2;V;1;V;2;V;1;V;1;V;0;V;0;V;0;V
28;079;48;7;28079048_7_8;2026;04;11;0;V;0;V;0;V;1;V;1;V;0;V;0;V;0;V;1;V;1;V;1;V;2;V;1;V;1;V;1;V;1;V;1;V;1;V;1;V;1;V;0;V;0;V;0;V;0;V
28;079;48;7;28079048_7_8;2026;04;12;0;V;0;V;0;V;1;V;0;V;0;V;0;V;0;V;0;V;0;V;1;V;1;V;1;V;1;V;1;V;0;V;0;V;1;V;0;V;0;V;0;V;0;V;0;V;0;V
28;079;48;7;28079048_7_8;2026;04;13;0;V;0;V;0;V;0;V;0;V;0;V;1;V;1;V;4;V;3;V;2;V;2;V;0;N;0;N;0;N;1;V;2;V;2;V;2;V;1;V;1;V;0;V;1;V;0;V
28;079;48;7;28079048_7_8;2026;04;14;0;V;0;V;0;V;0;V;0;V;0;V;0;V;2;V;5;V;6;V;6;V;2;V;2;V;1;V;1;V;1;V;1;V;1;V;1;V;1;V;1;V;0;V;0;V;0;V
28;079;48;7;28079048_7_8;2026;04;15;0;V;0;V;0;V;0;V;0;V;0;V;0;V;1;V;7;V;16;V;25;V;21;V;12;V;5;V;3;V;2;V;2;V;1;V;2;V;1;V;1;V;1;V;0;V;1;V
28;079;48;7;28079048_7_8;2026;04;16;0;V;1;V;1;V;0;V;0;V;0;V;0;V;0;V;2;V;3;V;2;V;4;V;5;V;4;V;3;V;4;V;1;V;1;V;2;V;1;V;1;V;2;V;0;V;0;V
28;079;48;7;28079048_7_8;2026;04;17;3;V;3;V;3;V;0;V;0;V;0;V;0;V;1;V;3;V;4;V;7;V;10;V;11;V;5;V;3;V;1;V;1;V;1;V;1;V;1;V;1;V;1;V;0;V;0;V
28;079;48;7;28079048_7_8;2026;04;18;0;V;0;V;6;V;5;V;0;V;0;V;0;V;0;V;1;V;1;V;1;V;3;V;2;V;1;V;1;V;1;V;0;V;1;V;1;V;1;V;0;V;0;V;0;V;0;V
28;079;48;7;28079048_7_8;2026;04;19;0;V;0;V;0;V;0;V;0;V;0;V;0;V;0;V;0;V;1;V;1;V;1;V;1;V;1;V;1;V;0;V;0;V;1;V;1;V;0;V;0;V;0;V;0;V;0;V
28;079;48;7;28079048_7_8;2026;04;20;0;V;0;V;0;V;0;V;0;V;0;V;0;V;1;V;5;V;5;V;3;V;2;V;3;V;2;V;1;V;2;V;1;V;1;V;1;V;1;V;0;V;0;V;0;V;0;V
28;079;48;7;28079048_7_8;2026;04;21;0;V;0;V;0;V;0;V;0;V;0;V;0;V;1;V;2;V;3;V;2;V;2;V;4;V;3;V;2;V;1;V;1;V;1;V;1;V;1;V;1;V;0;V;0;V;1;V
28;079;48;7;28079048_7_8;2026;04;22;0;V;1;V;0;V;0;V;0;V;0;V;1;V;3;V;3;V;4;V;2;V;2;V;2;V;2;V;2;V;1;V;1;V;2;V;2;V;2;V;1;V;0;V;0;V;0;V
28;079;48;7;28079048_7_8;2026;04;23;0;V;0;V;0;V;0;V;0;V;0;V;0;V;1;V;8;V;2;V;2;V;5;V;5;V;1;V;1;V;1;V;1;V;1;V;0;V;0;V;0;V;0;V;0;V;0;V
28;079;48;7;28079048_7_8;2026;04;24;0;V;0;V;0;V;0;V;0;V;0;V;0;V;0;V;2;V;2;V;2;V;1;V;1;V;2;V;2;V;1;V;1;V;1;V;1;V;1;V;1;V;0;V;0;V;0;V
28;079;48;7;28079048_7_8;2026;04;25;0;V;0;V;0;V;0;V;0;V;0;V;0;V;0;V;1;V;1;V;1;V;1;V;1;V;1;V;1;V;1;V;0;V;0;V;0;V;1;V;0;V;0;V;0;V;0;V
28;079;48;7;28079048_7_8;2026;04;26;0;V;1;V;0;V;0;V;0;V;0;V;0;V;0;V;0;V;0;V;0;V;1;V;1;V;1;V;0;V;0;V;1;V;0;V;1;V;0;V;0;V;0;V;0;V;0;V
28;079;48;7;28079048_7_8;2026;04;27;0;V;0;V;0;V;0;V;0;V;0;V;0;V;1;V;4;V;8;V;8;V;2;V;0;N;0;N;1;V;1;V;1;V;1;V;1;V;0;V;0;V;0;V;0;V;0;V
28;079;48;7;28079048_7_8;2026;04;28;0;V;0;V;0;V;0;V;0;V;0;V;0;V;1;V;2;V;4;V;3;V;2;V;1;V;2;V;1;V;2;V;1;V;1;V;1;V;1;V;0;V;0;V;0;V;0;V
28;079;48;7;28079048_7_8;2026;04;29;0;V;0;V;0;V;0;V;0;V;0;V;0;V;1;V;3;V;2;V;4;V;3;V;2;V;2;V;1;V;1;V;1;V;1;V;1;V;1;V;1;V;0;V;0;V;0;V
28;079;48;7;28079048_7_8;2026;04;30;0;V;0;V;0;V;0;V;0;V;0;V;1;V;1;V;3;V;14;V;7;V;2;V;2;V;1;V;1;V;2;V;1;V;1;V;1;V;1;V;1;V;0;V;0;V;0;V
28;079;48;7;28079048_7_8;2026;05;01;0;V;0;V;0;V;0;V;0;V;0;V;0;V;0;V;1;V;1;V;3;V;3;V;1;V;1;V;0;V;0;V;0;V;0;V;0;V;0;V;0;V;0;V;0;V;0;V
28;079;48;7;28079048_7_8;2026;05;02;0;V;0;V;0;V;0;V;0;V;0;V;0;V;0;V;0;V;0;V;1;V;1;V;1;V;1;V;1;V;1;V;1;V;0;V;1;V;0;V;0;V;1;V;0;V;0;V
28;079;48;7;28079048_7_8;2026;05;03;0;V;0;V;0;V;0;V;0;V;0;V;0;V;0;V;1;V;1;V;1;V;1;V;1;V;1;V;1;V;1;V;0;V;1;V;1;V;1;V;0;V;0;V;0;V;0;V
28;079;48;7;28079048_7_8;2026;05;04;0;V;0;V;0;V;0;V;0;V;0;V;1;V;8;V;5;V;5;V;4;V;2;V;2;V;1;V;1;V;1;V;1;V;1;V;2;V;1;V;2;V;0;V;0;V;0;V
28;079;48;7;28079048_7_8;2026;05;05;0;V;0;V;0;V;0;V;0;V;0;V;0;V;2;V;4;V;4;V;3;V;2;V;1;V;2;V;3;V;1;V;2;V;1;V;2;V;1;V;2;V;1;V;0;V;0;V
28;079;48;7;28079048_7_8;2026;05;06;0;V;0;V;0;V;0;V;0;V;0;V;0;V;1;V;1;V;2;V;2;V;2;V;2;V;2;V;2;V;2;V;1;V;2;V;1;V;1;V;1;V;0;V;0;V;0;V
28;079;48;7;28079048_7_8;2026;05;07;1;V;0;V;0;V;0;V;0;V;0;V;0;V;0;V;1;V;0;N;0;N;0;N;0;N;0;N;0;N;0;N;0;N;0;N;0;N;0;N;0;N;0;N;0;N;0;N
28;079;48;8;28079048_8_8;2026;04;07;9;V;6;V;6;V;9;V;10;V;10;V;14;V;30;V;31;V;26;V;19;V;20;V;21;V;19;V;25;V;19;V;16;V;16;V;15;V;23;V;20;V;19;V;27;V;46;V
28;079;48;8;28079048_8_8;2026;04;08;24;V;12;V;10;V;20;V;5;V;4;V;8;V;19;V;28;V;47;V;29;V;18;V;19;V;14;V;16;V;11;V;10;V;11;V;14;V;14;V;15;V;12;V;12;V;12;V
28;079;48;8;28079048_8_8;2026;04;09;7;V;6;V;19;V;11;V;9;V;8;V;13;V;30;V;40;V;39;V;23;V;19;V;13;V;12;V;9;V;7;V;14;V;12;V;12;V;17;V;35;V;52;V;42;V;24;V
28;079;48;8;28079048_8_8;2026;04;10;14;V;9;V;4;V;3;V;4;V;4;V;9;V;19;V;27;V;27;V;22;V;17;V;17;V;14;V;13;V;14;V;14;V;15;V;18;V;16;V;24;V;37;V;48;V;38;V
28;079;48;8;28079048_8_8;2026;04;11;35;V;24;V;18;V;20;V;23;V;17;V;16;V;20;V;29;V;25;V;22;V;24;V;16;V;16;V;20;V;23;V;15;V;7;V;8;V;10;V;14;V;11;V;6;V;8;V
28;079;48;8;28079048_8_8;2026;04;12;5;V;4;V;4;V;5;V;1;V;1;V;4;V;4;V;5;V;7;V;8;V;5;V;8;V;8;V;6;V;4;V;6;V;10;V;8;V;8;V;10;V;8;V;6;V;5;V
28;079;48;8;28079048_8_8;2026;04;13;3;V;2;V;1;V;2;V;2;V;3;V;11;V;24;V;33;V;22;V;14;V;12;V;0;N;0;N;0;N;9;V;10;V;12;V;13;V;11;V;12;V;19;V;18;V;10;V
28;079;48;8;28079048_8_8;2026;04;14;5;V;3;V;4;V;5;V;3;V;5;V;13;V;36;V;43;V;38;V;25;V;13;V;12;V;8;V;8;V;6;V;7;V;8;V;10;V;11;V;11;V;14;V;10;V;20;V
28;079;48;8;28079048_8_8;2026;04;15;17;V;27;V;27;V;23;V;23;V;21;V;22;V;33;V;38;V;43;V;48;V;42;V;35;V;22;V;12;V;9;V;9;V;10;V;14;V;16;V;19;V;19;V;21;V;25;V
28;079;48;8;28079048_8_8;2026;04;16;34;V;49;V;51;V;37;V;31;V;9;V;11;V;26;V;35;V;26;V;16;V;19;V;23;V;20;V;19;V;13;V;12;V;10;V;15;V;16;V;24;V;37;V;37;V;36;V
28;079;48;8;28079048_8_8;2026;04;17;41;V;70;V;48;V;26;V;12;V;12;V;12;V;22;V;44;V;34;V;31;V;33;V;38;V;25;V;20;V;13;V;10;V;9;V;10;V;14;V;24;V;29;V;26;V;26;V
28;079;48;8;28079048_8_8;2026;04;18;31;V;27;V;58;V;75;V;31;V;13;V;14;V;18;V;16;V;15;V;16;V;21;V;19;V;17;V;9;V;8;V;6;V;6;V;6;V;9;V;19;V;24;V;23;V;17;V
28;079;48;8;28079048_8_8;2026;04;19;8;V;8;V;6;V;7;V;6;V;5;V;8;V;10;V;9;V;9;V;14;V;10;V;11;V;11;V;7;V;5;V;4;V;5;V;5;V;8;V;12;V;17;V;19;V;13;V
28;079;48;8;28079048_8_8;2026;04;20;11;V;11;V;12;V;38;V;21;V;12;V;18;V;42;V;51;V;36;V;23;V;16;V;24;V;19;V;14;V;15;V;11;V;17;V;14;V;16;V;13;V;20;V;24;V;19;V
28;079;48;8;28079048_8_8;2026;04;21;22;V;19;V;29;V;14;V;10;V;11;V;14;V;26;V;34;V;26;V;20;V;19;V;27;V;26;V;18;V;14;V;14;V;21;V;22;V;22;V;38;V;48;V;53;V;50;V
28;079;48;8;28079048_8_8;2026;04;22;39;V;27;V;26;V;16;V;9;V;7;V;12;V;26;V;32;V;30;V;16;V;13;V;11;V;10;V;11;V;10;V;8;V;13;V;14;V;17;V;15;V;19;V;23;V;17;V
28;079;48;8;28079048_8_8;2026;04;23;25;V;30;V;13;V;7;V;6;V;7;V;11;V;37;V;51;V;28;V;21;V;24;V;23;V;15;V;11;V;9;V;14;V;13;V;10;V;13;V;16;V;14;V;9;V;8;V
28;079;48;8;28079048_8_8;2026;04;24;7;V;5;V;4;V;3;V;3;V;3;V;11;V;21;V;37;V;27;V;23;V;14;V;14;V;13;V;13;V;11;V;13;V;12;V;14;V;14;V;19;V;16;V;20;V;21;V
28;079;48;8;28079048_8_8;2026;04;25;16;V;14;V;9;V;6;V;6;V;8;V;7;V;8;V;12;V;20;V;14;V;10;V;9;V;7;V;7;V;5;V;5;V;5;V;9;V;20;V;18;V;9;V;8;V;7;V
28;079;48;8;28079048_8_8;2026;04;26;8;V;6;V;3;V;3;V;3;V;8;V;9;V;9;V;9;V;4;V;3;V;7;V;5;V;7;V;4;V;3;V;5;V;4;V;6;V;6;V;10;V;11;V;19;V;15;V
28;079;48;8;28079048_8_8;2026;04;27;11;V;9;V;7;V;8;V;8;V;8;V;11;V;27;V;38;V;34;V;33;V;18;V;0;N;0;N;9;V;7;V;9;V;9;V;10;V;13;V;16;V;24;V;25;V;17;V
28;079;48;8;28079048_8_8;2026;04;28;7;V;6;V;4;V;4;V;6;V;8;V;12;V;24;V;33;V;33;V;25;V;15;V;12;V;12;V;8;V;11;V;8;V;12;V;15;V;19;V;14;V;13;V;13;V;7;V
28;079;48;8;28079048_8_8;2026;04;29;9;V;8;V;8;V;9;V;10;V;15;V;20;V;39;V;35;V;30;V;28;V;18;V;17;V;16;V;12;V;12;V;13;V;11;V;14;V;14;V;13;V;10;V;10;V;10;V
28;079;48;8;28079048_8_8;2026;04;30;8;V;5;V;4;V;2;V;3;V;4;V;11;V;20;V;29;V;43;V;30;V;18;V;12;V;12;V;9;V;15;V;11;V;11;V;14;V;17;V;19;V;20;V;20;V;21;V
28;079;48;8;28079048_8_8;2026;05;01;19;V;33;V;19;V;10;V;7;V;5;V;6;V;10;V;11;V;12;V;18;V;18;V;13;V;7;V;5;V;5;V;5;V;5;V;5;V;8;V;10;V;16;V;17;V;8;V
28;079;48;8;28079048_8_8;2026;05;02;7;V;5;V;7;V;6;V;6;V;6;V;7;V;8;V;9;V;12;V;12;V;14;V;13;V;9;V;11;V;9;V;7;V;5;V;9;V;10;V;10;V;15;V;20;V;24;V
28;079;48;8;28079048_8_8;2026;05;03;23;V;23;V;21;V;19;V;22;V;16;V;17;V;12;V;12;V;13;V;10;V;10;V;6;V;6;V;5;V;4;V;3;V;5;V;5;V;6;V;9;V;10;V;11;V;9;V
28;079;48;8;28079048_8_8;2026;05;04;9;V;8;V;7;V;5;V;5;V;4;V;10;V;27;V;28;V;26;V;20;V;13;V;9;V;8;V;8;V;7;V;8;V;10;V;13;V;13;V;14;V;13;V;14;V;10;V
28;079;48;8;28079048_8_8;2026;05;05;8;V;3;V;2;V;1;V;2;V;5;V;12;V;22;V;31;V;33;V;21;V;11;V;10;V;9;V;10;V;7;V;9;V;10;V;12;V;13;V;16;V;13;V;12;V;11;V
28;079;48;8;28079048_8_8;2026;05;06;9;V;6;V;6;V;7;V;9;V;11;V;14;V;24;V;22;V;20;V;14;V;11;V;10;V;12;V;11;V;13;V;14;V;13;V;13;V;18;V;22;V;20;V;31;V;52;V
28;079;48;8;28079048_8_8;2026;05;07;49;V;10;V;5;V;5;V;4;V;4;V;10;V;19;V;27;V;0;N;0;N;0;N;0;N;0;N;0;N;0;N;0;N;0;N;0;N;0;N;0;N;0;N;0;N;0;N
28;079;48;9;28079048_9_47;2026;04;07;7;V;5;V;6;V;4;V;5;V;3;V;3;V;5;V;3;V;6;V;3;V;4;V;8;V;4;V;1;V;0;V;3;V;8;V;12;V;19;V;23;V;20;V;18;V;20;V
28;079;48;9;28079048_9_47;2026;04;08;20;V;20;V;17;V;17;V;18;V;3;V;6;V;4;V;5;V;6;V;6;V;6;V;4;V;5;V;6;V;4;V;3;V;4;V;4;V;3;V;3;V;3;V;4;V;1;V
28;079;48;9;28079048_9_47;2026;04;09;0;V;2;V;3;V;6;V;4;V;3;V;5;V;4;V;5;V;7;V;10;V;8;V;10;V;10;V;14;V;7;V;8;V;16;V;7;V;9;V;11;V;4;V;6;V;14;V
28;079;48;9;28079048_9_47;2026;04;10;11;V;15;V;20;V;22;V;19;V;15;V;14;V;15;V;17;V;18;V;18;V;19;V;11;V;11;V;18;V;16;V;22;V;25;V;24;V;24;V;23;V;28;V;25;V;25;V
28;079;48;9;28079048_9_47;2026;04;11;26;V;29;V;19;V;21;V;19;V;18;V;18;V;14;V;17;V;18;V;17;V;18;V;18;V;13;V;14;V;20;V;23;V;29;V;40;V;44;V;40;V;29;V;26;V;17;V
28;079;48;9;28079048_9_47;2026;04;12;16;V;14;V;13;V;14;V;10;V;9;V;9;V;7;V;5;V;5;V;8;V;7;V;6;V;4;V;3;V;3;V;0;N;6;V;4;V;3;V;3;V;1;V;2;V;0;V
28;079;48;9;28079048_9_47;2026;04;13;3;V;3;V;1;V;2;V;0;V;2;V;3;V;2;V;4;V;2;V;0;V;0;V;0;N;0;N;0;N;1;V;0;V;0;V;3;V;1;V;2;V;6;V;5;V;1;V
28;079;48;9;28079048_9_47;2026;04;14;4;V;4;V;4;V;4;V;4;V;2;V;3;V;4;V;5;V;5;V;5;V;2;V;2;V;2;V;5;V;8;V;7;V;0;V;2;V;5;V;0;V;0;V;3;V;3;V
28;079;48;9;28079048_9_47;2026;04;15;3;V;5;V;3;V;3;V;6;V;6;V;4;V;3;V;4;V;7;V;11;V;14;V;12;V;8;V;3;V;1;V;0;V;1;V;6;V;8;V;11;V;6;V;6;V;8;V
28;079;48;9;28079048_9_47;2026;04;16;7;V;6;V;7;V;8;V;8;V;7;V;6;V;8;V;6;V;5;V;5;V;2;V;6;V;8;V;13;V;14;V;9;V;3;V;5;V;6;V;10;V;2;V;5;V;11;V
28;079;48;9;28079048_9_47;2026;04;17;6;V;10;V;9;V;6;V;5;V;4;V;7;V;7;V;4;V;7;V;9;V;9;V;10;V;9;V;2;V;5;V;8;V;14;V;7;V;5;V;10;V;17;V;16;V;12;V
28;079;48;9;28079048_9_47;2026;04;18;9;V;10;V;10;V;10;V;8;V;6;V;7;V;9;V;7;V;7;V;8;V;9;V;10;V;0;N;0;N;6;V;0;N;12;V;7;V;7;V;13;V;20;V;15;V;5;V
28;079;48;9;28079048_9_47;2026;04;19;6;V;6;V;5;V;6;V;5;V;5;V;5;V;6;V;7;V;7;V;5;V;7;V;6;V;8;V;17;V;13;V;5;V;5;V;8;V;6;V;12;V;4;V;1;V;5;V
28;079;48;9;28079048_9_47;2026;04;20;11;V;7;V;11;V;11;V;12;V;11;V;7;V;9;V;12;V;11;V;11;V;6;V;9;V;3;V;2;V;2;V;5;V;10;V;15;V;8;V;13;V;4;V;7;V;8;V
28;079;48;9;28079048_9_47;2026;04;21;14;V;13;V;14;V;12;V;10;V;11;V;11;V;12;V;12;V;14;V;10;V;9;V;12;V;20;V;22;V;22;V;22;V;20;V;18;V;24;V;14;V;15;V;18;V;19;V
28;079;48;9;28079048_9_47;2026;04;22;17;V;17;V;17;V;18;V;17;V;16;V;18;V;18;V;14;V;17;V;21;V;21;V;23;V;22;V;20;V;13;V;9;V;7;V;19;V;18;V;14;V;17;V;14;V;16;V
28;079;48;9;28079048_9_47;2026;04;23;14;V;15;V;16;V;15;V;12;V;11;V;13;V;16;V;15;V;14;V;12;V;13;V;14;V;13;V;18;V;15;V;9;V;19;V;20;V;9;V;14;V;13;V;16;V;13;V
28;079;48;9;28079048_9_47;2026;04;24;11;V;9;V;9;V;7;V;4;V;7;V;9;V;9;V;8;V;7;V;10;V;12;V;9;V;10;V;14;V;16;V;0;N;15;V;16;V;10;V;16;V;13;V;15;V;14;V
28;079;48;9;28079048_9_47;2026;04;25;12;V;9;V;9;V;6;V;9;V;6;V;12;V;10;V;8;V;10;V;11;V;12;V;11;V;10;V;12;V;10;V;15;V;7;V;12;V;12;V;11;V;9;V;9;V;8;V
28;079;48;9;28079048_9_47;2026;04;26;4;V;4;V;5;V;7;V;6;V;5;V;6;V;6;V;6;V;7;V;10;V;8;V;10;V;10;V;15;V;7;V;15;V;7;V;9;V;6;V;5;V;13;V;10;V;11;V
28;079;48;9;28079048_9_47;2026;04;27;8;V;6;V;7;V;6;V;6;V;5;V;6;V;7;V;8;V;7;V;12;V;12;V;0;N;0;N;7;V;8;V;0;N;8;V;8;V;11;V;14;V;13;V;14;V;10;V
28;079;48;9;28079048_9_47;2026;04;28;3;V;6;V;7;V;5;V;5;V;3;V;3;V;5;V;6;V;4;V;5;V;7;V;6;V;8;V;7;V;3;V;9;V;11;V;4;V;8;V;9;V;7;V;11;V;8;V
28;079;48;9;28079048_9_47;2026;04;29;8;V;6;V;7;V;10;V;9;V;9;V;8;V;8;V;11;V;11;V;9;V;8;V;10;V;10;V;9;V;10;V;9;V;9;V;18;V;6;V;10;V;8;V;7;V;6;V
28;079;48;9;28079048_9_47;2026;04;30;6;V;6;V;5;V;6;V;4;V;4;V;4;V;4;V;8;V;8;V;11;V;9;V;0;N;9;V;10;V;10;V;8;V;3;V;0;N;10;V;5;V;6;V;6;V;6;V
28;079;48;9;28079048_9_47;2026;05;01;8;V;9;V;10;V;9;V;8;V;4;V;5;V;6;V;5;V;6;V;11;V;8;V;10;V;8;V;0;N;1;V;0;V;0;V;6;V;15;V;16;V;13;V;12;V;11;V
28;079;48;9;28079048_9_47;2026;05;02;7;V;7;V;8;V;12;V;11;V;8;V;4;V;5;V;5;V;5;V;10;V;13;V;8;V;9;V;15;V;11;V;13;V;10;V;6;V;6;V;7;V;8;V;11;V;10;V
28;079;48;9;28079048_9_47;2026;05;03;10;V;9;V;11;V;11;V;12;V;11;V;9;V;11;V;9;V;8;V;10;V;10;V;0;N;0;N;5;V;7;V;5;V;5;V;6;V;5;V;2;V;3;V;0;N;3;V
28;079;48;9;28079048_9_47;2026;05;04;2;V;0;V;1;V;3;V;3;V;5;V;5;V;2;V;2;V;3;V;4;V;5;V;4;V;3;V;1;V;1;V;0;V;3;V;2;V;0;V;3;V;1;V;2;V;2;V
28;079;48;9;28079048_9_47;2026;05;05;1;V;2;V;3;V;3;V;2;V;4;V;5;V;3;V;2;V;6;V;5;V;4;V;1;V;0;N;0;N;0;N;6;V;4;V;1;V;5;V;7;V;0;N;3;V;0;N
28;079;48;9;28079048_9_47;2026;05;06;4;V;4;V;2;V;2;V;0;N;0;N;5;V;5;V;4;V;3;V;6;V;4;V;1;V;3;V;0;N;0;V;0;V;0;V;0;N;4;V;0;V;4;V;7;V;6;V
28;079;48;9;28079048_9_47;2026;05;07;8;V;5;V;4;V;0;N;3;V;2;V;1;V;3;V;6;V;0;N;0;N;0;N;0;N;0;N;0;N;0;N;0;N;0;N;0;N;0;N;0;N;0;N;0;N;0;N
28;079;49;12;28079049_12_8;2026;04;07;9;V;6;V;8;V;8;V;9;V;9;V;13;V;25;V;0;N;0;N;0;N;0;N;24;V;21;V;19;V;14;V;9;V;11;V;11;V;16;V;12;V;20;V;26;V;39;V
28;079;49;12;28079049_12_8;2026;04;08;37;V;17;V;10;V;22;V;5;V;3;V;6;V;10;V;0;N;0;N;0;N;0;N;0;N;7;V;7;V;5;V;5;V;6;V;6;V;7;V;6;V;8;V;6;V;6;V
28;079;49;12;28079049_12_8;2026;04;09;9;V;5;V;22;V;18;V;10;V;9;V;17;V;34;V;49;V;49;V;44;V;30;V;18;V;11;V;10;V;8;V;11;V;12;V;12;V;11;V;20;V;49;V;64;V;58;V
28;079;49;12;28079049_12_8;2026;04;10;21;V;16;V;6;V;5;V;6;V;7;V;11;V;24;V;38;V;36;V;35;V;23;V;22;V;14;V;8;V;4;V;4;V;6;V;9;V;10;V;12;V;22;V;41;V;36;V
28;079;49;12;28079049_12_8;2026;04;11;24;V;23;V;16;V;18;V;27;V;24;V;17;V;19;V;28;V;31;V;21;V;27;V;14;V;15;V;13;V;16;V;16;V;6;V;5;V;6;V;12;V;12;V;10;V;9;V
28;079;49;12;28079049_12_8;2026;04;12;7;V;5;V;7;V;4;V;4;V;4;V;3;V;4;V;6;V;11;V;9;V;11;V;9;V;10;V;9;V;5;V;7;V;5;V;9;V;10;V;9;V;12;V;7;V;6;V
28;079;49;12;28079049_12_8;2026;04;13;5;V;3;V;2;V;3;V;2;V;3;V;4;V;8;V;25;V;22;V;9;V;5;V;5;V;4;V;3;V;3;V;4;V;4;V;5;V;6;V;8;V;8;V;9;V;9;V
28;079;49;12;28079049_12_8;2026;04;14;6;V;4;V;5;V;4;V;5;V;7;V;7;V;11;V;25;V;28;V;24;V;13;V;11;V;8;V;7;V;6;V;5;V;5;V;5;V;6;V;7;V;10;V;12;V;12;V
28;079;49;12;28079049_12_8;2026;04;15;14;V;18;V;24;V;25;V;28;V;26;V;23;V;28;V;40;V;77;V;58;V;52;V;49;V;19;V;4;V;4;V;4;V;4;V;5;V;5;V;9;V;12;V;19;V;21;V
28;079;49;12;28079049_12_8;2026;04;16;17;V;26;V;42;V;34;V;28;V;22;V;12;V;23;V;48;V;40;V;25;V;24;V;29;V;22;V;15;V;7;V;6;V;5;V;6;V;7;V;9;V;19;V;23;V;23;V
28;079;49;12;28079049_12_8;2026;04;17;29;V;57;V;49;V;64;V;43;V;16;V;18;V;24;V;69;V;47;V;60;V;57;V;51;V;28;V;15;V;7;V;5;V;5;V;5;V;5;V;11;V;16;V;25;V;25;V
28;079;49;12;28079049_12_8;2026;04;18;23;V;27;V;34;V;59;V;53;V;43;V;22;V;30;V;26;V;23;V;18;V;20;V;21;V;13;V;7;V;4;V;3;V;3;V;4;V;5;V;10;V;14;V;16;V;16;V
28;079;49;12;28079049_12_8;2026;04;19;12;V;15;V;12;V;19;V;18;V;15;V;9;V;10;V;13;V;19;V;16;V;8;V;10;V;9;V;5;V;4;V;3;V;2;V;3;V;4;V;7;V;11;V;14;V;14;V
28;079;49;12;28079049_12_8;2026;04;20;14;V;15;V;17;V;28;V;30;V;17;V;10;V;19;V;43;V;49;V;28;V;28;V;33;V;21;V;7;V;6;V;5;V;6;V;6;V;6;V;8;V;10;V;13;V;17;V
28;079;49;12;28079049_12_8;2026;04;21;20;V;21;V;36;V;33;V;20;V;16;V;15;V;21;V;0;N;0;N;0;N;0;N;0;N;30;V;15;V;10;V;9;V;11;V;9;V;13;V;31;V;37;V;41;V;33;V
28;079;49;12;28079049_12_8;2026;04;22;26;V;25;V;21;V;23;V;14;V;6;V;9;V;15;V;28;V;25;V;10;V;6;V;4;V;5;V;4;V;5;V;4;V;4;V;5;V;6;V;9;V;10;V;14;V;19;V
28;079;49;12;28079049_12_8;2026;04;23;17;V;25;V;32;V;12;V;9;V;8;V;14;V;23;V;47;V;45;V;36;V;23;V;18;V;14;V;9;V;7;V;6;V;5;V;6;V;9;V;15;V;9;V;6;V;7;V
28;079;49;12;28079049_12_8;2026;04;24;5;V;3;V;4;V;4;V;4;V;4;V;11;V;17;V;18;V;21;V;17;V;14;V;14;V;14;V;10;V;11;V;10;V;12;V;15;V;17;V;16;V;15;V;13;V;15;V
28;079;49;12;28079049_12_8;2026;04;25;13;V;14;V;10;V;6;V;6;V;7;V;7;V;8;V;11;V;12;V;18;V;14;V;7;V;5;V;5;V;5;V;4;V;3;V;4;V;7;V;15;V;13;V;11;V;10;V
28;079;49;12;28079049_12_8;2026;04;26;11;V;10;V;5;V;4;V;5;V;6;V;10;V;12;V;8;V;7;V;8;V;6;V;5;V;4;V;3;V;2;V;3;V;2;V;3;V;4;V;6;V;14;V;21;V;20;V
28;079;49;12;28079049_12_8;2026;04;27;14;V;14;V;11;V;11;V;13;V;11;V;19;V;28;V;36;V;57;V;43;V;15;V;14;V;9;V;5;V;5;V;4;V;4;V;4;V;5;V;9;V;19;V;21;V;16;V
28;079;49;12;28079049_12_8;2026;04;28;7;V;7;V;5;V;5;V;7;V;7;V;11;V;24;V;50;V;44;V;29;V;13;V;8;V;7;V;7;V;6;V;5;V;7;V;6;V;8;V;8;V;11;V;10;V;5;V
28;079;49;12;28079049_12_8;2026;04;29;9;V;10;V;8;V;9;V;12;V;18;V;19;V;31;V;28;V;22;V;18;V;8;V;8;V;7;V;7;V;6;V;5;V;6;V;6;V;5;V;6;V;6;V;6;V;7;V
28;079;49;12;28079049_12_8;2026;04;30;6;V;5;V;4;V;4;V;3;V;3;V;6;V;13;V;39;V;62;V;38;V;11;V;7;V;7;V;7;V;8;V;8;V;6;V;6;V;8;V;8;V;10;V;12;V;16;V
28;079;49;12;28079049_12_8;2026;05;01;14;V;19;V;23;V;14;V;10;V;8;V;6;V;7;V;11;V;18;V;27;V;25;V;14;V;4;V;3;V;4;V;3;V;3;V;3;V;3;V;5;V;8;V;10;V;7;V
28;079;49;12;28079049_12_8;2026;05;02;6;V;4;V;6;V;4;V;5;V;4;V;5;V;6;V;7;V;12;V;10;V;11;V;7;V;5;V;6;V;8;V;5;V;3;V;7;V;8;V;7;V;7;V;10;V;18;V
28;079;49;12;28079049_12_8;2026;05;03;22;V;17;V;13;V;14;V;15;V;13;V;13;V;13;V;10;V;11;V;10;V;9;V;4;V;4;V;4;V;3;V;3;V;2;V;3;V;3;V;4;V;5;V;6;V;7;V
28;079;49;12;28079049_12_8;2026;05;04;10;V;9;V;6;V;6;V;5;V;5;V;6;V;12;V;28;V;24;V;47;V;20;V;5;V;4;V;4;V;4;V;4;V;4;V;5;V;6;V;6;V;9;V;9;V;6;V
28;079;49;12;28079049_12_8;2026;05;05;7;V;4;V;3;V;3;V;3;V;4;V;4;V;12;V;0;N;0;N;0;N;0;N;0;N;0;N;3;V;2;V;3;V;3;V;4;V;5;V;6;V;7;V;8;V;8;V
28;079;49;12;28079049_12_8;2026;05;06;8;V;9;V;7;V;6;V;6;V;10;V;11;V;18;V;25;V;27;V;18;V;11;V;8;V;8;V;9;V;10;V;10;V;10;V;10;V;11;V;13;V;11;V;14;V;32;V
28;079;49;12;28079049_12_8;2026;05;07;43;V;15;V;7;V;11;V;7;V;6;V;10;V;24;V;36;V;0;N;0;N;0;N;0;N;0;N;0;N;0;N;0;N;0;N;0;N;0;N;0;N;0;N;0;N;0;N
28;079;49;14;28079049_14_6;2026;04;07;71;V;78;V;73;V;62;V;56;V;53;V;55;V;53;V;0;N;0;N;0;N;0;N;0;N;80;V;80;V;90;V;99;V;94;V;82;V;64;V;56;V;37;V;20;V;9;V
28;079;49;14;28079049_14_6;2026;04;08;10;V;25;V;21;V;23;V;58;V;51;V;49;V;40;V;0;N;0;N;0;N;0;N;0;N;79;V;78;V;87;V;89;V;89;V;88;V;81;V;88;V;88;V;86;V;79;V
28;079;49;14;28079049_14_6;2026;04;09;68;V;60;V;52;V;57;V;65;V;72;V;57;V;33;V;23;V;33;V;38;V;51;V;71;V;88;V;97;V;103;V;101;V;90;V;93;V;75;V;49;V;23;V;15;V;22;V
28;079;49;14;28079049_14_6;2026;04;10;53;V;62;V;74;V;78;V;81;V;81;V;79;V;64;V;51;V;49;V;57;V;74;V;78;V;92;V;99;V;97;V;97;V;91;V;79;V;64;V;55;V;47;V;34;V;35;V
28;079;49;14;28079049_14_6;2026;04;11;42;V;41;V;44;V;39;V;36;V;38;V;37;V;41;V;30;V;39;V;48;V;64;V;83;V;76;V;66;V;66;V;76;V;91;V;87;V;81;V;59;V;68;V;72;V;70;V
28;079;49;14;28079049_14_6;2026;04;12;68;V;65;V;61;V;65;V;65;V;69;V;72;V;72;V;73;V;64;V;66;V;63;V;71;V;64;V;69;V;82;V;74;V;77;V;70;V;73;V;70;V;75;V;80;V;80;V
28;079;49;14;28079049_14_6;2026;04;13;79;V;81;V;78;V;72;V;74;V;76;V;77;V;57;V;36;V;55;V;77;V;83;V;86;V;89;V;91;V;95;V;97;V;95;V;94;V;92;V;76;V;63;V;71;V;77;V
28;079;49;14;28079049_14_6;2026;04;14;78;V;81;V;79;V;78;V;67;V;58;V;55;V;49;V;34;V;44;V;51;V;73;V;81;V;86;V;89;V;89;V;94;V;96;V;96;V;93;V;73;V;57;V;57;V;47;V
28;079;49;14;28079049_14_6;2026;04;15;37;V;39;V;27;V;25;V;18;V;19;V;18;V;14;V;7;V;8;V;24;V;38;V;48;V;81;V;93;V;94;V;96;V;93;V;87;V;84;V;75;V;64;V;47;V;40;V
28;079;49;14;28079049_14_6;2026;04;16;39;V;29;V;11;V;16;V;18;V;28;V;41;V;36;V;22;V;37;V;55;V;61;V;67;V;79;V;91;V;103;V;109;V;103;V;97;V;93;V;84;V;61;V;52;V;44;V
28;079;49;14;28079049_14_6;2026;04;17;29;V;7;V;10;V;4;V;12;V;35;V;31;V;32;V;9;V;21;V;29;V;42;V;54;V;75;V;95;V;105;V;106;V;105;V;106;V;95;V;75;V;59;V;47;V;47;V
28;079;49;14;28079049_14_6;2026;04;18;39;V;30;V;21;V;7;V;7;V;12;V;29;V;22;V;25;V;38;V;67;V;81;V;90;V;96;V;111;V;119;V;116;V;114;V;113;V;108;V;79;V;71;V;68;V;69;V
28;079;49;14;28079049_14_6;2026;04;19;79;V;70;V;74;V;55;V;45;V;42;V;49;V;61;V;61;V;58;V;76;V;93;V;100;V;113;V;117;V;122;V;119;V;119;V;116;V;114;V;97;V;78;V;72;V;69;V
28;079;49;14;28079049_14_6;2026;04;20;66;V;62;V;55;V;37;V;32;V;45;V;51;V;36;V;15;V;30;V;63;V;74;V;80;V;97;V;114;V;122;V;119;V;113;V;112;V;98;V;82;V;76;V;68;V;58;V
28;079;49;14;28079049_14_6;2026;04;21;44;V;38;V;23;V;28;V;40;V;45;V;41;V;34;V;0;N;0;N;0;N;0;N;0;N;92;V;104;V;116;V;106;V;91;V;88;V;48;V;23;V;19;V;17;V;21;V
28;079;49;14;28079049_14_6;2026;04;22;20;V;22;V;22;V;18;V;38;V;69;V;66;V;63;V;43;V;60;V;74;V;78;V;82;V;87;V;90;V;92;V;96;V;97;V;95;V;91;V;77;V;66;V;52;V;47;V
28;079;49;14;28079049_14_6;2026;04;23;47;V;34;V;27;V;51;V;50;V;53;V;46;V;34;V;19;V;48;V;63;V;76;V;86;V;99;V;106;V;110;V;111;V;107;V;103;V;89;V;85;V;86;V;92;V;93;V
28;079;49;14;28079049_14_6;2026;04;24;98;V;97;V;91;V;91;V;76;V;68;V;65;V;54;V;39;V;40;V;63;V;71;V;74;V;76;V;85;V;92;V;99;V;104;V;105;V;91;V;79;V;60;V;52;V;56;V
28;079;49;14;28079049_14_6;2026;04;25;50;V;48;V;60;V;65;V;54;V;51;V;60;V;49;V;50;V;63;V;64;V;74;V;86;V;95;V;98;V;102;V;98;V;95;V;94;V;80;V;70;V;73;V;79;V;79;V
28;079;49;14;28079049_14_6;2026;04;26;75;V;72;V;75;V;79;V;65;V;51;V;53;V;57;V;56;V;63;V;67;V;75;V;87;V;95;V;100;V;103;V;104;V;106;V;105;V;96;V;78;V;79;V;62;V;65;V
28;079;49;14;28079049_14_6;2026;04;27;59;V;50;V;62;V;54;V;52;V;50;V;42;V;29;V;16;V;16;V;48;V;94;V;100;V;112;V;116;V;117;V;117;V;117;V;111;V;101;V;82;V;65;V;56;V;73;V
28;079;49;14;28079049_14_6;2026;04;28;89;V;94;V;100;V;88;V;84;V;76;V;69;V;60;V;44;V;60;V;82;V;99;V;109;V;111;V;114;V;120;V;122;V;119;V;113;V;107;V;96;V;90;V;91;V;95;V
28;079;49;14;28079049_14_6;2026;04;29;81;V;73;V;69;V;69;V;62;V;47;V;37;V;37;V;50;V;46;V;49;V;65;V;70;V;85;V;91;V;94;V;92;V;93;V;94;V;94;V;90;V;87;V;82;V;82;V
28;079;49;14;28079049_14_6;2026;04;30;78;V;76;V;77;V;74;V;76;V;75;V;68;V;50;V;33;V;28;V;55;V;87;V;96;V;102;V;112;V;116;V;118;V;123;V;122;V;109;V;100;V;81;V;69;V;55;V
28;079;49;14;28079049_14_6;2026;05;01;60;V;52;V;55;V;60;V;56;V;56;V;56;V;47;V;49;V;58;V;56;V;68;V;88;V;110;V;119;V;123;V;122;V;123;V;117;V;112;V;95;V;84;V;80;V;82;V
28;079;49;14;28079049_14_6;2026;05;02;78;V;80;V;76;V;79;V;75;V;69;V;69;V;52;V;52;V;40;V;41;V;48;V;53;V;60;V;60;V;63;V;79;V;85;V;82;V;75;V;74;V;56;V;44;V;31;V
28;079;49;14;28079049_14_6;2026;05;03;34;V;31;V;37;V;25;V;22;V;18;V;22;V;17;V;33;V;41;V;49;V;59;V;77;V;80;V;82;V;80;V;84;V;90;V;86;V;85;V;80;V;79;V;84;V;80;V
28;079;49;14;28079049_14_6;2026;05;04;63;V;66;V;66;V;63;V;59;V;53;V;42;V;34;V;33;V;45;V;30;V;64;V;88;V;94;V;96;V;96;V;100;V;101;V;88;V;85;V;82;V;77;V;77;V;79;V
28;079;49;14;28079049_14_6;2026;05;05;77;V;85;V;87;V;85;V;83;V;77;V;71;V;69;V;0;N;0;N;0;N;0;N;0;N;0;N;98;V;101;V;103;V;103;V;101;V;98;V;95;V;94;V;88;V;83;V
28;079;49;14;28079049_14_6;2026;05;06;73;V;75;V;69;V;62;V;59;V;50;V;49;V;41;V;42;V;58;V;72;V;84;V;91;V;99;V;103;V;103;V;112;V;113;V;111;V;111;V;95;V;87;V;82;V;56;V
28;079;49;14;28079049_14_6;2026;05;07;43;V;76;V;70;V;61;V;66;V;71;V;66;V;53;V;47;V;0;N;0;N;0;N;0;N;0;N;0;N;0;N;0;N;0;N;0;N;0;N;0;N;0;N;0;N;0;N
28;079;49;7;28079049_7_8;2026;04;07;0;V;0;V;0;V;0;V;0;V;0;V;0;V;0;V;0;N;0;N;0;N;0;N;1;V;1;V;1;V;0;V;0;V;0;V;0;V;2;V;0;V;0;V;0;V;1;V
28;079;49;7;28079049_7_8;2026;04;08;0;V;0;V;0;V;0;V;0;V;0;V;0;V;0;V;0;N;0;N;0;N;0;N;0;N;0;V;0;V;0;V;0;V;0;V;0;V;0;V;0;V;0;V;0;V;0;V
28;079;49;7;28079049_7_8;2026;04;09;0;V;0;V;0;V;0;V;0;V;0;V;0;V;0;V;3;V;5;V;4;V;2;V;1;V;0;V;0;V;0;V;0;V;0;V;0;V;0;V;0;V;0;V;0;V;0;V
28;079;49;7;28079049_7_8;2026;04;10;0;V;0;V;0;V;0;V;0;V;0;V;0;V;0;V;1;V;1;V;2;V;1;V;1;V;0;V;0;V;0;V;0;V;0;V;0;V;0;V;0;V;0;V;0;V;0;V
28;079;49;7;28079049_7_8;2026;04;11;0;V;0;V;0;V;0;V;0;V;0;V;0;V;0;V;0;V;1;V;0;V;1;V;0;V;0;V;0;V;0;V;0;V;0;V;0;V;0;V;0;V;0;V;0;V;0;V
28;079;49;7;28079049_7_8;2026;04;12;0;V;0;V;0;V;0;V;0;V;0;V;0;V;0;V;0;V;0;V;0;V;0;V;0;V;0;V;0;V;0;V;0;V;0;V;0;V;0;V;0;V;0;V;0;V;0;V
28;079;49;7;28079049_7_8;2026;04;13;0;V;0;V;0;V;0;V;0;V;0;V;0;V;0;V;0;V;1;V;1;V;0;V;0;V;0;V;0;V;0;V;0;V;0;V;0;V;0;V;0;V;0;V;0;V;0;V
28;079;49;7;28079049_7_8;2026;04;14;0;V;0;V;0;V;0;V;0;V;0;V;0;V;0;V;1;V;1;V;1;V;1;V;1;V;0;V;0;V;0;V;0;V;0;V;0;V;0;V;0;V;0;V;0;V;0;V
28;079;49;7;28079049_7_8;2026;04;15;0;V;0;V;0;V;0;V;0;V;0;V;0;V;1;V;5;V;21;V;10;V;8;V;7;V;2;V;0;V;0;V;0;V;0;V;0;V;0;V;0;V;0;V;0;V;0;V
28;079;49;7;28079049_7_8;2026;04;16;0;V;0;V;0;V;0;V;0;V;0;V;0;V;0;V;4;V;3;V;2;V;1;V;2;V;1;V;1;V;0;V;0;V;0;V;0;V;0;V;0;V;0;V;0;V;0;V
28;079;49;7;28079049_7_8;2026;04;17;0;V;1;V;1;V;4;V;1;V;0;V;0;V;0;V;11;V;4;V;7;V;7;V;5;V;2;V;1;V;0;V;0;V;0;V;0;V;0;V;0;V;0;V;0;V;0;V
28;079;49;7;28079049_7_8;2026;04;18;0;V;0;V;0;V;1;V;1;V;1;V;0;V;0;V;1;V;1;V;1;V;1;V;1;V;0;V;0;V;0;V;0;V;0;V;0;V;0;V;0;V;0;V;0;V;0;V
28;079;49;7;28079049_7_8;2026;04;19;0;V;0;V;0;V;0;V;0;V;0;V;0;V;0;V;0;V;1;V;1;V;0;V;0;V;0;V;0;V;0;V;0;V;0;V;0;V;0;V;0;V;0;V;0;V;0;V
28;079;49;7;28079049_7_8;2026;04;20;0;V;0;V;0;V;0;V;0;V;0;V;0;V;0;V;2;V;4;V;2;V;1;V;1;V;1;V;0;V;0;V;0;V;0;V;0;V;0;V;0;V;0;V;0;V;0;V
28;079;49;7;28079049_7_8;2026;04;21;0;V;0;V;0;V;0;V;0;V;0;V;0;V;0;V;0;N;0;N;0;N;0;N;0;N;1;V;0;V;0;V;0;V;0;V;0;V;0;V;0;V;0;V;1;V;1;V
28;079;49;7;28079049_7_8;2026;04;22;1;V;0;V;1;V;1;V;0;V;0;V;0;V;0;V;1;V;1;V;0;V;0;V;0;V;0;V;0;V;0;V;0;V;0;V;0;V;0;V;0;V;0;V;0;V;0;V
28;079;49;7;28079049_7_8;2026;04;23;0;V;0;V;0;V;0;V;0;V;0;V;0;V;0;V;4;V;4;V;3;V;1;V;1;V;0;V;0;V;0;V;0;V;0;V;0;V;0;V;0;V;0;V;0;V;0;V
28;079;49;7;28079049_7_8;2026;04;24;0;V;0;V;0;V;0;V;0;V;0;V;0;V;0;V;0;V;0;V;0;V;0;V;0;V;0;V;0;V;0;V;0;V;0;V;0;V;0;V;0;V;0;V;0;V;0;V
28;079;49;7;28079049_7_8;2026;04;25;0;V;0;V;0;V;0;V;0;V;0;V;0;V;0;V;0;V;0;V;1;V;1;V;0;V;0;V;0;V;0;V;0;V;0;V;0;V;0;V;0;V;0;V;0;V;0;V
28;079;49;7;28079049_7_8;2026;04;26;0;V;0;V;0;V;0;V;0;V;0;V;0;V;0;V;0;V;0;V;0;V;0;V;0;V;0;V;0;V;0;V;0;V;0;V;0;V;0;V;0;V;0;V;0;V;0;V
28;079;49;7;28079049_7_8;2026;04;27;0;V;0;V;0;V;0;V;0;V;0;V;0;V;0;V;2;V;7;V;4;V;0;V;0;V;0;V;0;V;0;V;0;V;0;V;0;V;0;V;0;V;0;V;0;V;0;V
28;079;49;7;28079049_7_8;2026;04;28;0;V;0;V;0;V;0;V;0;V;0;V;0;V;0;V;2;V;2;V;1;V;0;V;0;V;0;V;0;V;0;V;0;V;0;V;0;V;0;V;0;V;0;V;0;V;0;V
28;079;49;7;28079049_7_8;2026;04;29;0;V;0;V;0;V;0;V;0;V;0;V;0;V;0;V;0;V;0;V;0;V;0;V;0;V;0;V;0;V;0;V;0;V;0;V;0;V;0;V;0;V;0;V;0;V;0;V
28;079;49;7;28079049_7_8;2026;04;30;0;V;0;V;0;V;0;V;0;V;0;V;0;V;0;V;2;V;8;V;3;V;0;V;0;V;0;V;0;V;0;V;0;V;0;V;0;V;0;V;0;V;0;V;0;V;0;V
28;079;49;7;28079049_7_8;2026;05;01;0;V;0;V;0;V;0;V;0;V;0;V;0;V;0;V;0;V;1;V;2;V;2;V;0;V;0;V;0;V;0;V;0;V;0;V;0;V;0;V;0;V;0;V;0;V;0;V
28;079;49;7;28079049_7_8;2026;05;02;0;V;0;V;0;V;0;V;0;V;0;V;0;V;0;V;0;V;1;V;0;V;0;V;0;V;0;V;0;V;0;V;0;V;0;V;0;V;0;V;0;V;0;V;0;V;0;V
28;079;49;7;28079049_7_8;2026;05;03;0;V;0;V;0;V;0;V;0;V;0;V;0;V;0;V;0;V;0;V;0;V;0;V;0;V;0;V;0;V;0;V;0;V;0;V;0;V;0;V;0;V;0;V;0;V;0;V
28;079;49;7;28079049_7_8;2026;05;04;0;V;0;V;0;V;0;V;0;V;0;V;0;V;0;V;1;V;1;V;5;V;2;V;0;V;0;V;0;V;0;V;0;V;0;V;0;V;0;V;0;V;0;V;0;V;0;V
28;079;49;7;28079049_7_8;2026;05;05;0;V;0;V;0;V;0;V;0;V;0;V;0;V;0;V;0;N;0;N;0;N;0;N;0;N;0;N;1;V;0;V;0;V;0;V;0;V;0;V;0;V;0;V;0;V;0;V
28;079;49;7;28079049_7_8;2026;05;06;0;V;0;V;0;V;0;V;0;V;0;V;0;V;0;V;1;V;2;V;1;V;1;V;0;V;0;V;0;V;0;V;0;V;0;V;0;V;0;V;0;V;0;V;0;V;0;V
28;079;49;7;28079049_7_8;2026;05;07;0;V;0;V;0;V;0;V;0;V;0;V;0;V;0;V;1;V;0;N;0;N;0;N;0;N;0;N;0;N;0;N;0;N;0;N;0;N;0;N;0;N;0;N;0;N;0;N
28;079;49;8;28079049_8_8;2026;04;07;9;V;6;V;8;V;8;V;9;V;9;V;13;V;25;V;0;N;0;N;0;N;0;N;22;V;19;V;18;V;13;V;9;V;11;V;11;V;13;V;11;V;20;V;25;V;39;V
28;079;49;8;28079049_8_8;2026;04;08;36;V;17;V;9;V;22;V;5;V;3;V;6;V;10;V;0;N;0;N;0;N;0;N;0;N;7;V;7;V;5;V;5;V;5;V;6;V;7;V;6;V;8;V;6;V;6;V
28;079;49;8;28079049_8_8;2026;04;09;8;V;5;V;22;V;18;V;10;V;9;V;17;V;34;V;45;V;42;V;38;V;26;V;16;V;11;V;9;V;8;V;10;V;12;V;12;V;11;V;20;V;49;V;64;V;58;V
28;079;49;8;28079049_8_8;2026;04;10;21;V;16;V;6;V;5;V;6;V;7;V;11;V;24;V;37;V;34;V;31;V;21;V;20;V;13;V;8;V;4;V;4;V;6;V;9;V;10;V;12;V;22;V;40;V;36;V
28;079;49;8;28079049_8_8;2026;04;11;24;V;23;V;16;V;18;V;27;V;24;V;17;V;19;V;27;V;30;V;21;V;25;V;14;V;14;V;13;V;16;V;16;V;6;V;5;V;6;V;12;V;12;V;10;V;9;V
28;079;49;8;28079049_8_8;2026;04;12;7;V;5;V;7;V;4;V;4;V;4;V;3;V;4;V;6;V;11;V;9;V;10;V;9;V;10;V;8;V;4;V;7;V;5;V;9;V;10;V;9;V;12;V;7;V;6;V
28;079;49;8;28079049_8_8;2026;04;13;5;V;3;V;2;V;3;V;2;V;3;V;4;V;8;V;24;V;20;V;8;V;5;V;5;V;4;V;3;V;3;V;4;V;4;V;5;V;6;V;8;V;8;V;9;V;9;V
28;079;49;8;28079049_8_8;2026;04;14;6;V;4;V;5;V;4;V;5;V;7;V;7;V;11;V;23;V;26;V;22;V;12;V;10;V;8;V;7;V;5;V;5;V;5;V;5;V;6;V;7;V;10;V;12;V;12;V
28;079;49;8;28079049_8_8;2026;04;15;14;V;18;V;24;V;25;V;28;V;26;V;23;V;27;V;32;V;45;V;42;V;39;V;39;V;16;V;4;V;4;V;4;V;3;V;5;V;5;V;9;V;12;V;19;V;21;V
28;079;49;8;28079049_8_8;2026;04;16;17;V;26;V;42;V;33;V;27;V;22;V;12;V;23;V;42;V;35;V;22;V;22;V;26;V;20;V;14;V;7;V;6;V;5;V;5;V;7;V;9;V;19;V;23;V;23;V
28;079;49;8;28079049_8_8;2026;04;17;29;V;55;V;48;V;59;V;41;V;16;V;17;V;24;V;52;V;41;V;48;V;47;V;43;V;25;V;14;V;7;V;5;V;5;V;5;V;5;V;11;V;16;V;25;V;25;V
28;079;49;8;28079049_8_8;2026;04;18;23;V;26;V;33;V;58;V;51;V;42;V;21;V;29;V;25;V;21;V;18;V;19;V;20;V;13;V;7;V;4;V;3;V;3;V;3;V;5;V;10;V;14;V;16;V;16;V
28;079;49;8;28079049_8_8;2026;04;19;12;V;15;V;12;V;19;V;18;V;15;V;9;V;10;V;13;V;18;V;15;V;8;V;10;V;9;V;5;V;4;V;3;V;2;V;3;V;4;V;7;V;11;V;14;V;14;V
28;079;49;8;28079049_8_8;2026;04;20;14;V;15;V;17;V;28;V;29;V;17;V;10;V;19;V;39;V;42;V;26;V;26;V;31;V;20;V;7;V;6;V;5;V;6;V;6;V;6;V;8;V;10;V;13;V;17;V
28;079;49;8;28079049_8_8;2026;04;21;20;V;21;V;35;V;33;V;20;V;16;V;15;V;21;V;0;N;0;N;0;N;0;N;0;N;29;V;15;V;10;V;9;V;11;V;9;V;13;V;30;V;36;V;40;V;32;V
28;079;49;8;28079049_8_8;2026;04;22;25;V;25;V;20;V;22;V;14;V;6;V;9;V;15;V;27;V;23;V;9;V;6;V;4;V;4;V;4;V;5;V;4;V;4;V;5;V;6;V;9;V;10;V;14;V;19;V
28;079;49;8;28079049_8_8;2026;04;23;17;V;25;V;32;V;12;V;9;V;8;V;14;V;23;V;40;V;38;V;32;V;21;V;17;V;13;V;9;V;7;V;6;V;5;V;6;V;9;V;15;V;9;V;6;V;7;V
28;079;49;8;28079049_8_8;2026;04;24;5;V;3;V;4;V;4;V;4;V;4;V;11;V;17;V;18;V;20;V;16;V;13;V;13;V;13;V;10;V;10;V;10;V;12;V;15;V;17;V;15;V;15;V;13;V;15;V
28;079;49;8;28079049_8_8;2026;04;25;13;V;14;V;10;V;5;V;6;V;7;V;7;V;8;V;10;V;12;V;17;V;13;V;7;V;5;V;5;V;5;V;3;V;3;V;4;V;7;V;15;V;13;V;11;V;10;V
28;079;49;8;28079049_8_8;2026;04;26;11;V;10;V;5;V;4;V;5;V;6;V;9;V;12;V;8;V;6;V;8;V;6;V;5;V;4;V;3;V;2;V;3;V;2;V;3;V;4;V;6;V;14;V;21;V;20;V
28;079;49;8;28079049_8_8;2026;04;27;14;V;14;V;11;V;11;V;13;V;11;V;19;V;27;V;33;V;46;V;37;V;14;V;14;V;9;V;5;V;5;V;4;V;4;V;4;V;5;V;9;V;19;V;21;V;16;V
28;079;49;8;28079049_8_8;2026;04;28;7;V;7;V;5;V;5;V;7;V;7;V;11;V;24;V;47;V;40;V;27;V;13;V;8;V;6;V;7;V;6;V;5;V;7;V;6;V;8;V;8;V;11;V;10;V;5;V
28;079;49;8;28079049_8_8;2026;04;29;9;V;10;V;8;V;9;V;12;V;18;V;19;V;31;V;28;V;22;V;17;V;8;V;8;V;7;V;7;V;6;V;5;V;5;V;5;V;5;V;6;V;6;V;6;V;7;V
28;079;49;8;28079049_8_8;2026;04;30;6;V;5;V;4;V;4;V;3;V;3;V;6;V;13;V;36;V;50;V;32;V;10;V;6;V;7;V;7;V;8;V;8;V;6;V;6;V;8;V;8;V;10;V;12;V;16;V
28;079;49;8;28079049_8_8;2026;05;01;14;V;19;V;23;V;14;V;10;V;8;V;6;V;7;V;11;V;16;V;25;V;22;V;14;V;4;V;3;V;4;V;3;V;3;V;3;V;3;V;5;V;8;V;10;V;6;V
28;079;49;8;28079049_8_8;2026;05;02;6;V;4;V;6;V;4;V;5;V;4;V;5;V;6;V;7;V;10;V;10;V;11;V;7;V;5;V;6;V;8;V;5;V;3;V;7;V;8;V;7;V;7;V;10;V;18;V
28;079;49;8;28079049_8_8;2026;05;03;22;V;17;V;13;V;14;V;15;V;13;V;13;V;13;V;10;V;10;V;9;V;8;V;4;V;4;V;4;V;3;V;2;V;2;V;3;V;3;V;4;V;5;V;6;V;6;V
28;079;49;8;28079049_8_8;2026;05;04;10;V;9;V;6;V;6;V;5;V;5;V;6;V;12;V;25;V;23;V;39;V;17;V;5;V;4;V;3;V;4;V;4;V;3;V;5;V;6;V;6;V;9;V;9;V;6;V
28;079;49;8;28079049_8_8;2026;05;05;6;V;4;V;3;V;3;V;3;V;4;V;4;V;12;V;0;N;0;N;0;N;0;N;0;N;0;N;2;V;2;V;3;V;3;V;4;V;5;V;6;V;7;V;8;V;8;V
28;079;49;8;28079049_8_8;2026;05;06;8;V;9;V;6;V;6;V;6;V;10;V;11;V;17;V;23;V;23;V;16;V;10;V;7;V;7;V;8;V;9;V;9;V;10;V;10;V;10;V;12;V;11;V;14;V;32;V
28;079;49;8;28079049_8_8;2026;05;07;42;V;15;V;7;V;11;V;6;V;6;V;10;V;23;V;35;V;0;N;0;N;0;N;0;N;0;N;0;N;0;N;0;N;0;N;0;N;0;N;0;N;0;N;0;N;0;N
28;079;50;10;28079050_10_47;2026;04;07;19;V;19;V;21;V;8;V;19;V;15;V;10;V;7;V;14;V;23;V;27;V;26;V;11;V;24;V;36;V;44;V;39;V;40;V;40;V;30;V;43;V;51;V;42;V;38;V
28;079;50;10;28079050_10_47;2026;04;08;44;V;41;V;29;V;42;V;29;V;6;V;6;V;19;V;14;V;4;V;16;V;10;V;31;V;38;V;29;V;26;V;28;V;30;V;19;V;7;V;3;V;3;V;11;V;11;V
28;079;50;10;28079050_10_47;2026;04;09;11;V;4;V;6;V;8;V;7;V;6;V;9;V;12;V;19;V;15;V;32;V;39;V;34;V;1;V;0;V;6;V;34;V;37;V;39;V;40;V;39;V;37;V;35;V;36;V
28;079;50;10;28079050_10_47;2026;04;10;43;V;57;V;67;V;67;V;57;V;52;V;51;V;61;V;65;V;71;V;68;V;65;V;59;V;56;V;56;V;59;V;62;V;69;V;74;V;76;V;80;V;80;V;80;V;82;V
28;079;50;10;28079050_10_47;2026;04;11;74;V;69;V;61;V;61;V;62;V;58;V;46;V;53;V;56;V;69;V;64;V;58;V;64;V;62;V;71;V;76;V;83;V;80;V;89;V;96;V;85;V;75;V;66;V;37;V
28;079;50;10;28079050_10_47;2026;04;12;31;V;31;V;30;V;30;V;24;V;20;V;17;V;14;V;13;V;11;V;11;V;12;V;11;V;9;V;7;V;14;V;13;V;16;V;16;V;10;V;12;V;11;V;9;V;6;V
28;079;50;10;28079050_10_47;2026;04;13;6;V;4;V;5;V;3;V;5;V;4;V;7;V;9;V;9;V;9;V;10;V;11;V;8;V;3;V;5;V;4;V;12;V;10;V;9;V;10;V;9;V;7;V;11;V;11;V
28;079;50;10;28079050_10_47;2026;04;14;9;V;5;V;5;V;7;V;8;V;17;V;14;V;15;V;20;V;21;V;19;V;15;V;9;V;10;V;12;V;11;V;7;V;8;V;11;V;12;V;9;V;8;V;13;V;10;V
28;079;50;10;28079050_10_47;2026;04;15;13;V;13;V;10;V;5;V;8;V;8;V;8;V;11;V;18;V;31;V;32;V;30;V;23;V;29;V;17;V;9;V;5;V;7;V;12;V;9;V;12;V;14;V;14;V;15;V
28;079;50;10;28079050_10_47;2026;04;16;24;V;23;V;27;V;16;V;14;V;7;V;11;V;13;V;19;V;23;V;0;N;13;V;12;V;21;V;22;V;20;V;16;V;16;V;5;V;9;V;8;V;14;V;17;V;14;V
28;079;50;10;28079050_10_47;2026;04;17;15;V;14;V;16;V;13;V;17;V;23;V;13;V;11;V;19;V;29;V;17;V;20;V;30;V;27;V;25;V;23;V;15;V;12;V;10;V;10;V;19;V;18;V;18;V;21;V
28;079;50;10;28079050_10_47;2026;04;18;22;V;18;V;22;V;23;V;18;V;15;V;15;V;18;V;23;V;18;V;14;V;17;V;21;V;25;V;15;V;8;V;13;V;18;V;13;V;10;V;13;V;21;V;24;V;18;V
28;079;50;10;28079050_10_47;2026;04;19;12;V;12;V;10;V;8;V;7;V;8;V;7;V;11;V;12;V;11;V;13;V;14;V;22;V;14;V;17;V;15;V;16;V;12;V;9;V;13;V;15;V;19;V;21;V;28;V
28;079;50;10;28079050_10_47;2026;04;20;25;V;23;V;22;V;25;V;22;V;18;V;21;V;28;V;32;V;30;V;34;V;22;V;22;V;32;V;32;V;27;V;27;V;25;V;27;V;33;V;28;V;29;V;34;V;31;V
28;079;50;10;28079050_10_47;2026;04;21;29;V;29;V;34;V;26;V;26;V;29;V;24;V;27;V;33;V;33;V;28;V;30;V;30;V;40;V;44;V;37;V;27;V;30;V;42;V;71;V;64;V;50;V;45;V;36;V
28;079;50;10;28079050_10_47;2026;04;22;36;V;39;V;43;V;39;V;42;V;42;V;45;V;50;V;57;V;62;V;68;V;75;V;69;V;53;V;52;V;50;V;43;V;45;V;44;V;41;V;32;V;41;V;39;V;35;V
28;079;50;10;28079050_10_47;2026;04;23;33;V;35;V;39;V;36;V;32;V;20;V;27;V;34;V;43;V;45;V;42;V;41;V;45;V;54;V;49;V;37;V;36;V;39;V;39;V;30;V;36;V;35;V;38;V;38;V
28;079;50;10;28079050_10_47;2026;04;24;32;V;26;V;24;V;14;V;21;V;6;V;10;V;22;V;26;V;25;V;30;V;25;V;30;V;32;V;29;V;22;V;39;V;44;V;35;V;34;V;29;V;30;V;33;V;32;V
28;079;50;10;28079050_10_47;2026;04;25;29;V;24;V;22;V;21;V;16;V;12;V;12;V;17;V;17;V;18;V;15;V;12;V;18;V;22;V;21;V;27;V;19;V;16;V;27;V;19;V;18;V;17;V;16;V;17;V
28;079;50;10;28079050_10_47;2026;04;26;11;V;9;V;10;V;8;V;7;V;7;V;8;V;10;V;11;V;9;V;10;V;20;V;16;V;16;V;25;V;17;V;20;V;26;V;24;V;13;V;16;V;26;V;19;V;18;V
28;079;50;10;28079050_10_47;2026;04;27;13;V;22;V;22;V;20;V;4;V;4;V;10;V;15;V;27;V;24;V;22;V;19;V;18;V;30;V;20;V;24;V;21;V;28;V;16;V;29;V;13;V;19;V;20;V;23;V
28;079;50;10;28079050_10_47;2026;04;28;15;V;18;V;18;V;14;V;17;V;12;V;16;V;19;V;25;V;23;V;2;V;12;V;12;V;16;V;26;V;25;V;12;V;17;V;24;V;29;V;33;V;24;V;24;V;18;V
28;079;50;10;28079050_10_47;2026;04;29;22;V;20;V;19;V;15;V;19;V;19;V;20;V;20;V;24;V;24;V;21;V;20;V;19;V;24;V;33;V;28;V;23;V;37;V;28;V;23;V;22;V;20;V;5;V;9;V
28;079;50;10;28079050_10_47;2026;04;30;14;V;18;V;14;V;7;V;10;V;8;V;10;V;12;V;15;V;22;V;21;V;5;V;8;V;22;V;26;V;13;V;11;V;16;V;19;V;17;V;13;V;15;V;16;V;17;V
28;079;50;10;28079050_10_47;2026;05;01;16;V;30;V;22;V;13;V;11;V;14;V;13;V;17;V;19;V;16;V;14;V;13;V;16;V;19;V;30;V;18;V;0;N;18;V;14;V;12;V;15;V;17;V;15;V;0;N
28;079;50;10;28079050_10_47;2026;05;02;14;V;16;V;15;V;16;V;16;V;18;V;13;V;22;V;23;V;27;V;32;V;35;V;32;V;28;V;25;V;0;N;35;V;28;V;21;V;11;V;8;V;13;V;16;V;18;V
28;079;50;10;28079050_10_47;2026;05;03;16;V;19;V;24;V;23;V;24;V;21;V;19;V;23;V;18;V;27;V;12;V;11;V;22;V;7;V;1;V;25;V;5;V;12;V;11;V;12;V;11;V;12;V;13;V;9;V
28;079;50;10;28079050_10_47;2026;05;04;7;V;14;V;12;V;6;V;9;V;8;V;7;V;12;V;15;V;18;V;15;V;16;V;15;V;21;V;27;V;13;V;1;V;11;V;10;V;7;V;5;V;9;V;10;V;9;V
28;079;50;10;28079050_10_47;2026;05;05;9;V;7;V;7;V;9;V;4;V;5;V;5;V;8;V;12;V;17;V;11;V;13;V;9;V;0;V;14;V;14;V;1;V;6;V;10;V;1;V;3;V;0;V;5;V;8;V
28;079;50;10;28079050_10_47;2026;05;06;6;V;1;V;5;V;6;V;12;V;4;V;7;V;11;V;12;V;8;V;8;V;7;V;19;V;10;V;8;V;6;V;11;V;8;V;6;V;11;V;10;V;20;V;15;V;8;V
28;079;50;10;28079050_10_47;2026;05;07;23;V;8;V;6;V;6;V;6;V;5;V;6;V;11;V;14;V;0;N;0;N;0;N;0;N;0;N;0;N;0;N;0;N;0;N;0;N;0;N;0;N;0;N;0;N;0;N
28;079;50;12;28079050_12_8;2026;04;07;8;V;7;V;7;V;9;V;10;V;10;V;18;V;30;V;44;V;34;V;20;V;30;V;21;V;20;V;20;V;18;V;33;V;52;V;15;V;26;V;42;V;32;V;34;V;38;V
28;079;50;12;28079050_12_8;2026;04;08;26;V;12;V;12;V;23;V;8;V;15;V;18;V;33;V;81;V;74;V;38;V;29;V;44;V;39;V;42;V;37;V;20;V;27;V;28;V;27;V;25;V;19;V;21;V;17;V
28;079;50;12;28079050_12_8;2026;04;09;9;V;12;V;20;V;14;V;10;V;9;V;16;V;29;V;49;V;44;V;33;V;31;V;22;V;15;V;12;V;14;V;11;V;13;V;14;V;22;V;39;V;48;V;38;V;26;V
28;079;50;12;28079050_12_8;2026;04;10;20;V;12;V;9;V;8;V;9;V;6;V;15;V;26;V;37;V;34;V;30;V;25;V;17;V;13;V;13;V;34;V;22;V;22;V;39;V;15;V;22;V;33;V;49;V;41;V
28;079;50;12;28079050_12_8;2026;04;11;44;V;34;V;25;V;36;V;25;V;20;V;18;V;23;V;41;V;46;V;25;V;26;V;21;V;20;V;28;V;37;V;25;V;17;V;18;V;23;V;27;V;13;V;6;V;6;V
28;079;50;12;28079050_12_8;2026;04;12;6;V;6;V;3;V;2;V;6;V;2;V;3;V;5;V;5;V;7;V;7;V;6;V;7;V;9;V;10;V;8;V;5;V;13;V;9;V;11;V;18;V;12;V;11;V;13;V
28;079;50;12;28079050_12_8;2026;04;13;7;V;3;V;3;V;4;V;4;V;9;V;30;V;62;V;81;V;49;V;31;V;26;V;22;V;27;V;28;V;28;V;22;V;31;V;23;V;32;V;32;V;22;V;33;V;24;V
28;079;50;12;28079050_12_8;2026;04;14;7;V;3;V;5;V;4;V;5;V;19;V;55;V;84;V;101;V;79;V;51;V;35;V;77;V;26;V;25;V;14;V;24;V;40;V;31;V;24;V;27;V;31;V;20;V;35;V
28;079;50;12;28079050_12_8;2026;04;15;25;V;20;V;23;V;21;V;26;V;24;V;32;V;46;V;66;V;66;V;59;V;74;V;51;V;0;N;27;V;21;V;23;V;22;V;27;V;35;V;34;V;32;V;32;V;31;V
28;079;50;12;28079050_12_8;2026;04;16;48;V;64;V;78;V;47;V;29;V;11;V;23;V;44;V;55;V;40;V;0;N;0;N;24;V;35;V;31;V;26;V;25;V;34;V;32;V;29;V;43;V;50;V;42;V;42;V
28;079;50;12;28079050_12_8;2026;04;17;30;V;35;V;29;V;25;V;16;V;13;V;22;V;45;V;56;V;41;V;27;V;37;V;43;V;35;V;31;V;39;V;30;V;19;V;22;V;31;V;55;V;47;V;44;V;50;V
28;079;50;12;28079050_12_8;2026;04;18;41;V;32;V;71;V;74;V;24;V;14;V;13;V;17;V;24;V;18;V;19;V;22;V;25;V;27;V;11;V;12;V;9;V;15;V;20;V;23;V;49;V;58;V;48;V;24;V
28;079;50;12;28079050_12_8;2026;04;19;11;V;8;V;6;V;6;V;10;V;6;V;13;V;14;V;11;V;9;V;9;V;12;V;15;V;11;V;16;V;15;V;12;V;13;V;21;V;18;V;27;V;40;V;38;V;36;V
28;079;50;12;28079050_12_8;2026;04;20;19;V;14;V;15;V;33;V;19;V;13;V;64;V;69;V;81;V;44;V;25;V;18;V;31;V;28;V;19;V;18;V;27;V;36;V;27;V;34;V;52;V;46;V;55;V;33;V
28;079;50;12;28079050_12_8;2026;04;21;22;V;26;V;31;V;16;V;13;V;12;V;24;V;39;V;52;V;29;V;20;V;28;V;25;V;26;V;25;V;16;V;22;V;31;V;30;V;39;V;38;V;48;V;57;V;56;V
28;079;50;12;28079050_12_8;2026;04;22;39;V;36;V;29;V;14;V;8;V;14;V;28;V;43;V;53;V;53;V;40;V;23;V;19;V;15;V;18;V;44;V;23;V;30;V;30;V;35;V;36;V;54;V;53;V;43;V
28;079;50;12;28079050_12_8;2026;04;23;26;V;37;V;13;V;11;V;14;V;11;V;18;V;60;V;58;V;40;V;24;V;30;V;31;V;19;V;13;V;11;V;8;V;8;V;8;V;10;V;12;V;9;V;8;V;5;V
28;079;50;12;28079050_12_8;2026;04;24;9;V;8;V;7;V;7;V;4;V;6;V;16;V;26;V;45;V;35;V;23;V;17;V;14;V;21;V;19;V;28;V;13;V;14;V;24;V;29;V;40;V;39;V;26;V;26;V
28;079;50;12;28079050_12_8;2026;04;25;17;V;20;V;8;V;5;V;7;V;10;V;9;V;11;V;27;V;17;V;7;V;10;V;13;V;7;V;6;V;4;V;6;V;7;V;13;V;28;V;17;V;9;V;10;V;8;V
28;079;50;12;28079050_12_8;2026;04;26;9;V;5;V;4;V;4;V;6;V;8;V;9;V;10;V;9;V;7;V;5;V;9;V;7;V;4;V;5;V;4;V;7;V;6;V;12;V;5;V;13;V;13;V;16;V;16;V
28;079;50;12;28079050_12_8;2026;04;27;11;V;8;V;12;V;5;V;8;V;8;V;17;V;39;V;50;V;27;V;36;V;22;V;15;V;14;V;9;V;7;V;7;V;9;V;10;V;8;V;12;V;18;V;23;V;14;V
28;079;50;12;28079050_12_8;2026;04;28;5;V;3;V;4;V;7;V;12;V;11;V;15;V;30;V;36;V;31;V;23;V;18;V;8;V;8;V;6;V;10;V;15;V;11;V;9;V;18;V;26;V;21;V;24;V;12;V
28;079;50;12;28079050_12_8;2026;04;29;10;V;9;V;8;V;9;V;9;V;22;V;24;V;33;V;37;V;30;V;25;V;14;V;14;V;18;V;12;V;18;V;19;V;19;V;17;V;20;V;21;V;26;V;22;V;14;V
28;079;50;12;28079050_12_8;2026;04;30;8;V;7;V;4;V;4;V;4;V;7;V;25;V;68;V;65;V;70;V;52;V;29;V;0;N;0;N;0;N;0;N;18;V;27;V;28;V;35;V;38;V;42;V;47;V;40;V
28;079;50;12;28079050_12_8;2026;05;01;35;V;38;V;17;V;14;V;12;V;7;V;8;V;12;V;13;V;12;V;16;V;19;V;18;V;14;V;10;V;11;V;11;V;9;V;10;V;15;V;13;V;22;V;28;V;8;V
28;079;50;12;28079050_12_8;2026;05;02;8;V;5;V;5;V;6;V;6;V;6;V;7;V;9;V;10;V;10;V;13;V;12;V;11;V;9;V;20;V;18;V;13;V;14;V;26;V;23;V;27;V;27;V;27;V;23;V
28;079;50;12;28079050_12_8;2026;05;03;26;V;35;V;30;V;35;V;31;V;18;V;19;V;27;V;16;V;15;V;16;V;15;V;16;V;17;V;17;V;14;V;14;V;14;V;17;V;16;V;18;V;22;V;22;V;20;V
28;079;50;12;28079050_12_8;2026;05;04;12;V;11;V;9;V;6;V;7;V;15;V;34;V;67;V;67;V;69;V;48;V;31;V;29;V;24;V;25;V;29;V;20;V;26;V;29;V;22;V;31;V;35;V;25;V;20;V
28;079;50;12;28079050_12_8;2026;05;05;11;V;6;V;5;V;4;V;5;V;9;V;37;V;75;V;67;V;84;V;51;V;27;V;26;V;26;V;29;V;30;V;30;V;27;V;30;V;31;V;29;V;27;V;25;V;27;V
28;079;50;12;28079050_12_8;2026;05;06;16;V;7;V;15;V;17;V;20;V;17;V;23;V;44;V;31;V;19;V;14;V;17;V;17;V;23;V;32;V;31;V;11;V;13;V;13;V;13;V;14;V;33;V;54;V;48;V
28;079;50;12;28079050_12_8;2026;05;07;34;V;12;V;5;V;6;V;6;V;6;V;13;V;24;V;27;V;0;N;0;N;0;N;0;N;0;N;0;N;0;N;0;N;0;N;0;N;0;N;0;N;0;N;0;N;0;N
28;079;50;7;28079050_7_8;2026;04;07;0;V;0;V;0;V;0;V;0;V;0;V;0;V;0;V;3;V;4;V;2;V;5;V;2;V;2;V;2;V;2;V;7;V;15;V;0;V;4;V;11;V;5;V;3;V;1;V
28;079;50;7;28079050_7_8;2026;04;08;3;V;0;V;0;V;2;V;1;V;2;V;1;V;3;V;19;V;14;V;6;V;3;V;12;V;12;V;13;V;13;V;6;V;8;V;8;V;8;V;6;V;4;V;5;V;4;V
28;079;50;7;28079050_7_8;2026;04;09;1;V;0;V;0;V;0;V;0;V;0;V;0;V;1;V;6;V;7;V;6;V;5;V;4;V;2;V;1;V;2;V;1;V;1;V;1;V;1;V;1;V;0;V;0;V;0;V
28;079;50;7;28079050_7_8;2026;04;10;0;V;0;V;0;V;0;V;0;V;0;V;0;V;0;V;2;V;3;V;4;V;3;V;2;V;1;V;1;V;10;V;5;V;3;V;9;V;0;V;0;V;0;V;0;V;0;V
28;079;50;7;28079050_7_8;2026;04;11;0;V;0;V;0;V;0;V;0;V;0;V;0;V;0;V;2;V;5;V;2;V;2;V;1;V;1;V;3;V;5;V;5;V;4;V;3;V;3;V;3;V;0;V;0;V;0;V
28;079;50;7;28079050_7_8;2026;04;12;0;V;0;V;0;V;0;V;0;V;0;V;0;V;0;V;0;V;0;V;0;V;1;V;0;V;0;V;1;V;1;V;0;V;2;V;0;V;0;V;2;V;2;V;1;V;1;V
28;079;50;7;28079050_7_8;2026;04;13;0;V;0;V;0;V;0;V;0;V;1;V;7;V;11;V;26;V;16;V;10;V;9;V;7;V;9;V;10;V;10;V;7;V;10;V;6;V;8;V;4;V;0;V;4;V;5;V
28;079;50;7;28079050_7_8;2026;04;14;1;V;0;V;0;V;0;V;0;V;4;V;15;V;25;V;31;V;23;V;16;V;11;V;35;V;7;V;7;V;3;V;7;V;13;V;8;V;4;V;4;V;2;V;2;V;6;V
28;079;50;7;28079050_7_8;2026;04;15;1;V;0;V;3;V;1;V;0;V;0;V;0;V;3;V;14;V;18;V;16;V;21;V;13;V;0;N;9;V;6;V;7;V;6;V;8;V;9;V;10;V;7;V;7;V;4;V
28;079;50;7;28079050_7_8;2026;04;16;3;V;4;V;9;V;1;V;0;V;0;V;0;V;2;V;7;V;7;V;0;N;0;N;4;V;9;V;7;V;6;V;6;V;10;V;9;V;7;V;11;V;10;V;8;V;6;V
28;079;50;7;28079050_7_8;2026;04;17;2;V;1;V;1;V;1;V;0;V;0;V;0;V;2;V;7;V;6;V;4;V;8;V;9;V;6;V;6;V;12;V;8;V;4;V;5;V;7;V;15;V;10;V;8;V;8;V
28;079;50;7;28079050_7_8;2026;04;18;5;V;0;V;6;V;5;V;0;V;0;V;0;V;0;V;1;V;1;V;2;V;3;V;4;V;5;V;1;V;1;V;1;V;3;V;4;V;3;V;8;V;8;V;5;V;0;V
28;079;50;7;28079050_7_8;2026;04;19;0;V;0;V;0;V;0;V;0;V;0;V;0;V;0;V;0;V;0;V;0;V;1;V;2;V;1;V;3;V;3;V;2;V;2;V;4;V;3;V;4;V;5;V;4;V;4;V
28;079;50;7;28079050_7_8;2026;04;20;2;V;1;V;0;V;0;V;0;V;0;V;8;V;5;V;14;V;6;V;3;V;2;V;5;V;4;V;4;V;3;V;7;V;9;V;6;V;7;V;11;V;7;V;10;V;4;V
28;079;50;7;28079050_7_8;2026;04;21;2;V;0;V;0;V;0;V;0;V;0;V;0;V;0;V;5;V;3;V;2;V;7;V;4;V;3;V;4;V;1;V;3;V;5;V;5;V;4;V;1;V;0;V;0;V;1;V
28;079;50;7;28079050_7_8;2026;04;22;0;V;0;V;0;V;0;V;0;V;2;V;7;V;13;V;13;V;16;V;13;V;6;V;5;V;3;V;4;V;17;V;6;V;9;V;8;V;9;V;9;V;13;V;14;V;7;V
28;079;50;7;28079050_7_8;2026;04;23;3;V;0;V;0;V;0;V;0;V;0;V;0;V;4;V;8;V;6;V;3;V;4;V;5;V;2;V;1;V;1;V;0;V;0;V;0;V;0;V;0;V;0;V;0;V;0;V
28;079;50;7;28079050_7_8;2026;04;24;0;V;1;V;1;V;2;V;0;V;0;V;0;V;0;V;2;V;2;V;2;V;2;V;2;V;3;V;3;V;8;V;1;V;1;V;3;V;4;V;7;V;8;V;0;V;0;V
28;079;50;7;28079050_7_8;2026;04;25;0;V;0;V;0;V;0;V;0;V;0;V;0;V;0;V;3;V;1;V;0;V;1;V;2;V;1;V;0;V;0;V;0;V;0;V;1;V;4;V;0;V;0;V;0;V;0;V
28;079;50;7;28079050_7_8;2026;04;26;0;V;0;V;0;V;0;V;0;V;0;V;0;V;0;V;0;V;0;V;0;V;1;V;1;V;0;V;0;V;0;V;1;V;0;V;2;V;0;V;1;V;0;V;0;V;0;V
28;079;50;7;28079050_7_8;2026;04;27;0;V;0;V;0;V;0;V;0;V;0;V;0;V;1;V;7;V;4;V;7;V;3;V;2;V;1;V;0;V;0;V;0;V;1;V;1;V;0;V;0;V;0;V;0;V;0;V
28;079;50;7;28079050_7_8;2026;04;28;0;V;0;V;0;V;0;V;0;V;0;V;0;V;0;V;3;V;3;V;2;V;2;V;1;V;0;V;0;V;1;V;3;V;1;V;0;V;1;V;4;V;2;V;5;V;1;V
28;079;50;7;28079050_7_8;2026;04;29;0;V;0;V;0;V;0;V;0;V;5;V;3;V;2;V;2;V;2;V;2;V;1;V;1;V;3;V;0;V;4;V;3;V;4;V;3;V;4;V;3;V;6;V;6;V;3;V
28;079;50;7;28079050_7_8;2026;04;30;1;V;1;V;0;V;0;V;0;V;1;V;8;V;24;V;21;V;23;V;15;V;7;V;0;N;0;N;0;N;0;N;2;V;5;V;5;V;7;V;7;V;7;V;6;V;5;V
28;079;50;7;28079050_7_8;2026;05;01;3;V;0;V;0;V;0;V;0;V;0;V;0;V;0;V;0;V;1;V;2;V;3;V;2;V;3;V;1;V;2;V;2;V;1;V;1;V;2;V;1;V;2;V;3;V;0;V
28;079;50;7;28079050_7_8;2026;05;02;1;V;0;V;0;V;0;V;0;V;0;V;0;V;0;V;0;V;0;V;0;V;0;V;0;V;0;V;3;V;4;V;2;V;3;V;6;V;5;V;5;V;4;V;3;V;0;V
28;079;50;7;28079050_7_8;2026;05;03;1;V;4;V;0;V;1;V;0;V;0;V;0;V;3;V;2;V;2;V;3;V;3;V;4;V;5;V;5;V;4;V;4;V;4;V;5;V;4;V;3;V;4;V;4;V;5;V
28;079;50;7;28079050_7_8;2026;05;04;1;V;1;V;0;V;0;V;0;V;3;V;8;V;26;V;22;V;22;V;14;V;10;V;9;V;7;V;8;V;10;V;6;V;8;V;8;V;6;V;8;V;7;V;4;V;3;V
28;079;50;7;28079050_7_8;2026;05;05;1;V;1;V;0;V;0;V;0;V;1;V;9;V;23;V;19;V;27;V;15;V;7;V;7;V;7;V;9;V;9;V;9;V;8;V;9;V;8;V;8;V;5;V;4;V;5;V
28;079;50;7;28079050_7_8;2026;05;06;1;V;0;V;4;V;3;V;4;V;0;V;0;V;3;V;3;V;3;V;1;V;3;V;3;V;4;V;8;V;8;V;1;V;1;V;1;V;0;V;0;V;0;V;0;V;0;V
28;079;50;7;28079050_7_8;2026;05;07;0;V;0;V;0;V;0;V;0;V;0;V;0;V;0;V;1;V;0;N;0;N;0;N;0;N;0;N;0;N;0;N;0;N;0;N;0;N;0;N;0;N;0;N;0;N;0;N
28;079;50;8;28079050_8_8;2026;04;07;8;V;7;V;7;V;9;V;10;V;10;V;17;V;30;V;39;V;28;V;17;V;21;V;17;V;17;V;18;V;15;V;21;V;29;V;15;V;20;V;25;V;24;V;30;V;37;V
28;079;50;8;28079050_8_8;2026;04;08;22;V;11;V;12;V;19;V;6;V;11;V;17;V;27;V;53;V;53;V;29;V;24;V;25;V;21;V;22;V;17;V;12;V;15;V;15;V;15;V;15;V;12;V;13;V;11;V
28;079;50;8;28079050_8_8;2026;04;09;8;V;12;V;20;V;14;V;10;V;9;V;16;V;27;V;40;V;33;V;24;V;24;V;16;V;12;V;10;V;11;V;10;V;12;V;13;V;21;V;39;V;48;V;38;V;26;V
28;079;50;8;28079050_8_8;2026;04;10;20;V;12;V;9;V;8;V;9;V;6;V;15;V;26;V;34;V;29;V;23;V;20;V;14;V;12;V;11;V;19;V;15;V;17;V;25;V;14;V;22;V;33;V;49;V;41;V
28;079;50;8;28079050_8_8;2026;04;11;44;V;34;V;25;V;36;V;25;V;20;V;18;V;23;V;37;V;38;V;23;V;22;V;18;V;18;V;24;V;28;V;18;V;12;V;13;V;19;V;22;V;13;V;6;V;6;V
28;079;50;8;28079050_8_8;2026;04;12;6;V;6;V;3;V;2;V;5;V;2;V;3;V;5;V;5;V;6;V;6;V;5;V;7;V;8;V;8;V;7;V;5;V;9;V;9;V;11;V;15;V;10;V;9;V;11;V
28;079;50;8;28079050_8_8;2026;04;13;7;V;3;V;3;V;4;V;3;V;7;V;19;V;45;V;42;V;25;V;16;V;13;V;11;V;13;V;13;V;14;V;12;V;15;V;14;V;20;V;25;V;21;V;27;V;16;V
28;079;50;8;28079050_8_8;2026;04;14;6;V;3;V;5;V;4;V;5;V;13;V;31;V;46;V;53;V;43;V;26;V;18;V;23;V;15;V;15;V;10;V;13;V;20;V;18;V;18;V;21;V;28;V;18;V;25;V
28;079;50;8;28079050_8_8;2026;04;15;23;V;20;V;18;V;20;V;26;V;24;V;31;V;41;V;44;V;39;V;35;V;42;V;30;V;0;N;13;V;11;V;13;V;13;V;15;V;20;V;19;V;22;V;22;V;25;V
28;079;50;8;28079050_8_8;2026;04;16;44;V;58;V;64;V;45;V;29;V;11;V;23;V;40;V;43;V;29;V;0;N;0;N;17;V;21;V;21;V;16;V;15;V;18;V;18;V;19;V;26;V;34;V;29;V;32;V
28;079;50;8;28079050_8_8;2026;04;17;27;V;34;V;28;V;24;V;16;V;13;V;22;V;42;V;46;V;31;V;20;V;24;V;29;V;25;V;22;V;20;V;18;V;13;V;14;V;20;V;32;V;31;V;32;V;38;V
28;079;50;8;28079050_8_8;2026;04;18;33;V;32;V;62;V;66;V;24;V;14;V;13;V;17;V;22;V;16;V;16;V;17;V;20;V;19;V;9;V;10;V;8;V;10;V;14;V;18;V;37;V;46;V;40;V;24;V
28;079;50;8;28079050_8_8;2026;04;19;11;V;8;V;6;V;6;V;10;V;6;V;13;V;14;V;11;V;9;V;8;V;11;V;12;V;10;V;12;V;10;V;8;V;10;V;14;V;13;V;20;V;32;V;31;V;30;V
28;079;50;8;28079050_8_8;2026;04;20;17;V;13;V;15;V;33;V;19;V;12;V;52;V;62;V;60;V;34;V;20;V;15;V;24;V;21;V;13;V;14;V;17;V;23;V;18;V;22;V;35;V;35;V;39;V;26;V
28;079;50;8;28079050_8_8;2026;04;21;20;V;25;V;31;V;16;V;13;V;12;V;24;V;38;V;44;V;24;V;16;V;18;V;20;V;22;V;19;V;14;V;17;V;23;V;22;V;32;V;37;V;48;V;57;V;54;V
28;079;50;8;28079050_8_8;2026;04;22;39;V;36;V;28;V;14;V;8;V;10;V;17;V;22;V;32;V;28;V;21;V;13;V;11;V;10;V;11;V;19;V;14;V;16;V;18;V;20;V;23;V;34;V;32;V;33;V
28;079;50;8;28079050_8_8;2026;04;23;22;V;37;V;13;V;11;V;14;V;11;V;18;V;53;V;46;V;32;V;19;V;24;V;24;V;16;V;12;V;10;V;7;V;7;V;8;V;10;V;12;V;9;V;8;V;5;V
28;079;50;8;28079050_8_8;2026;04;24;8;V;7;V;6;V;5;V;4;V;6;V;16;V;26;V;42;V;33;V;20;V;15;V;12;V;16;V;15;V;16;V;11;V;12;V;20;V;23;V;30;V;27;V;26;V;26;V
28;079;50;8;28079050_8_8;2026;04;25;16;V;20;V;8;V;5;V;7;V;10;V;9;V;11;V;23;V;16;V;7;V;8;V;10;V;6;V;6;V;4;V;5;V;6;V;11;V;22;V;17;V;9;V;10;V;8;V
28;079;50;8;28079050_8_8;2026;04;26;9;V;5;V;4;V;4;V;6;V;8;V;9;V;10;V;9;V;7;V;4;V;8;V;6;V;4;V;4;V;4;V;6;V;5;V;9;V;5;V;12;V;13;V;16;V;16;V
28;079;50;8;28079050_8_8;2026;04;27;11;V;8;V;12;V;5;V;8;V;8;V;17;V;37;V;39;V;21;V;25;V;17;V;13;V;12;V;8;V;6;V;6;V;8;V;9;V;8;V;12;V;18;V;23;V;14;V
28;079;50;8;28079050_8_8;2026;04;28;5;V;3;V;4;V;7;V;12;V;11;V;15;V;29;V;32;V;26;V;19;V;15;V;7;V;7;V;6;V;8;V;11;V;10;V;9;V;17;V;20;V;18;V;16;V;11;V
28;079;50;8;28079050_8_8;2026;04;29;10;V;9;V;8;V;9;V;9;V;14;V;20;V;30;V;34;V;28;V;22;V;12;V;13;V;14;V;11;V;12;V;14;V;13;V;13;V;14;V;16;V;18;V;12;V;10;V
28;079;50;8;28079050_8_8;2026;04;30;7;V;5;V;4;V;4;V;3;V;6;V;13;V;32;V;33;V;36;V;29;V;18;V;0;N;0;N;0;N;0;N;15;V;19;V;20;V;24;V;27;V;31;V;37;V;32;V
28;079;50;8;28079050_8_8;2026;05;01;30;V;38;V;17;V;14;V;12;V;7;V;8;V;12;V;13;V;10;V;13;V;15;V;15;V;10;V;9;V;8;V;8;V;7;V;8;V;11;V;13;V;19;V;23;V;7;V
28;079;50;8;28079050_8_8;2026;05;02;7;V;5;V;5;V;6;V;6;V;6;V;7;V;9;V;10;V;10;V;13;V;12;V;10;V;8;V;15;V;12;V;10;V;10;V;16;V;15;V;18;V;20;V;23;V;23;V
28;079;50;8;28079050_8_8;2026;05;03;24;V;29;V;30;V;34;V;31;V;17;V;19;V;22;V;14;V;12;V;11;V;10;V;10;V;10;V;10;V;8;V;8;V;8;V;10;V;10;V;13;V;16;V;16;V;13;V
28;079;50;8;28079050_8_8;2026;05;04;10;V;10;V;8;V;6;V;7;V;10;V;22;V;27;V;33;V;35;V;26;V;16;V;15;V;13;V;13;V;14;V;11;V;14;V;16;V;13;V;19;V;24;V;18;V;15;V
28;079;50;8;28079050_8_8;2026;05;05;9;V;5;V;4;V;3;V;5;V;7;V;23;V;40;V;38;V;43;V;29;V;16;V;16;V;15;V;15;V;16;V;17;V;15;V;17;V;20;V;17;V;19;V;19;V;20;V
28;079;50;8;28079050_8_8;2026;05;06;14;V;7;V;9;V;12;V;13;V;16;V;22;V;39;V;26;V;15;V;11;V;13;V;12;V;16;V;20;V;19;V;10;V;11;V;12;V;12;V;14;V;33;V;54;V;48;V
28;079;50;8;28079050_8_8;2026;05;07;34;V;12;V;5;V;6;V;6;V;6;V;13;V;23;V;25;V;0;N;0;N;0;N;0;N;0;N;0;N;0;N;0;N;0;N;0;N;0;N;0;N;0;N;0;N;0;N
28;079;50;9;28079050_9_47;2026;04;07;7;V;7;V;10;V;3;V;8;V;7;V;4;V;1;V;6;V;10;V;12;V;13;V;3;V;7;V;11;V;17;V;14;V;12;V;12;V;4;V;20;V;30;V;23;V;21;V
28;079;50;9;28079050_9_47;2026;04;08;24;V;21;V;13;V;21;V;13;V;2;V;4;V;11;V;9;V;2;V;9;V;4;V;13;V;20;V;17;V;16;V;17;V;19;V;11;V;3;V;2;V;1;V;6;V;6;V
28;079;50;9;28079050_9_47;2026;04;09;6;V;3;V;4;V;4;V;3;V;3;V;5;V;6;V;8;V;2;V;9;V;13;V;10;V;0;V;0;V;2;V;12;V;13;V;13;V;14;V;13;V;13;V;11;V;12;V
28;079;50;9;28079050_9_47;2026;04;10;14;V;17;V;22;V;21;V;18;V;16;V;16;V;19;V;19;V;21;V;20;V;18;V;18;V;18;V;18;V;19;V;19;V;22;V;25;V;25;V;26;V;26;V;26;V;30;V
28;079;50;9;28079050_9_47;2026;04;11;27;V;24;V;20;V;20;V;23;V;22;V;17;V;19;V;20;V;23;V;21;V;19;V;20;V;19;V;25;V;27;V;27;V;28;V;32;V;36;V;32;V;31;V;25;V;16;V
28;079;50;9;28079050_9_47;2026;04;12;15;V;15;V;15;V;16;V;13;V;11;V;10;V;7;V;7;V;7;V;6;V;6;V;6;V;5;V;3;V;6;V;6;V;8;V;7;V;4;V;5;V;5;V;5;V;2;V
28;079;50;9;28079050_9_47;2026;04;13;2;V;1;V;2;V;1;V;3;V;2;V;3;V;4;V;2;V;3;V;3;V;3;V;3;V;0;V;1;V;2;V;7;V;5;V;5;V;5;V;6;V;2;V;4;V;5;V
28;079;50;9;28079050_9_47;2026;04;14;4;V;2;V;3;V;4;V;5;V;6;V;7;V;7;V;8;V;7;V;7;V;5;V;4;V;4;V;5;V;6;V;3;V;2;V;6;V;7;V;4;V;3;V;7;V;4;V
28;079;50;9;28079050_9_47;2026;04;15;5;V;3;V;3;V;2;V;5;V;5;V;4;V;4;V;7;V;12;V;11;V;11;V;8;V;13;V;8;V;5;V;2;V;2;V;5;V;4;V;6;V;7;V;7;V;7;V
28;079;50;9;28079050_9_47;2026;04;16;11;V;9;V;10;V;7;V;7;V;2;V;6;V;5;V;8;V;8;V;0;N;5;V;3;V;10;V;9;V;10;V;8;V;9;V;2;V;6;V;4;V;8;V;11;V;9;V
28;079;50;9;28079050_9_47;2026;04;17;8;V;7;V;8;V;6;V;5;V;5;V;5;V;4;V;7;V;8;V;4;V;8;V;12;V;11;V;10;V;11;V;7;V;6;V;6;V;4;V;12;V;11;V;11;V;13;V
28;079;50;9;28079050_9_47;2026;04;18;13;V;11;V;13;V;13;V;9;V;9;V;9;V;11;V;13;V;8;V;6;V;8;V;11;V;13;V;8;V;4;V;6;V;12;V;7;V;6;V;8;V;13;V;15;V;10;V
28;079;50;9;28079050_9_47;2026;04;19;6;V;7;V;6;V;5;V;4;V;4;V;3;V;7;V;7;V;7;V;8;V;8;V;14;V;8;V;9;V;7;V;7;V;5;V;3;V;6;V;7;V;10;V;11;V;16;V
28;079;50;9;28079050_9_47;2026;04;20;14;V;11;V;10;V;14;V;12;V;10;V;10;V;13;V;12;V;12;V;14;V;9;V;6;V;13;V;13;V;11;V;11;V;8;V;12;V;15;V;12;V;13;V;17;V;16;V
28;079;50;9;28079050_9_47;2026;04;21;15;V;14;V;13;V;12;V;12;V;11;V;12;V;13;V;13;V;12;V;12;V;13;V;11;V;18;V;20;V;16;V;12;V;12;V;14;V;33;V;36;V;26;V;22;V;17;V
28;079;50;9;28079050_9_47;2026;04;22;17;V;19;V;21;V;17;V;19;V;17;V;18;V;20;V;21;V;22;V;26;V;32;V;30;V;20;V;23;V;21;V;17;V;20;V;20;V;21;V;14;V;18;V;19;V;16;V
28;079;50;9;28079050_9_47;2026;04;23;14;V;16;V;19;V;16;V;14;V;7;V;12;V;15;V;17;V;18;V;17;V;16;V;17;V;22;V;20;V;14;V;14;V;15;V;14;V;9;V;15;V;11;V;13;V;17;V
28;079;50;9;28079050_9_47;2026;04;24;11;V;9;V;11;V;6;V;7;V;2;V;5;V;13;V;14;V;12;V;15;V;12;V;12;V;16;V;13;V;10;V;20;V;23;V;17;V;16;V;13;V;13;V;16;V;16;V
28;079;50;9;28079050_9_47;2026;04;25;15;V;11;V;10;V;12;V;8;V;7;V;8;V;12;V;10;V;12;V;10;V;9;V;11;V;14;V;13;V;15;V;12;V;9;V;15;V;10;V;10;V;10;V;10;V;9;V
28;079;50;9;28079050_9_47;2026;04;26;6;V;5;V;6;V;5;V;4;V;6;V;5;V;6;V;6;V;4;V;5;V;11;V;10;V;7;V;12;V;8;V;9;V;12;V;11;V;6;V;8;V;14;V;11;V;11;V
28;079;50;9;28079050_9_47;2026;04;27;6;V;11;V;10;V;9;V;1;V;2;V;7;V;8;V;11;V;10;V;12;V;6;V;6;V;13;V;8;V;11;V;10;V;11;V;8;V;13;V;6;V;8;V;8;V;10;V
28;079;50;9;28079050_9_47;2026;04;28;6;V;8;V;7;V;7;V;6;V;4;V;7;V;8;V;10;V;8;V;0;V;4;V;2;V;6;V;10;V;9;V;4;V;6;V;8;V;13;V;12;V;9;V;12;V;7;V
28;079;50;9;28079050_9_47;2026;04;29;9;V;10;V;10;V;9;V;11;V;10;V;11;V;10;V;12;V;11;V;12;V;12;V;12;V;12;V;18;V;13;V;8;V;10;V;7;V;6;V;8;V;8;V;2;V;7;V
28;079;50;9;28079050_9_47;2026;04;30;9;V;10;V;8;V;4;V;6;V;3;V;5;V;6;V;6;V;8;V;9;V;2;V;4;V;10;V;12;V;8;V;6;V;8;V;10;V;9;V;6;V;8;V;8;V;9;V
28;079;50;9;28079050_9_47;2026;05;01;8;V;15;V;12;V;9;V;6;V;8;V;6;V;8;V;9;V;8;V;7;V;8;V;9;V;11;V;16;V;9;V;0;N;11;V;8;V;5;V;7;V;8;V;8;V;0;N
28;079;50;9;28079050_9_47;2026;05;02;11;V;11;V;9;V;12;V;11;V;13;V;8;V;15;V;17;V;20;V;24;V;29;V;25;V;23;V;23;V;0;N;27;V;20;V;10;V;2;V;1;V;5;V;8;V;12;V
28;079;50;9;28079050_9_47;2026;05;03;9;V;11;V;19;V;17;V;18;V;16;V;14;V;17;V;13;V;11;V;5;V;4;V;5;V;0;V;0;V;7;V;1;V;2;V;4;V;5;V;4;V;5;V;6;V;5;V
28;079;50;9;28079050_9_47;2026;05;04;3;V;6;V;5;V;3;V;6;V;4;V;3;V;5;V;6;V;9;V;4;V;5;V;6;V;9;V;11;V;5;V;1;V;6;V;6;V;5;V;3;V;4;V;5;V;4;V
28;079;50;9;28079050_9_47;2026;05;05;4;V;4;V;3;V;5;V;2;V;3;V;3;V;4;V;6;V;8;V;2;V;6;V;4;V;0;V;7;V;7;V;1;V;3;V;5;V;1;V;2;V;0;V;2;V;5;V
28;079;50;9;28079050_9_47;2026;05;06;4;V;1;V;2;V;2;V;6;V;4;V;4;V;4;V;4;V;4;V;4;V;3;V;8;V;4;V;3;V;2;V;4;V;4;V;5;V;5;V;4;V;9;V;6;V;3;V
28;079;50;9;28079050_9_47;2026;05;07;10;V;2;V;3;V;4;V;3;V;3;V;3;V;5;V;6;V;0;N;0;N;0;N;0;N;0;N;0;N;0;N;0;N;0;N;0;N;0;N;0;N;0;N;0;N;0;N
28;079;54;10;28079054_10_A;2026;04;07;13;V;11;V;9;V;8;V;11;V;9;V;12;V;13;V;0;N;0;N;18;V;21;V;18;V;30;V;29;V;24;V;24;V;25;V;33;V;42;V;49;V;37;V;41;V;42;V
28;079;54;10;28079054_10_A;2026;04;08;45;V;40;V;56;V;45;V;30;V;16;V;7;V;7;V;11;V;20;V;17;V;17;V;12;V;12;V;9;V;10;V;10;V;7;V;3;V;6;V;3;V;1;V;4;V;4;V
28;079;54;10;28079054_10_A;2026;04;09;5;V;6;V;20;V;0;N;8;V;6;V;6;V;10;V;17;V;21;V;24;V;29;V;29;V;31;V;28;V;28;V;44;V;59;V;52;V;51;V;0;N;0;N;0;N;0;N
28;079;54;10;28079054_10_A;2026;04;10;35;V;40;V;50;V;57;V;50;V;40;V;40;V;40;V;71;V;51;V;55;V;56;V;59;V;53;V;48;V;52;V;61;V;63;V;61;V;66;V;67;V;68;V;65;V;63;V
28;079;54;10;28079054_10_A;2026;04;11;55;V;49;V;50;V;56;V;60;V;58;V;0;N;0;N;54;V;0;N;65;V;0;N;0;N;0;N;0;N;61;V;0;N;73;V;85;V;96;V;91;V;66;V;51;V;40;V
28;079;54;10;28079054_10_A;2026;04;12;32;V;26;V;25;V;22;V;16;V;14;V;14;V;14;V;14;V;10;V;9;V;12;V;14;V;12;V;9;V;8;V;7;V;8;V;8;V;7;V;9;V;7;V;7;V;4;V
28;079;54;10;28079054_10_A;2026;04;13;5;V;4;V;4;V;3;V;4;V;4;V;2;V;8;V;11;V;8;V;16;V;12;V;5;V;7;V;5;V;5;V;10;V;8;V;4;V;6;V;4;V;6;V;12;V;11;V
28;079;54;10;28079054_10_A;2026;04;14;5;V;4;V;3;V;7;V;5;V;8;V;8;V;18;V;37;V;41;V;17;V;13;V;10;V;12;V;12;V;5;V;5;V;7;V;4;V;3;V;4;V;5;V;7;V;8;V
28;079;54;10;28079054_10_A;2026;04;15;12;V;26;V;28;V;17;V;0;N;0;N;0;N;0;N;22;V;67;V;55;V;31;V;28;V;15;V;12;V;8;V;4;V;4;V;8;V;8;V;9;V;6;V;7;V;8;V
28;079;54;10;28079054_10_A;2026;04;16;14;V;26;V;21;V;30;V;18;V;18;V;16;V;10;V;17;V;22;V;25;V;31;V;24;V;25;V;17;V;17;V;14;V;10;V;5;V;5;V;6;V;9;V;8;V;13;V
28;079;54;10;28079054_10_A;2026;04;17;17;V;15;V;0;N;0;N;0;N;15;V;17;V;16;V;26;V;28;V;50;V;47;V;28;V;38;V;25;V;16;V;16;V;14;V;12;V;9;V;8;V;10;V;17;V;25;V
28;079;54;10;28079054_10_A;2026;04;18;30;V;29;V;0;N;0;N;0;N;28;V;24;V;18;V;28;V;20;V;19;V;24;V;19;V;21;V;21;V;15;V;14;V;17;V;12;V;12;V;11;V;12;V;16;V;17;V
28;079;54;10;28079054_10_A;2026;04;19;11;V;6;V;8;V;11;V;12;V;10;V;9;V;11;V;7;V;12;V;16;V;16;V;16;V;16;V;15;V;16;V;16;V;13;V;10;V;12;V;13;V;15;V;17;V;19;V
28;079;54;10;28079054_10_A;2026;04;20;22;V;23;V;26;V;25;V;24;V;23;V;21;V;22;V;23;V;29;V;45;V;31;V;30;V;37;V;23;V;24;V;24;V;27;V;28;V;25;V;24;V;25;V;29;V;28;V
28;079;54;10;28079054_10_A;2026;04;21;31;V;31;V;39;V;45;V;50;V;35;V;40;V;52;V;29;V;31;V;34;V;31;V;30;V;32;V;33;V;23;V;24;V;29;V;80;V;72;V;40;V;40;V;35;V;40;V
28;079;54;10;28079054_10_A;2026;04;22;53;V;48;V;55;V;42;V;37;V;39;V;39;V;40;V;55;V;63;V;57;V;53;V;50;V;50;V;53;V;49;V;41;V;41;V;36;V;34;V;33;V;35;V;33;V;32;V
28;079;54;10;28079054_10_A;2026;04;23;42;V;54;V;35;V;33;V;32;V;29;V;33;V;40;V;53;V;56;V;53;V;35;V;33;V;34;V;27;V;22;V;22;V;28;V;31;V;29;V;32;V;38;V;34;V;33;V
28;079;54;10;28079054_10_A;2026;04;24;31;V;17;V;15;V;13;V;10;V;17;V;17;V;14;V;16;V;27;V;19;V;17;V;16;V;20;V;26;V;23;V;21;V;25;V;26;V;25;V;27;V;29;V;36;V;33;V
28;079;54;10;28079054_10_A;2026;04;25;21;V;22;V;21;V;15;V;18;V;16;V;15;V;15;V;20;V;22;V;20;V;16;V;19;V;14;V;13;V;20;V;20;V;19;V;17;V;19;V;16;V;17;V;15;V;13;V
28;079;54;10;28079054_10_A;2026;04;26;11;V;8;V;8;V;9;V;9;V;9;V;7;V;9;V;8;V;11;V;11;V;14;V;18;V;16;V;20;V;18;V;19;V;22;V;20;V;20;V;22;V;22;V;21;V;19;V
28;079;54;10;28079054_10_A;2026;04;27;22;V;14;V;14;V;21;V;20;V;23;V;26;V;29;V;23;V;40;V;39;V;22;V;18;V;18;V;21;V;18;V;19;V;17;V;13;V;10;V;11;V;18;V;14;V;19;V
28;079;54;10;28079054_10_A;2026;04;28;13;V;10;V;13;V;12;V;16;V;16;V;17;V;14;V;26;V;39;V;30;V;15;V;15;V;18;V;19;V;18;V;17;V;18;V;20;V;20;V;24;V;23;V;15;V;14;V
28;079;54;10;28079054_10_A;2026;04;29;15;V;14;V;16;V;19;V;22;V;17;V;15;V;20;V;21;V;12;V;15;V;17;V;14;V;17;V;15;V;17;V;27;V;29;V;26;V;20;V;16;V;11;V;7;V;7;V
28;079;54;10;28079054_10_A;2026;04;30;8;V;14;V;9;V;6;V;9;V;9;V;7;V;13;V;18;V;16;V;16;V;21;V;15;V;17;V;15;V;15;V;15;V;15;V;13;V;13;V;16;V;16;V;16;V;17;V
28;079;54;10;28079054_10_A;2026;05;01;21;V;22;V;16;V;13;V;11;V;14;V;14;V;16;V;14;V;17;V;16;V;16;V;17;V;13;V;10;V;14;V;14;V;13;V;11;V;14;V;13;V;17;V;15;V;0;N
28;079;54;10;28079054_10_A;2026;05;02;9;V;0;N;13;V;13;V;13;V;13;V;16;V;16;V;15;V;15;V;15;V;14;V;15;V;17;V;17;V;15;V;18;V;17;V;12;V;10;V;13;V;11;V;12;V;12;V
28;079;54;10;28079054_10_A;2026;05;03;14;V;16;V;12;V;16;V;16;V;14;V;15;V;16;V;15;V;12;V;14;V;20;V;17;V;10;V;11;V;8;V;12;V;6;V;8;V;8;V;8;V;9;V;7;V;7;V
28;079;54;10;28079054_10_A;2026;05;04;6;V;5;V;7;V;7;V;9;V;7;V;7;V;10;V;13;V;14;V;14;V;12;V;10;V;9;V;9;V;10;V;9;V;7;V;10;V;7;V;7;V;3;V;3;V;5;V
28;079;54;10;28079054_10_A;2026;05;05;5;V;8;V;5;V;5;V;5;V;5;V;5;V;7;V;7;V;10;V;16;V;11;V;7;V;9;V;7;V;7;V;8;V;4;V;10;V;8;V;5;V;3;V;5;V;6;V
28;079;54;10;28079054_10_A;2026;05;06;5;V;4;V;3;V;7;V;23;V;21;V;16;V;10;V;17;V;19;V;12;V;14;V;8;V;7;V;9;V;11;V;10;V;12;V;12;V;14;V;15;V;17;V;16;V;30;V
28;079;54;10;28079054_10_A;2026;05;07;35;V;13;V;9;V;8;V;8;V;8;V;7;V;6;V;14;V;0;N;0;N;0;N;0;N;0;N;0;N;0;N;0;N;0;N;0;N;0;N;0;N;0;N;0;N;0;N
28;079;54;12;28079054_12_8;2026;04;07;7;V;9;V;6;V;8;V;8;V;14;V;25;V;52;V;0;N;0;N;0;N;26;V;28;V;28;V;23;V;15;V;8;V;8;V;23;V;20;V;15;V;28;V;32;V;34;V
28;079;54;12;28079054_12_8;2026;04;08;33;V;31;V;45;V;20;V;6;V;5;V;10;V;33;V;86;V;116;V;60;V;24;V;28;V;20;V;12;V;10;V;6;V;7;V;12;V;11;V;11;V;12;V;16;V;19;V
28;079;54;12;28079054_12_8;2026;04;09;26;V;20;V;15;V;18;V;17;V;17;V;24;V;47;V;62;V;75;V;60;V;58;V;38;V;20;V;18;V;18;V;21;V;31;V;34;V;49;V;137;V;171;V;153;V;71;V
28;079;54;12;28079054_12_8;2026;04;10;30;V;19;V;8;V;7;V;8;V;12;V;22;V;81;V;98;V;90;V;61;V;62;V;32;V;22;V;15;V;13;V;13;V;13;V;15;V;25;V;40;V;39;V;51;V;88;V
28;079;54;12;28079054_12_8;2026;04;11;38;V;18;V;24;V;26;V;23;V;25;V;34;V;32;V;0;N;0;N;0;N;0;N;0;N;0;N;12;V;14;V;23;V;9;V;10;V;24;V;27;V;18;V;6;V;5;V
28;079;54;12;28079054_12_8;2026;04;12;9;V;5;V;3;V;2;V;3;V;2;V;4;V;8;V;9;V;10;V;10;V;15;V;12;V;12;V;9;V;7;V;10;V;10;V;16;V;17;V;21;V;12;V;15;V;11;V
28;079;54;12;28079054_12_8;2026;04;13;6;V;9;V;5;V;6;V;4;V;4;V;16;V;54;V;60;V;62;V;54;V;16;V;7;V;7;V;7;V;6;V;7;V;8;V;11;V;17;V;22;V;76;V;84;V;13;V
28;079;54;12;28079054_12_8;2026;04;14;7;V;3;V;4;V;4;V;8;V;19;V;69;V;149;V;195;V;108;V;27;V;22;V;23;V;25;V;13;V;11;V;9;V;12;V;19;V;15;V;18;V;22;V;21;V;21;V
28;079;54;12;28079054_12_8;2026;04;15;47;V;40;V;48;V;45;V;38;V;50;V;61;V;71;V;112;V;115;V;74;V;53;V;19;V;22;V;7;V;7;V;8;V;8;V;9;V;10;V;15;V;18;V;21;V;33;V
28;079;54;12;28079054_12_8;2026;04;16;62;V;59;V;37;V;35;V;36;V;40;V;46;V;60;V;100;V;98;V;61;V;41;V;32;V;16;V;15;V;11;V;9;V;7;V;10;V;13;V;17;V;30;V;82;V;92;V
28;079;54;12;28079054_12_8;2026;04;17;79;V;64;V;66;V;60;V;47;V;24;V;33;V;62;V;88;V;99;V;77;V;50;V;42;V;21;V;13;V;12;V;11;V;9;V;13;V;11;V;21;V;47;V;123;V;137;V
28;079;54;12;28079054_12_8;2026;04;18;134;V;101;V;85;V;71;V;64;V;43;V;34;V;37;V;48;V;31;V;33;V;28;V;26;V;15;V;5;V;5;V;4;V;5;V;5;V;8;V;13;V;23;V;75;V;35;V
28;079;54;12;28079054_12_8;2026;04;19;21;V;28;V;23;V;13;V;11;V;12;V;9;V;15;V;23;V;18;V;16;V;11;V;9;V;7;V;5;V;4;V;4;V;5;V;4;V;5;V;9;V;18;V;30;V;48;V
28;079;54;12;28079054_12_8;2026;04;20;69;V;56;V;48;V;29;V;16;V;18;V;39;V;55;V;98;V;97;V;49;V;32;V;27;V;17;V;7;V;7;V;9;V;10;V;14;V;14;V;15;V;30;V;35;V;55;V
28;079;54;12;28079054_12_8;2026;04;21;57;V;66;V;79;V;49;V;44;V;36;V;52;V;62;V;78;V;72;V;50;V;33;V;28;V;0;N;0;N;9;V;12;V;17;V;13;V;31;V;55;V;66;V;47;V;32;V
28;079;54;12;28079054_12_8;2026;04;22;32;V;40;V;28;V;17;V;28;V;12;V;20;V;32;V;68;V;45;V;22;V;11;V;8;V;8;V;7;V;7;V;7;V;9;V;10;V;10;V;13;V;23;V;30;V;74;V
28;079;54;12;28079054_12_8;2026;04;23;64;V;78;V;79;V;17;V;9;V;16;V;33;V;88;V;104;V;98;V;43;V;22;V;18;V;14;V;15;V;13;V;12;V;17;V;16;V;25;V;20;V;9;V;7;V;4;V
28;079;54;12;28079054_12_8;2026;04;24;4;V;3;V;4;V;4;V;6;V;8;V;16;V;43;V;78;V;49;V;18;V;15;V;11;V;14;V;15;V;12;V;13;V;15;V;19;V;22;V;41;V;50;V;55;V;19;V
28;079;54;12;28079054_12_8;2026;04;25;19;V;18;V;8;V;8;V;7;V;7;V;7;V;12;V;14;V;16;V;14;V;16;V;13;V;10;V;8;V;5;V;4;V;4;V;6;V;6;V;14;V;16;V;17;V;11;V
28;079;54;12;28079054_12_8;2026;04;26;9;V;5;V;6;V;8;V;6;V;6;V;7;V;10;V;26;V;16;V;11;V;9;V;7;V;6;V;4;V;5;V;3;V;3;V;2;V;4;V;12;V;27;V;21;V;21;V
28;079;54;12;28079054_12_8;2026;04;27;14;V;7;V;7;V;10;V;12;V;17;V;37;V;78;V;84;V;101;V;40;V;25;V;15;V;14;V;15;V;13;V;11;V;15;V;17;V;22;V;30;V;35;V;23;V;10;V
28;079;54;12;28079054_12_8;2026;04;28;3;V;3;V;4;V;9;V;8;V;19;V;30;V;77;V;109;V;75;V;28;V;18;V;10;V;11;V;11;V;11;V;9;V;13;V;10;V;15;V;11;V;11;V;11;V;7;V
28;079;54;12;28079054_12_8;2026;04;29;16;V;8;V;5;V;9;V;6;V;7;V;18;V;33;V;43;V;33;V;25;V;13;V;11;V;9;V;8;V;8;V;8;V;12;V;9;V;7;V;9;V;9;V;10;V;11;V
28;079;54;12;28079054_12_8;2026;04;30;9;V;7;V;6;V;7;V;10;V;12;V;29;V;58;V;53;V;30;V;25;V;20;V;12;V;9;V;7;V;10;V;6;V;7;V;11;V;11;V;13;V;32;V;51;V;71;V
28;079;54;12;28079054_12_8;2026;05;01;65;V;46;V;19;V;9;V;14;V;18;V;21;V;28;V;34;V;42;V;22;V;14;V;9;V;5;V;4;V;4;V;3;V;3;V;5;V;5;V;12;V;15;V;16;V;6;V
28;079;54;12;28079054_12_8;2026;05;02;4;V;4;V;5;V;8;V;10;V;6;V;6;V;14;V;22;V;23;V;31;V;28;V;13;V;8;V;7;V;11;V;5;V;4;V;6;V;11;V;12;V;13;V;22;V;27;V
28;079;54;12;28079054_12_8;2026;05;03;28;V;11;V;16;V;24;V;13;V;17;V;19;V;21;V;14;V;10;V;7;V;4;V;5;V;5;V;4;V;3;V;3;V;3;V;4;V;5;V;6;V;7;V;12;V;14;V
28;079;54;12;28079054_12_8;2026;05;04;13;V;11;V;10;V;9;V;9;V;13;V;36;V;75;V;79;V;63;V;50;V;30;V;8;V;7;V;5;V;6;V;6;V;7;V;6;V;6;V;8;V;9;V;9;V;12;V
28;079;54;12;28079054_12_8;2026;05;05;13;V;5;V;4;V;4;V;4;V;7;V;14;V;31;V;37;V;50;V;37;V;0;N;0;N;0;N;4;V;3;V;4;V;4;V;6;V;6;V;7;V;11;V;12;V;11;V
28;079;54;12;28079054_12_8;2026;05;06;14;V;15;V;10;V;13;V;20;V;25;V;30;V;58;V;77;V;50;V;32;V;18;V;10;V;8;V;8;V;8;V;13;V;14;V;20;V;19;V;26;V;53;V;68;V;60;V
28;079;54;12;28079054_12_8;2026;05;07;47;V;71;V;17;V;13;V;12;V;15;V;19;V;49;V;71;V;0;N;0;N;0;N;0;N;0;N;0;N;0;N;0;N;0;N;0;N;0;N;0;N;0;N;0;N;0;N
28;079;54;14;28079054_14_6;2026;04;07;87;V;84;V;82;V;76;V;71;V;63;V;60;V;41;V;0;N;0;N;0;N;72;V;79;V;75;V;79;V;94;V;103;V;101;V;91;V;73;V;66;V;52;V;40;V;36;V
28;079;54;14;28079054_14_6;2026;04;08;28;V;34;V;16;V;35;V;62;V;75;V;72;V;52;V;24;V;11;V;43;V;68;V;71;V;80;V;86;V;89;V;94;V;94;V;89;V;87;V;90;V;87;V;82;V;76;V
28;079;54;14;28079054_14_6;2026;04;09;61;V;60;V;65;V;55;V;54;V;60;V;50;V;29;V;25;V;26;V;34;V;44;V;62;V;88;V;97;V;101;V;94;V;85;V;81;V;67;V;14;V;3;V;4;V;23;V
28;079;54;14;28079054_14_6;2026;04;10;53;V;61;V;72;V;73;V;77;V;77;V;68;V;28;V;20;V;27;V;49;V;57;V;78;V;91;V;100;V;97;V;95;V;91;V;92;V;78;V;66;V;66;V;53;V;22;V
28;079;54;14;28079054_14_6;2026;04;11;60;V;77;V;62;V;52;V;61;V;54;V;41;V;42;V;0;N;0;N;0;N;0;N;0;N;0;N;85;V;84;V;81;V;93;V;88;V;74;V;64;V;66;V;76;V;72;V
28;079;54;14;28079054_14_6;2026;04;12;62;V;68;V;68;V;66;V;64;V;66;V;67;V;66;V;64;V;63;V;60;V;58;V;65;V;75;V;70;V;79;V;82;V;79;V;72;V;77;V;73;V;82;V;75;V;77;V
28;079;54;14;28079054_14_6;2026;04;13;82;V;76;V;78;V;74;V;73;V;75;V;68;V;35;V;40;V;45;V;53;V;82;V;89;V;92;V;94;V;97;V;99;V;99;V;96;V;91;V;84;V;33;V;19;V;78;V
28;079;54;14;28079054_14_6;2026;04;14;80;V;86;V;83;V;82;V;75;V;58;V;29;V;3;V;8;V;33;V;70;V;72;V;78;V;80;V;88;V;91;V;94;V;94;V;92;V;93;V;82;V;65;V;65;V;62;V
28;079;54;14;28079054_14_6;2026;04;15;34;V;29;V;18;V;14;V;16;V;9;V;10;V;5;V;8;V;14;V;27;V;44;V;71;V;82;V;97;V;99;V;101;V;97;V;91;V;86;V;73;V;65;V;57;V;42;V
28;079;54;14;28079054_14_6;2026;04;16;16;V;10;V;21;V;25;V;26;V;23;V;25;V;19;V;15;V;24;V;44;V;60;V;68;V;85;V;92;V;108;V;111;V;107;V;98;V;92;V;83;V;62;V;21;V;9;V
28;079;54;14;28079054_14_6;2026;04;17;10;V;12;V;7;V;9;V;20;V;36;V;33;V;21;V;19;V;22;V;34;V;50;V;62;V;83;V;95;V;107;V;114;V;111;V;105;V;101;V;81;V;50;V;7;V;4;V
28;079;54;14;28079054_14_6;2026;04;18;3;V;6;V;5;V;7;V;6;V;24;V;30;V;28;V;31;V;53;V;67;V;83;V;94;V;111;V;112;V;118;V;118;V;123;V;118;V;115;V;105;V;88;V;33;V;64;V
28;079;54;14;28079054_14_6;2026;04;19;78;V;67;V;62;V;65;V;64;V;62;V;67;V;61;V;54;V;61;V;75;V;93;V;105;V;116;V;119;V;121;V;124;V;121;V;120;V;117;V;109;V;93;V;76;V;51;V
28;079;54;14;28079054_14_6;2026;04;20;29;V;36;V;34;V;44;V;65;V;56;V;32;V;23;V;21;V;28;V;58;V;79;V;90;V;106;V;119;V;120;V;118;V;118;V;110;V;109;V;102;V;79;V;64;V;35;V
28;079;54;14;28079054_14_6;2026;04;21;25;V;14;V;11;V;25;V;28;V;34;V;24;V;22;V;28;V;38;V;61;V;81;V;92;V;0;N;0;N;119;V;118;V;110;V;96;V;73;V;47;V;34;V;42;V;49;V
28;079;54;14;28079054_14_6;2026;04;22;44;V;26;V;37;V;55;V;46;V;73;V;69;V;59;V;36;V;53;V;71;V;79;V;85;V;91;V;94;V;96;V;100;V;102;V;101;V;98;V;89;V;73;V;59;V;19;V
28;079;54;14;28079054_14_6;2026;04;23;17;V;9;V;17;V;58;V;64;V;53;V;41;V;12;V;19;V;30;V;64;V;83;V;93;V;103;V;107;V;109;V;108;V;103;V;101;V;90;V;87;V;92;V;97;V;102;V
28;079;54;14;28079054_14_6;2026;04;24;102;V;98;V;94;V;96;V;85;V;78;V;69;V;48;V;30;V;51;V;78;V;78;V;79;V;81;V;88;V;96;V;102;V;107;V;107;V;107;V;86;V;65;V;51;V;67;V
28;079;54;14;28079054_14_6;2026;04;25;63;V;58;V;69;V;69;V;65;V;64;V;67;V;61;V;65;V;69;V;77;V;79;V;89;V;97;V;100;V;101;V;102;V;102;V;101;V;99;V;87;V;72;V;77;V;79;V
28;079;54;14;28079054_14_6;2026;04;26;75;V;75;V;74;V;70;V;68;V;61;V;58;V;56;V;44;V;55;V;65;V;73;V;85;V;96;V;102;V;103;V;107;V;110;V;111;V;111;V;98;V;68;V;67;V;60;V
28;079;54;14;28079054_14_6;2026;04;27;71;V;96;V;92;V;83;V;73;V;49;V;29;V;10;V;18;V;23;V;66;V;90;V;105;V;110;V;111;V;112;V;117;V;112;V;109;V;103;V;91;V;82;V;82;V;88;V
28;079;54;14;28079054_14_6;2026;04;28;98;V;105;V;103;V;99;V;100;V;84;V;59;V;25;V;23;V;52;V;92;V;103;V;111;V;112;V;116;V;115;V;116;V;112;V;110;V;105;V;92;V;89;V;88;V;89;V
28;079;54;14;28079054_14_6;2026;04;29;74;V;75;V;79;V;74;V;74;V;69;V;61;V;50;V;44;V;44;V;55;V;70;V;76;V;87;V;96;V;98;V;95;V;91;V;94;V;93;V;89;V;84;V;80;V;74;V
28;079;54;14;28079054_14_6;2026;04;30;77;V;76;V;73;V;63;V;52;V;57;V;41;V;22;V;33;V;57;V;64;V;82;V;98;V;105;V;114;V;116;V;122;V;125;V;125;V;122;V;117;V;86;V;57;V;31;V
28;079;54;14;28079054_14_6;2026;05;01;41;V;54;V;74;V;76;V;62;V;47;V;43;V;40;V;45;V;45;V;58;V;80;V;100;V;113;V;117;V;127;V;124;V;121;V;117;V;118;V;107;V;97;V;83;V;84;V
28;079;54;14;28079054_14_6;2026;05;02;84;V;81;V;82;V;78;V;73;V;75;V;73;V;67;V;60;V;58;V;55;V;56;V;64;V;74;V;79;V;74;V;87;V;92;V;92;V;85;V;85;V;81;V;67;V;55;V
28;079;54;14;28079054_14_6;2026;05;03;47;V;72;V;55;V;40;V;48;V;38;V;28;V;25;V;43;V;44;V;50;V;74;V;82;V;85;V;84;V;85;V;88;V;91;V;89;V;87;V;83;V;79;V;79;V;76;V
28;079;54;14;28079054_14_6;2026;05;04;69;V;67;V;61;V;65;V;63;V;54;V;32;V;10;V;16;V;24;V;35;V;59;V;91;V;95;V;98;V;96;V;99;V;105;V;99;V;91;V;85;V;85;V;84;V;79;V
28;079;54;14;28079054_14_6;2026;05;05;76;V;89;V;90;V;88;V;86;V;79;V;70;V;52;V;54;V;52;V;63;V;0;N;88;V;97;V;104;V;104;V;106;V;107;V;104;V;102;V;100;V;97;V;92;V;87;V
28;079;54;14;28079054_14_6;2026;05;06;77;V;74;V;72;V;67;V;51;V;42;V;38;V;31;V;33;V;48;V;65;V;84;V;97;V;103;V;108;V;113;V;114;V;117;V;115;V;115;V;107;V;75;V;54;V;55;V
28;079;54;14;28079054_14_6;2026;05;07;57;V;25;V;62;V;65;V;67;V;60;V;57;V;39;V;33;V;0;N;0;N;0;N;0;N;0;N;0;N;0;N;0;N;0;N;0;N;0;N;0;N;0;N;0;N;0;N
28;079;54;7;28079054_7_8;2026;04;07;0;V;0;V;0;V;0;V;0;V;0;V;1;V;5;V;0;N;0;N;0;N;3;V;5;V;3;V;2;V;2;V;0;V;0;V;3;V;1;V;0;V;0;V;1;V;1;V
28;079;54;7;28079054_7_8;2026;04;08;0;V;0;V;2;V;0;V;0;V;0;V;0;V;3;V;18;V;29;V;13;V;3;V;4;V;3;V;2;V;1;V;1;V;1;V;2;V;1;V;1;V;0;V;1;V;0;V
28;079;54;7;28079054_7_8;2026;04;09;0;V;0;V;0;V;0;V;0;V;0;V;1;V;7;V;15;V;21;V;14;V;14;V;8;V;4;V;4;V;4;V;5;V;7;V;7;V;8;V;38;V;55;V;44;V;4;V
28;079;54;7;28079054_7_8;2026;04;10;1;V;0;V;0;V;0;V;0;V;0;V;1;V;12;V;19;V;20;V;13;V;14;V;7;V;4;V;4;V;3;V;3;V;2;V;3;V;4;V;5;V;4;V;5;V;11;V
28;079;54;7;28079054_7_8;2026;04;11;3;V;1;V;1;V;1;V;1;V;1;V;1;V;1;V;0;N;0;N;0;N;0;N;0;N;0;N;0;V;0;V;2;V;0;V;0;V;2;V;2;V;1;V;0;V;0;V
28;079;54;7;28079054_7_8;2026;04;12;0;V;0;V;0;V;0;V;0;V;0;V;0;V;0;V;1;V;1;V;2;V;3;V;3;V;3;V;2;V;1;V;2;V;1;V;3;V;2;V;3;V;1;V;2;V;1;V
28;079;54;7;28079054_7_8;2026;04;13;1;V;1;V;1;V;1;V;0;V;0;V;2;V;7;V;12;V;15;V;13;V;4;V;2;V;2;V;2;V;1;V;2;V;1;V;2;V;2;V;1;V;9;V;7;V;0;V
28;079;54;7;28079054_7_8;2026;04;14;0;V;0;V;0;V;0;V;0;V;0;V;14;V;46;V;77;V;35;V;5;V;4;V;5;V;5;V;2;V;3;V;2;V;3;V;4;V;3;V;2;V;1;V;1;V;1;V
28;079;54;7;28079054_7_8;2026;04;15;2;V;1;V;1;V;0;V;1;V;3;V;8;V;13;V;41;V;46;V;25;V;16;V;4;V;4;V;1;V;1;V;1;V;1;V;1;V;1;V;1;V;0;V;0;V;1;V
28;079;54;7;28079054_7_8;2026;04;16;8;V;5;V;0;V;0;V;1;V;1;V;3;V;10;V;30;V;30;V;16;V;9;V;7;V;3;V;2;V;2;V;1;V;1;V;1;V;2;V;1;V;0;V;12;V;13;V
28;079;54;7;28079054_7_8;2026;04;17;6;V;3;V;3;V;3;V;1;V;1;V;2;V;10;V;24;V;30;V;21;V;12;V;9;V;4;V;2;V;2;V;1;V;1;V;2;V;1;V;1;V;1;V;25;V;33;V
28;079;54;7;28079054_7_8;2026;04;18;29;V;14;V;6;V;3;V;2;V;2;V;1;V;2;V;6;V;5;V;6;V;5;V;4;V;2;V;1;V;0;V;1;V;1;V;1;V;1;V;0;V;0;V;5;V;1;V
28;079;54;7;28079054_7_8;2026;04;19;1;V;1;V;0;V;0;V;0;V;0;V;0;V;0;V;2;V;3;V;3;V;2;V;1;V;1;V;1;V;1;V;1;V;1;V;1;V;1;V;0;V;0;V;0;V;0;V
28;079;54;7;28079054_7_8;2026;04;20;1;V;1;V;0;V;0;V;1;V;0;V;0;V;3;V;24;V;26;V;10;V;6;V;4;V;2;V;1;V;1;V;2;V;1;V;2;V;1;V;0;V;0;V;0;V;2;V
28;079;54;7;28079054_7_8;2026;04;21;1;V;1;V;2;V;0;V;0;V;1;V;4;V;6;V;18;V;17;V;10;V;5;V;4;V;0;N;0;N;1;V;1;V;1;V;0;V;1;V;5;V;6;V;2;V;1;V
28;079;54;7;28079054_7_8;2026;04;22;1;V;0;V;0;V;0;V;0;V;0;V;0;V;1;V;8;V;7;V;3;V;1;V;1;V;1;V;1;V;1;V;1;V;1;V;1;V;1;V;0;V;0;V;0;V;5;V
28;079;54;7;28079054_7_8;2026;04;23;2;V;3;V;9;V;0;V;0;V;0;V;2;V;16;V;27;V;24;V;9;V;4;V;3;V;2;V;2;V;2;V;2;V;3;V;2;V;3;V;2;V;0;V;0;V;0;V
28;079;54;7;28079054_7_8;2026;04;24;0;V;0;V;0;V;0;V;0;V;0;V;0;V;4;V;13;V;7;V;3;V;3;V;2;V;2;V;3;V;2;V;2;V;2;V;2;V;2;V;3;V;2;V;1;V;0;V
28;079;54;7;28079054_7_8;2026;04;25;0;V;0;V;0;V;0;V;0;V;0;V;0;V;0;V;1;V;2;V;2;V;3;V;2;V;1;V;1;V;0;V;0;V;0;V;0;V;0;V;1;V;1;V;0;V;0;V
28;079;54;7;28079054_7_8;2026;04;26;0;V;0;V;0;V;0;V;0;V;0;V;0;V;0;V;2;V;3;V;2;V;2;V;1;V;1;V;1;V;1;V;0;V;0;V;0;V;0;V;1;V;1;V;0;V;0;V
28;079;54;7;28079054_7_8;2026;04;27;0;V;1;V;0;V;0;V;0;V;0;V;1;V;14;V;24;V;33;V;8;V;5;V;3;V;2;V;3;V;2;V;2;V;3;V;3;V;4;V;3;V;3;V;1;V;0;V
28;079;54;7;28079054_7_8;2026;04;28;0;V;0;V;0;V;1;V;1;V;1;V;1;V;10;V;27;V;17;V;5;V;4;V;2;V;2;V;2;V;2;V;1;V;2;V;0;V;0;V;0;V;0;V;0;V;0;V
28;079;54;7;28079054_7_8;2026;04;29;0;V;0;V;0;V;0;V;0;V;0;V;0;V;3;V;7;V;3;V;3;V;2;V;1;V;1;V;1;V;1;V;1;V;2;V;1;V;0;V;0;V;0;V;0;V;0;V
28;079;54;7;28079054_7_8;2026;04;30;0;V;0;V;0;V;0;V;0;V;0;V;0;V;5;V;7;V;4;V;3;V;3;V;2;V;1;V;1;V;1;V;0;V;1;V;1;V;1;V;0;V;0;V;1;V;2;V
28;079;54;7;28079054_7_8;2026;05;01;2;V;0;V;0;V;0;V;0;V;0;V;0;V;1;V;5;V;8;V;4;V;2;V;1;V;0;V;0;V;0;V;0;V;0;V;0;V;0;V;1;V;0;V;1;V;0;V
28;079;54;7;28079054_7_8;2026;05;02;0;V;0;V;0;V;0;V;0;V;0;V;0;V;2;V;4;V;4;V;6;V;6;V;2;V;1;V;0;V;1;V;0;V;0;V;0;V;0;V;0;V;0;V;0;V;0;V
28;079;54;7;28079054_7_8;2026;05;03;1;V;0;V;0;V;0;V;0;V;0;V;0;V;0;V;0;V;0;V;1;V;0;V;0;V;0;V;0;V;0;V;0;V;0;V;0;V;0;V;0;V;0;V;0;V;0;V
28;079;54;7;28079054_7_8;2026;05;04;0;V;0;V;0;V;0;V;0;V;0;V;1;V;11;V;20;V;13;V;10;V;6;V;1;V;1;V;1;V;1;V;1;V;1;V;1;V;0;V;0;V;0;V;0;V;0;V
28;079;54;7;28079054_7_8;2026;05;05;0;V;0;V;0;V;0;V;0;V;0;V;0;V;1;V;3;V;8;V;6;V;0;N;0;N;0;N;0;V;0;V;0;V;0;V;0;V;0;V;0;V;0;V;0;V;0;V
28;079;54;7;28079054_7_8;2026;05;06;0;V;0;V;0;V;0;V;0;V;0;V;1;V;8;V;18;V;11;V;6;V;3;V;1;V;1;V;1;V;0;V;2;V;2;V;3;V;2;V;2;V;1;V;1;V;1;V
28;079;54;7;28079054_7_8;2026;05;07;0;V;3;V;0;V;0;V;0;V;0;V;0;V;4;V;12;V;0;N;0;N;0;N;0;N;0;N;0;N;0;N;0;N;0;N;0;N;0;N;0;N;0;N;0;N;0;N
28;079;54;8;28079054_8_8;2026;04;07;7;V;9;V;6;V;8;V;8;V;14;V;24;V;45;V;0;N;0;N;0;N;21;V;20;V;22;V;20;V;12;V;8;V;8;V;18;V;18;V;15;V;28;V;30;V;33;V
28;079;54;8;28079054_8_8;2026;04;08;33;V;31;V;43;V;20;V;6;V;5;V;9;V;30;V;59;V;72;V;40;V;19;V;21;V;15;V;10;V;7;V;5;V;6;V;10;V;9;V;10;V;12;V;15;V;18;V
28;079;54;8;28079054_8_8;2026;04;09;26;V;20;V;15;V;18;V;16;V;16;V;22;V;36;V;39;V;43;V;38;V;36;V;25;V;14;V;12;V;12;V;14;V;20;V;23;V;36;V;79;V;87;V;85;V;65;V
28;079;54;8;28079054_8_8;2026;04;10;29;V;19;V;7;V;7;V;7;V;11;V;21;V;62;V;70;V;60;V;41;V;41;V;22;V;16;V;10;V;8;V;9;V;11;V;11;V;19;V;33;V;33;V;43;V;71;V
28;079;54;8;28079054_8_8;2026;04;11;34;V;16;V;22;V;25;V;22;V;25;V;33;V;31;V;0;N;0;N;0;N;0;N;0;N;0;N;12;V;13;V;20;V;8;V;9;V;21;V;24;V;17;V;6;V;5;V
28;079;54;8;28079054_8_8;2026;04;12;9;V;5;V;3;V;2;V;2;V;2;V;3;V;7;V;8;V;8;V;7;V;10;V;8;V;8;V;6;V;5;V;7;V;8;V;12;V;14;V;17;V;10;V;12;V;9;V
28;079;54;8;28079054_8_8;2026;04;13;5;V;7;V;3;V;5;V;4;V;3;V;13;V;43;V;41;V;38;V;33;V;10;V;5;V;4;V;4;V;4;V;5;V;5;V;8;V;15;V;20;V;61;V;73;V;12;V
28;079;54;8;28079054_8_8;2026;04;14;7;V;3;V;4;V;4;V;8;V;19;V;48;V;79;V;78;V;55;V;19;V;15;V;15;V;17;V;9;V;7;V;6;V;8;V;13;V;10;V;15;V;20;V;20;V;20;V
28;079;54;8;28079054_8_8;2026;04;15;43;V;39;V;47;V;45;V;36;V;45;V;49;V;51;V;49;V;44;V;35;V;29;V;13;V;16;V;5;V;5;V;6;V;6;V;8;V;8;V;14;V;17;V;21;V;31;V
28;079;54;8;28079054_8_8;2026;04;16;50;V;52;V;37;V;35;V;35;V;39;V;42;V;45;V;54;V;52;V;37;V;26;V;22;V;12;V;12;V;9;V;7;V;5;V;8;V;10;V;15;V;29;V;64;V;73;V
28;079;54;8;28079054_8_8;2026;04;17;70;V;60;V;61;V;56;V;45;V;23;V;30;V;47;V;52;V;53;V;45;V;32;V;29;V;15;V;10;V;9;V;8;V;7;V;10;V;9;V;20;V;45;V;85;V;86;V
28;079;54;8;28079054_8_8;2026;04;18;88;V;80;V;75;V;66;V;61;V;40;V;32;V;34;V;39;V;23;V;23;V;20;V;19;V;12;V;5;V;4;V;3;V;4;V;4;V;6;V;13;V;22;V;67;V;34;V
28;079;54;8;28079054_8_8;2026;04;19;19;V;26;V;23;V;12;V;11;V;12;V;9;V;15;V;19;V;14;V;12;V;8;V;7;V;6;V;4;V;3;V;3;V;4;V;3;V;4;V;9;V;17;V;30;V;47;V
28;079;54;8;28079054_8_8;2026;04;20;67;V;55;V;47;V;29;V;15;V;17;V;38;V;50;V;62;V;56;V;33;V;23;V;20;V;14;V;5;V;6;V;7;V;8;V;11;V;13;V;15;V;29;V;35;V;52;V
28;079;54;8;28079054_8_8;2026;04;21;55;V;65;V;75;V;49;V;44;V;34;V;46;V;53;V;50;V;46;V;34;V;24;V;21;V;0;N;0;N;8;V;11;V;16;V;13;V;29;V;48;V;58;V;44;V;31;V
28;079;54;8;28079054_8_8;2026;04;22;31;V;40;V;28;V;17;V;28;V;12;V;20;V;31;V;56;V;33;V;17;V;9;V;6;V;6;V;6;V;5;V;6;V;7;V;8;V;9;V;12;V;23;V;30;V;67;V
28;079;54;8;28079054_8_8;2026;04;23;61;V;74;V;65;V;17;V;9;V;16;V;30;V;63;V;63;V;60;V;30;V;17;V;14;V;11;V;11;V;10;V;9;V;13;V;12;V;21;V;17;V;8;V;7;V;4;V
28;079;54;8;28079054_8_8;2026;04;24;4;V;3;V;4;V;4;V;6;V;8;V;15;V;37;V;57;V;38;V;13;V;11;V;9;V;11;V;10;V;9;V;10;V;12;V;15;V;19;V;37;V;47;V;54;V;19;V
28;079;54;8;28079054_8_8;2026;04;25;19;V;18;V;8;V;8;V;7;V;7;V;7;V;12;V;12;V;13;V;11;V;12;V;10;V;8;V;6;V;5;V;4;V;4;V;5;V;5;V;13;V;15;V;16;V;10;V
28;079;54;8;28079054_8_8;2026;04;26;8;V;5;V;6;V;8;V;6;V;6;V;7;V;10;V;22;V;11;V;8;V;7;V;6;V;5;V;4;V;4;V;2;V;3;V;2;V;3;V;10;V;25;V;21;V;20;V
28;079;54;8;28079054_8_8;2026;04;27;14;V;6;V;6;V;10;V;11;V;17;V;35;V;56;V;47;V;50;V;27;V;18;V;11;V;10;V;11;V;9;V;7;V;10;V;11;V;17;V;25;V;30;V;20;V;9;V
28;079;54;8;28079054_8_8;2026;04;28;3;V;3;V;4;V;8;V;7;V;18;V;29;V;62;V;68;V;49;V;20;V;13;V;8;V;8;V;8;V;8;V;7;V;10;V;9;V;14;V;11;V;11;V;11;V;7;V
28;079;54;8;28079054_8_8;2026;04;29;16;V;8;V;5;V;9;V;6;V;7;V;17;V;29;V;33;V;28;V;19;V;10;V;9;V;7;V;7;V;7;V;7;V;10;V;8;V;7;V;9;V;9;V;10;V;11;V
28;079;54;8;28079054_8_8;2026;04;30;9;V;7;V;6;V;7;V;10;V;12;V;29;V;50;V;42;V;24;V;20;V;16;V;10;V;8;V;6;V;8;V;5;V;6;V;8;V;10;V;13;V;32;V;50;V;68;V
28;079;54;8;28079054_8_8;2026;05;01;63;V;46;V;19;V;9;V;14;V;18;V;21;V;26;V;26;V;29;V;15;V;11;V;8;V;4;V;4;V;3;V;3;V;2;V;4;V;5;V;11;V;15;V;15;V;6;V
28;079;54;8;28079054_8_8;2026;05;02;4;V;4;V;5;V;8;V;10;V;6;V;6;V;11;V;16;V;16;V;22;V;19;V;10;V;7;V;6;V;10;V;5;V;4;V;6;V;11;V;12;V;13;V;22;V;27;V
28;079;54;8;28079054_8_8;2026;05;03;28;V;11;V;16;V;24;V;13;V;17;V;19;V;21;V;13;V;10;V;6;V;4;V;5;V;4;V;4;V;3;V;3;V;3;V;3;V;5;V;6;V;7;V;12;V;14;V
28;079;54;8;28079054_8_8;2026;05;04;13;V;11;V;10;V;9;V;9;V;13;V;34;V;58;V;48;V;43;V;35;V;21;V;6;V;6;V;4;V;4;V;4;V;5;V;5;V;6;V;8;V;9;V;9;V;12;V
28;079;54;8;28079054_8_8;2026;05;05;13;V;5;V;4;V;3;V;4;V;7;V;14;V;30;V;32;V;37;V;28;V;0;N;0;N;0;N;4;V;3;V;4;V;4;V;5;V;6;V;7;V;11;V;12;V;11;V
28;079;54;8;28079054_8_8;2026;05;06;14;V;15;V;10;V;13;V;20;V;25;V;29;V;45;V;50;V;34;V;22;V;14;V;8;V;7;V;7;V;7;V;11;V;11;V;16;V;16;V;24;V;51;V;67;V;58;V
28;079;54;8;28079054_8_8;2026;05;07;47;V;67;V;17;V;13;V;12;V;15;V;19;V;43;V;52;V;0;N;0;N;0;N;0;N;0;N;0;N;0;N;0;N;0;N;0;N;0;N;0;N;0;N;0;N;0;N
28;079;54;9;28079054_9_A;2026;04;07;6;V;5;V;5;V;5;V;7;V;5;V;8;V;6;V;0;N;0;N;7;V;12;V;7;V;10;V;10;V;8;V;9;V;9;V;14;V;18;V;25;V;23;V;23;V;23;V
28;079;54;9;28079054_9_A;2026;04;08;20;V;22;V;26;V;23;V;17;V;9;V;4;V;5;V;7;V;10;V;10;V;9;V;7;V;6;V;4;V;6;V;6;V;4;V;1;V;4;V;2;V;0;V;2;V;2;V
28;079;54;9;28079054_9_A;2026;04;09;3;V;3;V;6;V;0;N;5;V;5;V;4;V;7;V;8;V;11;V;10;V;12;V;13;V;14;V;10;V;10;V;17;V;23;V;19;V;19;V;0;N;0;N;0;N;0;N
28;079;54;9;28079054_9_A;2026;04;10;15;V;17;V;21;V;25;V;21;V;18;V;19;V;16;V;22;V;18;V;21;V;22;V;21;V;19;V;18;V;22;V;25;V;25;V;26;V;27;V;27;V;29;V;28;V;27;V
28;079;54;9;28079054_9_A;2026;04;11;23;V;20;V;21;V;22;V;24;V;23;V;0;N;0;N;24;V;0;N;26;V;0;N;0;N;0;N;0;N;24;V;0;N;29;V;38;V;42;V;42;V;32;V;23;V;20;V
28;079;54;9;28079054_9_A;2026;04;12;17;V;14;V;14;V;12;V;9;V;8;V;8;V;9;V;9;V;6;V;5;V;7;V;9;V;8;V;7;V;5;V;3;V;4;V;3;V;2;V;5;V;4;V;5;V;3;V
28;079;54;9;28079054_9_A;2026;04;13;3;V;3;V;2;V;2;V;3;V;3;V;1;V;5;V;6;V;3;V;6;V;6;V;2;V;5;V;3;V;3;V;7;V;6;V;2;V;3;V;2;V;3;V;8;V;6;V
28;079;54;9;28079054_9_A;2026;04;14;3;V;2;V;1;V;3;V;3;V;6;V;5;V;8;V;14;V;15;V;6;V;8;V;5;V;6;V;5;V;2;V;4;V;4;V;1;V;1;V;2;V;3;V;4;V;5;V
28;079;54;9;28079054_9_A;2026;04;15;4;V;6;V;9;V;9;V;0;N;0;N;0;N;0;N;10;V;19;V;13;V;11;V;9;V;7;V;7;V;4;V;1;V;1;V;5;V;5;V;6;V;3;V;4;V;4;V
28;079;54;9;28079054_9_A;2026;04;16;7;V;11;V;10;V;11;V;9;V;10;V;9;V;6;V;10;V;10;V;10;V;10;V;10;V;10;V;6;V;8;V;8;V;6;V;2;V;2;V;3;V;5;V;4;V;6;V
28;079;54;9;28079054_9_A;2026;04;17;10;V;8;V;0;N;0;N;0;N;9;V;11;V;10;V;12;V;13;V;17;V;15;V;10;V;14;V;10;V;8;V;9;V;7;V;7;V;5;V;4;V;5;V;9;V;15;V
28;079;54;9;28079054_9_A;2026;04;18;17;V;17;V;0;N;0;N;0;N;14;V;12;V;11;V;15;V;13;V;9;V;12;V;11;V;13;V;12;V;10;V;9;V;13;V;8;V;8;V;7;V;7;V;10;V;10;V
28;079;54;9;28079054_9_A;2026;04;19;6;V;3;V;5;V;7;V;8;V;7;V;6;V;8;V;5;V;8;V;12;V;10;V;12;V;11;V;10;V;11;V;9;V;8;V;4;V;6;V;7;V;8;V;10;V;11;V
28;079;54;9;28079054_9_A;2026;04;20;13;V;14;V;15;V;15;V;13;V;14;V;13;V;11;V;11;V;12;V;15;V;11;V;11;V;13;V;7;V;11;V;11;V;12;V;14;V;12;V;12;V;12;V;15;V;15;V
28;079;54;9;28079054_9_A;2026;04;21;18;V;19;V;19;V;20;V;17;V;14;V;16;V;19;V;15;V;15;V;14;V;12;V;12;V;13;V;15;V;11;V;11;V;14;V;16;V;20;V;23;V;22;V;18;V;21;V
28;079;54;9;28079054_9_A;2026;04;22;20;V;21;V;21;V;19;V;19;V;20;V;18;V;19;V;24;V;29;V;27;V;24;V;24;V;24;V;27;V;25;V;19;V;20;V;17;V;15;V;17;V;18;V;18;V;17;V
28;079;54;9;28079054_9_A;2026;04;23;20;V;22;V;17;V;18;V;18;V;15;V;16;V;16;V;23;V;20;V;19;V;16;V;15;V;15;V;10;V;6;V;7;V;11;V;14;V;14;V;14;V;14;V;14;V;13;V
28;079;54;9;28079054_9_A;2026;04;24;7;V;6;V;6;V;6;V;1;V;3;V;9;V;9;V;10;V;13;V;9;V;8;V;7;V;11;V;14;V;13;V;10;V;12;V;13;V;12;V;16;V;18;V;19;V;18;V
28;079;54;9;28079054_9_A;2026;04;25;13;V;12;V;12;V;8;V;11;V;9;V;10;V;11;V;12;V;13;V;11;V;9;V;13;V;8;V;7;V;13;V;12;V;11;V;9;V;11;V;10;V;16;V;12;V;9;V
28;079;54;9;28079054_9_A;2026;04;26;7;V;5;V;6;V;6;V;6;V;6;V;5;V;5;V;6;V;8;V;6;V;10;V;13;V;10;V;10;V;10;V;9;V;13;V;11;V;10;V;13;V;14;V;9;V;6;V
28;079;54;9;28079054_9_A;2026;04;27;9;V;8;V;9;V;8;V;9;V;9;V;9;V;11;V;13;V;17;V;17;V;12;V;7;V;7;V;10;V;9;V;9;V;7;V;5;V;1;V;4;V;6;V;7;V;8;V
28;079;54;9;28079054_9_A;2026;04;28;1;V;3;V;6;V;3;V;6;V;8;V;6;V;7;V;12;V;12;V;10;V;5;V;5;V;6;V;6;V;9;V;7;V;8;V;9;V;11;V;7;V;11;V;9;V;9;V
28;079;54;9;28079054_9_A;2026;04;29;8;V;8;V;10;V;11;V;10;V;9;V;9;V;9;V;7;V;5;V;9;V;10;V;8;V;10;V;10;V;11;V;15;V;13;V;9;V;10;V;12;V;7;V;3;V;4;V
28;079;54;9;28079054_9_A;2026;04;30;5;V;9;V;7;V;4;V;5;V;7;V;4;V;8;V;10;V;8;V;9;V;12;V;6;V;7;V;8;V;9;V;8;V;8;V;6;V;7;V;10;V;10;V;10;V;10;V
28;079;54;9;28079054_9_A;2026;05;01;11;V;12;V;11;V;9;V;7;V;8;V;9;V;11;V;10;V;11;V;10;V;10;V;10;V;8;V;4;V;9;V;9;V;8;V;6;V;5;V;7;V;11;V;10;V;0;N
28;079;54;9;28079054_9_A;2026;05;02;6;V;0;N;9;V;8;V;8;V;8;V;11;V;11;V;9;V;9;V;10;V;8;V;9;V;10;V;9;V;10;V;12;V;11;V;7;V;6;V;8;V;7;V;7;V;8;V
28;079;54;9;28079054_9_A;2026;05;03;9;V;12;V;9;V;12;V;12;V;9;V;10;V;11;V;9;V;8;V;10;V;15;V;12;V;7;V;5;V;3;V;7;V;6;V;5;V;5;V;6;V;6;V;4;V;5;V
28;079;54;9;28079054_9_A;2026;05;04;3;V;3;V;5;V;4;V;6;V;4;V;5;V;6;V;8;V;8;V;7;V;6;V;5;V;6;V;5;V;7;V;5;V;4;V;6;V;4;V;4;V;1;V;1;V;3;V
28;079;54;9;28079054_9_A;2026;05;05;2;V;5;V;3;V;2;V;3;V;3;V;3;V;4;V;3;V;4;V;8;V;5;V;4;V;5;V;3;V;4;V;5;V;2;V;6;V;5;V;3;V;2;V;3;V;4;V
28;079;54;9;28079054_9_A;2026;05;06;2;V;2;V;1;V;3;V;6;V;6;V;6;V;5;V;5;V;4;V;3;V;5;V;3;V;3;V;4;V;5;V;3;V;4;V;4;V;5;V;7;V;7;V;6;V;11;V
28;079;54;9;28079054_9_A;2026;05;07;9;V;6;V;3;V;3;V;3;V;4;V;4;V;3;V;5;V;0;N;0;N;0;N;0;N;0;N;0;N;0;N;0;N;0;N;0;N;0;N;0;N;0;N;0;N;0;N
28;079;56;10;28079056_10_47;2026;04;07;19;V;30;V;21;V;19;V;16;V;20;V;25;V;28;V;29;V;30;V;39;V;32;V;33;V;33;V;32;V;25;V;33;V;49;V;67;V;41;V;37;V;35;V;50;V;34;V
28;079;56;10;28079056_10_47;2026;04;08;47;V;27;V;53;V;41;V;43;V;0;N;0;N;18;V;0;N;17;V;25;V;0;N;17;V;7;V;15;V;7;V;21;V;0;V;22;V;0;N;3;V;0;N;17;V;13;V
28;079;56;10;28079056_10_47;2026;04;09;15;V;19;V;8;V;8;V;16;V;10;V;11;V;22;V;34;V;42;V;42;V;40;V;0;N;0;N;0;N;44;V;39;V;57;V;70;V;0;N;89;V;82;V;44;V;56;V
28;079;56;10;28079056_10_47;2026;04;10;48;V;70;V;51;V;67;V;54;V;57;V;50;V;0;N;0;N;0;N;0;N;73;V;62;V;51;V;59;V;59;V;71;V;74;V;76;V;81;V;76;V;79;V;93;V;91;V
28;079;56;10;28079056_10_47;2026;04;11;87;V;79;V;68;V;68;V;65;V;61;V;65;V;62;V;63;V;68;V;62;V;67;V;69;V;71;V;74;V;77;V;84;V;75;V;92;V;105;V;88;V;68;V;75;V;53;V
28;079;56;10;28079056_10_47;2026;04;12;42;V;38;V;38;V;37;V;26;V;18;V;22;V;21;V;19;V;17;V;24;V;26;V;22;V;20;V;15;V;20;V;19;V;16;V;19;V;21;V;19;V;13;V;12;V;20;V
28;079;56;10;28079056_10_47;2026;04;13;9;V;8;V;8;V;8;V;6;V;6;V;7;V;12;V;12;V;19;V;18;V;12;V;10;V;10;V;5;V;12;V;16;V;12;V;6;V;8;V;9;V;15;V;18;V;13;V
28;079;56;10;28079056_10_47;2026;04;14;9;V;11;V;9;V;8;V;10;V;8;V;13;V;22;V;35;V;25;V;21;V;22;V;14;V;11;V;12;V;10;V;16;V;15;V;5;V;6;V;10;V;15;V;14;V;15;V
28;079;56;10;28079056_10_47;2026;04;15;17;V;21;V;26;V;26;V;29;V;18;V;16;V;18;V;41;V;48;V;47;V;42;V;40;V;28;V;19;V;12;V;12;V;11;V;16;V;13;V;17;V;20;V;21;V;23;V
28;079;56;10;28079056_10_47;2026;04;16;30;V;21;V;19;V;17;V;15;V;14;V;14;V;22;V;34;V;31;V;33;V;24;V;20;V;28;V;22;V;21;V;28;V;17;V;19;V;10;V;10;V;16;V;33;V;40;V
28;079;56;10;28079056_10_47;2026;04;17;40;V;37;V;26;V;21;V;20;V;19;V;19;V;33;V;41;V;39;V;46;V;41;V;39;V;30;V;39;V;17;V;16;V;12;V;14;V;23;V;24;V;42;V;51;V;52;V
28;079;56;10;28079056_10_47;2026;04;18;38;V;28;V;30;V;23;V;24;V;22;V;24;V;28;V;17;V;25;V;0;N;0;N;27;V;24;V;27;V;34;V;17;V;4;V;16;V;13;V;28;V;29;V;55;V;62;V
28;079;56;10;28079056_10_47;2026;04;19;35;V;15;V;15;V;15;V;17;V;18;V;14;V;17;V;21;V;24;V;20;V;15;V;16;V;19;V;22;V;20;V;27;V;21;V;15;V;19;V;21;V;30;V;47;V;40;V
28;079;56;10;28079056_10_47;2026;04;20;37;V;31;V;34;V;34;V;34;V;37;V;30;V;33;V;42;V;58;V;90;V;34;V;43;V;42;V;42;V;23;V;38;V;0;N;34;V;32;V;34;V;35;V;35;V;43;V
28;079;56;10;28079056_10_47;2026;04;21;39;V;39;V;32;V;30;V;28;V;27;V;28;V;33;V;37;V;0;N;0;N;32;V;41;V;43;V;38;V;29;V;0;N;0;N;60;V;48;V;44;V;54;V;57;V;61;V
28;079;56;10;28079056_10_47;2026;04;22;61;V;45;V;39;V;36;V;40;V;44;V;49;V;47;V;53;V;0;N;0;N;0;N;0;N;53;V;59;V;61;V;45;V;47;V;43;V;34;V;50;V;40;V;40;V;45;V
28;079;56;10;28079056_10_47;2026;04;23;43;V;39;V;40;V;33;V;33;V;30;V;38;V;43;V;55;V;51;V;52;V;42;V;39;V;52;V;42;V;47;V;38;V;49;V;50;V;38;V;41;V;55;V;52;V;37;V
28;079;56;10;28079056_10_47;2026;04;24;35;V;34;V;32;V;28;V;33;V;27;V;25;V;24;V;0;N;0;N;31;V;32;V;26;V;33;V;33;V;30;V;39;V;31;V;35;V;38;V;35;V;38;V;41;V;53;V
28;079;56;10;28079056_10_47;2026;04;25;38;V;28;V;26;V;25;V;18;V;23;V;27;V;17;V;30;V;25;V;25;V;0;N;0;N;0;N;25;V;34;V;22;V;29;V;31;V;28;V;14;V;24;V;30;V;22;V
28;079;56;10;28079056_10_47;2026;04;26;26;V;16;V;16;V;16;V;18;V;20;V;19;V;16;V;13;V;15;V;23;V;17;V;25;V;25;V;25;V;35;V;22;V;23;V;29;V;26;V;26;V;0;N;33;V;33;V
28;079;56;10;28079056_10_47;2026;04;27;31;V;17;V;24;V;19;V;31;V;34;V;35;V;35;V;23;V;35;V;33;V;48;V;55;V;39;V;22;V;25;V;0;N;30;V;22;V;17;V;17;V;23;V;26;V;28;V
28;079;56;10;28079056_10_47;2026;04;28;23;V;17;V;14;V;16;V;23;V;23;V;20;V;29;V;34;V;37;V;34;V;19;V;33;V;28;V;32;V;18;V;16;V;20;V;25;V;29;V;29;V;29;V;31;V;24;V
28;079;56;10;28079056_10_47;2026;04;29;27;V;22;V;21;V;19;V;22;V;23;V;28;V;31;V;37;V;27;V;30;V;22;V;20;V;19;V;29;V;26;V;42;V;46;V;45;V;21;V;27;V;23;V;17;V;15;V
28;079;56;10;28079056_10_47;2026;04;30;21;V;16;V;20;V;13;V;15;V;14;V;21;V;21;V;23;V;21;V;29;V;11;V;7;V;14;V;17;V;18;V;37;V;31;V;25;V;6;V;21;V;21;V;23;V;26;V
28;079;56;10;28079056_10_47;2026;05;01;24;V;23;V;23;V;19;V;26;V;19;V;22;V;19;V;25;V;25;V;24;V;33;V;37;V;35;V;35;V;42;V;14;V;17;V;0;N;35;V;31;V;27;V;33;V;0;N
28;079;56;10;28079056_10_47;2026;05;02;21;V;19;V;19;V;20;V;24;V;16;V;23;V;24;V;28;V;23;V;27;V;25;V;32;V;23;V;33;V;34;V;42;V;28;V;0;N;15;V;0;N;0;N;21;V;33;V
28;079;56;10;28079056_10_47;2026;05;03;29;V;29;V;26;V;24;V;23;V;24;V;25;V;27;V;21;V;10;V;22;V;34;V;17;V;15;V;0;N;0;N;25;V;6;V;1;V;15;V;20;V;13;V;14;V;16;V
28;079;56;10;28079056_10_47;2026;05;04;15;V;16;V;14;V;12;V;16;V;7;V;12;V;15;V;10;V;21;V;27;V;21;V;15;V;10;V;1;V;5;V;33;V;27;V;26;V;14;V;16;V;13;V;10;V;13;V
28;079;56;10;28079056_10_47;2026;05;05;16;V;12;V;14;V;11;V;8;V;4;V;10;V;13;V;11;V;9;V;16;V;17;V;10;V;11;V;12;V;14;V;6;V;2;V;9;V;8;V;14;V;9;V;7;V;8;V
28;079;56;10;28079056_10_47;2026;05;06;10;V;10;V;8;V;17;V;15;V;16;V;19;V;15;V;21;V;24;V;18;V;16;V;12;V;6;V;6;V;9;V;19;V;13;V;16;V;27;V;13;V;14;V;33;V;27;V
28;079;56;10;28079056_10_47;2026;05;07;21;V;19;V;18;V;15;V;16;V;10;V;14;V;26;V;24;V;0;N;0;N;0;N;0;N;0;N;0;N;0;N;0;N;0;N;0;N;0;N;0;N;0;N;0;N;0;N
28;079;56;12;28079056_12_8;2026;04;07;14;V;10;V;17;V;20;V;19;V;26;V;47;V;59;V;93;V;76;V;62;V;54;V;44;V;39;V;33;V;35;V;28;V;34;V;42;V;26;V;32;V;31;V;27;V;59;V
28;079;56;12;28079056_12_8;2026;04;08;36;V;19;V;25;V;22;V;3;V;6;V;18;V;33;V;57;V;67;V;64;V;46;V;29;V;20;V;16;V;13;V;11;V;15;V;30;V;19;V;23;V;17;V;16;V;37;V
28;079;56;12;28079056_12_8;2026;04;09;30;V;22;V;41;V;38;V;17;V;18;V;52;V;91;V;140;V;112;V;63;V;65;V;56;V;41;V;43;V;35;V;41;V;44;V;58;V;81;V;307;V;324;V;247;V;91;V
28;079;56;12;28079056_12_8;2026;04;10;99;V;54;V;27;V;18;V;14;V;19;V;36;V;0;N;0;N;110;V;105;V;63;V;49;V;33;V;32;V;35;V;38;V;39;V;56;V;54;V;82;V;149;V;174;V;125;V
28;079;56;12;28079056_12_8;2026;04;11;140;V;69;V;45;V;41;V;29;V;39;V;40;V;40;V;74;V;63;V;64;V;63;V;41;V;37;V;42;V;39;V;32;V;24;V;36;V;38;V;27;V;35;V;28;V;23;V
28;079;56;12;28079056_12_8;2026;04;12;20;V;14;V;13;V;8;V;8;V;8;V;7;V;9;V;14;V;23;V;31;V;28;V;25;V;37;V;28;V;21;V;18;V;15;V;22;V;38;V;25;V;26;V;24;V;14;V
28;079;56;12;28079056_12_8;2026;04;13;10;V;7;V;3;V;2;V;5;V;7;V;24;V;51;V;55;V;47;V;22;V;14;V;15;V;15;V;12;V;14;V;20;V;21;V;20;V;33;V;44;V;55;V;23;V;9;V
28;079;56;12;28079056_12_8;2026;04;14;6;V;4;V;6;V;6;V;7;V;14;V;58;V;108;V;93;V;47;V;49;V;32;V;23;V;19;V;19;V;20;V;26;V;18;V;24;V;23;V;47;V;39;V;33;V;27;V
28;079;56;12;28079056_12_8;2026;04;15;51;V;59;V;48;V;57;V;60;V;29;V;53;V;117;V;120;V;145;V;101;V;79;V;65;V;19;V;20;V;24;V;22;V;17;V;17;V;27;V;38;V;46;V;47;V;81;V
28;079;56;12;28079056_12_8;2026;04;16;35;V;30;V;18;V;19;V;17;V;21;V;36;V;111;V;106;V;108;V;56;V;41;V;45;V;33;V;46;V;20;V;20;V;17;V;30;V;27;V;42;V;123;V;155;V;124;V
28;079;56;12;28079056_12_8;2026;04;17;139;V;98;V;31;V;27;V;24;V;22;V;63;V;103;V;115;V;98;V;104;V;84;V;63;V;45;V;29;V;22;V;23;V;26;V;32;V;46;V;67;V;187;V;173;V;116;V
28;079;56;12;28079056_12_8;2026;04;18;53;V;76;V;47;V;33;V;35;V;44;V;33;V;58;V;55;V;55;V;40;V;39;V;39;V;26;V;20;V;19;V;17;V;13;V;20;V;33;V;34;V;74;V;109;V;100;V
28;079;56;12;28079056_12_8;2026;04;19;45;V;28;V;34;V;20;V;18;V;20;V;21;V;29;V;38;V;32;V;27;V;20;V;19;V;22;V;16;V;13;V;14;V;13;V;17;V;20;V;40;V;89;V;83;V;69;V
28;079;56;12;28079056_12_8;2026;04;20;65;V;54;V;42;V;56;V;64;V;48;V;42;V;98;V;99;V;112;V;67;V;41;V;49;V;36;V;29;V;25;V;32;V;27;V;68;V;42;V;0;N;36;V;77;V;65;V
28;079;56;12;28079056_12_8;2026;04;21;57;V;33;V;22;V;21;V;21;V;22;V;39;V;70;V;85;V;124;V;63;V;50;V;50;V;46;V;35;V;23;V;30;V;46;V;28;V;59;V;103;V;128;V;150;V;128;V
28;079;56;12;28079056_12_8;2026;04;22;73;V;54;V;40;V;30;V;12;V;13;V;30;V;62;V;75;V;28;V;19;V;14;V;11;V;14;V;11;V;15;V;18;V;17;V;22;V;38;V;53;V;31;V;45;V;48;V
28;079;56;12;28079056_12_8;2026;04;23;40;V;31;V;21;V;20;V;17;V;24;V;66;V;97;V;112;V;97;V;40;V;29;V;33;V;26;V;31;V;24;V;25;V;28;V;58;V;49;V;43;V;25;V;18;V;17;V
28;079;56;12;28079056_12_8;2026;04;24;10;V;12;V;11;V;10;V;7;V;11;V;33;V;48;V;0;N;49;V;35;V;28;V;22;V;35;V;28;V;27;V;32;V;37;V;31;V;49;V;42;V;46;V;109;V;69;V
28;079;56;12;28079056_12_8;2026;04;25;37;V;35;V;18;V;13;V;11;V;16;V;19;V;30;V;36;V;33;V;27;V;29;V;27;V;23;V;21;V;13;V;14;V;18;V;22;V;28;V;40;V;34;V;32;V;27;V
28;079;56;12;28079056_12_8;2026;04;26;26;V;18;V;12;V;15;V;13;V;19;V;16;V;21;V;23;V;24;V;20;V;18;V;16;V;17;V;19;V;17;V;14;V;19;V;14;V;23;V;28;V;49;V;52;V;32;V
28;079;56;12;28079056_12_8;2026;04;27;31;V;26;V;29;V;31;V;18;V;34;V;75;V;92;V;70;V;102;V;86;V;49;V;35;V;27;V;25;V;22;V;29;V;32;V;42;V;63;V;52;V;85;V;95;V;45;V
28;079;56;12;28079056_12_8;2026;04;28;31;V;17;V;14;V;19;V;10;V;26;V;49;V;106;V;104;V;78;V;53;V;28;V;27;V;22;V;19;V;21;V;25;V;24;V;35;V;28;V;21;V;22;V;22;V;12;V
28;079;56;12;28079056_12_8;2026;04;29;18;V;12;V;15;V;12;V;17;V;21;V;64;V;97;V;65;V;53;V;34;V;32;V;32;V;28;V;35;V;33;V;24;V;17;V;18;V;16;V;20;V;15;V;18;V;18;V
28;079;56;12;28079056_12_8;2026;04;30;14;V;11;V;8;V;17;V;9;V;16;V;47;V;68;V;61;V;79;V;44;V;16;V;16;V;15;V;34;V;24;V;24;V;18;V;31;V;23;V;24;V;34;V;43;V;55;V
28;079;56;12;28079056_12_8;2026;05;01;50;V;35;V;29;V;31;V;27;V;25;V;31;V;48;V;30;V;38;V;33;V;30;V;22;V;16;V;15;V;11;V;15;V;11;V;16;V;20;V;27;V;37;V;39;V;19;V
28;079;56;12;28079056_12_8;2026;05;02;16;V;14;V;12;V;11;V;15;V;14;V;19;V;24;V;23;V;28;V;34;V;35;V;30;V;23;V;19;V;14;V;13;V;11;V;16;V;13;V;21;V;39;V;90;V;88;V
28;079;56;12;28079056_12_8;2026;05;03;58;V;42;V;38;V;43;V;35;V;32;V;35;V;42;V;21;V;18;V;18;V;16;V;10;V;15;V;12;V;9;V;11;V;11;V;14;V;17;V;17;V;22;V;21;V;22;V
28;079;56;12;28079056_12_8;2026;05;04;17;V;10;V;9;V;6;V;6;V;10;V;23;V;47;V;53;V;64;V;54;V;20;V;18;V;16;V;13;V;14;V;18;V;21;V;23;V;21;V;22;V;19;V;17;V;13;V
28;079;56;12;28079056_12_8;2026;05;05;8;V;5;V;3;V;3;V;3;V;6;V;28;V;45;V;63;V;33;V;27;V;14;V;11;V;11;V;12;V;17;V;22;V;17;V;25;V;33;V;28;V;18;V;16;V;13;V
28;079;56;12;28079056_12_8;2026;05;06;11;V;12;V;14;V;29;V;36;V;27;V;35;V;60;V;76;V;58;V;39;V;32;V;27;V;30;V;25;V;25;V;27;V;31;V;32;V;30;V;51;V;83;V;128;V;73;V
28;079;56;12;28079056_12_8;2026;05;07;43;V;38;V;25;V;16;V;15;V;19;V;54;V;84;V;88;V;0;N;0;N;0;N;0;N;0;N;0;N;0;N;0;N;0;N;0;N;0;N;0;N;0;N;0;N;0;N
28;079;56;6;28079056_6_48;2026;04;07;0.1;V;0.1;V;0.1;V;0.1;V;0.1;V;0.2;V;0.2;V;0.3;V;0.3;V;0.3;V;0.2;V;0.2;V;0.2;V;0.2;V;0.2;V;0.2;V;0.2;V;0.2;V;0.2;V;0.2;V;0.2;V;0.2;V;0.2;V;0.3;V
28;079;56;6;28079056_6_48;2026;04;08;0.2;V;0.2;V;0.2;V;0.1;V;0.1;V;0.1;V;0.1;V;0.2;V;0.2;V;0.3;V;0.3;V;0.2;V;0.2;V;0.1;V;0.2;V;0.1;V;0.1;V;0.1;V;0.2;V;0.1;V;0.2;V;0.2;V;0.1;V;0.2;V
28;079;56;6;28079056_6_48;2026;04;09;0.2;V;0.2;V;0.2;V;0.2;V;0.2;V;0.2;V;0.3;V;0.5;V;0.6;V;0.5;V;0.3;V;0.3;V;0.3;V;0.2;V;0.2;V;0.2;V;0.2;V;0.2;V;0.2;V;0.3;V;0.8;V;1.1;V;0.9;V;0.5;V
28;079;56;6;28079056_6_48;2026;04;10;0.6;V;0.4;V;0.2;V;0.1;V;0.1;V;0.2;V;0.2;V;0;N;0;N;0;N;0.3;V;0.2;V;0.2;V;0.2;V;0.2;V;0.2;V;0.2;V;0.2;V;0.2;V;0.2;V;0.3;V;0.5;V;0.6;V;0.6;V
28;079;56;6;28079056_6_48;2026;04;11;0.6;V;0.3;V;0.3;V;0.3;V;0.2;V;0.2;V;0.2;V;0.2;V;0.3;V;0.3;V;0.3;V;0.3;V;0.2;V;0.2;V;0.2;V;0.2;V;0.2;V;0.2;V;0.2;V;0.2;V;0.2;V;0.2;V;0.2;V;0.2;V
28;079;56;6;28079056_6_48;2026;04;12;0.2;V;0.2;V;0.1;V;0.1;V;0.1;V;0.1;V;0.1;V;0.1;V;0.1;V;0.2;V;0.2;V;0.2;V;0.2;V;0.2;V;0.2;V;0.2;V;0.2;V;0.2;V;0.2;V;0.2;V;0.2;V;0.2;V;0.2;V;0.1;V
28;079;56;6;28079056_6_48;2026;04;13;0.1;V;0.1;V;0.1;V;0.1;V;0.1;V;0.1;V;0.2;V;0.3;V;0.4;V;0.3;V;0.2;V;0.1;V;0.1;V;0.1;V;0.2;V;0.1;V;0.2;V;0.2;V;0.2;V;0.2;V;0.2;V;0.3;V;0.2;V;0.1;V
28;079;56;6;28079056_6_48;2026;04;14;0.1;V;0.1;V;0.1;V;0.1;V;0.1;V;0.1;V;0.3;V;0.4;V;0.4;V;0.2;V;0.2;V;0.2;V;0.2;V;0.1;V;0.1;V;0.1;V;0.1;V;0.1;V;0.2;V;0.1;V;0.2;V;0.2;V;0.2;V;0.2;V
28;079;56;6;28079056_6_48;2026;04;15;0.3;V;0.3;V;0.3;V;0.3;V;0.3;V;0.2;V;0.2;V;0.5;V;0.5;V;0.5;V;0.3;V;0.2;V;0.2;V;0.1;V;0.1;V;0.1;V;0.1;V;0.1;V;0.2;V;0.2;V;0.3;V;0.2;V;0.3;V;0.4;V
28;079;56;6;28079056_6_48;2026;04;16;0.3;V;0.2;V;0.1;V;0.1;V;0.1;V;0.1;V;0.2;V;0.4;V;0.4;V;0.4;V;0.2;V;0.2;V;0.2;V;0.1;V;0.2;V;0.1;V;0.1;V;0.2;V;0.2;V;0.2;V;0.2;V;0.6;V;0.7;V;0.5;V
28;079;56;6;28079056_6_48;2026;04;17;0.5;V;0.4;V;0.2;V;0.2;V;0.2;V;0.2;V;0.4;V;0.5;V;0.5;V;0.4;V;0.4;V;0.3;V;0.2;V;0.2;V;0.1;V;0.1;V;0.1;V;0.1;V;0.1;V;0.2;V;0.3;V;0.7;V;0.7;V;0.6;V
28;079;56;6;28079056_6_48;2026;04;18;0.3;V;0.3;V;0.3;V;0.2;V;0.2;V;0.2;V;0.2;V;0.3;V;0.3;V;0.2;V;0.2;V;0.2;V;0.2;V;0.2;V;0.1;V;0.1;V;0.1;V;0.1;V;0.1;V;0.1;V;0.2;V;0.3;V;0.5;V;0.5;V
28;079;56;6;28079056_6_48;2026;04;19;0.2;V;0.2;V;0.2;V;0.1;V;0.1;V;0.1;V;0.2;V;0.2;V;0.2;V;0.2;V;0.2;V;0.1;V;0.1;V;0.1;V;0.1;V;0.1;V;0.1;V;0.1;V;0.2;V;0.1;V;0.2;V;0.4;V;0.3;V;0.4;V
28;079;56;6;28079056_6_48;2026;04;20;0.3;V;0.3;V;0.2;V;0.2;V;0.2;V;0.2;V;0.2;V;0.5;V;0.4;V;0.4;V;0.3;V;0.2;V;0.2;V;0.2;V;0.1;V;0.1;V;0.1;V;0.1;V;0.2;V;0.2;V;0.2;V;0.2;V;0.3;V;0.4;V
28;079;56;6;28079056_6_48;2026;04;21;0.3;V;0.2;V;0.2;V;0.2;V;0.2;V;0.2;V;0.2;V;0.3;V;0.3;V;0.5;V;0.3;V;0.2;V;0.2;V;0.2;V;0.2;V;0.1;V;0.2;V;0.2;V;0.2;V;0.3;V;0.4;V;0.5;V;0.5;V;0.4;V
28;079;56;6;28079056_6_48;2026;04;22;0.3;V;0.3;V;0.2;V;0.2;V;0.1;V;0.1;V;0.2;V;0.3;V;0.3;V;0.2;V;0.1;V;0.1;V;0.1;V;0.1;V;0.1;V;0.1;V;0.1;V;0.1;V;0.1;V;0.2;V;0.3;V;0.2;V;0.2;V;0.3;V
28;079;56;6;28079056_6_48;2026;04;23;0.2;V;0.2;V;0.1;V;0.2;V;0.1;V;0.2;V;0.3;V;0.4;V;0.4;V;0.3;V;0.2;V;0.1;V;0.2;V;0.2;V;0.2;V;0.2;V;0.2;V;0.1;V;0.2;V;0.2;V;0.2;V;0.1;V;0.1;V;0.1;V
28;079;56;6;28079056_6_48;2026;04;24;0.1;V;0.1;V;0.1;V;0.1;V;0.1;V;0.1;V;0.2;V;0.2;V;0;N;0;N;0.2;V;0.1;V;0.1;V;0.2;V;0.2;V;0.1;V;0.2;V;0.2;V;0.2;V;0.3;V;0.2;V;0.3;V;0.5;V;0.3;V
28;079;56;6;28079056_6_48;2026;04;25;0.2;V;0.2;V;0.1;V;0.1;V;0.1;V;0.1;V;0.2;V;0.1;V;0.2;V;0.2;V;0.2;V;0.2;V;0.2;V;0.1;V;0.1;V;0.1;V;0.1;V;0.1;V;0.1;V;0.2;V;0.2;V;0.2;V;0.2;V;0.2;V
28;079;56;6;28079056_6_48;2026;04;26;0.2;V;0.1;V;0.1;V;0.1;V;0.1;V;0.2;V;0.1;V;0.2;V;0.2;V;0.2;V;0.2;V;0.2;V;0.1;V;0.1;V;0.1;V;0.1;V;0.1;V;0.1;V;0.1;V;0.2;V;0.2;V;0.2;V;0.2;V;0.2;V
28;079;56;6;28079056_6_48;2026;04;27;0.2;V;0.2;V;0.2;V;0.1;V;0.1;V;0.2;V;0.3;V;0.4;V;0.3;V;0.4;V;0.3;V;0.2;V;0.2;V;0.1;V;0.1;V;0.1;V;0.1;V;0.1;V;0.1;V;0.2;V;0.2;V;0.3;V;0.3;V;0.2;V
28;079;56;6;28079056_6_48;2026;04;28;0.1;V;0.1;V;0.1;V;0.2;V;0.1;V;0.2;V;0.2;V;0.4;V;0.4;V;0.3;V;0.2;V;0.1;V;0.1;V;0.1;V;0.1;V;0.1;V;0.1;V;0.1;V;0.2;V;0.1;V;0.1;V;0.2;V;0.1;V;0.1;V
28;079;56;6;28079056_6_48;2026;04;29;0.1;V;0.1;V;0.1;V;0.1;V;0.1;V;0.1;V;0.2;V;0.3;V;0.2;V;0.2;V;0.1;V;0.1;V;0.1;V;0.1;V;0.2;V;0.1;V;0.1;V;0.1;V;0.1;V;0.1;V;0.1;V;0.1;V;0.2;V;0.2;V
28;079;56;6;28079056_6_48;2026;04;30;0.1;V;0.1;V;0.1;V;0.1;V;0.1;V;0.1;V;0.2;V;0.2;V;0.2;V;0.2;V;0.2;V;0.1;V;0.1;V;0.1;V;0.2;V;0.1;V;0.1;V;0.2;V;0.2;V;0.2;V;0.2;V;0.2;V;0.2;V;0.3;V
28;079;56;6;28079056_6_48;2026;05;01;0.2;V;0.2;V;0.2;V;0.2;V;0.2;V;0.1;V;0.2;V;0.2;V;0.2;V;0.2;V;0.2;V;0.2;V;0.1;V;0.1;V;0.1;V;0.1;V;0.1;V;0.1;V;0.1;V;0.1;V;0.1;V;0.2;V;0.2;V;0.1;V
28;079;56;6;28079056_6_48;2026;05;02;0.1;V;0.1;V;0.1;V;0.1;V;0.1;V;0.1;V;0.1;V;0.1;V;0.1;V;0.2;V;0.2;V;0.2;V;0.2;V;0.1;V;0.2;V;0.1;V;0.1;V;0.1;V;0.2;V;0.1;V;0.2;V;0.2;V;0.4;V;0.4;V
28;079;56;6;28079056_6_48;2026;05;03;0.3;V;0.2;V;0.2;V;0.2;V;0.2;V;0.2;V;0.3;V;0.2;V;0.1;V;0.2;V;0.1;V;0.1;V;0.1;V;0.1;V;0.1;V;0.1;V;0.1;V;0.1;V;0.1;V;0.1;V;0.2;V;0.1;V;0.1;V;0.1;V
28;079;56;6;28079056_6_48;2026;05;04;0.1;V;0.1;V;0.2;V;0.1;V;0.1;V;0.1;V;0.2;V;0.3;V;0.3;V;0.2;V;0.2;V;0.1;V;0.2;V;0.1;V;0.1;V;0.1;V;0.1;V;0.1;V;0.1;V;0.1;V;0.2;V;0.1;V;0.1;V;0.1;V
28;079;56;6;28079056_6_48;2026;05;05;0.1;V;0.1;V;0.1;V;0.1;V;0.1;V;0.1;V;0.2;V;0.3;V;0.3;V;0.2;V;0.2;V;0.1;V;0.1;V;0.1;V;0.1;V;0.1;V;0.1;V;0.1;V;0.2;V;0.2;V;0.2;V;0.1;V;0.1;V;0.1;V
28;079;56;6;28079056_6_48;2026;05;06;0.1;V;0.1;V;0.1;V;0.1;V;0.1;V;0.2;V;0.2;V;0.3;V;0.3;V;0.2;V;0.2;V;0.1;V;0.1;V;0.1;V;0.1;V;0.1;V;0.2;V;0.2;V;0.2;V;0.2;V;0.2;V;0.4;V;0.5;V;0.4;V
28;079;56;6;28079056_6_48;2026;05;07;0.3;V;0.2;V;0.1;V;0.1;V;0.1;V;0.1;V;0.2;V;0.3;V;0.3;V;0;N;0;N;0;N;0;N;0;N;0;N;0;N;0;N;0;N;0;N;0;N;0;N;0;N;0;N;0;N
28;079;56;7;28079056_7_8;2026;04;07;2;V;2;V;1;V;2;V;1;V;1;V;5;V;10;V;21;V;17;V;15;V;14;V;11;V;9;V;7;V;9;V;5;V;8;V;9;V;6;V;6;V;4;V;2;V;7;V
28;079;56;7;28079056_7_8;2026;04;08;1;V;0;V;0;V;0;V;0;V;0;V;1;V;2;V;9;V;14;V;14;V;6;V;6;V;4;V;4;V;4;V;3;V;4;V;10;V;4;V;5;V;2;V;2;V;2;V
28;079;56;7;28079056_7_8;2026;04;09;1;V;0;V;0;V;3;V;0;V;0;V;12;V;26;V;50;V;34;V;14;V;16;V;14;V;9;V;10;V;8;V;9;V;10;V;12;V;15;V;123;V;137;V;93;V;10;V
28;079;56;7;28079056_7_8;2026;04;10;19;V;4;V;0;V;2;V;0;V;1;V;4;V;0;N;0;N;30;V;33;V;16;V;12;V;8;V;8;V;9;V;10;V;9;V;16;V;11;V;16;V;38;V;53;V;27;V
28;079;56;7;28079056_7_8;2026;04;11;36;V;9;V;3;V;2;V;1;V;4;V;4;V;5;V;18;V;14;V;15;V;13;V;9;V;7;V;9;V;7;V;7;V;6;V;8;V;7;V;4;V;6;V;6;V;4;V
28;079;56;7;28079056_7_8;2026;04;12;4;V;2;V;2;V;2;V;2;V;2;V;1;V;2;V;2;V;4;V;8;V;7;V;6;V;9;V;7;V;4;V;4;V;4;V;5;V;8;V;4;V;4;V;2;V;2;V
28;079;56;7;28079056_7_8;2026;04;13;1;V;1;V;1;V;0;V;1;V;1;V;5;V;10;V;10;V;12;V;6;V;4;V;5;V;5;V;4;V;4;V;6;V;6;V;5;V;8;V;8;V;7;V;1;V;1;V
28;079;56;7;28079056_7_8;2026;04;14;1;V;1;V;0;V;1;V;1;V;1;V;11;V;29;V;26;V;10;V;13;V;9;V;7;V;5;V;5;V;6;V;7;V;5;V;7;V;4;V;8;V;3;V;2;V;2;V
28;079;56;7;28079056_7_8;2026;04;15;8;V;6;V;1;V;7;V;8;V;1;V;13;V;44;V;46;V;59;V;35;V;24;V;17;V;5;V;6;V;9;V;7;V;5;V;5;V;8;V;9;V;9;V;6;V;14;V
28;079;56;7;28079056_7_8;2026;04;16;1;V;1;V;0;V;1;V;1;V;2;V;8;V;40;V;37;V;39;V;15;V;11;V;11;V;7;V;14;V;6;V;5;V;4;V;6;V;7;V;7;V;26;V;42;V;29;V
28;079;56;7;28079056_7_8;2026;04;17;37;V;22;V;2;V;0;V;1;V;1;V;18;V;36;V;43;V;33;V;33;V;23;V;16;V;11;V;8;V;6;V;7;V;7;V;8;V;13;V;13;V;63;V;54;V;25;V
28;079;56;7;28079056_7_8;2026;04;18;2;V;12;V;2;V;2;V;2;V;6;V;4;V;14;V;16;V;15;V;9;V;9;V;9;V;6;V;5;V;5;V;4;V;4;V;5;V;9;V;5;V;12;V;23;V;15;V
28;079;56;7;28079056_7_8;2026;04;19;5;V;2;V;3;V;2;V;1;V;1;V;2;V;3;V;6;V;6;V;6;V;5;V;4;V;5;V;4;V;3;V;4;V;3;V;4;V;5;V;10;V;21;V;14;V;7;V
28;079;56;7;28079056_7_8;2026;04;20;6;V;3;V;2;V;4;V;8;V;5;V;8;V;29;V;30;V;38;V;17;V;9;V;10;V;8;V;7;V;6;V;9;V;6;V;21;V;11;V;0;N;4;V;12;V;7;V
28;079;56;7;28079056_7_8;2026;04;21;4;V;1;V;2;V;1;V;1;V;2;V;7;V;18;V;25;V;44;V;15;V;11;V;11;V;9;V;6;V;4;V;5;V;7;V;6;V;10;V;21;V;26;V;39;V;27;V
28;079;56;7;28079056_7_8;2026;04;22;8;V;4;V;1;V;1;V;1;V;2;V;7;V;8;V;16;V;6;V;5;V;4;V;3;V;4;V;3;V;4;V;5;V;5;V;6;V;11;V;18;V;5;V;5;V;3;V
28;079;56;7;28079056_7_8;2026;04;23;3;V;2;V;1;V;1;V;1;V;3;V;17;V;32;V;40;V;31;V;9;V;7;V;8;V;6;V;7;V;5;V;5;V;7;V;15;V;9;V;7;V;4;V;3;V;3;V
28;079;56;7;28079056_7_8;2026;04;24;2;V;2;V;1;V;2;V;1;V;1;V;5;V;7;V;0;N;9;V;8;V;7;V;5;V;8;V;7;V;7;V;8;V;8;V;5;V;10;V;7;V;5;V;19;V;11;V
28;079;56;7;28079056_7_8;2026;04;25;4;V;2;V;1;V;2;V;1;V;1;V;1;V;3;V;7;V;6;V;6;V;7;V;7;V;6;V;5;V;3;V;3;V;4;V;5;V;6;V;5;V;5;V;4;V;4;V
28;079;56;7;28079056_7_8;2026;04;26;4;V;2;V;2;V;2;V;2;V;1;V;1;V;3;V;4;V;5;V;5;V;5;V;4;V;5;V;5;V;4;V;4;V;6;V;4;V;4;V;4;V;6;V;5;V;4;V
28;079;56;7;28079056_7_8;2026;04;27;4;V;2;V;2;V;3;V;2;V;3;V;12;V;30;V;20;V;35;V;24;V;11;V;8;V;6;V;6;V;5;V;8;V;8;V;10;V;18;V;6;V;10;V;12;V;3;V
28;079;56;7;28079056_7_8;2026;04;28;3;V;1;V;2;V;4;V;1;V;3;V;9;V;24;V;23;V;17;V;11;V;6;V;7;V;5;V;4;V;5;V;7;V;6;V;7;V;5;V;4;V;3;V;3;V;2;V
28;079;56;7;28079056_7_8;2026;04;29;2;V;1;V;2;V;1;V;3;V;3;V;10;V;19;V;12;V;10;V;8;V;9;V;8;V;6;V;9;V;8;V;7;V;5;V;5;V;4;V;4;V;3;V;3;V;3;V
28;079;56;7;28079056_7_8;2026;04;30;2;V;2;V;2;V;2;V;1;V;2;V;11;V;14;V;14;V;22;V;11;V;4;V;4;V;4;V;8;V;6;V;6;V;3;V;7;V;3;V;4;V;2;V;2;V;4;V
28;079;56;7;28079056_7_8;2026;05;01;5;V;2;V;1;V;2;V;2;V;2;V;5;V;12;V;7;V;8;V;8;V;7;V;5;V;4;V;3;V;3;V;4;V;3;V;3;V;4;V;4;V;4;V;5;V;3;V
28;079;56;7;28079056_7_8;2026;05;02;3;V;2;V;2;V;2;V;3;V;2;V;2;V;2;V;3;V;5;V;7;V;8;V;7;V;5;V;4;V;4;V;3;V;3;V;3;V;2;V;3;V;4;V;14;V;12;V
28;079;56;7;28079056_7_8;2026;05;03;3;V;0;V;1;V;2;V;1;V;2;V;1;V;4;V;2;V;2;V;4;V;4;V;3;V;4;V;4;V;3;V;4;V;3;V;4;V;5;V;4;V;4;V;4;V;2;V
28;079;56;7;28079056_7_8;2026;05;04;1;V;1;V;0;V;0;V;0;V;1;V;3;V;10;V;13;V;13;V;14;V;6;V;5;V;5;V;4;V;5;V;6;V;6;V;7;V;5;V;5;V;3;V;4;V;2;V
28;079;56;7;28079056_7_8;2026;05;05;1;V;1;V;1;V;1;V;1;V;1;V;7;V;8;V;18;V;6;V;6;V;4;V;3;V;4;V;4;V;5;V;6;V;5;V;6;V;9;V;6;V;2;V;2;V;2;V
28;079;56;7;28079056_7_8;2026;05;06;1;V;1;V;2;V;7;V;4;V;2;V;6;V;14;V;21;V;15;V;10;V;9;V;7;V;8;V;6;V;7;V;7;V;7;V;6;V;6;V;13;V;9;V;16;V;3;V
28;079;56;7;28079056_7_8;2026;05;07;2;V;2;V;4;V;2;V;2;V;2;V;12;V;19;V;20;V;0;N;0;N;0;N;0;N;0;N;0;N;0;N;0;N;0;N;0;N;0;N;0;N;0;N;0;N;0;N
28;079;56;8;28079056_8_8;2026;04;07;11;V;7;V;15;V;16;V;17;V;24;V;40;V;44;V;62;V;49;V;40;V;33;V;27;V;26;V;22;V;22;V;20;V;22;V;28;V;17;V;23;V;25;V;23;V;49;V
28;079;56;8;28079056_8_8;2026;04;08;36;V;19;V;25;V;22;V;3;V;6;V;15;V;30;V;44;V;46;V;43;V;36;V;20;V;13;V;10;V;7;V;6;V;8;V;14;V;13;V;15;V;14;V;13;V;33;V
28;079;56;8;28079056_8_8;2026;04;09;29;V;21;V;41;V;32;V;17;V;17;V;33;V;52;V;64;V;60;V;41;V;40;V;35;V;27;V;27;V;23;V;28;V;29;V;40;V;58;V;118;V;114;V;104;V;75;V
28;079;56;8;28079056_8_8;2026;04;10;70;V;48;V;27;V;16;V;14;V;18;V;31;V;0;N;0;N;64;V;55;V;38;V;31;V;21;V;19;V;22;V;23;V;25;V;31;V;37;V;58;V;90;V;93;V;83;V
28;079;56;8;28079056_8_8;2026;04;11;84;V;56;V;40;V;39;V;28;V;32;V;35;V;32;V;47;V;42;V;41;V;43;V;27;V;25;V;28;V;29;V;22;V;15;V;24;V;27;V;21;V;27;V;19;V;16;V
28;079;56;8;28079056_8_8;2026;04;12;14;V;11;V;9;V;5;V;6;V;5;V;5;V;7;V;11;V;16;V;19;V;17;V;16;V;23;V;18;V;15;V;13;V;9;V;14;V;27;V;19;V;19;V;21;V;11;V
28;079;56;8;28079056_8_8;2026;04;13;9;V;5;V;2;V;2;V;4;V;6;V;16;V;37;V;39;V;29;V;13;V;8;V;8;V;8;V;6;V;7;V;11;V;12;V;13;V;21;V;31;V;44;V;21;V;8;V
28;079;56;8;28079056_8_8;2026;04;14;5;V;4;V;5;V;5;V;5;V;11;V;40;V;64;V;53;V;32;V;29;V;18;V;13;V;10;V;11;V;12;V;15;V;10;V;14;V;17;V;35;V;34;V;30;V;25;V
28;079;56;8;28079056_8_8;2026;04;15;39;V;51;V;47;V;45;V;48;V;28;V;33;V;50;V;50;V;54;V;48;V;42;V;38;V;11;V;10;V;10;V;11;V;10;V;10;V;16;V;24;V;31;V;38;V;60;V
28;079;56;8;28079056_8_8;2026;04;16;33;V;29;V;18;V;17;V;16;V;18;V;25;V;49;V;49;V;49;V;33;V;25;V;28;V;22;V;25;V;12;V;12;V;11;V;21;V;17;V;32;V;82;V;90;V;80;V
28;079;56;8;28079056_8_8;2026;04;17;82;V;64;V;28;V;27;V;22;V;20;V;36;V;48;V;49;V;47;V;54;V;48;V;39;V;29;V;17;V;13;V;13;V;15;V;19;V;26;V;47;V;91;V;91;V;78;V
28;079;56;8;28079056_8_8;2026;04;18;50;V;58;V;44;V;30;V;33;V;35;V;27;V;36;V;30;V;31;V;26;V;25;V;25;V;17;V;13;V;12;V;10;V;8;V;13;V;20;V;26;V;55;V;74;V;77;V
28;079;56;8;28079056_8_8;2026;04;19;37;V;25;V;29;V;17;V;16;V;17;V;19;V;25;V;29;V;22;V;17;V;12;V;13;V;14;V;10;V;8;V;9;V;7;V;10;V;13;V;25;V;57;V;61;V;58;V
28;079;56;8;28079056_8_8;2026;04;20;56;V;50;V;39;V;50;V;51;V;40;V;30;V;53;V;53;V;54;V;41;V;27;V;33;V;24;V;18;V;16;V;18;V;17;V;36;V;25;V;0;N;30;V;58;V;55;V
28;079;56;8;28079056_8_8;2026;04;21;50;V;32;V;19;V;19;V;19;V;18;V;28;V;43;V;47;V;57;V;40;V;34;V;33;V;32;V;26;V;17;V;22;V;35;V;18;V;43;V;70;V;88;V;91;V;86;V
28;079;56;8;28079056_8_8;2026;04;22;61;V;48;V;39;V;28;V;12;V;10;V;19;V;50;V;50;V;19;V;12;V;8;V;6;V;8;V;6;V;8;V;10;V;10;V;12;V;21;V;26;V;23;V;38;V;43;V
28;079;56;8;28079056_8_8;2026;04;23;35;V;29;V;19;V;19;V;16;V;20;V;41;V;48;V;52;V;50;V;27;V;19;V;20;V;17;V;20;V;16;V;16;V;17;V;35;V;35;V;33;V;18;V;14;V;12;V
28;079;56;8;28079056_8_8;2026;04;24;7;V;9;V;9;V;7;V;5;V;9;V;25;V;36;V;0;N;34;V;23;V;18;V;14;V;22;V;17;V;16;V;20;V;24;V;23;V;33;V;32;V;38;V;80;V;53;V
28;079;56;8;28079056_8_8;2026;04;25;31;V;32;V;16;V;9;V;9;V;14;V;16;V;25;V;26;V;23;V;17;V;19;V;17;V;14;V;12;V;9;V;8;V;11;V;14;V;19;V;33;V;27;V;26;V;22;V
28;079;56;8;28079056_8_8;2026;04;26;20;V;15;V;10;V;11;V;10;V;18;V;15;V;17;V;16;V;15;V;12;V;10;V;9;V;10;V;11;V;10;V;8;V;11;V;9;V;17;V;22;V;41;V;44;V;26;V
28;079;56;8;28079056_8_8;2026;04;27;25;V;23;V;26;V;26;V;16;V;29;V;56;V;46;V;38;V;48;V;49;V;32;V;23;V;18;V;17;V;14;V;17;V;20;V;27;V;36;V;42;V;70;V;77;V;40;V
28;079;56;8;28079056_8_8;2026;04;28;27;V;14;V;11;V;13;V;8;V;22;V;35;V;70;V;68;V;52;V;35;V;18;V;17;V;14;V;12;V;13;V;15;V;15;V;24;V;21;V;15;V;17;V;17;V;9;V
28;079;56;8;28079056_8_8;2026;04;29;15;V;10;V;12;V;11;V;13;V;17;V;49;V;67;V;48;V;37;V;21;V;19;V;20;V;18;V;21;V;21;V;14;V;9;V;10;V;10;V;13;V;11;V;14;V;14;V
28;079;56;8;28079056_8_8;2026;04;30;12;V;9;V;5;V;14;V;7;V;14;V;29;V;47;V;40;V;46;V;28;V;10;V;10;V;9;V;21;V;15;V;15;V;13;V;20;V;18;V;19;V;30;V;39;V;49;V
28;079;56;8;28079056_8_8;2026;05;01;42;V;31;V;27;V;28;V;24;V;22;V;22;V;30;V;20;V;25;V;21;V;19;V;14;V;10;V;9;V;7;V;10;V;7;V;11;V;14;V;21;V;32;V;32;V;14;V
28;079;56;8;28079056_8_8;2026;05;02;12;V;11;V;9;V;9;V;10;V;11;V;15;V;20;V;17;V;21;V;24;V;23;V;19;V;15;V;13;V;8;V;7;V;6;V;11;V;10;V;16;V;33;V;68;V;70;V
28;079;56;8;28079056_8_8;2026;05;03;54;V;41;V;37;V;40;V;34;V;29;V;34;V;36;V;18;V;15;V;11;V;9;V;6;V;8;V;6;V;4;V;6;V;6;V;8;V;10;V;11;V;15;V;16;V;18;V
28;079;56;8;28079056_8_8;2026;05;04;16;V;9;V;9;V;6;V;5;V;9;V;19;V;32;V;34;V;44;V;32;V;11;V;10;V;7;V;6;V;7;V;10;V;11;V;13;V;12;V;14;V;15;V;11;V;11;V
28;079;56;8;28079056_8_8;2026;05;05;6;V;4;V;2;V;2;V;2;V;4;V;18;V;33;V;36;V;24;V;18;V;8;V;6;V;6;V;6;V;8;V;12;V;10;V;16;V;19;V;19;V;15;V;12;V;11;V
28;079;56;8;28079056_8_8;2026;05;06;9;V;11;V;11;V;18;V;29;V;24;V;26;V;39;V;44;V;35;V;23;V;18;V;16;V;17;V;15;V;15;V;17;V;21;V;22;V;22;V;31;V;70;V;103;V;68;V
28;079;56;8;28079056_8_8;2026;05;07;41;V;35;V;18;V;13;V;12;V;16;V;35;V;55;V;58;V;0;N;0;N;0;N;0;N;0;N;0;N;0;N;0;N;0;N;0;N;0;N;0;N;0;N;0;N;0;N
28;079;56;9;28079056_9_47;2026;04;07;9;V;15;V;12;V;9;V;7;V;10;V;12;V;12;V;12;V;12;V;15;V;16;V;11;V;12;V;10;V;10;V;13;V;19;V;25;V;22;V;20;V;24;V;28;V;18;V
28;079;56;9;28079056_9_47;2026;04;08;23;V;17;V;23;V;17;V;29;V;0;N;0;N;9;V;0;N;13;V;17;V;0;N;6;V;6;V;3;V;4;V;13;V;1;V;13;V;0;N;1;V;0;N;8;V;7;V
28;079;56;9;28079056_9_47;2026;04;09;10;V;11;V;5;V;5;V;9;V;8;V;7;V;13;V;15;V;19;V;15;V;14;V;0;N;0;N;0;N;15;V;15;V;19;V;22;V;0;N;31;V;35;V;20;V;25;V
28;079;56;9;28079056_9_47;2026;04;10;20;V;27;V;20;V;25;V;20;V;21;V;22;V;0;N;0;N;0;N;0;N;25;V;21;V;12;V;17;V;18;V;24;V;24;V;25;V;28;V;25;V;28;V;34;V;34;V
28;079;56;9;28079056_9_47;2026;04;11;34;V;30;V;26;V;27;V;26;V;24;V;28;V;27;V;24;V;26;V;24;V;24;V;24;V;25;V;27;V;27;V;28;V;23;V;34;V;40;V;37;V;30;V;29;V;21;V
28;079;56;9;28079056_9_47;2026;04;12;22;V;19;V;20;V;20;V;14;V;10;V;12;V;12;V;12;V;11;V;14;V;14;V;13;V;13;V;8;V;14;V;11;V;8;V;10;V;10;V;12;V;9;V;9;V;14;V
28;079;56;9;28079056_9_47;2026;04;13;6;V;5;V;6;V;6;V;5;V;5;V;5;V;8;V;7;V;8;V;8;V;8;V;5;V;4;V;1;V;8;V;10;V;7;V;2;V;4;V;5;V;7;V;11;V;9;V
28;079;56;9;28079056_9_47;2026;04;14;6;V;8;V;8;V;6;V;8;V;6;V;9;V;11;V;15;V;10;V;9;V;9;V;6;V;5;V;8;V;7;V;10;V;9;V;3;V;3;V;6;V;10;V;9;V;10;V
28;079;56;9;28079056_9_47;2026;04;15;11;V;10;V;15;V;14;V;11;V;8;V;10;V;9;V;15;V;17;V;23;V;19;V;15;V;13;V;11;V;7;V;7;V;7;V;12;V;7;V;11;V;11;V;11;V;11;V
28;079;56;9;28079056_9_47;2026;04;16;14;V;11;V;10;V;12;V;10;V;8;V;8;V;9;V;15;V;12;V;12;V;9;V;8;V;13;V;10;V;12;V;14;V;8;V;8;V;3;V;4;V;5;V;15;V;20;V
28;079;56;9;28079056_9_47;2026;04;17;19;V;18;V;13;V;11;V;12;V;13;V;12;V;14;V;16;V;15;V;13;V;15;V;16;V;8;V;8;V;7;V;10;V;6;V;9;V;14;V;11;V;13;V;19;V;22;V
28;079;56;9;28079056_9_47;2026;04;18;20;V;15;V;15;V;14;V;15;V;12;V;15;V;19;V;4;V;12;V;0;N;0;N;13;V;11;V;15;V;21;V;12;V;3;V;9;V;8;V;14;V;13;V;15;V;20;V
28;079;56;9;28079056_9_47;2026;04;19;18;V;9;V;8;V;9;V;12;V;12;V;8;V;11;V;12;V;15;V;13;V;9;V;11;V;12;V;14;V;11;V;15;V;12;V;9;V;13;V;13;V;10;V;14;V;20;V
28;079;56;9;28079056_9_47;2026;04;20;21;V;14;V;18;V;16;V;18;V;20;V;17;V;14;V;18;V;19;V;25;V;16;V;15;V;12;V;15;V;7;V;11;V;0;N;13;V;14;V;16;V;16;V;11;V;16;V
28;079;56;9;28079056_9_47;2026;04;21;18;V;19;V;16;V;16;V;14;V;15;V;15;V;18;V;15;V;0;N;0;N;12;V;14;V;13;V;13;V;11;V;0;N;0;N;18;V;15;V;17;V;23;V;26;V;29;V
28;079;56;9;28079056_9_47;2026;04;22;29;V;22;V;18;V;18;V;21;V;18;V;21;V;17;V;16;V;0;N;0;N;0;N;0;N;19;V;25;V;30;V;17;V;19;V;18;V;15;V;24;V;20;V;20;V;21;V
28;079;56;9;28079056_9_47;2026;04;23;21;V;19;V;20;V;17;V;17;V;16;V;20;V;23;V;27;V;19;V;19;V;16;V;16;V;22;V;17;V;18;V;12;V;17;V;17;V;19;V;15;V;22;V;22;V;13;V
28;079;56;9;28079056_9_47;2026;04;24;15;V;15;V;13;V;13;V;18;V;19;V;19;V;14;V;0;N;0;N;14;V;17;V;14;V;16;V;13;V;17;V;24;V;18;V;19;V;20;V;18;V;22;V;22;V;27;V
28;079;56;9;28079056_9_47;2026;04;25;19;V;14;V;14;V;14;V;13;V;16;V;18;V;11;V;21;V;18;V;14;V;0;N;0;N;0;N;15;V;18;V;13;V;12;V;17;V;16;V;8;V;16;V;19;V;16;V
28;079;56;9;28079056_9_47;2026;04;26;15;V;13;V;12;V;12;V;9;V;12;V;16;V;10;V;7;V;9;V;15;V;14;V;15;V;13;V;9;V;20;V;11;V;12;V;15;V;15;V;14;V;0;N;19;V;18;V
28;079;56;9;28079056_9_47;2026;04;27;20;V;11;V;9;V;9;V;16;V;17;V;21;V;20;V;16;V;17;V;12;V;18;V;24;V;10;V;6;V;9;V;0;N;12;V;9;V;7;V;7;V;8;V;12;V;11;V
28;079;56;9;28079056_9_47;2026;04;28;10;V;8;V;5;V;5;V;10;V;12;V;12;V;14;V;14;V;15;V;14;V;5;V;13;V;12;V;14;V;8;V;6;V;8;V;12;V;13;V;13;V;13;V;14;V;16;V
28;079;56;9;28079056_9_47;2026;04;29;15;V;14;V;11;V;12;V;14;V;15;V;14;V;17;V;17;V;17;V;18;V;11;V;9;V;11;V;14;V;12;V;11;V;14;V;16;V;10;V;13;V;13;V;10;V;12;V
28;079;56;9;28079056_9_47;2026;04;30;14;V;14;V;10;V;10;V;8;V;9;V;10;V;11;V;12;V;12;V;14;V;6;V;4;V;8;V;11;V;11;V;21;V;14;V;9;V;5;V;11;V;12;V;15;V;16;V
28;079;56;9;28079056_9_47;2026;05;01;16;V;14;V;13;V;13;V;16;V;13;V;13;V;14;V;15;V;16;V;14;V;18;V;21;V;15;V;22;V;22;V;13;V;12;V;0;N;17;V;15;V;7;V;8;V;0;N
28;079;56;9;28079056_9_47;2026;05;02;11;V;14;V;12;V;14;V;15;V;13;V;12;V;13;V;14;V;12;V;12;V;14;V;14;V;13;V;16;V;15;V;28;V;22;V;0;N;12;V;0;N;0;N;13;V;21;V
28;079;56;9;28079056_9_47;2026;05;03;18;V;17;V;19;V;19;V;21;V;19;V;20;V;17;V;13;V;9;V;14;V;26;V;9;V;7;V;0;N;0;N;12;V;1;V;1;V;11;V;15;V;6;V;8;V;9;V
28;079;56;9;28079056_9_47;2026;05;04;9;V;8;V;8;V;11;V;8;V;5;V;6;V;7;V;5;V;12;V;16;V;12;V;7;V;4;V;1;V;3;V;14;V;13;V;12;V;11;V;11;V;10;V;7;V;9;V
28;079;56;9;28079056_9_47;2026;05;05;11;V;8;V;9;V;8;V;7;V;3;V;7;V;9;V;8;V;8;V;9;V;10;V;6;V;4;V;5;V;9;V;4;V;2;V;8;V;7;V;8;V;7;V;6;V;7;V
28;079;56;9;28079056_9_47;2026;05;06;6;V;8;V;5;V;10;V;7;V;8;V;10;V;10;V;12;V;13;V;9;V;10;V;7;V;4;V;3;V;5;V;9;V;7;V;8;V;12;V;8;V;7;V;19;V;14;V
28;079;56;9;28079056_9_47;2026;05;07;11;V;10;V;9;V;9;V;9;V;8;V;7;V;14;V;9;V;0;N;0;N;0;N;0;N;0;N;0;N;0;N;0;N;0;N;0;N;0;N;0;N;0;N;0;N;0;N
28;079;57;10;28079057_10_47;2026;04;07;13;V;25;V;14;V;9;V;11;V;13;V;14;V;13;V;17;V;14;V;18;V;13;V;11;V;17;V;28;V;14;V;28;V;29;V;25;V;35;V;34;V;25;V;25;V;20;V
28;079;57;10;28079057_10_47;2026;04;08;33;V;29;V;33;V;27;V;27;V;17;V;13;V;9;V;11;V;18;V;6;V;28;V;0;N;24;V;3;V;13;V;22;V;17;V;16;V;15;V;7;V;1;V;5;V;3;V
28;079;57;10;28079057_10_47;2026;04;09;2;V;5;V;8;V;11;V;6;V;7;V;8;V;8;V;14;V;23;V;27;V;32;V;31;V;30;V;26;V;14;V;30;V;45;V;18;V;13;V;10;V;36;V;46;V;37;V
28;079;57;10;28079057_10_47;2026;04;10;30;V;41;V;51;V;54;V;39;V;34;V;38;V;46;V;49;V;47;V;57;V;47;V;38;V;50;V;47;V;41;V;69;V;68;V;54;V;56;V;73;V;69;V;62;V;74;V
28;079;57;10;28079057_10_47;2026;04;11;76;V;75;V;58;V;54;V;56;V;55;V;54;V;57;V;56;V;48;V;58;V;32;V;50;V;57;V;63;V;57;V;56;V;66;V;78;V;91;V;76;V;66;V;49;V;31;V
28;079;57;10;28079057_10_47;2026;04;12;26;V;29;V;23;V;23;V;20;V;23;V;14;V;16;V;15;V;14;V;9;V;11;V;12;V;19;V;2;V;8;V;21;V;4;V;15;V;12;V;10;V;1;V;12;V;4;V
28;079;57;10;28079057_10_47;2026;04;13;6;V;6;V;2;V;6;V;4;V;2;V;0;V;3;V;3;V;1;V;6;V;9;V;14;V;12;V;0;V;3;V;7;V;21;V;1;V;1;V;0;V;8;V;14;V;8;V
28;079;57;10;28079057_10_47;2026;04;14;7;V;5;V;6;V;5;V;7;V;6;V;6;V;12;V;30;V;23;V;15;V;21;V;10;V;8;V;20;V;29;V;0;N;0;N;0;N;0;N;0;N;11;V;5;V;4;V
28;079;57;10;28079057_10_47;2026;04;15;7;V;10;V;5;V;11;V;7;V;7;V;7;V;12;V;17;V;17;V;13;V;20;V;22;V;0;N;0;N;0;N;7;V;14;V;13;V;34;V;11;V;5;V;14;V;18;V
28;079;57;10;28079057_10_47;2026;04;16;12;V;12;V;8;V;14;V;21;V;15;V;18;V;7;V;9;V;15;V;18;V;15;V;27;V;25;V;8;V;22;V;7;V;3;V;18;V;10;V;18;V;10;V;12;V;11;V
28;079;57;10;28079057_10_47;2026;04;17;9;V;5;V;13;V;11;V;9;V;4;V;9;V;12;V;12;V;21;V;36;V;18;V;5;V;20;V;21;V;11;V;26;V;4;V;17;V;8;V;6;V;22;V;13;V;15;V
28;079;57;10;28079057_10_47;2026;04;18;15;V;18;V;24;V;19;V;18;V;18;V;16;V;14;V;12;V;13;V;21;V;11;V;15;V;17;V;5;V;41;V;7;V;13;V;0;V;0;V;7;V;18;V;21;V;8;V
28;079;57;10;28079057_10_47;2026;04;19;12;V;12;V;7;V;6;V;9;V;7;V;6;V;9;V;9;V;11;V;11;V;14;V;19;V;35;V;5;V;13;V;30;V;38;V;20;V;4;V;19;V;21;V;13;V;22;V
28;079;57;10;28079057_10_47;2026;04;20;14;V;25;V;26;V;26;V;17;V;21;V;22;V;23;V;24;V;33;V;26;V;26;V;43;V;35;V;31;V;0;N;15;V;25;V;31;V;33;V;33;V;22;V;27;V;25;V
28;079;57;10;28079057_10_47;2026;04;21;18;V;35;V;29;V;25;V;19;V;21;V;20;V;22;V;32;V;36;V;32;V;31;V;29;V;28;V;28;V;29;V;29;V;32;V;33;V;51;V;39;V;37;V;37;V;35;V
28;079;57;10;28079057_10_47;2026;04;22;31;V;35;V;28;V;23;V;36;V;38;V;37;V;38;V;42;V;42;V;47;V;53;V;53;V;60;V;61;V;51;V;45;V;26;V;31;V;0;N;0;N;0;N;30;V;27;V
28;079;57;10;28079057_10_47;2026;04;23;29;V;32;V;30;V;25;V;30;V;28;V;24;V;24;V;29;V;35;V;42;V;25;V;26;V;30;V;36;V;41;V;33;V;62;V;50;V;17;V;30;V;37;V;34;V;38;V
28;079;57;10;28079057_10_47;2026;04;24;21;V;16;V;38;V;23;V;4;V;17;V;14;V;16;V;18;V;24;V;24;V;18;V;15;V;0;N;36;V;42;V;50;V;32;V;47;V;20;V;41;V;25;V;31;V;37;V
28;079;57;10;28079057_10_47;2026;04;25;18;V;35;V;29;V;25;V;18;V;13;V;21;V;30;V;24;V;30;V;15;V;27;V;29;V;43;V;22;V;35;V;32;V;31;V;48;V;10;V;13;V;19;V;18;V;19;V
28;079;57;10;28079057_10_47;2026;04;26;18;V;15;V;14;V;13;V;12;V;10;V;10;V;11;V;12;V;15;V;20;V;0;N;27;V;50;V;0;N;0;N;39;V;20;V;24;V;20;V;19;V;19;V;13;V;15;V
28;079;57;10;28079057_10_47;2026;04;27;0;N;0;N;0;N;0;N;12;V;7;V;17;V;17;V;15;V;20;V;25;V;0;N;38;V;20;V;27;V;21;V;0;N;0;N;25;V;16;V;9;V;9;V;16;V;12;V
28;079;57;10;28079057_10_47;2026;04;28;17;V;21;V;11;V;6;V;11;V;20;V;19;V;11;V;7;V;10;V;24;V;25;V;34;V;12;V;10;V;17;V;22;V;17;V;14;V;30;V;18;V;9;V;13;V;16;V
28;079;57;10;28079057_10_47;2026;04;29;14;V;13;V;11;V;11;V;16;V;21;V;21;V;22;V;0;N;0;N;23;V;26;V;19;V;25;V;22;V;16;V;26;V;58;V;43;V;18;V;18;V;28;V;0;V;7;V
28;079;57;10;28079057_10_47;2026;04;30;14;V;17;V;19;V;12;V;9;V;19;V;8;V;9;V;12;V;22;V;27;V;18;V;26;V;27;V;27;V;29;V;30;V;27;V;18;V;33;V;26;V;17;V;14;V;17;V
28;079;57;10;28079057_10_47;2026;05;01;13;V;22;V;20;V;21;V;15;V;14;V;8;V;12;V;16;V;21;V;13;V;18;V;8;V;18;V;18;V;0;V;4;V;19;V;17;V;8;V;7;V;10;V;16;V;37;V
28;079;57;10;28079057_10_47;2026;05;02;7;V;17;V;18;V;17;V;21;V;19;V;16;V;24;V;22;V;24;V;26;V;26;V;39;V;0;N;20;V;0;N;0;N;1;V;20;V;17;V;40;V;18;V;9;V;10;V
28;079;57;10;28079057_10_47;2026;05;03;12;V;30;V;18;V;16;V;19;V;15;V;12;V;17;V;14;V;7;V;0;N;0;N;27;V;24;V;25;V;19;V;6;V;38;V;23;V;7;V;1;V;9;V;0;V;4;V
28;079;57;10;28079057_10_47;2026;05;04;8;V;19;V;19;V;3;V;6;V;9;V;8;V;11;V;14;V;26;V;3;V;23;V;22;V;30;V;39;V;0;N;8;V;8;V;1;V;6;V;13;V;7;V;7;V;5;V
28;079;57;10;28079057_10_47;2026;05;05;2;V;9;V;4;V;4;V;9;V;0;V;3;V;9;V;14;V;29;V;20;V;11;V;12;V;5;V;0;V;9;V;0;V;13;V;9;V;9;V;1;V;0;V;0;V;4;V
28;079;57;10;28079057_10_47;2026;05;06;10;V;9;V;4;V;3;V;6;V;3;V;2;V;4;V;7;V;1;V;7;V;4;V;16;V;4;V;19;V;19;V;11;V;13;V;1;V;7;V;11;V;1;V;12;V;17;V
28;079;57;10;28079057_10_47;2026;05;07;14;V;9;V;5;V;7;V;6;V;4;V;5;V;8;V;12;V;0;N;0;N;0;N;0;N;0;N;0;N;0;N;0;N;0;N;0;N;0;N;0;N;0;N;0;N;0;N
28;079;57;12;28079057_12_8;2026;04;07;5;V;5;V;4;V;5;V;9;V;13;V;15;V;30;V;39;V;33;V;19;V;15;V;18;V;26;V;31;V;18;V;14;V;16;V;17;V;18;V;15;V;26;V;28;V;23;V
28;079;57;12;28079057_12_8;2026;04;08;25;V;7;V;14;V;15;V;7;V;2;V;6;V;36;V;62;V;42;V;28;V;24;V;21;V;9;V;10;V;11;V;7;V;11;V;13;V;11;V;10;V;8;V;9;V;10;V
28;079;57;12;28079057_12_8;2026;04;09;6;V;17;V;14;V;9;V;5;V;7;V;9;V;31;V;42;V;52;V;27;V;22;V;12;V;13;V;9;V;9;V;10;V;10;V;14;V;27;V;69;V;88;V;43;V;19;V
28;079;57;12;28079057_12_8;2026;04;10;16;V;6;V;3;V;4;V;3;V;5;V;11;V;21;V;37;V;36;V;26;V;18;V;16;V;16;V;14;V;10;V;8;V;11;V;12;V;15;V;19;V;39;V;70;V;51;V
28;079;57;12;28079057_12_8;2026;04;11;49;V;47;V;37;V;31;V;29;V;21;V;16;V;27;V;26;V;33;V;26;V;21;V;39;V;16;V;20;V;29;V;16;V;8;V;11;V;17;V;13;V;8;V;4;V;4;V
28;079;57;12;28079057_12_8;2026;04;12;3;V;3;V;2;V;1;V;1;V;1;V;2;V;3;V;6;V;6;V;6;V;7;V;7;V;7;V;5;V;4;V;5;V;6;V;8;V;10;V;9;V;9;V;4;V;4;V
28;079;57;12;28079057_12_8;2026;04;13;3;V;1;V;0;V;1;V;1;V;1;V;5;V;20;V;34;V;18;V;9;V;8;V;7;V;8;V;6;V;6;V;6;V;11;V;13;V;19;V;27;V;45;V;68;V;12;V
28;079;57;12;28079057_12_8;2026;04;14;4;V;3;V;4;V;3;V;8;V;12;V;28;V;66;V;166;V;75;V;61;V;15;V;17;V;10;V;8;V;5;V;8;V;9;V;9;V;13;V;17;V;21;V;11;V;13;V
28;079;57;12;28079057_12_8;2026;04;15;18;V;7;V;6;V;16;V;21;V;21;V;26;V;36;V;56;V;44;V;33;V;48;V;43;V;0;N;7;V;6;V;6;V;11;V;11;V;16;V;13;V;13;V;15;V;32;V
28;079;57;12;28079057_12_8;2026;04;16;51;V;57;V;55;V;42;V;14;V;8;V;16;V;32;V;46;V;55;V;24;V;14;V;25;V;21;V;15;V;10;V;7;V;9;V;10;V;11;V;15;V;26;V;26;V;21;V
28;079;57;12;28079057_12_8;2026;04;17;41;V;37;V;16;V;10;V;8;V;10;V;13;V;24;V;41;V;48;V;23;V;18;V;27;V;31;V;22;V;12;V;7;V;8;V;9;V;10;V;22;V;32;V;29;V;36;V
28;079;57;12;28079057_12_8;2026;04;18;42;V;50;V;88;V;14;V;10;V;8;V;7;V;14;V;18;V;19;V;15;V;18;V;21;V;17;V;7;V;5;V;6;V;4;V;6;V;11;V;26;V;48;V;33;V;17;V
28;079;57;12;28079057_12_8;2026;04;19;8;V;7;V;6;V;5;V;4;V;3;V;6;V;7;V;7;V;5;V;7;V;10;V;13;V;11;V;7;V;4;V;3;V;5;V;5;V;7;V;14;V;31;V;19;V;18;V
28;079;57;12;28079057_12_8;2026;04;20;10;V;12;V;19;V;15;V;33;V;26;V;27;V;43;V;75;V;48;V;20;V;12;V;30;V;29;V;12;V;9;V;9;V;9;V;11;V;12;V;18;V;41;V;42;V;39;V
28;079;57;12;28079057_12_8;2026;04;21;46;V;24;V;19;V;6;V;7;V;7;V;11;V;22;V;47;V;47;V;23;V;13;V;18;V;25;V;18;V;11;V;12;V;17;V;17;V;25;V;29;V;37;V;32;V;34;V
28;079;57;12;28079057_12_8;2026;04;22;48;V;29;V;21;V;15;V;6;V;7;V;11;V;17;V;24;V;19;V;15;V;10;V;8;V;8;V;6;V;6;V;8;V;10;V;9;V;12;V;15;V;28;V;35;V;35;V
28;079;57;12;28079057_12_8;2026;04;23;27;V;21;V;7;V;7;V;8;V;7;V;8;V;27;V;55;V;46;V;25;V;17;V;29;V;25;V;18;V;13;V;11;V;10;V;10;V;9;V;14;V;9;V;4;V;7;V
28;079;57;12;28079057_12_8;2026;04;24;5;V;4;V;3;V;3;V;3;V;6;V;10;V;15;V;33;V;34;V;23;V;39;V;20;V;26;V;23;V;12;V;13;V;13;V;16;V;17;V;23;V;28;V;50;V;59;V
28;079;57;12;28079057_12_8;2026;04;25;28;V;38;V;15;V;7;V;6;V;10;V;11;V;15;V;19;V;11;V;6;V;10;V;13;V;10;V;8;V;5;V;4;V;4;V;6;V;17;V;12;V;7;V;8;V;6;V
28;079;57;12;28079057_12_8;2026;04;26;7;V;3;V;4;V;4;V;3;V;4;V;6;V;6;V;6;V;7;V;5;V;7;V;12;V;5;V;5;V;3;V;3;V;4;V;5;V;8;V;10;V;33;V;19;V;11;V
28;079;57;12;28079057_12_8;2026;04;27;18;V;12;V;9;V;4;V;4;V;8;V;18;V;21;V;38;V;27;V;13;V;14;V;18;V;22;V;12;V;9;V;9;V;7;V;6;V;7;V;9;V;22;V;20;V;19;V
28;079;57;12;28079057_12_8;2026;04;28;7;V;5;V;3;V;7;V;6;V;7;V;10;V;21;V;40;V;22;V;26;V;20;V;12;V;9;V;10;V;10;V;10;V;13;V;12;V;12;V;13;V;11;V;10;V;5;V
28;079;57;12;28079057_12_8;2026;04;29;6;V;7;V;5;V;5;V;6;V;8;V;15;V;39;V;0;N;0;N;28;V;17;V;11;V;9;V;7;V;8;V;9;V;13;V;9;V;9;V;12;V;10;V;7;V;5;V
28;079;57;12;28079057_12_8;2026;04;30;5;V;3;V;2;V;2;V;2;V;4;V;9;V;17;V;27;V;33;V;24;V;13;V;8;V;9;V;11;V;9;V;9;V;11;V;12;V;14;V;19;V;28;V;40;V;28;V
28;079;57;12;28079057_12_8;2026;05;01;45;V;22;V;14;V;11;V;8;V;5;V;5;V;7;V;11;V;9;V;12;V;19;V;13;V;7;V;4;V;4;V;4;V;4;V;6;V;5;V;7;V;12;V;14;V;4;V
28;079;57;12;28079057_12_8;2026;05;02;5;V;4;V;2;V;2;V;2;V;2;V;4;V;7;V;8;V;12;V;16;V;13;V;17;V;9;V;10;V;9;V;6;V;7;V;9;V;20;V;17;V;20;V;18;V;23;V
28;079;57;12;28079057_12_8;2026;05;03;27;V;36;V;71;V;64;V;24;V;8;V;8;V;11;V;12;V;10;V;13;V;9;V;8;V;6;V;5;V;4;V;3;V;4;V;5;V;5;V;9;V;9;V;9;V;8;V
28;079;57;12;28079057_12_8;2026;05;04;6;V;5;V;5;V;9;V;6;V;5;V;19;V;31;V;36;V;41;V;23;V;12;V;7;V;7;V;5;V;5;V;6;V;8;V;14;V;10;V;9;V;12;V;10;V;9;V
28;079;57;12;28079057_12_8;2026;05;05;5;V;3;V;5;V;7;V;7;V;9;V;12;V;28;V;43;V;62;V;30;V;10;V;8;V;10;V;7;V;6;V;8;V;8;V;9;V;10;V;11;V;10;V;11;V;15;V
28;079;57;12;28079057_12_8;2026;05;06;12;V;5;V;6;V;11;V;14;V;9;V;13;V;33;V;30;V;20;V;14;V;14;V;11;V;10;V;8;V;10;V;11;V;15;V;13;V;18;V;16;V;27;V;42;V;28;V
28;079;57;12;28079057_12_8;2026;05;07;17;V;6;V;2;V;4;V;3;V;3;V;8;V;18;V;29;V;0;N;0;N;0;N;0;N;0;N;0;N;0;N;0;N;0;N;0;N;0;N;0;N;0;N;0;N;0;N
28;079;57;7;28079057_7_8;2026;04;07;0;V;0;V;0;V;0;V;0;V;0;V;0;V;2;V;4;V;5;V;3;V;2;V;4;V;5;V;5;V;3;V;2;V;3;V;2;V;1;V;2;V;2;V;1;V;0;V
28;079;57;7;28079057_7_8;2026;04;08;0;V;0;V;0;V;0;V;0;V;0;V;0;V;2;V;6;V;6;V;5;V;5;V;5;V;2;V;2;V;2;V;2;V;2;V;2;V;2;V;1;V;1;V;0;V;0;V
28;079;57;7;28079057_7_8;2026;04;09;0;V;0;V;0;V;0;V;0;V;0;V;0;V;3;V;7;V;12;V;5;V;4;V;3;V;3;V;2;V;3;V;2;V;2;V;2;V;4;V;8;V;8;V;1;V;1;V
28;079;57;7;28079057_7_8;2026;04;10;1;V;0;V;0;V;0;V;0;V;0;V;0;V;0;V;2;V;5;V;4;V;3;V;3;V;3;V;2;V;2;V;1;V;2;V;2;V;1;V;0;V;2;V;6;V;5;V
28;079;57;7;28079057_7_8;2026;04;11;1;V;1;V;1;V;1;V;0;V;0;V;0;V;1;V;2;V;4;V;4;V;4;V;7;V;2;V;2;V;3;V;2;V;1;V;2;V;2;V;1;V;1;V;0;V;0;V
28;079;57;7;28079057_7_8;2026;04;12;0;V;0;V;0;V;0;V;0;V;0;V;0;V;0;V;1;V;1;V;1;V;2;V;2;V;1;V;1;V;1;V;1;V;1;V;2;V;2;V;1;V;1;V;0;V;0;V
28;079;57;7;28079057_7_8;2026;04;13;0;V;0;V;0;V;0;V;0;V;0;V;0;V;2;V;4;V;4;V;2;V;2;V;2;V;2;V;2;V;2;V;1;V;3;V;3;V;4;V;3;V;3;V;7;V;0;V
28;079;57;7;28079057_7_8;2026;04;14;0;V;0;V;0;V;0;V;0;V;0;V;1;V;7;V;58;V;19;V;17;V;3;V;4;V;3;V;2;V;1;V;2;V;3;V;2;V;3;V;2;V;2;V;1;V;1;V
28;079;57;7;28079057_7_8;2026;04;15;0;V;0;V;0;V;0;V;0;V;0;V;0;V;4;V;13;V;11;V;9;V;13;V;10;V;0;N;1;V;1;V;1;V;3;V;3;V;4;V;1;V;1;V;0;V;1;V
28;079;57;7;28079057_7_8;2026;04;16;2;V;1;V;1;V;1;V;1;V;0;V;0;V;1;V;7;V;14;V;6;V;4;V;6;V;4;V;3;V;2;V;1;V;2;V;2;V;2;V;2;V;1;V;1;V;0;V
28;079;57;7;28079057_7_8;2026;04;17;1;V;0;V;0;V;0;V;0;V;0;V;0;V;1;V;7;V;11;V;5;V;4;V;6;V;6;V;4;V;2;V;1;V;2;V;2;V;1;V;3;V;2;V;1;V;1;V
28;079;57;7;28079057_7_8;2026;04;18;2;V;2;V;12;V;0;V;0;V;0;V;0;V;1;V;2;V;3;V;3;V;3;V;4;V;3;V;1;V;1;V;1;V;1;V;1;V;1;V;2;V;2;V;2;V;0;V
28;079;57;7;28079057_7_8;2026;04;19;0;V;0;V;0;V;0;V;0;V;0;V;0;V;0;V;0;V;1;V;1;V;1;V;2;V;2;V;1;V;1;V;1;V;1;V;1;V;1;V;1;V;2;V;0;V;0;V
28;079;57;7;28079057_7_8;2026;04;20;0;V;0;V;0;V;0;V;0;V;0;V;0;V;2;V;14;V;9;V;4;V;2;V;6;V;5;V;2;V;1;V;1;V;1;V;2;V;1;V;1;V;1;V;1;V;0;V
28;079;57;7;28079057_7_8;2026;04;21;1;V;0;V;0;V;0;V;0;V;0;V;0;V;1;V;8;V;9;V;4;V;2;V;3;V;4;V;3;V;1;V;1;V;1;V;1;V;3;V;2;V;1;V;1;V;1;V
28;079;57;7;28079057_7_8;2026;04;22;1;V;0;V;1;V;0;V;0;V;0;V;0;V;1;V;3;V;3;V;3;V;2;V;2;V;2;V;1;V;1;V;2;V;2;V;2;V;2;V;2;V;2;V;1;V;1;V
28;079;57;7;28079057_7_8;2026;04;23;1;V;0;V;0;V;1;V;0;V;0;V;0;V;2;V;9;V;10;V;5;V;3;V;6;V;4;V;2;V;2;V;2;V;2;V;1;V;1;V;0;V;0;V;0;V;0;V
28;079;57;7;28079057_7_8;2026;04;24;0;V;0;V;0;V;0;V;0;V;0;V;0;V;1;V;3;V;5;V;3;V;12;V;4;V;5;V;5;V;2;V;3;V;2;V;3;V;2;V;3;V;3;V;6;V;3;V
28;079;57;7;28079057_7_8;2026;04;25;1;V;1;V;1;V;0;V;0;V;0;V;0;V;1;V;2;V;2;V;1;V;2;V;3;V;2;V;1;V;1;V;1;V;1;V;1;V;2;V;1;V;1;V;1;V;1;V
28;079;57;7;28079057_7_8;2026;04;26;1;V;0;V;1;V;0;V;0;V;0;V;0;V;0;V;1;V;1;V;1;V;2;V;3;V;1;V;1;V;0;V;1;V;1;V;1;V;2;V;1;V;1;V;1;V;1;V
28;079;57;7;28079057_7_8;2026;04;27;0;V;0;V;0;V;0;V;0;V;0;V;0;V;1;V;7;V;6;V;3;V;2;V;3;V;4;V;2;V;1;V;2;V;1;V;1;V;1;V;0;V;1;V;1;V;0;V
28;079;57;7;28079057_7_8;2026;04;28;0;V;0;V;0;V;0;V;0;V;0;V;0;V;1;V;6;V;3;V;5;V;3;V;3;V;2;V;2;V;2;V;3;V;3;V;2;V;1;V;1;V;0;V;0;V;0;V
28;079;57;7;28079057_7_8;2026;04;29;0;V;0;V;0;V;0;V;0;V;0;V;0;V;1;V;0;N;0;N;3;V;3;V;1;V;1;V;1;V;1;V;1;V;3;V;1;V;1;V;1;V;1;V;0;V;0;V
28;079;57;7;28079057_7_8;2026;04;30;0;V;0;V;0;V;0;V;0;V;0;V;0;V;1;V;3;V;6;V;5;V;3;V;2;V;2;V;2;V;1;V;1;V;1;V;2;V;2;V;2;V;2;V;2;V;0;V
28;079;57;7;28079057_7_8;2026;05;01;1;V;0;V;0;V;0;V;0;V;0;V;0;V;0;V;1;V;1;V;3;V;3;V;2;V;1;V;1;V;0;V;1;V;1;V;2;V;1;V;1;V;1;V;0;V;0;V
28;079;57;7;28079057_7_8;2026;05;02;0;V;0;V;0;V;0;V;0;V;0;V;0;V;1;V;0;V;1;V;2;V;1;V;2;V;1;V;1;V;2;V;1;V;1;V;1;V;2;V;2;V;2;V;1;V;1;V
28;079;57;7;28079057_7_8;2026;05;03;1;V;1;V;3;V;2;V;1;V;0;V;1;V;0;V;1;V;1;V;2;V;2;V;2;V;1;V;1;V;1;V;1;V;1;V;1;V;1;V;1;V;1;V;0;V;0;V
28;079;57;7;28079057_7_8;2026;05;04;0;V;0;V;0;V;0;V;0;V;0;V;0;V;2;V;7;V;7;V;4;V;3;V;2;V;2;V;1;V;2;V;1;V;2;V;6;V;2;V;2;V;1;V;1;V;0;V
28;079;57;7;28079057_7_8;2026;05;05;0;V;0;V;0;V;0;V;0;V;0;V;0;V;2;V;6;V;14;V;5;V;2;V;2;V;2;V;2;V;1;V;2;V;2;V;2;V;2;V;1;V;1;V;0;V;1;V
28;079;57;7;28079057_7_8;2026;05;06;0;V;0;V;0;V;0;V;0;V;0;V;0;V;4;V;4;V;4;V;3;V;4;V;3;V;3;V;2;V;2;V;2;V;3;V;1;V;2;V;1;V;1;V;2;V;0;V
28;079;57;7;28079057_7_8;2026;05;07;0;V;0;V;0;V;0;V;0;V;0;V;0;V;1;V;5;V;0;N;0;N;0;N;0;N;0;N;0;N;0;N;0;N;0;N;0;N;0;N;0;N;0;N;0;N;0;N
28;079;57;8;28079057_8_8;2026;04;07;4;V;5;V;4;V;5;V;9;V;12;V;15;V;27;V;33;V;26;V;14;V;11;V;12;V;19;V;23;V;14;V;11;V;12;V;15;V;16;V;13;V;24;V;26;V;23;V
28;079;57;8;28079057_8_8;2026;04;08;24;V;7;V;14;V;14;V;7;V;2;V;5;V;33;V;54;V;33;V;20;V;16;V;13;V;6;V;7;V;7;V;5;V;8;V;10;V;8;V;8;V;7;V;8;V;9;V
28;079;57;8;28079057_8_8;2026;04;09;6;V;17;V;14;V;8;V;5;V;6;V;8;V;27;V;31;V;33;V;19;V;16;V;8;V;8;V;6;V;5;V;7;V;7;V;10;V;21;V;56;V;76;V;41;V;19;V
28;079;57;8;28079057_8_8;2026;04;10;15;V;6;V;3;V;4;V;3;V;4;V;10;V;21;V;34;V;29;V;19;V;13;V;10;V;11;V;11;V;7;V;6;V;8;V;10;V;12;V;19;V;36;V;61;V;43;V
28;079;57;8;28079057_8_8;2026;04;11;47;V;45;V;36;V;30;V;28;V;21;V;15;V;25;V;24;V;26;V;20;V;15;V;28;V;13;V;16;V;24;V;13;V;6;V;8;V;14;V;11;V;6;V;3;V;3;V
28;079;57;8;28079057_8_8;2026;04;12;2;V;3;V;2;V;1;V;1;V;1;V;1;V;2;V;4;V;4;V;4;V;4;V;4;V;5;V;3;V;3;V;3;V;5;V;5;V;7;V;7;V;7;V;4;V;4;V
28;079;57;8;28079057_8_8;2026;04;13;3;V;1;V;0;V;1;V;1;V;1;V;5;V;17;V;27;V;12;V;6;V;5;V;4;V;5;V;4;V;4;V;4;V;7;V;8;V;13;V;22;V;41;V;58;V;11;V
28;079;57;8;28079057_8_8;2026;04;14;4;V;3;V;4;V;3;V;8;V;12;V;28;V;54;V;77;V;46;V;36;V;10;V;11;V;6;V;4;V;3;V;5;V;5;V;5;V;8;V;14;V;18;V;10;V;12;V
28;079;57;8;28079057_8_8;2026;04;15;17;V;7;V;6;V;16;V;20;V;20;V;25;V;29;V;36;V;27;V;20;V;27;V;27;V;0;N;5;V;4;V;4;V;6;V;7;V;10;V;10;V;12;V;15;V;30;V
28;079;57;8;28079057_8_8;2026;04;16;48;V;56;V;54;V;41;V;12;V;8;V;15;V;30;V;36;V;34;V;15;V;8;V;17;V;14;V;11;V;7;V;5;V;6;V;7;V;8;V;12;V;24;V;25;V;20;V
28;079;57;8;28079057_8_8;2026;04;17;40;V;37;V;16;V;10;V;7;V;10;V;13;V;23;V;29;V;32;V;16;V;12;V;18;V;22;V;15;V;9;V;5;V;6;V;6;V;8;V;18;V;28;V;28;V;34;V
28;079;57;8;28079057_8_8;2026;04;18;39;V;47;V;70;V;13;V;10;V;8;V;6;V;12;V;15;V;14;V;11;V;13;V;16;V;13;V;6;V;5;V;4;V;3;V;5;V;9;V;24;V;45;V;30;V;17;V
28;079;57;8;28079057_8_8;2026;04;19;8;V;7;V;6;V;5;V;3;V;3;V;6;V;7;V;6;V;4;V;5;V;7;V;10;V;8;V;5;V;3;V;2;V;3;V;3;V;6;V;12;V;28;V;19;V;18;V
28;079;57;8;28079057_8_8;2026;04;20;10;V;12;V;19;V;14;V;33;V;26;V;26;V;40;V;54;V;34;V;15;V;9;V;21;V;21;V;9;V;7;V;7;V;7;V;8;V;10;V;16;V;40;V;40;V;39;V
28;079;57;8;28079057_8_8;2026;04;21;45;V;23;V;18;V;6;V;6;V;7;V;10;V;21;V;34;V;33;V;17;V;10;V;13;V;19;V;14;V;9;V;10;V;14;V;15;V;21;V;26;V;36;V;30;V;33;V
28;079;57;8;28079057_8_8;2026;04;22;47;V;29;V;20;V;14;V;6;V;6;V;10;V;15;V;20;V;15;V;9;V;7;V;5;V;5;V;4;V;4;V;5;V;6;V;6;V;8;V;12;V;25;V;33;V;34;V
28;079;57;8;28079057_8_8;2026;04;23;26;V;21;V;7;V;6;V;8;V;7;V;8;V;25;V;42;V;31;V;18;V;12;V;21;V;18;V;14;V;10;V;8;V;8;V;9;V;8;V;14;V;8;V;4;V;6;V
28;079;57;8;28079057_8_8;2026;04;24;4;V;3;V;3;V;3;V;3;V;6;V;10;V;14;V;28;V;25;V;18;V;21;V;14;V;19;V;16;V;9;V;9;V;9;V;12;V;13;V;18;V;23;V;41;V;55;V
28;079;57;8;28079057_8_8;2026;04;25;27;V;37;V;13;V;7;V;6;V;10;V;10;V;14;V;17;V;9;V;4;V;7;V;9;V;7;V;6;V;3;V;3;V;3;V;5;V;14;V;10;V;6;V;6;V;5;V
28;079;57;8;28079057_8_8;2026;04;26;6;V;3;V;3;V;3;V;3;V;4;V;5;V;5;V;5;V;4;V;3;V;5;V;7;V;3;V;3;V;2;V;2;V;3;V;4;V;6;V;8;V;31;V;18;V;10;V
28;079;57;8;28079057_8_8;2026;04;27;17;V;12;V;9;V;4;V;3;V;8;V;18;V;19;V;27;V;18;V;9;V;10;V;14;V;16;V;9;V;6;V;6;V;5;V;5;V;6;V;8;V;21;V;19;V;18;V
28;079;57;8;28079057_8_8;2026;04;28;6;V;5;V;3;V;7;V;5;V;6;V;10;V;19;V;30;V;17;V;19;V;15;V;8;V;6;V;6;V;6;V;6;V;8;V;9;V;11;V;11;V;10;V;9;V;5;V
28;079;57;8;28079057_8_8;2026;04;29;6;V;7;V;5;V;5;V;5;V;8;V;15;V;37;V;0;N;0;N;24;V;13;V;9;V;7;V;6;V;6;V;7;V;8;V;7;V;7;V;10;V;9;V;7;V;5;V
28;079;57;8;28079057_8_8;2026;04;30;4;V;3;V;2;V;2;V;2;V;4;V;8;V;16;V;22;V;24;V;17;V;9;V;6;V;6;V;8;V;7;V;7;V;9;V;9;V;11;V;16;V;25;V;37;V;28;V
28;079;57;8;28079057_8_8;2026;05;01;44;V;22;V;14;V;11;V;7;V;5;V;5;V;6;V;9;V;7;V;8;V;13;V;10;V;5;V;3;V;3;V;3;V;3;V;4;V;4;V;6;V;11;V;14;V;4;V
28;079;57;8;28079057_8_8;2026;05;02;5;V;4;V;2;V;2;V;2;V;2;V;4;V;6;V;8;V;11;V;13;V;11;V;14;V;7;V;8;V;6;V;5;V;5;V;8;V;16;V;14;V;18;V;17;V;22;V
28;079;57;8;28079057_8_8;2026;05;03;26;V;35;V;66;V;60;V;23;V;7;V;7;V;10;V;10;V;8;V;10;V;7;V;5;V;3;V;3;V;2;V;2;V;3;V;4;V;4;V;7;V;8;V;9;V;7;V
28;079;57;8;28079057_8_8;2026;05;04;6;V;5;V;5;V;8;V;5;V;4;V;18;V;29;V;25;V;30;V;16;V;8;V;5;V;4;V;3;V;3;V;4;V;5;V;5;V;7;V;7;V;11;V;9;V;9;V
28;079;57;8;28079057_8_8;2026;05;05;5;V;2;V;5;V;7;V;7;V;8;V;12;V;26;V;34;V;41;V;22;V;7;V;6;V;6;V;4;V;4;V;5;V;5;V;6;V;7;V;9;V;9;V;11;V;14;V
28;079;57;8;28079057_8_8;2026;05;06;12;V;5;V;5;V;10;V;13;V;9;V;12;V;27;V;23;V;13;V;9;V;9;V;7;V;6;V;5;V;7;V;8;V;10;V;10;V;14;V;14;V;25;V;39;V;27;V
28;079;57;8;28079057_8_8;2026;05;07;16;V;6;V;2;V;3;V;2;V;3;V;7;V;16;V;22;V;0;N;0;N;0;N;0;N;0;N;0;N;0;N;0;N;0;N;0;N;0;N;0;N;0;N;0;N;0;N
28;079;57;9;28079057_9_A;2026;04;07;5;V;6;V;4;V;3;V;5;V;6;V;9;V;6;V;8;V;5;V;5;V;5;V;5;V;5;V;9;V;4;V;10;V;13;V;8;V;12;V;21;V;15;V;15;V;15;V
28;079;57;9;28079057_9_A;2026;04;08;18;V;16;V;17;V;14;V;15;V;9;V;5;V;6;V;6;V;8;V;2;V;10;V;0;N;8;V;2;V;4;V;13;V;13;V;6;V;4;V;2;V;0;V;3;V;1;V
28;079;57;9;28079057_9_A;2026;04;09;2;V;4;V;4;V;7;V;3;V;4;V;5;V;4;V;6;V;10;V;10;V;10;V;10;V;9;V;8;V;5;V;10;V;14;V;7;V;5;V;2;V;12;V;16;V;14;V
28;079;57;9;28079057_9_A;2026;04;10;10;V;14;V;17;V;18;V;13;V;11;V;13;V;14;V;16;V;15;V;18;V;15;V;12;V;16;V;14;V;11;V;21;V;23;V;17;V;18;V;24;V;22;V;22;V;30;V
28;079;57;9;28079057_9_A;2026;04;11;31;V;29;V;23;V;21;V;18;V;21;V;20;V;22;V;20;V;19;V;22;V;10;V;16;V;18;V;20;V;19;V;19;V;24;V;27;V;33;V;31;V;29;V;22;V;14;V
28;079;57;9;28079057_9_A;2026;04;12;13;V;13;V;11;V;12;V;7;V;11;V;7;V;8;V;7;V;7;V;5;V;4;V;5;V;8;V;1;V;4;V;12;V;1;V;6;V;4;V;4;V;1;V;6;V;2;V
28;079;57;9;28079057_9_A;2026;04;13;3;V;3;V;1;V;3;V;2;V;1;V;0;V;1;V;0;V;0;V;2;V;3;V;4;V;6;V;0;V;0;V;6;V;13;V;1;V;0;V;0;V;2;V;5;V;4;V
28;079;57;9;28079057_9_A;2026;04;14;3;V;3;V;4;V;2;V;4;V;4;V;5;V;6;V;11;V;7;V;6;V;9;V;4;V;2;V;10;V;12;V;0;N;0;N;0;N;0;N;0;N;6;V;3;V;2;V
28;079;57;9;28079057_9_A;2026;04;15;3;V;6;V;3;V;6;V;3;V;3;V;3;V;5;V;6;V;6;V;6;V;9;V;11;V;0;N;0;N;0;N;4;V;6;V;5;V;10;V;6;V;3;V;5;V;8;V
28;079;57;9;28079057_9_A;2026;04;16;7;V;6;V;4;V;5;V;7;V;7;V;9;V;5;V;6;V;5;V;5;V;6;V;12;V;12;V;5;V;9;V;4;V;3;V;8;V;4;V;8;V;5;V;8;V;7;V
28;079;57;9;28079057_9_A;2026;04;17;6;V;1;V;6;V;6;V;5;V;3;V;5;V;6;V;5;V;6;V;11;V;8;V;4;V;9;V;9;V;7;V;11;V;4;V;9;V;6;V;4;V;11;V;8;V;9;V
28;079;57;9;28079057_9_A;2026;04;18;9;V;10;V;12;V;10;V;10;V;11;V;9;V;10;V;9;V;8;V;11;V;7;V;9;V;8;V;2;V;19;V;5;V;7;V;0;V;0;V;5;V;10;V;14;V;7;V
28;079;57;9;28079057_9_A;2026;04;19;8;V;9;V;4;V;3;V;5;V;4;V;4;V;5;V;7;V;7;V;8;V;9;V;8;V;19;V;3;V;9;V;13;V;14;V;9;V;2;V;8;V;12;V;7;V;10;V
28;079;57;9;28079057_9_A;2026;04;20;5;V;12;V;12;V;11;V;9;V;10;V;10;V;10;V;10;V;15;V;11;V;12;V;15;V;12;V;13;V;0;N;6;V;10;V;12;V;13;V;11;V;11;V;13;V;12;V
28;079;57;9;28079057_9_A;2026;04;21;7;V;15;V;15;V;11;V;9;V;11;V;11;V;11;V;14;V;13;V;11;V;11;V;13;V;10;V;9;V;9;V;12;V;13;V;12;V;23;V;22;V;18;V;18;V;17;V
28;079;57;9;28079057_9_A;2026;04;22;15;V;17;V;13;V;10;V;13;V;16;V;16;V;15;V;15;V;16;V;18;V;19;V;19;V;26;V;27;V;22;V;17;V;13;V;18;V;0;N;0;N;0;N;10;V;10;V
28;079;57;9;28079057_9_A;2026;04;23;14;V;14;V;13;V;12;V;14;V;13;V;11;V;11;V;13;V;15;V;17;V;9;V;13;V;13;V;14;V;16;V;15;V;25;V;19;V;3;V;11;V;13;V;12;V;15;V
28;079;57;9;28079057_9_A;2026;04;24;10;V;4;V;16;V;11;V;2;V;9;V;7;V;11;V;13;V;14;V;12;V;8;V;7;V;0;N;23;V;24;V;22;V;17;V;25;V;9;V;22;V;10;V;15;V;21;V
28;079;57;9;28079057_9_A;2026;04;25;12;V;19;V;12;V;13;V;8;V;7;V;12;V;19;V;13;V;15;V;9;V;13;V;17;V;27;V;10;V;19;V;15;V;19;V;20;V;5;V;11;V;17;V;15;V;10;V
28;079;57;9;28079057_9_A;2026;04;26;11;V;8;V;9;V;8;V;5;V;5;V;6;V;7;V;8;V;8;V;11;V;0;N;12;V;23;V;0;N;0;N;16;V;10;V;12;V;9;V;11;V;9;V;6;V;7;V
28;079;57;9;28079057_9_A;2026;04;27;0;N;0;N;0;N;0;N;7;V;5;V;8;V;8;V;8;V;10;V;12;V;0;N;19;V;11;V;12;V;9;V;0;N;0;N;10;V;7;V;3;V;5;V;5;V;5;V
28;079;57;9;28079057_9_A;2026;04;28;9;V;12;V;5;V;1;V;5;V;9;V;8;V;6;V;4;V;4;V;8;V;9;V;14;V;6;V;5;V;8;V;7;V;8;V;6;V;13;V;9;V;5;V;3;V;6;V
28;079;57;9;28079057_9_A;2026;04;29;7;V;6;V;4;V;4;V;9;V;12;V;12;V;12;V;0;N;0;N;14;V;15;V;10;V;12;V;8;V;2;V;8;V;21;V;12;V;6;V;7;V;15;V;1;V;6;V
28;079;57;9;28079057_9_A;2026;04;30;9;V;10;V;8;V;5;V;4;V;8;V;1;V;5;V;6;V;6;V;9;V;8;V;8;V;9;V;11;V;12;V;12;V;11;V;9;V;14;V;12;V;7;V;6;V;8;V
28;079;57;9;28079057_9_A;2026;05;01;7;V;11;V;11;V;11;V;7;V;7;V;5;V;8;V;9;V;12;V;9;V;9;V;5;V;8;V;12;V;0;V;3;V;9;V;10;V;6;V;2;V;6;V;8;V;16;V
28;079;57;9;28079057_9_A;2026;05;02;4;V;10;V;10;V;11;V;11;V;10;V;8;V;17;V;18;V;20;V;20;V;23;V;32;V;0;N;11;V;0;N;0;N;0;V;7;V;10;V;12;V;4;V;0;V;2;V
28;079;57;9;28079057_9_A;2026;05;03;6;V;15;V;11;V;9;V;12;V;6;V;4;V;11;V;11;V;1;V;0;N;0;N;13;V;9;V;3;V;6;V;3;V;13;V;8;V;3;V;0;V;2;V;0;V;2;V
28;079;57;9;28079057_9_A;2026;05;04;4;V;8;V;8;V;0;V;5;V;5;V;5;V;6;V;7;V;10;V;0;V;7;V;7;V;7;V;15;V;0;N;1;V;2;V;2;V;3;V;4;V;2;V;3;V;2;V
28;079;57;9;28079057_9_A;2026;05;05;2;V;4;V;2;V;3;V;5;V;1;V;2;V;3;V;5;V;9;V;7;V;3;V;3;V;4;V;0;V;4;V;1;V;7;V;4;V;3;V;1;V;2;V;1;V;2;V
28;079;57;9;28079057_9_A;2026;05;06;5;V;6;V;2;V;2;V;4;V;2;V;0;V;3;V;2;V;0;V;3;V;1;V;5;V;3;V;6;V;6;V;7;V;6;V;1;V;3;V;6;V;0;V;7;V;9;V
28;079;57;9;28079057_9_A;2026;05;07;6;V;4;V;2;V;4;V;3;V;3;V;3;V;4;V;6;V;0;N;0;N;0;N;0;N;0;N;0;N;0;N;0;N;0;N;0;N;0;N;0;N;0;N;0;N;0;N
28;079;58;12;28079058_12_8;2026;04;07;9;V;7;V;7;V;5;V;4;V;5;V;15;V;38;V;28;V;8;V;5;V;5;V;8;V;18;V;16;V;9;V;13;V;6;V;10;V;15;V;9;V;3;V;4;V;6;V
28;079;58;12;28079058_12_8;2026;04;08;6;V;5;V;7;V;5;V;1;V;1;V;7;V;19;V;7;V;8;V;5;V;10;V;10;V;11;V;23;V;9;V;8;V;9;V;6;V;5;V;2;V;4;V;7;V;8;V
28;079;58;12;28079058_12_8;2026;04;09;8;V;4;V;4;V;4;V;3;V;3;V;15;V;30;V;25;V;15;V;0;N;0;N;0;N;5;V;6;V;4;V;3;V;4;V;6;V;14;V;28;V;26;V;19;V;17;V
28;079;58;12;28079058_12_8;2026;04;10;11;V;4;V;2;V;4;V;4;V;5;V;17;V;34;V;0;N;0;N;0;N;0;N;5;V;11;V;10;V;11;V;7;V;8;V;7;V;14;V;27;V;22;V;19;V;17;V
28;079;58;12;28079058_12_8;2026;04;11;18;V;18;V;17;V;16;V;17;V;16;V;16;V;12;V;19;V;10;V;12;V;18;V;12;V;13;V;25;V;17;V;5;V;4;V;4;V;8;V;12;V;11;V;5;V;3;V
28;079;58;12;28079058_12_8;2026;04;12;2;V;3;V;3;V;2;V;2;V;1;V;2;V;4;V;4;V;3;V;2;V;3;V;2;V;3;V;5;V;3;V;3;V;5;V;4;V;5;V;6;V;5;V;5;V;3;V
28;079;58;12;28079058_12_8;2026;04;13;2;V;1;V;1;V;1;V;2;V;4;V;18;V;27;V;36;V;24;V;5;V;10;V;5;V;6;V;7;V;5;V;6;V;5;V;4;V;3;V;10;V;14;V;14;V;13;V
28;079;58;12;28079058_12_8;2026;04;14;2;V;2;V;2;V;2;V;4;V;8;V;16;V;40;V;41;V;58;V;15;V;5;V;5;V;5;V;4;V;3;V;2;V;5;V;10;V;4;V;7;V;12;V;6;V;8;V
28;079;58;12;28079058_12_8;2026;04;15;7;V;5;V;6;V;9;V;7;V;8;V;18;V;35;V;29;V;20;V;39;V;24;V;21;V;13;V;9;V;11;V;11;V;7;V;7;V;4;V;4;V;9;V;14;V;10;V
28;079;58;12;28079058_12_8;2026;04;16;8;V;7;V;7;V;7;V;6;V;6;V;18;V;45;V;31;V;26;V;9;V;8;V;11;V;15;V;15;V;10;V;11;V;9;V;4;V;4;V;5;V;20;V;18;V;13;V
28;079;58;12;28079058_12_8;2026;04;17;10;V;6;V;7;V;6;V;7;V;7;V;21;V;29;V;25;V;14;V;14;V;13;V;17;V;20;V;12;V;6;V;8;V;6;V;5;V;4;V;11;V;21;V;16;V;15;V
28;079;58;12;28079058_12_8;2026;04;18;13;V;8;V;8;V;6;V;6;V;7;V;11;V;8;V;14;V;10;V;11;V;8;V;7;V;6;V;6;V;4;V;4;V;3;V;6;V;9;V;23;V;17;V;16;V;11;V
28;079;58;12;28079058_12_8;2026;04;19;11;V;8;V;7;V;6;V;5;V;5;V;8;V;9;V;7;V;9;V;6;V;5;V;7;V;9;V;6;V;4;V;5;V;4;V;6;V;5;V;11;V;21;V;11;V;17;V
28;079;58;12;28079058_12_8;2026;04;20;14;V;7;V;7;V;6;V;5;V;7;V;21;V;40;V;22;V;17;V;15;V;14;V;15;V;9;V;8;V;8;V;7;V;6;V;12;V;13;V;16;V;17;V;17;V;13;V
28;079;58;12;28079058_12_8;2026;04;21;9;V;7;V;5;V;5;V;5;V;6;V;20;V;42;V;23;V;14;V;15;V;7;V;13;V;16;V;16;V;10;V;9;V;10;V;13;V;12;V;10;V;15;V;16;V;12;V
28;079;58;12;28079058_12_8;2026;04;22;10;V;9;V;9;V;8;V;9;V;10;V;17;V;41;V;58;V;36;V;8;V;7;V;5;V;4;V;8;V;5;V;6;V;8;V;8;V;10;V;20;V;18;V;10;V;9;V
28;079;58;12;28079058_12_8;2026;04;23;6;V;5;V;5;V;4;V;5;V;6;V;18;V;38;V;17;V;20;V;0;N;0;N;0;N;0;N;22;V;14;V;12;V;8;V;8;V;10;V;14;V;15;V;6;V;7;V
28;079;58;12;28079058_12_8;2026;04;24;5;V;4;V;5;V;6;V;4;V;5;V;9;V;13;V;15;V;14;V;15;V;13;V;18;V;21;V;19;V;15;V;9;V;9;V;10;V;11;V;17;V;18;V;18;V;16;V
28;079;58;12;28079058_12_8;2026;04;25;18;V;19;V;9;V;5;V;7;V;8;V;9;V;9;V;11;V;9;V;8;V;4;V;6;V;8;V;8;V;6;V;5;V;7;V;8;V;7;V;12;V;8;V;5;V;4;V
28;079;58;12;28079058_12_8;2026;04;26;6;V;4;V;5;V;5;V;5;V;6;V;7;V;10;V;11;V;7;V;3;V;4;V;5;V;8;V;6;V;4;V;4;V;6;V;6;V;8;V;17;V;15;V;18;V;12;V
28;079;58;12;28079058_12_8;2026;04;27;6;V;6;V;7;V;8;V;7;V;7;V;21;V;37;V;23;V;10;V;14;V;10;V;8;V;12;V;12;V;8;V;6;V;6;V;7;V;6;V;10;V;24;V;23;V;15;V
28;079;58;12;28079058_12_8;2026;04;28;11;V;9;V;7;V;4;V;5;V;6;V;16;V;34;V;24;V;12;V;16;V;13;V;15;V;8;V;6;V;7;V;6;V;7;V;8;V;10;V;8;V;7;V;6;V;5;V
28;079;58;12;28079058_12_8;2026;04;29;5;V;4;V;4;V;5;V;5;V;6;V;16;V;21;V;25;V;42;V;29;V;15;V;11;V;10;V;11;V;6;V;4;V;4;V;6;V;11;V;16;V;9;V;7;V;9;V
28;079;58;12;28079058_12_8;2026;04;30;11;V;9;V;6;V;5;V;7;V;8;V;18;V;31;V;39;V;11;V;15;V;10;V;12;V;8;V;14;V;5;V;6;V;8;V;6;V;15;V;17;V;18;V;16;V;13;V
28;079;58;12;28079058_12_8;2026;05;01;12;V;10;V;10;V;9;V;9;V;8;V;9;V;12;V;12;V;7;V;9;V;8;V;8;V;10;V;6;V;5;V;4;V;4;V;5;V;6;V;11;V;21;V;17;V;12;V
28;079;58;12;28079058_12_8;2026;05;02;5;V;4;V;4;V;6;V;4;V;6;V;6;V;6;V;6;V;8;V;11;V;10;V;9;V;8;V;7;V;4;V;5;V;5;V;6;V;6;V;7;V;9;V;14;V;12;V
28;079;58;12;28079058_12_8;2026;05;03;10;V;9;V;8;V;8;V;6;V;5;V;9;V;7;V;8;V;7;V;5;V;6;V;4;V;3;V;3;V;2;V;3;V;2;V;3;V;3;V;5;V;7;V;14;V;10;V
28;079;58;12;28079058_12_8;2026;05;04;13;V;6;V;6;V;8;V;9;V;9;V;17;V;29;V;34;V;19;V;17;V;15;V;4;V;8;V;6;V;5;V;8;V;12;V;11;V;11;V;19;V;23;V;8;V;5;V
28;079;58;12;28079058_12_8;2026;05;05;4;V;2;V;3;V;3;V;3;V;4;V;17;V;29;V;17;V;9;V;10;V;14;V;17;V;13;V;9;V;12;V;11;V;8;V;7;V;8;V;6;V;7;V;9;V;13;V
28;079;58;12;28079058_12_8;2026;05;06;10;V;9;V;7;V;8;V;8;V;8;V;20;V;32;V;22;V;12;V;4;V;8;V;12;V;15;V;11;V;7;V;8;V;6;V;6;V;13;V;22;V;28;V;19;V;17;V
28;079;58;12;28079058_12_8;2026;05;07;14;V;11;V;4;V;4;V;3;V;3;V;5;V;8;V;0;N;0;N;0;N;0;N;0;N;0;N;0;N;0;N;0;N;0;N;0;N;0;N;0;N;0;N;0;N;0;N
28;079;58;14;28079058_14_6;2026;04;07;69;V;74;V;64;V;55;V;48;V;49;V;42;V;29;V;39;V;70;V;80;V;89;V;90;V;85;V;90;V;100;V;91;V;96;V;97;V;78;V;65;V;61;V;44;V;32;V
28;079;58;14;28079058_14_6;2026;04;08;29;V;32;V;21;V;29;V;69;V;57;V;38;V;19;V;37;V;44;V;61;V;61;V;74;V;82;V;71;V;89;V;86;V;62;V;74;V;76;V;79;V;82;V;64;V;48;V
28;079;58;14;28079058_14_6;2026;04;09;45;V;44;V;31;V;28;V;25;V;21;V;15;V;6;V;5;V;17;V;0;N;0;N;0;N;97;V;106;V;109;V;108;V;107;V;101;V;79;V;44;V;39;V;38;V;35;V
28;079;58;14;28079058_14_6;2026;04;10;37;V;71;V;80;V;64;V;57;V;51;V;36;V;27;V;0;N;0;N;0;N;0;N;105;V;101;V;105;V;106;V;109;V;102;V;98;V;84;V;52;V;45;V;36;V;33;V
28;079;58;14;28079058_14_6;2026;04;11;32;V;30;V;28;V;27;V;27;V;28;V;24;V;27;V;23;V;30;V;43;V;68;V;86;V;86;V;78;V;87;V;95;V;94;V;89;V;77;V;60;V;58;V;71;V;75;V
28;079;58;14;28079058_14_6;2026;04;12;73;V;68;V;67;V;71;V;65;V;67;V;72;V;66;V;65;V;71;V;75;V;75;V;73;V;68;V;71;V;77;V;88;V;69;V;63;V;77;V;76;V;82;V;79;V;84;V
28;079;58;14;28079058_14_6;2026;04;13;81;V;82;V;80;V;74;V;60;V;51;V;36;V;29;V;22;V;58;V;85;V;85;V;90;V;91;V;94;V;98;V;100;V;98;V;98;V;97;V;73;V;55;V;52;V;47;V
28;079;58;14;28079058_14_6;2026;04;14;87;V;86;V;77;V;81;V;67;V;43;V;26;V;16;V;15;V;14;V;69;V;86;V;89;V;91;V;94;V;95;V;100;V;99;V;96;V;98;V;81;V;60;V;57;V;44;V
28;079;58;14;28079058_14_6;2026;04;15;40;V;37;V;28;V;24;V;27;V;25;V;15;V;6;V;9;V;30;V;40;V;60;V;71;V;89;V;90;V;91;V;91;V;92;V;91;V;87;V;83;V;69;V;59;V;50;V
28;079;58;14;28079058_14_6;2026;04;16;45;V;36;V;34;V;29;V;29;V;28;V;19;V;7;V;14;V;27;V;69;V;83;V;87;V;89;V;95;V;102;V;98;V;94;V;99;V;96;V;89;V;53;V;47;V;43;V
28;079;58;14;28079058_14_6;2026;04;17;41;V;40;V;31;V;28;V;26;V;25;V;17;V;11;V;13;V;30;V;58;V;74;V;85;V;88;V;98;V;107;V;107;V;110;V;111;V;106;V;85;V;54;V;51;V;48;V
28;079;58;14;28079058_14_6;2026;04;18;42;V;40;V;34;V;32;V;26;V;27;V;24;V;24;V;19;V;36;V;71;V;93;V;101;V;113;V;116;V;124;V;123;V;116;V;115;V;106;V;67;V;62;V;59;V;53;V
28;079;58;14;28079058_14_6;2026;04;19;46;V;47;V;42;V;42;V;48;V;44;V;36;V;32;V;33;V;44;V;79;V;101;V;111;V;121;V;121;V;127;V;124;V;123;V;121;V;114;V;102;V;68;V;62;V;50;V
28;079;58;14;28079058_14_6;2026;04;20;47;V;47;V;41;V;37;V;38;V;41;V;30;V;16;V;24;V;40;V;69;V;88;V;98;V;113;V;123;V;130;V;130;V;123;V;117;V;110;V;85;V;68;V;58;V;55;V
28;079;58;14;28079058_14_6;2026;04;21;48;V;47;V;47;V;42;V;40;V;44;V;31;V;17;V;22;V;41;V;67;V;101;V;106;V;112;V;115;V;125;V;119;V;118;V;103;V;85;V;80;V;59;V;47;V;43;V
28;079;58;14;28079058_14_6;2026;04;22;39;V;40;V;37;V;31;V;22;V;22;V;16;V;9;V;9;V;47;V;80;V;82;V;85;V;90;V;91;V;95;V;96;V;96;V;95;V;93;V;79;V;58;V;60;V;53;V
28;079;58;14;28079058_14_6;2026;04;23;48;V;41;V;39;V;35;V;32;V;27;V;17;V;13;V;27;V;39;V;0;N;0;N;0;N;0;N;0;N;116;V;121;V;122;V;117;V;107;V;95;V;83;V;94;V;94;V
28;079;58;14;28079058_14_6;2026;04;24;98;V;97;V;82;V;91;V;80;V;59;V;50;V;44;V;36;V;41;V;54;V;76;V;75;V;75;V;80;V;88;V;102;V;111;V;111;V;106;V;72;V;58;V;44;V;33;V
28;079;58;14;28079058_14_6;2026;04;25;27;V;44;V;58;V;78;V;70;V;57;V;48;V;38;V;35;V;52;V;72;V;87;V;90;V;94;V;99;V;107;V;110;V;110;V;106;V;87;V;57;V;73;V;87;V;85;V
28;079;58;14;28079058_14_6;2026;04;26;77;V;79;V;68;V;51;V;43;V;31;V;23;V;18;V;16;V;36;V;83;V;87;V;93;V;101;V;111;V;114;V;117;V;114;V;112;V;111;V;90;V;79;V;59;V;65;V
28;079;58;14;28079058_14_6;2026;04;27;75;V;54;V;42;V;43;V;35;V;29;V;18;V;10;V;15;V;39;V;63;V;95;V;111;V;107;V;116;V;128;V;128;V;126;V;121;V;116;V;105;V;72;V;61;V;58;V
28;079;58;14;28079058_14_6;2026;04;28;51;V;53;V;77;V;87;V;71;V;63;V;54;V;31;V;36;V;73;V;94;V;101;V;106;V;117;V;121;V;124;V;130;V;133;V;131;V;121;V;104;V;97;V;97;V;94;V
28;079;58;14;28079058_14_6;2026;04;29;95;V;91;V;81;V;75;V;65;V;55;V;34;V;18;V;20;V;25;V;43;V;56;V;73;V;82;V;83;V;101;V;99;V;99;V;94;V;87;V;77;V;75;V;50;V;33;V
28;079;58;14;28079058_14_6;2026;04;30;29;V;31;V;38;V;31;V;23;V;22;V;11;V;7;V;18;V;47;V;57;V;83;V;95;V;102;V;106;V;112;V;115;V;116;V;115;V;102;V;88;V;60;V;50;V;43;V
28;079;58;14;28079058_14_6;2026;05;01;37;V;26;V;30;V;23;V;24;V;15;V;10;V;5;V;12;V;35;V;73;V;86;V;101;V;107;V;122;V;126;V;126;V;129;V;126;V;122;V;106;V;67;V;58;V;65;V
28;079;58;14;28079058_14_6;2026;05;02;85;V;81;V;83;V;77;V;80;V;67;V;67;V;58;V;48;V;48;V;45;V;47;V;56;V;63;V;65;V;82;V;86;V;81;V;69;V;67;V;65;V;37;V;22;V;16;V
28;079;58;14;28079058_14_6;2026;05;03;13;V;10;V;7;V;2;V;1;V;2;V;2;V;0;N;0;N;0;N;0;N;0;N;0;N;0;N;0;N;0;N;0;N;0;N;0;N;0;N;80;V;77;V;55;V;48;V
28;079;58;14;28079058_14_6;2026;05;04;43;V;56;V;46;V;29;V;27;V;15;V;8;V;6;V;10;V;31;V;35;V;67;V;92;V;95;V;100;V;102;V;99;V;90;V;90;V;86;V;78;V;74;V;86;V;78;V
28;079;58;14;28079058_14_6;2026;05;05;84;V;92;V;88;V;81;V;74;V;67;V;46;V;22;V;43;V;66;V;81;V;92;V;92;V;95;V;98;V;98;V;99;V;103;V;103;V;101;V;101;V;93;V;74;V;61;V
28;079;58;14;28079058_14_6;2026;05;06;50;V;41;V;40;V;30;V;35;V;34;V;25;V;13;V;23;V;55;V;91;V;91;V;92;V;97;V;102;V;114;V;117;V;123;V;125;V;118;V;86;V;65;V;63;V;62;V
28;079;58;14;28079058_14_6;2026;05;07;53;V;53;V;73;V;70;V;78;V;78;V;77;V;74;V;0;N;0;N;0;N;0;N;0;N;0;N;0;N;0;N;0;N;0;N;0;N;0;N;0;N;0;N;0;N;0;N
28;079;58;7;28079058_7_8;2026;04;07;0;V;0;V;0;V;0;V;0;V;0;V;0;V;2;V;1;V;0;V;0;V;0;V;0;V;1;V;1;V;0;V;1;V;0;V;0;V;1;V;1;V;0;V;0;V;0;V
28;079;58;7;28079058_7_8;2026;04;08;0;V;0;V;0;V;0;V;0;V;0;V;0;V;1;V;0;V;0;V;0;V;0;V;1;V;2;V;6;V;2;V;2;V;2;V;0;V;1;V;0;V;0;V;0;V;0;V
28;079;58;7;28079058_7_8;2026;04;09;0;V;0;V;0;V;0;V;0;V;0;V;3;V;10;V;8;V;4;V;0;N;0;N;0;N;0;V;0;V;0;V;0;V;0;V;0;V;0;V;1;V;1;V;1;V;0;V
28;079;58;7;28079058_7_8;2026;04;10;0;V;0;V;0;V;0;V;0;V;0;V;1;V;4;V;0;N;0;N;0;N;0;N;0;V;1;V;0;V;0;V;0;V;0;V;0;V;0;V;1;V;0;V;1;V;1;V
28;079;58;7;28079058_7_8;2026;04;11;1;V;1;V;1;V;0;V;2;V;1;V;1;V;0;V;2;V;1;V;1;V;1;V;0;V;0;V;1;V;0;V;0;V;0;V;0;V;0;V;0;V;0;V;0;V;0;V
28;079;58;7;28079058_7_8;2026;04;12;0;V;0;V;0;V;0;V;0;V;0;V;0;V;0;V;0;V;0;V;0;V;0;V;0;V;0;V;0;V;0;V;0;V;1;V;0;V;0;V;0;V;0;V;0;V;0;V
28;079;58;7;28079058_7_8;2026;04;13;0;V;0;V;0;V;0;V;0;V;0;V;1;V;2;V;7;V;7;V;1;V;2;V;1;V;1;V;1;V;1;V;1;V;1;V;0;V;0;V;0;V;0;V;0;V;0;V
28;079;58;7;28079058_7_8;2026;04;14;0;V;0;V;0;V;0;V;0;V;0;V;1;V;6;V;10;V;20;V;3;V;1;V;1;V;0;V;0;V;0;V;0;V;0;V;1;V;0;V;0;V;0;V;0;V;0;V
28;079;58;7;28079058_7_8;2026;04;15;0;V;0;V;0;V;0;V;0;V;0;V;3;V;10;V;9;V;4;V;9;V;4;V;3;V;2;V;1;V;2;V;2;V;1;V;1;V;0;V;0;V;0;V;0;V;0;V
28;079;58;7;28079058_7_8;2026;04;16;0;V;0;V;0;V;0;V;0;V;0;V;2;V;13;V;10;V;6;V;1;V;1;V;1;V;2;V;2;V;1;V;2;V;2;V;0;V;0;V;0;V;0;V;0;V;0;V
28;079;58;7;28079058_7_8;2026;04;17;0;V;0;V;0;V;0;V;0;V;0;V;3;V;6;V;5;V;3;V;1;V;1;V;2;V;2;V;1;V;0;V;1;V;0;V;0;V;0;V;0;V;0;V;0;V;0;V
28;079;58;7;28079058_7_8;2026;04;18;0;V;0;V;0;V;0;V;0;V;0;V;0;V;0;V;3;V;1;V;1;V;0;V;0;V;0;V;0;V;0;V;0;V;0;V;0;V;0;V;0;V;0;V;0;V;0;V
28;079;58;7;28079058_7_8;2026;04;19;0;V;0;V;0;V;0;V;0;V;0;V;0;V;0;V;0;V;1;V;0;V;0;V;0;V;0;V;0;V;0;V;0;V;0;V;0;V;0;V;0;V;0;V;0;V;0;V
28;079;58;7;28079058_7_8;2026;04;20;0;V;0;V;0;V;0;V;0;V;0;V;1;V;6;V;3;V;2;V;1;V;1;V;1;V;0;V;0;V;0;V;0;V;0;V;2;V;2;V;0;V;0;V;0;V;0;V
28;079;58;7;28079058_7_8;2026;04;21;0;V;0;V;0;V;0;V;0;V;0;V;2;V;9;V;4;V;2;V;1;V;0;V;1;V;1;V;1;V;0;V;0;V;0;V;1;V;0;V;0;V;0;V;0;V;0;V
28;079;58;7;28079058_7_8;2026;04;22;0;V;0;V;0;V;0;V;0;V;0;V;2;V;13;V;19;V;7;V;0;V;1;V;1;V;0;V;1;V;0;V;1;V;1;V;1;V;1;V;1;V;0;V;0;V;0;V
28;079;58;7;28079058_7_8;2026;04;23;0;V;0;V;0;V;0;V;0;V;0;V;2;V;9;V;2;V;3;V;0;N;0;N;0;N;0;N;1;V;0;V;0;V;0;V;0;V;0;V;0;V;0;V;0;V;0;V
28;079;58;7;28079058_7_8;2026;04;24;0;V;0;V;0;V;0;V;0;V;0;V;0;V;0;V;0;V;0;V;0;V;0;V;0;V;2;V;1;V;1;V;0;V;0;V;0;V;0;V;0;V;0;V;0;V;0;V
28;079;58;7;28079058_7_8;2026;04;25;0;V;0;V;0;V;0;V;0;V;0;V;0;V;0;V;0;V;0;V;0;V;0;V;0;V;0;V;0;V;0;V;0;V;0;V;0;V;0;V;0;V;0;V;0;V;0;V
28;079;58;7;28079058_7_8;2026;04;26;0;V;0;V;0;V;0;V;0;V;0;V;0;V;1;V;1;V;0;V;0;V;0;V;0;V;0;V;0;V;0;V;0;V;0;V;0;V;0;V;0;V;0;V;0;V;0;V
28;079;58;7;28079058_7_8;2026;04;27;0;V;0;V;0;V;0;V;0;V;0;V;2;V;9;V;6;V;1;V;1;V;0;V;0;V;0;V;0;V;0;V;0;V;0;V;0;V;0;V;0;V;0;V;0;V;0;V
28;079;58;7;28079058_7_8;2026;04;28;0;V;0;V;0;V;0;V;0;V;0;V;0;V;3;V;3;V;0;V;1;V;0;V;1;V;0;V;0;V;0;V;0;V;0;V;0;V;0;V;0;V;0;V;0;V;0;V
28;079;58;7;28079058_7_8;2026;04;29;0;V;0;V;0;V;0;V;0;V;0;V;0;V;2;V;2;V;6;V;0;V;0;V;0;V;0;V;0;V;0;V;0;V;0;V;0;V;0;V;0;V;0;V;0;V;0;V
28;079;58;7;28079058_7_8;2026;04;30;0;V;0;V;0;V;0;V;0;V;0;V;2;V;11;V;14;V;1;V;2;V;1;V;1;V;0;V;2;V;0;V;0;V;0;V;0;V;1;V;0;V;0;V;0;V;0;V
28;079;58;7;28079058_7_8;2026;05;01;0;V;0;V;0;V;0;V;0;V;0;V;0;V;2;V;3;V;0;V;0;V;0;V;0;V;0;V;0;V;0;V;0;V;0;V;0;V;0;V;0;V;0;V;0;V;0;V
28;079;58;7;28079058_7_8;2026;05;02;0;V;0;V;0;V;0;V;0;V;0;V;0;V;0;V;0;V;0;V;0;V;0;V;0;V;0;V;0;V;0;V;0;V;0;V;0;V;0;V;0;V;0;V;0;V;0;V
28;079;58;7;28079058_7_8;2026;05;03;0;V;0;V;0;V;0;V;0;V;0;V;1;V;0;V;0;V;0;V;0;V;0;V;0;V;0;V;0;V;0;V;0;V;0;V;0;V;0;V;0;V;0;V;0;V;0;V
28;079;58;7;28079058_7_8;2026;05;04;0;V;0;V;0;V;0;V;0;V;0;V;3;V;9;V;13;V;2;V;3;V;3;V;0;V;2;V;1;V;1;V;1;V;2;V;2;V;1;V;3;V;3;V;0;V;0;V
28;079;58;7;28079058_7_8;2026;05;05;0;V;0;V;0;V;0;V;0;V;0;V;2;V;2;V;1;V;0;V;1;V;2;V;3;V;2;V;1;V;2;V;2;V;1;V;0;V;0;V;0;V;0;V;0;V;0;V
28;079;58;7;28079058_7_8;2026;05;06;0;V;0;V;0;V;0;V;0;V;0;V;2;V;7;V;5;V;2;V;0;V;0;V;1;V;2;V;0;V;0;V;0;V;0;V;0;V;0;V;0;V;0;V;0;V;0;V
28;079;58;7;28079058_7_8;2026;05;07;0;V;0;V;0;V;0;V;0;V;0;V;0;V;0;V;0;N;0;N;0;N;0;N;0;N;0;N;0;N;0;N;0;N;0;N;0;N;0;N;0;N;0;N;0;N;0;N
28;079;58;8;28079058_8_8;2026;04;07;9;V;7;V;7;V;5;V;4;V;5;V;15;V;34;V;26;V;8;V;5;V;5;V;7;V;16;V;14;V;9;V;10;V;6;V;9;V;12;V;8;V;3;V;4;V;6;V
28;079;58;8;28079058_8_8;2026;04;08;6;V;5;V;7;V;5;V;1;V;1;V;7;V;17;V;7;V;8;V;5;V;10;V;8;V;9;V;14;V;6;V;6;V;7;V;5;V;4;V;2;V;4;V;7;V;8;V
28;079;58;8;28079058_8_8;2026;04;09;8;V;4;V;4;V;4;V;3;V;3;V;10;V;14;V;13;V;10;V;0;N;0;N;0;N;5;V;6;V;4;V;3;V;4;V;6;V;13;V;27;V;24;V;17;V;16;V
28;079;58;8;28079058_8_8;2026;04;10;11;V;4;V;2;V;4;V;4;V;5;V;15;V;28;V;0;N;0;N;0;N;0;N;5;V;10;V;10;V;10;V;7;V;7;V;7;V;14;V;25;V;22;V;18;V;16;V
28;079;58;8;28079058_8_8;2026;04;11;18;V;17;V;16;V;16;V;14;V;14;V;15;V;12;V;16;V;9;V;11;V;16;V;12;V;13;V;23;V;16;V;5;V;4;V;4;V;8;V;12;V;11;V;5;V;3;V
28;079;58;8;28079058_8_8;2026;04;12;2;V;3;V;3;V;2;V;2;V;1;V;2;V;4;V;4;V;3;V;2;V;3;V;2;V;3;V;5;V;3;V;3;V;4;V;3;V;4;V;6;V;5;V;5;V;3;V
28;079;58;8;28079058_8_8;2026;04;13;2;V;1;V;1;V;1;V;2;V;4;V;16;V;24;V;26;V;14;V;4;V;7;V;4;V;5;V;5;V;4;V;4;V;4;V;4;V;3;V;10;V;13;V;14;V;13;V
28;079;58;8;28079058_8_8;2026;04;14;2;V;2;V;2;V;2;V;4;V;8;V;15;V;31;V;26;V;27;V;10;V;4;V;4;V;5;V;4;V;3;V;2;V;4;V;8;V;4;V;7;V;12;V;6;V;8;V
28;079;58;8;28079058_8_8;2026;04;15;7;V;5;V;6;V;9;V;7;V;8;V;14;V;20;V;16;V;13;V;25;V;18;V;17;V;10;V;7;V;9;V;8;V;6;V;5;V;4;V;4;V;9;V;14;V;10;V
28;079;58;8;28079058_8_8;2026;04;16;8;V;7;V;7;V;7;V;6;V;6;V;15;V;24;V;17;V;17;V;7;V;7;V;9;V;13;V;12;V;9;V;8;V;6;V;4;V;3;V;5;V;19;V;18;V;13;V
28;079;58;8;28079058_8_8;2026;04;17;10;V;6;V;7;V;6;V;6;V;7;V;16;V;20;V;17;V;10;V;12;V;11;V;13;V;16;V;10;V;6;V;7;V;5;V;5;V;4;V;11;V;20;V;16;V;15;V
28;079;58;8;28079058_8_8;2026;04;18;13;V;8;V;8;V;6;V;6;V;7;V;11;V;8;V;10;V;8;V;10;V;8;V;7;V;6;V;6;V;4;V;4;V;3;V;5;V;9;V;23;V;17;V;16;V;11;V
28;079;58;8;28079058_8_8;2026;04;19;11;V;8;V;7;V;6;V;5;V;5;V;8;V;9;V;7;V;7;V;6;V;5;V;7;V;9;V;6;V;4;V;4;V;4;V;5;V;5;V;10;V;21;V;11;V;16;V
28;079;58;8;28079058_8_8;2026;04;20;14;V;7;V;7;V;6;V;5;V;7;V;20;V;30;V;17;V;13;V;13;V;12;V;13;V;9;V;8;V;7;V;7;V;6;V;9;V;10;V;16;V;17;V;17;V;13;V
28;079;58;8;28079058_8_8;2026;04;21;9;V;7;V;5;V;5;V;5;V;6;V;17;V;27;V;17;V;11;V;13;V;7;V;12;V;15;V;15;V;10;V;9;V;9;V;11;V;11;V;10;V;15;V;16;V;12;V
28;079;58;8;28079058_8_8;2026;04;22;10;V;9;V;9;V;8;V;9;V;10;V;15;V;22;V;28;V;26;V;8;V;6;V;5;V;4;V;6;V;4;V;5;V;7;V;7;V;8;V;18;V;17;V;10;V;9;V
28;079;58;8;28079058_8_8;2026;04;23;6;V;5;V;5;V;4;V;5;V;6;V;15;V;25;V;13;V;16;V;0;N;0;N;0;N;0;N;20;V;14;V;12;V;8;V;8;V;10;V;14;V;15;V;6;V;7;V
28;079;58;8;28079058_8_8;2026;04;24;5;V;4;V;5;V;6;V;4;V;5;V;9;V;13;V;15;V;14;V;15;V;13;V;17;V;18;V;17;V;14;V;9;V;9;V;10;V;11;V;17;V;18;V;18;V;16;V
28;079;58;8;28079058_8_8;2026;04;25;18;V;19;V;9;V;5;V;7;V;8;V;9;V;9;V;11;V;9;V;8;V;4;V;6;V;8;V;8;V;6;V;5;V;7;V;8;V;7;V;11;V;8;V;5;V;4;V
28;079;58;8;28079058_8_8;2026;04;26;6;V;4;V;5;V;5;V;5;V;6;V;7;V;9;V;9;V;6;V;3;V;4;V;5;V;7;V;6;V;4;V;4;V;6;V;6;V;8;V;16;V;15;V;18;V;12;V
28;079;58;8;28079058_8_8;2026;04;27;6;V;6;V;7;V;8;V;7;V;7;V;17;V;22;V;14;V;10;V;12;V;9;V;8;V;12;V;11;V;8;V;6;V;6;V;7;V;6;V;10;V;24;V;23;V;15;V
28;079;58;8;28079058_8_8;2026;04;28;11;V;9;V;7;V;4;V;5;V;6;V;16;V;29;V;20;V;12;V;15;V;13;V;13;V;8;V;6;V;7;V;6;V;7;V;8;V;10;V;8;V;7;V;6;V;5;V
28;079;58;8;28079058_8_8;2026;04;29;5;V;4;V;4;V;5;V;5;V;6;V;15;V;18;V;23;V;34;V;28;V;15;V;11;V;10;V;10;V;6;V;4;V;4;V;6;V;10;V;16;V;9;V;7;V;9;V
28;079;58;8;28079058_8_8;2026;04;30;11;V;9;V;6;V;5;V;7;V;8;V;14;V;14;V;17;V;10;V;13;V;9;V;10;V;8;V;11;V;5;V;6;V;8;V;6;V;14;V;17;V;17;V;16;V;13;V
28;079;58;8;28079058_8_8;2026;05;01;12;V;10;V;10;V;9;V;9;V;8;V;9;V;9;V;7;V;6;V;8;V;8;V;8;V;10;V;6;V;5;V;4;V;4;V;5;V;6;V;11;V;21;V;17;V;12;V
28;079;58;8;28079058_8_8;2026;05;02;5;V;4;V;4;V;6;V;4;V;6;V;6;V;6;V;6;V;8;V;11;V;10;V;9;V;8;V;7;V;4;V;5;V;5;V;6;V;6;V;7;V;9;V;14;V;12;V
28;079;58;8;28079058_8_8;2026;05;03;10;V;9;V;8;V;8;V;6;V;5;V;7;V;7;V;8;V;6;V;5;V;6;V;4;V;3;V;3;V;2;V;3;V;2;V;3;V;3;V;5;V;7;V;14;V;10;V
28;079;58;8;28079058_8_8;2026;05;04;13;V;6;V;6;V;8;V;9;V;9;V;13;V;14;V;14;V;16;V;13;V;10;V;4;V;6;V;4;V;4;V;6;V;10;V;8;V;9;V;15;V;19;V;8;V;5;V
28;079;58;8;28079058_8_8;2026;05;05;4;V;2;V;3;V;3;V;3;V;4;V;14;V;26;V;16;V;9;V;9;V;10;V;11;V;10;V;8;V;10;V;9;V;7;V;7;V;8;V;6;V;7;V;9;V;13;V
28;079;58;8;28079058_8_8;2026;05;06;10;V;9;V;7;V;8;V;8;V;8;V;17;V;22;V;14;V;10;V;4;V;8;V;10;V;11;V;11;V;7;V;7;V;6;V;6;V;12;V;22;V;28;V;19;V;17;V
28;079;58;8;28079058_8_8;2026;05;07;14;V;11;V;4;V;4;V;3;V;3;V;5;V;8;V;0;N;0;N;0;N;0;N;0;N;0;N;0;N;0;N;0;N;0;N;0;N;0;N;0;N;0;N;0;N;0;N
28;079;59;12;28079059_12_8;2026;04;07;6;V;6;V;7;V;7;V;12;V;13;V;20;V;36;V;34;V;30;V;14;V;14;V;14;V;35;V;27;V;23;V;13;V;13;V;13;V;15;V;14;V;17;V;25;V;35;V
28;079;59;12;28079059_12_8;2026;04;08;38;V;30;V;33;V;30;V;8;V;6;V;11;V;25;V;49;V;50;V;19;V;15;V;18;V;11;V;10;V;12;V;10;V;12;V;12;V;10;V;9;V;9;V;9;V;10;V
28;079;59;12;28079059_12_8;2026;04;09;11;V;24;V;16;V;12;V;9;V;8;V;14;V;33;V;63;V;60;V;27;V;13;V;19;V;11;V;6;V;6;V;7;V;8;V;7;V;9;V;28;V;30;V;30;V;20;V
28;079;59;12;28079059_12_8;2026;04;10;15;V;8;V;4;V;4;V;5;V;8;V;12;V;23;V;28;V;26;V;25;V;17;V;23;V;15;V;11;V;6;V;4;V;6;V;10;V;11;V;25;V;39;V;32;V;64;V
28;079;59;12;28079059_12_8;2026;04;11;98;V;100;V;39;V;22;V;20;V;16;V;21;V;30;V;27;V;12;V;23;V;41;V;16;V;13;V;20;V;23;V;19;V;6;V;7;V;8;V;14;V;7;V;9;V;6;V
28;079;59;12;28079059_12_8;2026;04;12;12;V;5;V;8;V;5;V;5;V;7;V;5;V;4;V;8;V;12;V;12;V;8;V;9;V;9;V;7;V;8;V;13;V;10;V;5;V;6;V;3;V;4;V;5;V;4;V
28;079;59;12;28079059_12_8;2026;04;13;3;V;3;V;2;V;2;V;2;V;4;V;13;V;25;V;22;V;27;V;12;V;9;V;6;V;5;V;5;V;4;V;6;V;6;V;8;V;8;V;16;V;24;V;40;V;25;V
28;079;59;12;28079059_12_8;2026;04;14;6;V;4;V;5;V;4;V;6;V;18;V;44;V;85;V;152;V;197;V;98;V;16;V;14;V;6;V;5;V;3;V;5;V;7;V;4;V;4;V;5;V;12;V;11;V;11;V
28;079;59;12;28079059_12_8;2026;04;15;22;V;70;V;50;V;44;V;31;V;45;V;52;V;65;V;81;V;57;V;61;V;46;V;42;V;35;V;9;V;6;V;6;V;7;V;8;V;9;V;8;V;13;V;23;V;26;V
28;079;59;12;28079059_12_8;2026;04;16;48;V;56;V;42;V;50;V;42;V;18;V;41;V;25;V;30;V;18;V;25;V;38;V;28;V;23;V;18;V;14;V;10;V;9;V;9;V;10;V;12;V;24;V;46;V;38;V
28;079;59;12;28079059_12_8;2026;04;17;39;V;62;V;30;V;11;V;7;V;10;V;15;V;19;V;29;V;0;N;30;V;38;V;51;V;31;V;14;V;12;V;8;V;7;V;7;V;7;V;13;V;22;V;27;V;37;V
28;079;59;12;28079059_12_8;2026;04;18;34;V;272;V;212;V;68;V;8;V;11;V;24;V;19;V;14;V;14;V;23;V;26;V;30;V;20;V;9;V;6;V;5;V;4;V;4;V;5;V;14;V;15;V;13;V;12;V
28;079;59;12;28079059_12_8;2026;04;19;12;V;10;V;14;V;13;V;5;V;4;V;6;V;10;V;10;V;19;V;25;V;19;V;9;V;8;V;5;V;4;V;4;V;4;V;4;V;5;V;7;V;16;V;17;V;16;V
28;079;59;12;28079059_12_8;2026;04;20;18;V;39;V;100;V;38;V;29;V;40;V;34;V;35;V;46;V;26;V;25;V;32;V;73;V;24;V;18;V;17;V;15;V;28;V;10;V;8;V;12;V;25;V;22;V;27;V
28;079;59;12;28079059_12_8;2026;04;21;34;V;41;V;23;V;7;V;8;V;9;V;14;V;25;V;32;V;23;V;20;V;20;V;30;V;25;V;16;V;8;V;10;V;16;V;12;V;22;V;31;V;38;V;46;V;47;V
28;079;59;12;28079059_12_8;2026;04;22;41;V;33;V;20;V;21;V;12;V;7;V;10;V;32;V;33;V;34;V;15;V;11;V;9;V;9;V;7;V;7;V;7;V;8;V;8;V;8;V;10;V;16;V;26;V;32;V
28;079;59;12;28079059_12_8;2026;04;23;31;V;28;V;7;V;7;V;7;V;13;V;31;V;40;V;29;V;54;V;37;V;27;V;25;V;20;V;17;V;8;V;6;V;6;V;6;V;6;V;10;V;7;V;7;V;5;V
28;079;59;12;28079059_12_8;2026;04;24;6;V;5;V;5;V;4;V;5;V;6;V;16;V;26;V;35;V;26;V;18;V;10;V;14;V;15;V;13;V;14;V;15;V;19;V;18;V;17;V;13;V;17;V;18;V;24;V
28;079;59;12;28079059_12_8;2026;04;25;16;V;18;V;9;V;7;V;10;V;13;V;8;V;14;V;20;V;40;V;21;V;12;V;8;V;8;V;6;V;5;V;4;V;4;V;5;V;9;V;9;V;15;V;6;V;11;V
28;079;59;12;28079059_12_8;2026;04;26;16;V;8;V;4;V;4;V;6;V;10;V;19;V;13;V;8;V;10;V;13;V;5;V;6;V;5;V;3;V;3;V;3;V;3;V;3;V;4;V;7;V;10;V;13;V;10;V
28;079;59;12;28079059_12_8;2026;04;27;9;V;7;V;15;V;10;V;6;V;8;V;16;V;63;V;65;V;47;V;45;V;23;V;19;V;11;V;8;V;6;V;4;V;4;V;5;V;6;V;13;V;19;V;29;V;16;V
28;079;59;12;28079059_12_8;2026;04;28;5;V;4;V;5;V;6;V;10;V;15;V;18;V;42;V;38;V;37;V;34;V;11;V;6;V;5;V;5;V;5;V;4;V;5;V;6;V;8;V;13;V;12;V;12;V;7;V
28;079;59;12;28079059_12_8;2026;04;29;8;V;7;V;6;V;6;V;9;V;15;V;19;V;30;V;0;N;0;N;0;N;19;V;12;V;11;V;9;V;9;V;10;V;13;V;10;V;10;V;9;V;11;V;9;V;9;V
28;079;59;12;28079059_12_8;2026;04;30;8;V;7;V;5;V;5;V;5;V;7;V;13;V;28;V;98;V;50;V;41;V;24;V;15;V;11;V;11;V;10;V;10;V;10;V;10;V;11;V;11;V;20;V;21;V;29;V
28;079;59;12;28079059_12_8;2026;05;01;54;V;16;V;12;V;10;V;7;V;8;V;10;V;15;V;13;V;14;V;27;V;23;V;14;V;7;V;5;V;5;V;5;V;5;V;5;V;6;V;8;V;20;V;13;V;12;V
28;079;59;12;28079059_12_8;2026;05;02;8;V;7;V;5;V;4;V;5;V;6;V;7;V;8;V;8;V;11;V;13;V;20;V;14;V;8;V;7;V;11;V;9;V;7;V;8;V;10;V;9;V;12;V;23;V;31;V
28;079;59;12;28079059_12_8;2026;05;03;22;V;49;V;33;V;23;V;16;V;13;V;25;V;31;V;14;V;12;V;12;V;11;V;8;V;6;V;6;V;5;V;4;V;5;V;5;V;5;V;7;V;7;V;10;V;10;V
28;079;59;12;28079059_12_8;2026;05;04;11;V;14;V;7;V;8;V;8;V;9;V;14;V;42;V;110;V;71;V;36;V;30;V;9;V;7;V;6;V;6;V;6;V;6;V;10;V;6;V;7;V;10;V;10;V;11;V
28;079;59;12;28079059_12_8;2026;05;05;8;V;5;V;4;V;4;V;4;V;7;V;32;V;54;V;62;V;57;V;18;V;17;V;11;V;8;V;6;V;6;V;9;V;10;V;8;V;7;V;8;V;8;V;10;V;12;V
28;079;59;12;28079059_12_8;2026;05;06;28;V;9;V;9;V;8;V;9;V;10;V;31;V;46;V;44;V;25;V;24;V;8;V;5;V;12;V;11;V;8;V;8;V;9;V;12;V;9;V;8;V;13;V;31;V;78;V
28;079;59;12;28079059_12_8;2026;05;07;25;V;9;V;9;V;8;V;6;V;6;V;13;V;25;V;35;V;0;N;0;N;0;N;0;N;0;N;0;N;0;N;0;N;0;N;0;N;0;N;0;N;0;N;0;N;0;N
28;079;59;14;28079059_14_6;2026;04;07;90;V;89;V;78;V;82;V;72;V;66;V;56;V;36;V;37;V;44;V;65;V;76;V;86;V;74;V;78;V;88;V;101;V;100;V;99;V;86;V;69;V;64;V;45;V;38;V
28;079;59;14;28079059_14_6;2026;04;08;28;V;27;V;20;V;31;V;67;V;61;V;50;V;35;V;19;V;23;V;54;V;69;V;73;V;82;V;82;V;89;V;95;V;90;V;89;V;86;V;89;V;93;V;89;V;85;V
28;079;59;14;28079059_14_6;2026;04;09;83;V;56;V;49;V;46;V;51;V;51;V;45;V;24;V;11;V;25;V;48;V;61;V;80;V;96;V;106;V;108;V;108;V;107;V;103;V;95;V;67;V;61;V;52;V;56;V
28;079;59;14;28079059_14_6;2026;04;10;64;V;69;V;76;V;77;V;81;V;79;V;72;V;54;V;47;V;50;V;62;V;75;V;84;V;98;V;106;V;104;V;102;V;98;V;93;V;90;V;67;V;45;V;49;V;18;V
28;079;59;14;28079059_14_6;2026;04;11;7;V;5;V;31;V;43;V;45;V;45;V;41;V;28;V;34;V;53;V;50;V;53;V;77;V;89;V;82;V;82;V;83;V;93;V;89;V;83;V;71;V;76;V;76;V;73;V
28;079;59;14;28079059_14_6;2026;04;12;63;V;68;V;62;V;66;V;67;V;66;V;70;V;69;V;69;V;65;V;66;V;69;V;71;V;69;V;77;V;83;V;78;V;77;V;82;V;86;V;91;V;88;V;81;V;83;V
28;079;59;14;28079059_14_6;2026;04;13;84;V;81;V;80;V;77;V;77;V;74;V;69;V;58;V;61;V;65;V;80;V;87;V;90;V;92;V;93;V;96;V;99;V;99;V;97;V;95;V;82;V;65;V;40;V;62;V
28;079;59;14;28079059_14_6;2026;04;14;81;V;86;V;84;V;84;V;78;V;56;V;25;V;6;V;8;V;10;V;43;V;79;V;83;V;91;V;87;V;91;V;91;V;96;V;98;V;96;V;84;V;71;V;71;V;66;V
28;079;59;14;28079059_14_6;2026;04;15;50;V;7;V;16;V;17;V;21;V;14;V;7;V;5;V;17;V;29;V;35;V;52;V;61;V;78;V;97;V;96;V;99;V;99;V;94;V;86;V;80;V;71;V;57;V;44;V
28;079;59;14;28079059_14_6;2026;04;16;20;V;13;V;18;V;9;V;18;V;45;V;25;V;37;V;37;V;51;V;56;V;61;V;76;V;86;V;95;V;106;V;115;V;110;V;101;V;97;V;90;V;75;V;35;V;43;V
28;079;59;14;28079059_14_6;2026;04;17;35;V;21;V;28;V;55;V;57;V;51;V;46;V;44;V;37;V;0;N;0;N;67;V;70;V;82;V;98;V;111;V;113;V;114;V;113;V;108;V;94;V;69;V;48;V;39;V
28;079;59;14;28079059_14_6;2026;04;18;40;V;6;V;4;V;26;V;58;V;53;V;37;V;42;V;47;V;56;V;71;V;84;V;88;V;103;V;114;V;123;V;129;V;122;V;120;V;118;V;101;V;91;V;84;V;82;V
28;079;59;14;28079059_14_6;2026;04;19;76;V;74;V;65;V;63;V;74;V;72;V;67;V;56;V;54;V;57;V;69;V;91;V;105;V;118;V;123;V;128;V;127;V;125;V;121;V;119;V;112;V;93;V;85;V;78;V
28;079;59;14;28079059_14_6;2026;04;20;78;V;58;V;10;V;32;V;35;V;21;V;32;V;39;V;34;V;53;V;69;V;86;V;83;V;105;V;111;V;115;V;120;V;105;V;115;V;116;V;105;V;80;V;77;V;57;V
28;079;59;14;28079059_14_6;2026;04;21;44;V;37;V;57;V;76;V;69;V;63;V;55;V;45;V;42;V;55;V;67;V;93;V;98;V;106;V;110;V;122;V;123;V;115;V;99;V;72;V;57;V;38;V;25;V;25;V
28;079;59;14;28079059_14_6;2026;04;22;26;V;36;V;40;V;44;V;63;V;80;V;81;V;62;V;63;V;64;V;78;V;82;V;87;V;92;V;97;V;99;V;102;V;103;V;101;V;99;V;92;V;77;V;57;V;45;V
28;079;59;14;28079059_14_6;2026;04;23;37;V;39;V;63;V;62;V;55;V;49;V;28;V;22;V;35;V;36;V;58;V;80;V;87;V;99;V;108;V;113;V;114;V;113;V;112;V;109;V;97;V;95;V;96;V;102;V
28;079;59;14;28079059_14_6;2026;04;24;101;V;99;V;98;V;98;V;82;V;76;V;64;V;57;V;45;V;59;V;76;V;82;V;81;V;86;V;92;V;96;V;104;V;107;V;112;V;105;V;98;V;74;V;63;V;59;V
28;079;59;14;28079059_14_6;2026;04;25;66;V;58;V;66;V;73;V;67;V;60;V;63;V;50;V;42;V;39;V;66;V;80;V;86;V;95;V;101;V;106;V;104;V;102;V;96;V;91;V;82;V;73;V;84;V;77;V
28;079;59;14;28079059_14_6;2026;04;26;68;V;71;V;71;V;71;V;65;V;54;V;43;V;47;V;43;V;56;V;63;V;77;V;90;V;97;V;104;V;107;V;110;V;110;V;112;V;112;V;98;V;84;V;77;V;76;V
28;079;59;14;28079059_14_6;2026;04;27;74;V;87;V;58;V;57;V;59;V;47;V;42;V;11;V;18;V;37;V;54;V;94;V;101;V;112;V;120;V;120;V;117;V;120;V;118;V;114;V;105;V;81;V;66;V;84;V
28;079;59;14;28079059_14_6;2026;04;28;99;V;105;V;103;V;100;V;83;V;71;V;49;V;29;V;39;V;62;V;81;V;108;V;113;V;114;V;116;V;120;V;121;V;125;V;122;V;114;V;97;V;95;V;94;V;97;V
28;079;59;14;28079059_14_6;2026;04;29;91;V;84;V;84;V;83;V;77;V;64;V;62;V;56;V;0;N;0;N;0;N;0;N;81;V;92;V;102;V;102;V;98;V;92;V;96;V;94;V;92;V;87;V;88;V;88;V
28;079;59;14;28079059_14_6;2026;04;30;85;V;81;V;83;V;84;V;84;V;80;V;75;V;61;V;17;V;53;V;65;V;86;V;95;V;107;V;114;V;122;V;125;V;128;V;129;V;126;V;109;V;94;V;78;V;67;V
28;079;59;14;28079059_14_6;2026;05;01;43;V;69;V;68;V;60;V;59;V;52;V;50;V;42;V;48;V;58;V;64;V;76;V;97;V;115;V;117;V;125;V;130;V;127;V;123;V;119;V;113;V;87;V;91;V;83;V
28;079;59;14;28079059_14_6;2026;05;02;85;V;85;V;85;V;86;V;83;V;78;V;76;V;71;V;70;V;59;V;59;V;57;V;59;V;71;V;82;V;80;V;87;V;90;V;91;V;89;V;89;V;82;V;63;V;50;V
28;079;59;14;28079059_14_6;2026;05;03;61;V;25;V;26;V;27;V;32;V;20;V;11;V;11;V;46;V;58;V;57;V;71;V;82;V;87;V;87;V;86;V;88;V;94;V;91;V;91;V;84;V;84;V;86;V;85;V
28;079;59;14;28079059_14_6;2026;05;04;84;V;74;V;85;V;77;V;68;V;64;V;55;V;28;V;17;V;27;V;49;V;67;V;92;V;97;V;99;V;101;V;104;V;102;V;92;V;92;V;89;V;87;V;87;V;85;V
28;079;59;14;28079059_14_6;2026;05;05;85;V;91;V;90;V;89;V;86;V;74;V;37;V;16;V;34;V;53;V;77;V;84;V;97;V;101;V;104;V;105;V;104;V;104;V;104;V;104;V;102;V;100;V;92;V;86;V
28;079;59;14;28079059_14_6;2026;05;06;61;V;75;V;67;V;62;V;60;V;56;V;34;V;29;V;44;V;62;V;69;V;90;V;101;V;102;V;108;V;114;V;117;V;120;V;119;V;122;V;118;V;89;V;66;V;24;V
28;079;59;14;28079059_14_6;2026;05;07;63;V;70;V;65;V;65;V;70;V;69;V;59;V;50;V;50;V;0;N;0;N;0;N;0;N;0;N;0;N;0;N;0;N;0;N;0;N;0;N;0;N;0;N;0;N;0;N
28;079;59;7;28079059_7_8;2026;04;07;1;V;1;V;1;V;1;V;1;V;1;V;1;V;1;V;2;V;4;V;2;V;2;V;3;V;5;V;4;V;4;V;2;V;2;V;2;V;1;V;2;V;1;V;1;V;1;V
28;079;59;7;28079059_7_8;2026;04;08;1;V;1;V;1;V;1;V;1;V;1;V;1;V;1;V;4;V;7;V;3;V;2;V;4;V;2;V;2;V;3;V;2;V;2;V;2;V;2;V;1;V;1;V;1;V;1;V
28;079;59;7;28079059_7_8;2026;04;09;1;V;1;V;1;V;1;V;1;V;1;V;1;V;2;V;12;V;14;V;6;V;3;V;4;V;3;V;1;V;1;V;1;V;1;V;1;V;1;V;1;V;1;V;1;V;1;V
28;079;59;7;28079059_7_8;2026;04;10;1;V;1;V;1;V;1;V;1;V;1;V;1;V;1;V;2;V;3;V;4;V;3;V;5;V;3;V;2;V;1;V;1;V;1;V;2;V;1;V;1;V;1;V;1;V;2;V
28;079;59;7;28079059_7_8;2026;04;11;14;V;13;V;1;V;1;V;1;V;1;V;1;V;1;V;2;V;2;V;4;V;7;V;3;V;2;V;2;V;2;V;3;V;1;V;1;V;1;V;1;V;1;V;1;V;1;V
28;079;59;7;28079059_7_8;2026;04;12;1;V;1;V;1;V;1;V;1;V;1;V;1;V;1;V;1;V;2;V;2;V;2;V;2;V;2;V;2;V;2;V;2;V;1;V;1;V;1;V;1;V;1;V;1;V;1;V
28;079;59;7;28079059_7_8;2026;04;13;1;V;0;V;1;V;1;V;1;V;1;V;1;V;1;V;2;V;5;V;3;V;2;V;2;V;2;V;1;V;1;V;2;V;1;V;1;V;1;V;1;V;1;V;1;V;1;V
28;079;59;7;28079059_7_8;2026;04;14;1;V;1;V;1;V;1;V;1;V;1;V;2;V;13;V;57;V;83;V;34;V;4;V;4;V;2;V;1;V;1;V;2;V;2;V;1;V;1;V;1;V;1;V;1;V;1;V
28;079;59;7;28079059_7_8;2026;04;15;1;V;6;V;2;V;1;V;1;V;3;V;3;V;10;V;23;V;17;V;19;V;12;V;10;V;8;V;2;V;2;V;2;V;2;V;2;V;1;V;1;V;1;V;1;V;1;V
28;079;59;7;28079059_7_8;2026;04;16;1;V;1;V;1;V;2;V;1;V;1;V;2;V;1;V;4;V;4;V;6;V;9;V;6;V;5;V;4;V;3;V;2;V;2;V;2;V;1;V;1;V;1;V;1;V;1;V
28;079;59;7;28079059_7_8;2026;04;17;1;V;6;V;1;V;1;V;1;V;1;V;1;V;1;V;3;V;0;N;6;V;9;V;11;V;6;V;3;V;2;V;1;V;1;V;1;V;1;V;1;V;1;V;1;V;1;V
28;079;59;7;28079059_7_8;2026;04;18;1;V;117;V;85;V;14;V;1;V;1;V;1;V;1;V;2;V;3;V;5;V;5;V;6;V;3;V;2;V;1;V;1;V;1;V;1;V;1;V;1;V;1;V;1;V;1;V
28;079;59;7;28079059_7_8;2026;04;19;1;V;1;V;1;V;1;V;1;V;1;V;1;V;1;V;2;V;4;V;5;V;4;V;2;V;2;V;1;V;1;V;1;V;1;V;1;V;1;V;1;V;1;V;1;V;1;V
28;079;59;7;28079059_7_8;2026;04;20;1;V;7;V;15;V;1;V;1;V;1;V;1;V;1;V;7;V;5;V;5;V;6;V;27;V;5;V;4;V;3;V;3;V;5;V;2;V;1;V;1;V;1;V;1;V;1;V
28;079;59;7;28079059_7_8;2026;04;21;1;V;1;V;1;V;1;V;1;V;1;V;1;V;2;V;4;V;4;V;4;V;4;V;5;V;4;V;2;V;1;V;1;V;1;V;1;V;2;V;1;V;1;V;1;V;1;V
28;079;59;7;28079059_7_8;2026;04;22;1;V;1;V;1;V;1;V;1;V;1;V;1;V;3;V;3;V;6;V;3;V;3;V;2;V;2;V;2;V;2;V;2;V;2;V;2;V;1;V;1;V;1;V;1;V;1;V
28;079;59;7;28079059_7_8;2026;04;23;1;V;1;V;1;V;1;V;1;V;1;V;1;V;2;V;4;V;12;V;8;V;5;V;5;V;4;V;3;V;2;V;1;V;1;V;1;V;1;V;1;V;1;V;1;V;1;V
28;079;59;7;28079059_7_8;2026;04;24;1;V;1;V;1;V;1;V;1;V;1;V;1;V;1;V;2;V;3;V;2;V;2;V;3;V;3;V;3;V;3;V;3;V;3;V;2;V;2;V;1;V;1;V;1;V;1;V
28;079;59;7;28079059_7_8;2026;04;25;1;V;1;V;1;V;1;V;1;V;1;V;1;V;1;V;2;V;6;V;4;V;3;V;2;V;2;V;1;V;1;V;1;V;1;V;1;V;1;V;1;V;1;V;1;V;1;V
28;079;59;7;28079059_7_8;2026;04;26;1;V;1;V;1;V;1;V;1;V;1;V;1;V;1;V;2;V;2;V;3;V;2;V;2;V;2;V;1;V;1;V;1;V;1;V;1;V;1;V;1;V;1;V;1;V;1;V
28;079;59;7;28079059_7_8;2026;04;27;1;V;1;V;1;V;1;V;1;V;1;V;1;V;11;V;15;V;12;V;11;V;4;V;4;V;2;V;2;V;1;V;1;V;1;V;1;V;1;V;1;V;1;V;1;V;1;V
28;079;59;7;28079059_7_8;2026;04;28;1;V;1;V;1;V;1;V;1;V;1;V;1;V;3;V;6;V;7;V;6;V;2;V;1;V;2;V;2;V;1;V;1;V;1;V;1;V;1;V;1;V;1;V;1;V;1;V
28;079;59;7;28079059_7_8;2026;04;29;1;V;1;V;1;V;1;V;1;V;1;V;1;V;2;V;0;N;0;N;0;N;3;V;2;V;2;V;1;V;2;V;2;V;2;V;2;V;1;V;1;V;1;V;1;V;1;V
28;079;59;7;28079059_7_8;2026;04;30;1;V;1;V;1;V;1;V;1;V;1;V;1;V;2;V;23;V;9;V;8;V;5;V;2;V;2;V;2;V;2;V;2;V;2;V;1;V;1;V;1;V;1;V;1;V;1;V
28;079;59;7;28079059_7_8;2026;05;01;3;V;1;V;1;V;1;V;1;V;1;V;1;V;1;V;2;V;3;V;6;V;5;V;3;V;1;V;1;V;1;V;1;V;1;V;1;V;1;V;1;V;1;V;1;V;1;V
28;079;59;7;28079059_7_8;2026;05;02;1;V;1;V;1;V;1;V;1;V;1;V;1;V;1;V;1;V;1;V;2;V;3;V;2;V;2;V;1;V;2;V;2;V;2;V;1;V;1;V;1;V;1;V;1;V;1;V
28;079;59;7;28079059_7_8;2026;05;03;1;V;2;V;1;V;1;V;1;V;1;V;2;V;3;V;1;V;2;V;2;V;3;V;2;V;2;V;1;V;1;V;1;V;1;V;1;V;1;V;1;V;1;V;1;V;1;V
28;079;59;7;28079059_7_8;2026;05;04;1;V;1;V;1;V;1;V;1;V;1;V;1;V;5;V;32;V;16;V;7;V;6;V;2;V;2;V;2;V;1;V;1;V;1;V;2;V;1;V;1;V;1;V;1;V;1;V
28;079;59;7;28079059_7_8;2026;05;05;1;V;1;V;1;V;1;V;1;V;1;V;1;V;5;V;12;V;16;V;3;V;3;V;3;V;2;V;1;V;1;V;2;V;2;V;2;V;1;V;1;V;1;V;1;V;1;V
28;079;59;7;28079059_7_8;2026;05;06;1;V;1;V;1;V;1;V;1;V;1;V;1;V;3;V;8;V;5;V;5;V;2;V;2;V;2;V;2;V;2;V;1;V;2;V;2;V;1;V;1;V;1;V;1;V;1;V
28;079;59;7;28079059_7_8;2026;05;07;1;V;1;V;1;V;1;V;1;V;1;V;1;V;1;V;3;V;0;N;0;N;0;N;0;N;0;N;0;N;0;N;0;N;0;N;0;N;0;N;0;N;0;N;0;N;0;N
28;079;59;8;28079059_8_8;2026;04;07;5;V;5;V;6;V;5;V;11;V;11;V;18;V;34;V;31;V;23;V;10;V;10;V;10;V;27;V;21;V;16;V;10;V;10;V;11;V;13;V;12;V;15;V;24;V;33;V
28;079;59;8;28079059_8_8;2026;04;08;35;V;28;V;32;V;28;V;7;V;5;V;10;V;23;V;43;V;40;V;14;V;12;V;12;V;7;V;7;V;8;V;6;V;8;V;9;V;7;V;7;V;7;V;8;V;9;V
28;079;59;8;28079059_8_8;2026;04;09;10;V;23;V;15;V;11;V;8;V;7;V;13;V;31;V;44;V;38;V;18;V;9;V;13;V;8;V;4;V;4;V;5;V;6;V;5;V;7;V;26;V;29;V;29;V;18;V
28;079;59;8;28079059_8_8;2026;04;10;14;V;7;V;2;V;3;V;4;V;7;V;10;V;21;V;25;V;21;V;19;V;12;V;16;V;10;V;8;V;4;V;2;V;4;V;8;V;9;V;23;V;38;V;31;V;61;V
28;079;59;8;28079059_8_8;2026;04;11;77;V;80;V;37;V;21;V;19;V;14;V;19;V;29;V;24;V;9;V;17;V;30;V;12;V;10;V;17;V;19;V;15;V;4;V;5;V;6;V;12;V;6;V;8;V;5;V
28;079;59;8;28079059_8_8;2026;04;12;10;V;4;V;7;V;4;V;4;V;5;V;3;V;3;V;7;V;10;V;8;V;5;V;6;V;6;V;4;V;5;V;10;V;8;V;3;V;4;V;2;V;3;V;4;V;3;V
28;079;59;8;28079059_8_8;2026;04;13;2;V;2;V;1;V;1;V;1;V;3;V;11;V;23;V;19;V;19;V;7;V;5;V;4;V;3;V;2;V;2;V;4;V;4;V;5;V;6;V;15;V;23;V;38;V;24;V
28;079;59;8;28079059_8_8;2026;04;14;5;V;3;V;4;V;3;V;5;V;17;V;40;V;65;V;64;V;70;V;46;V;10;V;9;V;3;V;3;V;1;V;3;V;5;V;3;V;2;V;4;V;11;V;10;V;10;V
28;079;59;8;28079059_8_8;2026;04;15;20;V;60;V;47;V;43;V;30;V;41;V;47;V;49;V;46;V;31;V;32;V;27;V;26;V;23;V;6;V;4;V;4;V;4;V;6;V;7;V;7;V;11;V;22;V;24;V
28;079;59;8;28079059_8_8;2026;04;16;46;V;55;V;40;V;48;V;40;V;17;V;38;V;23;V;24;V;12;V;16;V;24;V;18;V;15;V;12;V;10;V;7;V;7;V;7;V;8;V;11;V;23;V;44;V;36;V
28;079;59;8;28079059_8_8;2026;04;17;37;V;52;V;29;V;10;V;6;V;9;V;14;V;18;V;24;V;0;N;20;V;25;V;34;V;22;V;10;V;9;V;5;V;5;V;4;V;6;V;11;V;21;V;26;V;35;V
28;079;59;8;28079059_8_8;2026;04;18;32;V;92;V;82;V;46;V;7;V;9;V;22;V;18;V;11;V;10;V;16;V;18;V;21;V;15;V;6;V;4;V;3;V;2;V;2;V;4;V;12;V;13;V;12;V;11;V
28;079;59;8;28079059_8_8;2026;04;19;11;V;9;V;13;V;12;V;4;V;3;V;5;V;8;V;8;V;14;V;17;V;14;V;7;V;6;V;3;V;3;V;2;V;2;V;2;V;3;V;6;V;15;V;16;V;15;V
28;079;59;8;28079059_8_8;2026;04;20;17;V;29;V;77;V;36;V;27;V;38;V;32;V;33;V;36;V;18;V;17;V;22;V;32;V;16;V;13;V;12;V;11;V;20;V;8;V;6;V;10;V;24;V;20;V;26;V
28;079;59;8;28079059_8_8;2026;04;21;33;V;39;V;21;V;6;V;7;V;7;V;13;V;21;V;25;V;17;V;14;V;15;V;22;V;19;V;12;V;6;V;8;V;13;V;11;V;19;V;29;V;36;V;44;V;45;V
28;079;59;8;28079059_8_8;2026;04;22;39;V;32;V;18;V;19;V;11;V;6;V;8;V;27;V;28;V;26;V;10;V;7;V;5;V;6;V;4;V;4;V;4;V;5;V;6;V;6;V;9;V;15;V;25;V;31;V
28;079;59;8;28079059_8_8;2026;04;23;30;V;27;V;6;V;5;V;6;V;11;V;30;V;36;V;23;V;36;V;25;V;19;V;17;V;15;V;13;V;6;V;4;V;4;V;4;V;4;V;8;V;6;V;5;V;4;V
28;079;59;8;28079059_8_8;2026;04;24;5;V;4;V;4;V;3;V;4;V;5;V;14;V;24;V;32;V;22;V;14;V;7;V;10;V;10;V;8;V;10;V;11;V;14;V;14;V;14;V;11;V;15;V;17;V;23;V
28;079;59;8;28079059_8_8;2026;04;25;15;V;16;V;8;V;6;V;8;V;11;V;7;V;12;V;17;V;31;V;14;V;8;V;5;V;5;V;4;V;3;V;2;V;2;V;3;V;7;V;7;V;13;V;5;V;9;V
28;079;59;8;28079059_8_8;2026;04;26;15;V;6;V;3;V;3;V;5;V;8;V;17;V;11;V;6;V;6;V;8;V;3;V;3;V;2;V;1;V;1;V;1;V;1;V;2;V;2;V;5;V;9;V;12;V;9;V
28;079;59;8;28079059_8_8;2026;04;27;8;V;6;V;13;V;9;V;5;V;6;V;14;V;46;V;41;V;29;V;29;V;16;V;14;V;8;V;5;V;4;V;2;V;2;V;3;V;4;V;11;V;18;V;28;V;14;V
28;079;59;8;28079059_8_8;2026;04;28;4;V;3;V;4;V;5;V;9;V;14;V;16;V;37;V;29;V;27;V;25;V;8;V;3;V;3;V;3;V;3;V;2;V;3;V;5;V;6;V;11;V;11;V;10;V;6;V
28;079;59;8;28079059_8_8;2026;04;29;6;V;5;V;5;V;5;V;8;V;14;V;17;V;27;V;0;N;0;N;0;N;14;V;8;V;8;V;7;V;6;V;7;V;9;V;7;V;7;V;7;V;10;V;7;V;7;V
28;079;59;8;28079059_8_8;2026;04;30;6;V;6;V;4;V;3;V;3;V;6;V;12;V;25;V;62;V;36;V;29;V;17;V;12;V;8;V;9;V;7;V;7;V;8;V;8;V;9;V;9;V;19;V;19;V;27;V
28;079;59;8;28079059_8_8;2026;05;01;49;V;15;V;10;V;9;V;5;V;7;V;9;V;14;V;10;V;9;V;18;V;15;V;10;V;4;V;3;V;3;V;3;V;3;V;3;V;4;V;7;V;19;V;12;V;10;V
28;079;59;8;28079059_8_8;2026;05;02;6;V;5;V;3;V;3;V;3;V;4;V;5;V;6;V;6;V;9;V;10;V;15;V;11;V;5;V;5;V;7;V;6;V;5;V;6;V;8;V;8;V;10;V;22;V;29;V
28;079;59;8;28079059_8_8;2026;05;03;20;V;45;V;31;V;21;V;14;V;11;V;22;V;27;V;12;V;9;V;8;V;7;V;6;V;4;V;4;V;3;V;2;V;2;V;3;V;3;V;5;V;6;V;8;V;9;V
28;079;59;8;28079059_8_8;2026;05;04;9;V;13;V;6;V;7;V;6;V;7;V;13;V;35;V;60;V;46;V;26;V;20;V;5;V;5;V;4;V;4;V;4;V;4;V;7;V;4;V;5;V;9;V;9;V;9;V
28;079;59;8;28079059_8_8;2026;05;05;7;V;3;V;3;V;3;V;3;V;6;V;30;V;47;V;43;V;33;V;13;V;12;V;6;V;5;V;3;V;3;V;6;V;7;V;6;V;5;V;6;V;7;V;9;V;10;V
28;079;59;8;28079059_8_8;2026;05;06;26;V;7;V;8;V;7;V;8;V;9;V;29;V;41;V;33;V;17;V;16;V;5;V;3;V;8;V;8;V;6;V;6;V;6;V;9;V;7;V;7;V;12;V;29;V;76;V
28;079;59;8;28079059_8_8;2026;05;07;23;V;7;V;7;V;7;V;5;V;4;V;11;V;23;V;30;V;0;N;0;N;0;N;0;N;0;N;0;N;0;N;0;N;0;N;0;N;0;N;0;N;0;N;0;N;0;N
28;079;60;10;28079060_10_47;2026;04;07;17;V;15;V;12;V;10;V;14;V;11;V;11;V;13;V;21;V;19;V;14;V;17;V;21;V;30;V;42;V;39;V;43;V;49;V;46;V;61;V;50;V;42;V;37;V;40;V
28;079;60;10;28079060_10_47;2026;04;08;38;V;42;V;43;V;44;V;27;V;8;V;7;V;8;V;9;V;11;V;13;V;11;V;9;V;8;V;8;V;6;V;6;V;5;V;5;V;4;V;3;V;3;V;2;V;2;V
28;079;60;10;28079060_10_47;2026;04;09;2;V;3;V;6;V;3;V;4;V;4;V;7;V;12;V;0;N;0;N;35;V;37;V;41;V;36;V;34;V;33;V;36;V;37;V;38;V;40;V;36;V;33;V;36;V;34;V
28;079;60;10;28079060_10_47;2026;04;10;47;V;71;V;86;V;70;V;58;V;60;V;70;V;78;V;81;V;77;V;78;V;74;V;62;V;68;V;72;V;71;V;80;V;88;V;93;V;89;V;105;V;106;V;101;V;90;V
28;079;60;10;28079060_10_47;2026;04;11;92;V;83;V;84;V;81;V;74;V;71;V;69;V;70;V;73;V;79;V;75;V;72;V;74;V;77;V;82;V;89;V;88;V;92;V;110;V;111;V;106;V;90;V;57;V;47;V
28;079;60;10;28079060_10_47;2026;04;12;36;V;32;V;42;V;35;V;28;V;25;V;23;V;17;V;15;V;13;V;14;V;12;V;10;V;8;V;12;V;13;V;11;V;12;V;12;V;10;V;6;V;5;V;3;V;3;V
28;079;60;10;28079060_10_47;2026;04;13;4;V;3;V;2;V;2;V;2;V;2;V;2;V;3;V;4;V;5;V;3;V;3;V;3;V;3;V;3;V;3;V;4;V;4;V;3;V;3;V;6;V;8;V;10;V;6;V
28;079;60;10;28079060_10_47;2026;04;14;4;V;4;V;4;V;4;V;5;V;5;V;6;V;13;V;21;V;14;V;6;V;3;V;4;V;3;V;4;V;0;N;3;V;3;V;3;V;4;V;4;V;5;V;4;V;6;V
28;079;60;10;28079060_10_47;2026;04;15;6;V;12;V;7;V;6;V;6;V;6;V;9;V;14;V;14;V;8;V;10;V;22;V;15;V;14;V;7;V;6;V;5;V;6;V;7;V;7;V;7;V;8;V;8;V;8;V
28;079;60;10;28079060_10_47;2026;04;16;9;V;11;V;11;V;9;V;8;V;5;V;6;V;10;V;16;V;19;V;12;V;11;V;15;V;16;V;12;V;11;V;7;V;6;V;6;V;7;V;5;V;7;V;8;V;8;V
28;079;60;10;28079060_10_47;2026;04;17;7;V;7;V;14;V;10;V;9;V;10;V;10;V;15;V;20;V;16;V;14;V;21;V;20;V;25;V;19;V;10;V;10;V;9;V;8;V;8;V;9;V;8;V;14;V;20;V
28;079;60;10;28079060_10_47;2026;04;18;13;V;12;V;15;V;14;V;12;V;13;V;10;V;11;V;13;V;12;V;13;V;16;V;19;V;17;V;12;V;13;V;10;V;9;V;7;V;9;V;16;V;22;V;20;V;19;V
28;079;60;10;28079060_10_47;2026;04;19;12;V;8;V;7;V;7;V;7;V;7;V;7;V;7;V;8;V;9;V;11;V;12;V;14;V;12;V;17;V;16;V;14;V;12;V;12;V;12;V;17;V;19;V;18;V;20;V
28;079;60;10;28079060_10_47;2026;04;20;22;V;22;V;22;V;24;V;27;V;26;V;19;V;26;V;28;V;34;V;25;V;23;V;31;V;37;V;31;V;30;V;27;V;31;V;29;V;27;V;27;V;32;V;33;V;31;V
28;079;60;10;28079060_10_47;2026;04;21;28;V;28;V;29;V;27;V;24;V;25;V;28;V;29;V;34;V;38;V;28;V;25;V;30;V;37;V;37;V;29;V;30;V;35;V;68;V;44;V;43;V;44;V;47;V;44;V
28;079;60;10;28079060_10_47;2026;04;22;40;V;44;V;40;V;45;V;48;V;50;V;51;V;55;V;59;V;63;V;64;V;64;V;66;V;61;V;58;V;50;V;46;V;42;V;39;V;36;V;37;V;38;V;35;V;33;V
28;079;60;10;28079060_10_47;2026;04;23;32;V;33;V;35;V;34;V;32;V;33;V;30;V;36;V;43;V;49;V;49;V;41;V;48;V;50;V;47;V;40;V;40;V;40;V;42;V;41;V;41;V;49;V;47;V;37;V
28;079;60;10;28079060_10_47;2026;04;24;33;V;29;V;23;V;18;V;17;V;14;V;14;V;14;V;16;V;20;V;18;V;23;V;23;V;24;V;26;V;29;V;30;V;28;V;28;V;27;V;27;V;28;V;27;V;28;V
28;079;60;10;28079060_10_47;2026;04;25;27;V;27;V;21;V;11;V;11;V;15;V;17;V;18;V;17;V;16;V;14;V;14;V;16;V;18;V;19;V;20;V;21;V;21;V;22;V;20;V;17;V;18;V;14;V;11;V
28;079;60;10;28079060_10_47;2026;04;26;11;V;11;V;10;V;10;V;10;V;8;V;8;V;9;V;11;V;12;V;13;V;15;V;20;V;22;V;24;V;26;V;26;V;25;V;23;V;23;V;23;V;20;V;21;V;16;V
28;079;60;10;28079060_10_47;2026;04;27;15;V;16;V;14;V;12;V;14;V;14;V;14;V;23;V;21;V;18;V;17;V;17;V;18;V;18;V;21;V;19;V;19;V;20;V;18;V;14;V;14;V;17;V;18;V;19;V
28;079;60;10;28079060_10_47;2026;04;28;22;V;18;V;14;V;12;V;11;V;11;V;16;V;18;V;18;V;13;V;14;V;19;V;19;V;22;V;22;V;21;V;22;V;22;V;23;V;26;V;45;V;25;V;21;V;22;V
28;079;60;10;28079060_10_47;2026;04;29;22;V;20;V;20;V;18;V;20;V;19;V;19;V;21;V;25;V;25;V;24;V;25;V;21;V;24;V;24;V;29;V;37;V;39;V;36;V;26;V;20;V;17;V;10;V;10;V
28;079;60;10;28079060_10_47;2026;04;30;9;V;9;V;9;V;7;V;7;V;8;V;10;V;11;V;14;V;17;V;15;V;13;V;10;V;11;V;13;V;13;V;14;V;14;V;13;V;13;V;12;V;11;V;11;V;12;V
28;079;60;10;28079060_10_47;2026;05;01;12;V;15;V;17;V;14;V;11;V;11;V;11;V;11;V;11;V;12;V;14;V;15;V;15;V;15;V;13;V;12;V;11;V;10;V;12;V;11;V;11;V;12;V;12;V;22;V
28;079;60;10;28079060_10_47;2026;05;02;17;V;16;V;15;V;15;V;14;V;16;V;16;V;18;V;18;V;16;V;17;V;18;V;19;V;19;V;17;V;12;V;17;V;16;V;9;V;8;V;10;V;13;V;15;V;17;V
28;079;60;10;28079060_10_47;2026;05;03;18;V;15;V;19;V;15;V;16;V;15;V;14;V;16;V;16;V;15;V;12;V;13;V;13;V;10;V;10;V;8;V;6;V;7;V;6;V;5;V;5;V;5;V;6;V;4;V
28;079;60;10;28079060_10_47;2026;05;04;5;V;4;V;4;V;4;V;4;V;4;V;4;V;6;V;7;V;8;V;9;V;6;V;5;V;5;V;6;V;5;V;5;V;5;V;4;V;4;V;4;V;5;V;5;V;5;V
28;079;60;10;28079060_10_47;2026;05;05;4;V;5;V;4;V;4;V;3;V;3;V;3;V;4;V;5;V;13;V;8;V;4;V;7;V;6;V;5;V;4;V;5;V;3;V;4;V;3;V;3;V;6;V;3;V;3;V
28;079;60;10;28079060_10_47;2026;05;06;3;V;10;V;6;V;4;V;3;V;5;V;4;V;8;V;10;V;6;V;4;V;5;V;10;V;7;V;5;V;5;V;5;V;6;V;8;V;8;V;6;V;7;V;8;V;8;V
28;079;60;10;28079060_10_47;2026;05;07;10;V;6;V;3;V;5;V;5;V;4;V;6;V;12;V;0;N;0;N;0;N;0;N;0;N;0;N;0;N;0;N;0;N;0;N;0;N;0;N;0;N;0;N;0;N;0;N
28;079;60;12;28079060_12_8;2026;04;07;6;V;13;V;10;V;10;V;9;V;13;V;18;V;40;V;64;V;40;V;23;V;20;V;17;V;19;V;21;V;19;V;13;V;11;V;16;V;20;V;15;V;12;V;12;V;24;V
28;079;60;12;28079060_12_8;2026;04;08;13;V;8;V;11;V;16;V;7;V;3;V;7;V;25;V;44;V;64;V;30;V;17;V;12;V;8;V;10;V;12;V;10;V;13;V;14;V;9;V;11;V;9;V;9;V;9;V
28;079;60;12;28079060_12_8;2026;04;09;10;V;18;V;24;V;19;V;8;V;10;V;19;V;40;V;0;N;0;N;36;V;25;V;15;V;12;V;9;V;10;V;10;V;10;V;9;V;22;V;56;V;94;V;38;V;27;V
28;079;60;12;28079060_12_8;2026;04;10;10;V;4;V;3;V;5;V;7;V;6;V;12;V;26;V;54;V;40;V;42;V;23;V;13;V;14;V;14;V;9;V;11;V;10;V;14;V;13;V;24;V;45;V;46;V;28;V
28;079;60;12;28079060_12_8;2026;04;11;44;V;52;V;34;V;22;V;17;V;21;V;25;V;33;V;44;V;66;V;49;V;23;V;21;V;21;V;21;V;27;V;13;V;7;V;8;V;12;V;16;V;9;V;6;V;5;V
28;079;60;12;28079060_12_8;2026;04;12;5;V;4;V;4;V;3;V;2;V;3;V;3;V;9;V;18;V;6;V;8;V;10;V;9;V;9;V;5;V;4;V;4;V;5;V;7;V;8;V;8;V;6;V;4;V;4;V
28;079;60;12;28079060_12_8;2026;04;13;3;V;2;V;2;V;2;V;2;V;2;V;5;V;20;V;31;V;20;V;8;V;6;V;5;V;5;V;5;V;6;V;5;V;6;V;7;V;10;V;20;V;59;V;45;V;16;V
28;079;60;12;28079060_12_8;2026;04;14;5;V;3;V;3;V;4;V;4;V;7;V;15;V;75;V;107;V;54;V;18;V;0;N;0;N;0;N;0;N;0;N;7;V;6;V;7;V;8;V;13;V;17;V;8;V;14;V
28;079;60;12;28079060_12_8;2026;04;15;16;V;37;V;18;V;23;V;18;V;21;V;39;V;57;V;64;V;43;V;33;V;51;V;33;V;24;V;7;V;6;V;7;V;8;V;8;V;10;V;12;V;15;V;17;V;19;V
28;079;60;12;28079060_12_8;2026;04;16;27;V;50;V;42;V;36;V;18;V;10;V;15;V;43;V;95;V;69;V;25;V;14;V;17;V;19;V;15;V;10;V;8;V;8;V;8;V;9;V;13;V;24;V;31;V;29;V
28;079;60;12;28079060_12_8;2026;04;17;19;V;25;V;28;V;28;V;13;V;13;V;21;V;47;V;64;V;55;V;27;V;17;V;26;V;33;V;22;V;10;V;6;V;9;V;7;V;8;V;15;V;24;V;37;V;53;V
28;079;60;12;28079060_12_8;2026;04;18;29;V;33;V;64;V;36;V;23;V;15;V;14;V;18;V;21;V;25;V;16;V;19;V;24;V;16;V;6;V;8;V;6;V;5;V;7;V;11;V;30;V;45;V;34;V;32;V
28;079;60;12;28079060_12_8;2026;04;19;16;V;10;V;9;V;6;V;5;V;6;V;6;V;6;V;13;V;11;V;8;V;9;V;16;V;12;V;7;V;6;V;4;V;5;V;6;V;8;V;16;V;46;V;26;V;18;V
28;079;60;12;28079060_12_8;2026;04;20;13;V;20;V;16;V;31;V;43;V;25;V;24;V;47;V;69;V;62;V;35;V;18;V;15;V;27;V;14;V;10;V;9;V;10;V;9;V;11;V;23;V;38;V;45;V;23;V
28;079;60;12;28079060_12_8;2026;04;21;16;V;17;V;18;V;11;V;11;V;13;V;23;V;46;V;67;V;60;V;28;V;17;V;17;V;24;V;22;V;14;V;16;V;20;V;19;V;25;V;38;V;39;V;38;V;39;V
28;079;60;12;28079060_12_8;2026;04;22;53;V;37;V;30;V;19;V;9;V;10;V;16;V;18;V;26;V;21;V;11;V;9;V;8;V;8;V;8;V;8;V;8;V;8;V;8;V;9;V;13;V;22;V;26;V;22;V
28;079;60;12;28079060_12_8;2026;04;23;16;V;12;V;18;V;10;V;13;V;12;V;11;V;46;V;0;N;0;N;0;N;15;V;27;V;27;V;19;V;14;V;10;V;10;V;10;V;10;V;15;V;12;V;7;V;7;V
28;079;60;12;28079060_12_8;2026;04;24;6;V;6;V;4;V;5;V;4;V;6;V;12;V;21;V;42;V;28;V;18;V;25;V;19;V;23;V;21;V;15;V;11;V;13;V;16;V;16;V;17;V;18;V;24;V;37;V
28;079;60;12;28079060_12_8;2026;04;25;25;V;41;V;17;V;6;V;7;V;9;V;11;V;16;V;22;V;14;V;8;V;9;V;9;V;10;V;9;V;6;V;4;V;6;V;12;V;16;V;8;V;10;V;8;V;6;V
28;079;60;12;28079060_12_8;2026;04;26;6;V;3;V;3;V;4;V;7;V;5;V;7;V;10;V;8;V;8;V;6;V;6;V;8;V;5;V;4;V;4;V;3;V;4;V;4;V;9;V;9;V;19;V;26;V;11;V
28;079;60;12;28079060_12_8;2026;04;27;12;V;15;V;9;V;6;V;6;V;10;V;24;V;56;V;61;V;36;V;16;V;9;V;16;V;18;V;11;V;8;V;7;V;7;V;8;V;9;V;13;V;20;V;28;V;18;V
28;079;60;12;28079060_12_8;2026;04;28;7;V;6;V;4;V;7;V;7;V;9;V;14;V;42;V;48;V;25;V;18;V;21;V;10;V;8;V;8;V;7;V;8;V;10;V;12;V;14;V;12;V;13;V;11;V;7;V
28;079;60;12;28079060_12_8;2026;04;29;6;V;7;V;5;V;5;V;9;V;8;V;13;V;24;V;36;V;38;V;32;V;21;V;15;V;12;V;12;V;10;V;9;V;10;V;9;V;11;V;13;V;14;V;11;V;7;V
28;079;60;12;28079060_12_8;2026;04;30;6;V;5;V;4;V;3;V;3;V;3;V;8;V;23;V;36;V;33;V;22;V;19;V;9;V;6;V;7;V;8;V;10;V;11;V;15;V;11;V;13;V;16;V;24;V;26;V
28;079;60;12;28079060_12_8;2026;05;01;24;V;28;V;23;V;15;V;10;V;9;V;8;V;10;V;12;V;12;V;11;V;13;V;15;V;9;V;6;V;5;V;5;V;5;V;6;V;7;V;10;V;13;V;18;V;8;V
28;079;60;12;28079060_12_8;2026;05;02;6;V;5;V;6;V;6;V;5;V;5;V;5;V;7;V;11;V;13;V;13;V;16;V;13;V;10;V;9;V;8;V;7;V;6;V;9;V;12;V;10;V;13;V;23;V;21;V
28;079;60;12;28079060_12_8;2026;05;03;18;V;16;V;31;V;47;V;35;V;13;V;13;V;13;V;14;V;12;V;11;V;9;V;7;V;6;V;5;V;3;V;5;V;5;V;6;V;7;V;11;V;10;V;13;V;9;V
28;079;60;12;28079060_12_8;2026;05;04;8;V;6;V;6;V;6;V;5;V;5;V;22;V;30;V;48;V;41;V;28;V;13;V;10;V;6;V;5;V;6;V;7;V;11;V;6;V;6;V;9;V;18;V;11;V;10;V
28;079;60;12;28079060_12_8;2026;05;05;6;V;3;V;3;V;3;V;3;V;5;V;8;V;16;V;22;V;49;V;24;V;8;V;7;V;8;V;7;V;6;V;7;V;6;V;7;V;7;V;7;V;12;V;14;V;17;V
28;079;60;12;28079060_12_8;2026;05;06;10;V;14;V;8;V;12;V;13;V;10;V;15;V;43;V;41;V;31;V;13;V;8;V;7;V;8;V;10;V;10;V;12;V;12;V;13;V;16;V;16;V;30;V;32;V;44;V
28;079;60;12;28079060_12_8;2026;05;07;29;V;6;V;4;V;4;V;5;V;5;V;7;V;27;V;37;V;0;N;0;N;0;N;0;N;0;N;0;N;0;N;0;N;0;N;0;N;0;N;0;N;0;N;0;N;0;N
28;079;60;14;28079060_14_6;2026;04;07;88;V;80;V;81;V;77;V;75;V;70;V;61;V;42;V;32;V;53;V;68;V;78;V;85;V;87;V;87;V;95;V;98;V;97;V;96;V;73;V;63;V;64;V;56;V;40;V
28;079;60;14;28079060_14_6;2026;04;08;46;V;52;V;44;V;41;V;65;V;74;V;68;V;53;V;40;V;30;V;55;V;74;V;79;V;84;V;84;V;88;V;93;V;88;V;85;V;83;V;85;V;87;V;85;V;83;V
28;079;60;14;28079060_14_6;2026;04;09;78;V;58;V;51;V;52;V;65;V;61;V;42;V;23;V;0;N;0;N;59;V;66;V;89;V;97;V;103;V;104;V;105;V;108;V;103;V;85;V;53;V;22;V;56;V;60;V
28;079;60;14;28079060_14_6;2026;04;10;71;V;78;V;82;V;85;V;84;V;86;V;77;V;64;V;44;V;55;V;58;V;81;V;95;V;98;V;103;V;105;V;100;V;98;V;93;V;92;V;72;V;49;V;48;V;63;V
28;079;60;14;28079060_14_6;2026;04;11;39;V;36;V;45;V;52;V;56;V;49;V;44;V;34;V;30;V;28;V;44;V;67;V;77;V;84;V;83;V;80;V;89;V;92;V;87;V;80;V;69;V;73;V;75;V;75;V
28;079;60;14;28079060_14_6;2026;04;12;66;V;60;V;63;V;68;V;71;V;70;V;74;V;69;V;61;V;72;V;72;V;74;V;68;V;66;V;80;V;84;V;85;V;82;V;76;V;81;V;83;V;84;V;85;V;82;V
28;079;60;14;28079060_14_6;2026;04;13;82;V;82;V;79;V;77;V;75;V;81;V;79;V;60;V;59;V;70;V;84;V;90;V;90;V;90;V;92;V;94;V;99;V;98;V;97;V;92;V;79;V;41;V;44;V;71;V
28;079;60;14;28079060_14_6;2026;04;14;79;V;84;V;83;V;81;V;78;V;73;V;62;V;14;V;18;V;44;V;73;V;0;N;0;N;0;N;0;N;0;N;93;V;98;V;98;V;93;V;79;V;71;V;78;V;63;V
28;079;60;14;28079060_14_6;2026;04;15;54;V;38;V;48;V;37;V;43;V;35;V;19;V;13;V;18;V;37;V;45;V;46;V;69;V;83;V;94;V;92;V;94;V;95;V;93;V;84;V;77;V;66;V;65;V;57;V
28;079;60;14;28079060_14_6;2026;04;16;41;V;17;V;20;V;28;V;50;V;69;V;59;V;35;V;15;V;36;V;63;V;76;V;79;V;90;V;97;V;108;V;108;V;100;V;97;V;93;V;85;V;71;V;57;V;61;V
28;079;60;14;28079060_14_6;2026;04;17;56;V;43;V;44;V;43;V;55;V;52;V;46;V;27;V;25;V;42;V;63;V;76;V;76;V;84;V;96;V;110;V;110;V;110;V;112;V;108;V;92;V;73;V;53;V;37;V
28;079;60;14;28079060_14_6;2026;04;18;49;V;41;V;17;V;41;V;49;V;56;V;53;V;48;V;48;V;58;V;76;V;84;V;92;V;111;V;113;V;127;V;127;V;120;V;117;V;109;V;84;V;63;V;63;V;63;V
28;079;60;14;28079060_14_6;2026;04;19;72;V;78;V;79;V;77;V;78;V;75;V;75;V;73;V;64;V;67;V;83;V;97;V;102;V;117;V;122;V;127;V;124;V;121;V;119;V;113;V;100;V;64;V;80;V;85;V
28;079;60;14;28079060_14_6;2026;04;20;88;V;70;V;71;V;48;V;33;V;45;V;48;V;31;V;27;V;44;V;66;V;86;V;97;V;101;V;116;V;125;V;129;V;120;V;117;V;111;V;92;V;68;V;55;V;70;V
28;079;60;14;28079060_14_6;2026;04;21;60;V;57;V;59;V;74;V;69;V;62;V;52;V;32;V;31;V;48;V;74;V;94;V;101;V;106;V;109;V;121;V;118;V;113;V;96;V;72;V;59;V;45;V;45;V;41;V
28;079;60;14;28079060_14_6;2026;04;22;26;V;37;V;35;V;50;V;65;V;58;V;60;V;70;V;66;V;70;V;78;V;81;V;85;V;89;V;92;V;95;V;97;V;99;V;99;V;97;V;87;V;70;V;60;V;57;V
28;079;60;14;28079060_14_6;2026;04;23;61;V;61;V;53;V;65;V;64;V;56;V;57;V;29;V;0;N;0;N;0;N;87;V;86;V;94;V;107;V;116;V;116;V;113;V;111;V;107;V;96;V;90;V;95;V;97;V
28;079;60;14;28079060_14_6;2026;04;24;99;V;96;V;99;V;97;V;91;V;85;V;74;V;65;V;45;V;64;V;75;V;69;V;75;V;75;V;83;V;95;V;102;V;105;V;104;V;101;V;96;V;79;V;64;V;47;V
28;079;60;14;28079060_14_6;2026;04;25;64;V;34;V;60;V;80;V;79;V;66;V;63;V;50;V;49;V;54;V;73;V;78;V;83;V;90;V;99;V;105;V;106;V;103;V;99;V;87;V;82;V;75;V;84;V;83;V
28;079;60;14;28079060_14_6;2026;04;26;78;V;80;V;77;V;75;V;71;V;68;V;62;V;53;V;53;V;62;V;75;V;79;V;87;V;99;V;105;V;109;V;111;V;111;V;111;V;111;V;105;V;76;V;67;V;76;V
28;079;60;14;28079060_14_6;2026;04;27;67;V;74;V;69;V;67;V;68;V;56;V;39;V;15;V;24;V;47;V;76;V;102;V;105;V;104;V;118;V;124;V;122;V;119;V;116;V;112;V;107;V;93;V;80;V;85;V
28;079;60;14;28079060_14_6;2026;04;28;94;V;100;V;105;V;98;V;89;V;88;V;67;V;42;V;52;V;82;V;91;V;97;V;111;V;114;V;116;V;118;V;122;V;125;V;123;V;114;V;99;V;94;V;94;V;93;V
28;079;60;14;28079060_14_6;2026;04;29;94;V;88;V;87;V;86;V;73;V;77;V;71;V;67;V;56;V;56;V;58;V;69;V;76;V;87;V;92;V;97;V;95;V;95;V;93;V;90;V;87;V;78;V;81;V;81;V
28;079;60;14;28079060_14_6;2026;04;30;75;V;70;V;71;V;70;V;70;V;75;V;66;V;46;V;39;V;46;V;71;V;82;V;99;V;106;V;114;V;119;V;123;V;123;V;116;V;111;V;105;V;91;V;72;V;69;V
28;079;60;14;28079060_14_6;2026;05;01;65;V;59;V;57;V;65;V;65;V;60;V;58;V;59;V;59;V;69;V;71;V;82;V;100;V;109;V;122;V;129;V;129;V;129;V;126;V;121;V;112;V;98;V;88;V;86;V
28;079;60;14;28079060_14_6;2026;05;02;84;V;83;V;82;V;82;V;81;V;79;V;76;V;68;V;61;V;59;V;58;V;57;V;60;V;70;V;79;V;83;V;84;V;86;V;75;V;71;V;73;V;69;V;56;V;62;V
28;079;60;14;28079060_14_6;2026;05;03;55;V;40;V;24;V;11;V;25;V;30;V;29;V;30;V;35;V;58;V;68;V;76;V;81;V;86;V;86;V;84;V;85;V;90;V;86;V;85;V;75;V;79;V;78;V;81;V
28;079;60;14;28079060_14_6;2026;05;04;80;V;78;V;72;V;70;V;66;V;61;V;44;V;36;V;28;V;40;V;51;V;75;V;89;V;94;V;97;V;100;V;100;V;92;V;93;V;90;V;85;V;73;V;85;V;80;V
28;079;60;14;28079060_14_6;2026;05;05;81;V;88;V;87;V;85;V;85;V;80;V;74;V;68;V;65;V;49;V;71;V;94;V;96;V;97;V;101;V;102;V;103;V;104;V;104;V;102;V;101;V;92;V;85;V;77;V
28;079;60;14;28079060_14_6;2026;05;06;76;V;67;V;75;V;69;V;68;V;66;V;61;V;41;V;54;V;64;V;83;V;87;V;97;V;102;V;104;V;110;V;112;V;117;V;117;V;115;V;111;V;87;V;73;V;58;V
28;079;60;14;28079060_14_6;2026;05;07;69;V;82;V;76;V;74;V;75;V;74;V;71;V;53;V;52;V;0;N;0;N;0;N;0;N;0;N;0;N;0;N;0;N;0;N;0;N;0;N;0;N;0;N;0;N;0;N
28;079;60;7;28079060_7_8;2026;04;07;0;V;0;V;0;V;0;V;0;V;0;V;0;V;1;V;8;V;5;V;3;V;2;V;2;V;3;V;2;V;2;V;1;V;1;V;1;V;1;V;1;V;0;V;0;V;0;V
28;079;60;7;28079060_7_8;2026;04;08;0;V;0;V;0;V;0;V;0;V;0;V;0;V;1;V;3;V;8;V;4;V;1;V;1;V;1;V;1;V;2;V;2;V;2;V;2;V;1;V;1;V;0;V;0;V;0;V
28;079;60;7;28079060_7_8;2026;04;09;0;V;0;V;0;V;0;V;0;V;0;V;0;V;2;V;0;N;0;N;7;V;3;V;2;V;2;V;1;V;2;V;1;V;1;V;1;V;1;V;5;V;9;V;0;V;0;V
28;079;60;7;28079060_7_8;2026;04;10;0;V;0;V;0;V;0;V;0;V;0;V;0;V;0;V;4;V;4;V;7;V;4;V;2;V;2;V;2;V;1;V;1;V;1;V;1;V;0;V;1;V;1;V;1;V;0;V
28;079;60;7;28079060_7_8;2026;04;11;0;V;0;V;0;V;0;V;0;V;0;V;0;V;0;V;3;V;11;V;7;V;3;V;3;V;2;V;1;V;2;V;1;V;1;V;1;V;1;V;0;V;0;V;0;V;0;V
28;079;60;7;28079060_7_8;2026;04;12;0;V;0;V;0;V;0;V;0;V;0;V;0;V;0;V;1;V;0;V;1;V;1;V;1;V;1;V;0;V;0;V;0;V;0;V;0;V;0;V;0;V;0;V;0;V;0;V
28;079;60;7;28079060_7_8;2026;04;13;0;V;0;V;0;V;0;V;0;V;0;V;0;V;1;V;3;V;3;V;1;V;1;V;1;V;1;V;1;V;1;V;1;V;1;V;1;V;1;V;1;V;4;V;1;V;0;V
28;079;60;7;28079060_7_8;2026;04;14;0;V;0;V;0;V;0;V;0;V;0;V;0;V;12;V;27;V;10;V;3;V;0;N;0;N;0;N;0;N;0;N;1;V;1;V;1;V;1;V;1;V;0;V;0;V;0;V
28;079;60;7;28079060_7_8;2026;04;15;0;V;0;V;0;V;0;V;0;V;0;V;1;V;7;V;14;V;11;V;8;V;13;V;7;V;4;V;1;V;1;V;1;V;1;V;1;V;1;V;1;V;0;V;0;V;0;V
28;079;60;7;28079060_7_8;2026;04;16;0;V;0;V;0;V;0;V;0;V;0;V;0;V;3;V;22;V;17;V;5;V;2;V;3;V;3;V;2;V;1;V;1;V;1;V;1;V;1;V;0;V;1;V;0;V;0;V
28;079;60;7;28079060_7_8;2026;04;17;0;V;0;V;0;V;0;V;0;V;0;V;0;V;2;V;10;V;11;V;5;V;3;V;4;V;5;V;3;V;1;V;0;V;1;V;1;V;0;V;0;V;0;V;0;V;0;V
28;079;60;7;28079060_7_8;2026;04;18;0;V;0;V;2;V;0;V;0;V;0;V;0;V;0;V;1;V;3;V;2;V;2;V;3;V;2;V;0;V;0;V;0;V;0;V;0;V;0;V;0;V;0;V;0;V;0;V
28;079;60;7;28079060_7_8;2026;04;19;0;V;0;V;0;V;0;V;0;V;0;V;0;V;0;V;1;V;1;V;1;V;1;V;2;V;1;V;0;V;0;V;0;V;0;V;0;V;0;V;0;V;0;V;0;V;0;V
28;079;60;7;28079060_7_8;2026;04;20;0;V;0;V;0;V;0;V;0;V;0;V;0;V;2;V;11;V;12;V;6;V;3;V;2;V;3;V;2;V;1;V;1;V;0;V;1;V;1;V;0;V;0;V;0;V;0;V
28;079;60;7;28079060_7_8;2026;04;21;0;V;0;V;0;V;0;V;0;V;0;V;0;V;2;V;10;V;11;V;4;V;2;V;2;V;3;V;2;V;1;V;1;V;1;V;1;V;2;V;1;V;1;V;0;V;0;V
28;079;60;7;28079060_7_8;2026;04;22;0;V;0;V;0;V;0;V;0;V;0;V;1;V;1;V;2;V;3;V;1;V;1;V;1;V;1;V;1;V;1;V;1;V;1;V;1;V;1;V;1;V;0;V;0;V;0;V
28;079;60;7;28079060_7_8;2026;04;23;0;V;0;V;0;V;0;V;0;V;0;V;0;V;3;V;0;N;0;N;0;N;2;V;4;V;4;V;2;V;1;V;1;V;1;V;1;V;0;V;0;V;0;V;0;V;0;V
28;079;60;7;28079060_7_8;2026;04;24;0;V;0;V;0;V;0;V;0;V;0;V;0;V;1;V;3;V;2;V;1;V;2;V;2;V;3;V;3;V;2;V;1;V;1;V;1;V;1;V;1;V;0;V;0;V;1;V
28;079;60;7;28079060_7_8;2026;04;25;0;V;0;V;0;V;0;V;0;V;0;V;0;V;0;V;1;V;1;V;1;V;1;V;1;V;1;V;1;V;0;V;0;V;0;V;0;V;1;V;0;V;0;V;0;V;0;V
28;079;60;7;28079060_7_8;2026;04;26;0;V;0;V;0;V;0;V;0;V;0;V;0;V;0;V;0;V;1;V;1;V;1;V;1;V;0;V;0;V;0;V;0;V;0;V;0;V;1;V;0;V;0;V;0;V;0;V
28;079;60;7;28079060_7_8;2026;04;27;0;V;0;V;0;V;0;V;0;V;0;V;0;V;7;V;12;V;7;V;2;V;1;V;2;V;2;V;1;V;0;V;0;V;0;V;0;V;0;V;0;V;0;V;0;V;0;V
28;079;60;7;28079060_7_8;2026;04;28;0;V;0;V;0;V;0;V;0;V;0;V;0;V;2;V;6;V;3;V;2;V;3;V;1;V;1;V;1;V;0;V;1;V;1;V;1;V;1;V;0;V;0;V;0;V;0;V
28;079;60;7;28079060_7_8;2026;04;29;0;V;0;V;0;V;0;V;0;V;0;V;0;V;2;V;2;V;3;V;3;V;3;V;1;V;1;V;1;V;1;V;1;V;1;V;1;V;1;V;1;V;0;V;0;V;0;V
28;079;60;7;28079060_7_8;2026;04;30;0;V;0;V;0;V;0;V;0;V;0;V;0;V;2;V;5;V;6;V;4;V;3;V;1;V;0;V;0;V;1;V;1;V;1;V;2;V;1;V;1;V;0;V;0;V;0;V
28;079;60;7;28079060_7_8;2026;05;01;0;V;0;V;0;V;0;V;0;V;0;V;0;V;0;V;1;V;1;V;1;V;2;V;2;V;1;V;0;V;0;V;0;V;0;V;0;V;0;V;0;V;0;V;0;V;0;V
28;079;60;7;28079060_7_8;2026;05;02;0;V;0;V;0;V;0;V;0;V;0;V;0;V;0;V;0;V;0;V;0;V;1;V;1;V;1;V;0;V;1;V;0;V;0;V;0;V;0;V;0;V;0;V;0;V;0;V
28;079;60;7;28079060_7_8;2026;05;03;0;V;0;V;0;V;1;V;1;V;0;V;0;V;0;V;1;V;1;V;1;V;1;V;1;V;1;V;0;V;0;V;1;V;0;V;0;V;1;V;1;V;0;V;0;V;0;V
28;079;60;7;28079060_7_8;2026;05;04;0;V;0;V;0;V;0;V;0;V;0;V;2;V;3;V;10;V;8;V;5;V;2;V;2;V;1;V;1;V;1;V;1;V;2;V;1;V;0;V;0;V;0;V;0;V;0;V
28;079;60;7;28079060_7_8;2026;05;05;0;V;0;V;0;V;0;V;0;V;0;V;0;V;1;V;2;V;8;V;3;V;1;V;1;V;1;V;1;V;1;V;1;V;1;V;1;V;0;V;0;V;0;V;0;V;0;V
28;079;60;7;28079060_7_8;2026;05;06;0;V;0;V;0;V;0;V;0;V;0;V;0;V;3;V;6;V;6;V;2;V;1;V;1;V;1;V;1;V;1;V;1;V;1;V;1;V;0;V;0;V;1;V;0;V;0;V
28;079;60;7;28079060_7_8;2026;05;07;0;V;0;V;0;V;0;V;0;V;0;V;0;V;1;V;3;V;0;N;0;N;0;N;0;N;0;N;0;N;0;N;0;N;0;N;0;N;0;N;0;N;0;N;0;N;0;N
28;079;60;8;28079060_8_8;2026;04;07;6;V;13;V;10;V;10;V;9;V;13;V;18;V;38;V;52;V;32;V;18;V;17;V;13;V;15;V;18;V;15;V;11;V;9;V;15;V;19;V;13;V;12;V;12;V;24;V
28;079;60;8;28079060_8_8;2026;04;08;13;V;8;V;11;V;16;V;7;V;3;V;7;V;24;V;39;V;51;V;24;V;15;V;10;V;7;V;8;V;9;V;7;V;10;V;11;V;8;V;10;V;9;V;9;V;9;V
28;079;60;8;28079060_8_8;2026;04;09;10;V;18;V;24;V;19;V;8;V;10;V;19;V;36;V;0;N;0;N;25;V;20;V;12;V;9;V;7;V;7;V;9;V;9;V;8;V;19;V;48;V;80;V;37;V;27;V
28;079;60;8;28079060_8_8;2026;04;10;10;V;4;V;3;V;5;V;7;V;6;V;12;V;25;V;48;V;33;V;32;V;17;V;10;V;12;V;11;V;8;V;9;V;9;V;12;V;13;V;23;V;44;V;44;V;28;V
28;079;60;8;28079060_8_8;2026;04;11;44;V;52;V;33;V;22;V;17;V;21;V;25;V;32;V;40;V;48;V;38;V;19;V;17;V;18;V;19;V;24;V;12;V;6;V;7;V;12;V;16;V;9;V;6;V;5;V
28;079;60;8;28079060_8_8;2026;04;12;5;V;4;V;4;V;3;V;2;V;3;V;3;V;9;V;16;V;6;V;7;V;8;V;7;V;8;V;5;V;4;V;4;V;4;V;7;V;8;V;7;V;6;V;4;V;4;V
28;079;60;8;28079060_8_8;2026;04;13;3;V;2;V;2;V;2;V;2;V;2;V;4;V;19;V;27;V;15;V;6;V;4;V;4;V;4;V;4;V;4;V;4;V;5;V;5;V;9;V;18;V;53;V;44;V;15;V
28;079;60;8;28079060_8_8;2026;04;14;5;V;3;V;3;V;4;V;4;V;7;V;15;V;56;V;65;V;39;V;13;V;0;N;0;N;0;N;0;N;0;N;5;V;5;V;6;V;7;V;12;V;17;V;8;V;14;V
28;079;60;8;28079060_8_8;2026;04;15;15;V;36;V;18;V;23;V;18;V;21;V;37;V;46;V;42;V;27;V;20;V;31;V;22;V;17;V;6;V;5;V;5;V;6;V;7;V;9;V;10;V;15;V;17;V;19;V
28;079;60;8;28079060_8_8;2026;04;16;27;V;50;V;42;V;36;V;18;V;10;V;15;V;38;V;62;V;43;V;18;V;10;V;13;V;15;V;12;V;9;V;7;V;7;V;6;V;7;V;12;V;23;V;31;V;29;V
28;079;60;8;28079060_8_8;2026;04;17;19;V;25;V;28;V;28;V;13;V;13;V;21;V;44;V;49;V;38;V;20;V;13;V;19;V;25;V;17;V;8;V;6;V;7;V;6;V;8;V;15;V;24;V;37;V;52;V
28;079;60;8;28079060_8_8;2026;04;18;29;V;32;V;61;V;36;V;23;V;15;V;14;V;18;V;19;V;20;V;13;V;15;V;20;V;14;V;6;V;7;V;6;V;5;V;6;V;11;V;30;V;45;V;33;V;32;V
28;079;60;8;28079060_8_8;2026;04;19;16;V;10;V;9;V;6;V;5;V;6;V;6;V;6;V;12;V;9;V;6;V;8;V;13;V;11;V;7;V;5;V;4;V;5;V;5;V;8;V;16;V;46;V;26;V;18;V
28;079;60;8;28079060_8_8;2026;04;20;13;V;20;V;16;V;31;V;43;V;25;V;24;V;44;V;53;V;44;V;25;V;14;V;12;V;22;V;11;V;9;V;8;V;9;V;8;V;10;V;23;V;38;V;45;V;23;V
28;079;60;8;28079060_8_8;2026;04;21;16;V;17;V;18;V;11;V;11;V;13;V;23;V;43;V;52;V;43;V;22;V;14;V;15;V;20;V;19;V;12;V;14;V;18;V;18;V;22;V;36;V;38;V;38;V;39;V
28;079;60;8;28079060_8_8;2026;04;22;53;V;36;V;30;V;19;V;9;V;10;V;15;V;17;V;22;V;17;V;9;V;7;V;6;V;6;V;6;V;6;V;6;V;6;V;7;V;8;V;12;V;21;V;26;V;22;V
28;079;60;8;28079060_8_8;2026;04;23;16;V;12;V;18;V;10;V;13;V;12;V;11;V;41;V;0;N;0;N;0;N;13;V;21;V;21;V;16;V;12;V;9;V;9;V;9;V;9;V;14;V;12;V;7;V;7;V
28;079;60;8;28079060_8_8;2026;04;24;6;V;5;V;4;V;5;V;4;V;6;V;12;V;20;V;38;V;26;V;16;V;22;V;16;V;19;V;16;V;12;V;10;V;11;V;14;V;14;V;15;V;17;V;23;V;36;V
28;079;60;8;28079060_8_8;2026;04;25;25;V;41;V;17;V;6;V;7;V;9;V;11;V;16;V;20;V;13;V;7;V;7;V;7;V;8;V;8;V;5;V;4;V;6;V;11;V;15;V;8;V;9;V;8;V;6;V
28;079;60;8;28079060_8_8;2026;04;26;6;V;3;V;3;V;4;V;7;V;5;V;7;V;10;V;8;V;7;V;5;V;5;V;7;V;5;V;4;V;4;V;3;V;4;V;4;V;8;V;9;V;19;V;25;V;11;V
28;079;60;8;28079060_8_8;2026;04;27;12;V;15;V;9;V;6;V;6;V;10;V;23;V;46;V;43;V;25;V;13;V;8;V;13;V;14;V;10;V;7;V;7;V;6;V;8;V;9;V;13;V;20;V;28;V;18;V
28;079;60;8;28079060_8_8;2026;04;28;7;V;6;V;4;V;7;V;7;V;9;V;14;V;39;V;39;V;20;V;14;V;17;V;8;V;7;V;7;V;7;V;7;V;9;V;11;V;14;V;12;V;13;V;11;V;7;V
28;079;60;8;28079060_8_8;2026;04;29;6;V;7;V;5;V;5;V;9;V;8;V;13;V;22;V;34;V;34;V;28;V;17;V;13;V;10;V;11;V;9;V;8;V;8;V;7;V;10;V;12;V;13;V;10;V;7;V
28;079;60;8;28079060_8_8;2026;04;30;6;V;5;V;4;V;3;V;3;V;3;V;8;V;20;V;29;V;24;V;17;V;14;V;7;V;6;V;6;V;8;V;9;V;9;V;13;V;10;V;11;V;16;V;24;V;26;V
28;079;60;8;28079060_8_8;2026;05;01;24;V;28;V;23;V;15;V;10;V;9;V;8;V;10;V;11;V;10;V;9;V;10;V;12;V;8;V;5;V;5;V;5;V;5;V;5;V;6;V;10;V;13;V;18;V;8;V
28;079;60;8;28079060_8_8;2026;05;02;6;V;5;V;6;V;6;V;5;V;5;V;5;V;7;V;11;V;12;V;13;V;15;V;12;V;9;V;8;V;6;V;6;V;5;V;8;V;12;V;10;V;13;V;23;V;21;V
28;079;60;8;28079060_8_8;2026;05;03;18;V;16;V;31;V;46;V;34;V;13;V;13;V;13;V;12;V;10;V;9;V;7;V;6;V;5;V;4;V;3;V;4;V;4;V;5;V;6;V;10;V;9;V;13;V;9;V
28;079;60;8;28079060_8_8;2026;05;04;8;V;6;V;6;V;6;V;5;V;5;V;19;V;26;V;33;V;28;V;20;V;10;V;7;V;5;V;4;V;4;V;5;V;8;V;5;V;5;V;8;V;17;V;10;V;9;V
28;079;60;8;28079060_8_8;2026;05;05;6;V;3;V;3;V;3;V;3;V;5;V;8;V;15;V;19;V;37;V;19;V;6;V;6;V;7;V;6;V;4;V;5;V;5;V;5;V;6;V;6;V;12;V;14;V;17;V
28;079;60;8;28079060_8_8;2026;05;06;10;V;14;V;8;V;12;V;13;V;10;V;14;V;38;V;32;V;22;V;10;V;6;V;6;V;6;V;9;V;9;V;10;V;10;V;12;V;15;V;16;V;28;V;31;V;44;V
28;079;60;8;28079060_8_8;2026;05;07;29;V;6;V;4;V;4;V;5;V;5;V;7;V;25;V;32;V;0;N;0;N;0;N;0;N;0;N;0;N;0;N;0;N;0;N;0;N;0;N;0;N;0;N;0;N;0;N
28;079;60;9;28079060_9_A;2026;04;07;4;V;4;V;4;V;4;V;5;V;4;V;4;V;5;V;7;V;6;V;5;V;5;V;6;V;8;V;10;V;10;V;12;V;16;V;14;V;20;V;21;V;19;V;16;V;18;V
28;079;60;9;28079060_9_A;2026;04;08;16;V;18;V;19;V;19;V;12;V;4;V;3;V;4;V;4;V;5;V;5;V;4;V;4;V;3;V;3;V;2;V;2;V;2;V;2;V;1;V;1;V;1;V;1;V;1;V
28;079;60;9;28079060_9_A;2026;04;09;1;V;1;V;2;V;2;V;2;V;2;V;3;V;4;V;0;N;0;N;12;V;11;V;12;V;10;V;9;V;9;V;10;V;11;V;11;V;11;V;10;V;11;V;11;V;11;V
28;079;60;9;28079060_9_A;2026;04;10;14;V;21;V;25;V;20;V;17;V;18;V;20;V;22;V;23;V;22;V;21;V;20;V;17;V;18;V;19;V;19;V;21;V;23;V;25;V;24;V;28;V;28;V;28;V;26;V
28;079;60;9;28079060_9_A;2026;04;11;28;V;27;V;25;V;23;V;22;V;23;V;22;V;21;V;21;V;22;V;22;V;20;V;20;V;21;V;22;V;24;V;24;V;29;V;36;V;38;V;37;V;32;V;21;V;18;V
28;079;60;9;28079060_9_A;2026;04;12;15;V;14;V;18;V;15;V;12;V;11;V;10;V;8;V;7;V;6;V;6;V;6;V;5;V;3;V;4;V;6;V;4;V;5;V;5;V;5;V;3;V;2;V;1;V;1;V
28;079;60;9;28079060_9_A;2026;04;13;2;V;1;V;1;V;1;V;1;V;1;V;1;V;1;V;2;V;2;V;1;V;1;V;1;V;2;V;2;V;2;V;1;V;1;V;1;V;1;V;2;V;3;V;4;V;3;V
28;079;60;9;28079060_9_A;2026;04;14;2;V;2;V;3;V;3;V;3;V;3;V;3;V;6;V;8;V;5;V;3;V;1;V;1;V;1;V;1;V;0;N;1;V;1;V;1;V;2;V;1;V;2;V;1;V;2;V
28;079;60;9;28079060_9_A;2026;04;15;2;V;7;V;3;V;2;V;3;V;2;V;3;V;6;V;6;V;3;V;3;V;6;V;5;V;5;V;2;V;2;V;2;V;2;V;2;V;2;V;2;V;3;V;3;V;3;V
28;079;60;9;28079060_9_A;2026;04;16;4;V;4;V;4;V;5;V;4;V;3;V;3;V;3;V;5;V;6;V;4;V;4;V;5;V;5;V;4;V;3;V;3;V;2;V;2;V;2;V;2;V;3;V;3;V;4;V
28;079;60;9;28079060_9_A;2026;04;17;3;V;4;V;5;V;4;V;4;V;4;V;4;V;5;V;8;V;5;V;5;V;7;V;6;V;7;V;6;V;4;V;4;V;3;V;3;V;3;V;3;V;3;V;5;V;9;V
28;079;60;9;28079060_9_A;2026;04;18;6;V;7;V;7;V;6;V;6;V;6;V;5;V;5;V;6;V;6;V;6;V;7;V;8;V;7;V;5;V;5;V;5;V;4;V;3;V;4;V;5;V;7;V;10;V;8;V
28;079;60;9;28079060_9_A;2026;04;19;5;V;4;V;3;V;3;V;3;V;4;V;4;V;4;V;5;V;5;V;5;V;5;V;6;V;6;V;8;V;6;V;5;V;5;V;4;V;4;V;5;V;6;V;7;V;8;V
28;079;60;9;28079060_9_A;2026;04;20;9;V;9;V;9;V;9;V;11;V;10;V;8;V;9;V;10;V;11;V;9;V;8;V;10;V;11;V;10;V;10;V;9;V;9;V;9;V;9;V;9;V;10;V;11;V;11;V
28;079;60;9;28079060_9_A;2026;04;21;11;V;11;V;12;V;10;V;10;V;10;V;11;V;11;V;12;V;13;V;10;V;8;V;9;V;10;V;11;V;10;V;10;V;10;V;16;V;16;V;17;V;18;V;23;V;19;V
28;079;60;9;28079060_9_A;2026;04;22;17;V;17;V;17;V;18;V;18;V;18;V;18;V;20;V;23;V;25;V;25;V;26;V;26;V;25;V;23;V;21;V;19;V;17;V;15;V;15;V;15;V;15;V;15;V;15;V
28;079;60;9;28079060_9_A;2026;04;23;14;V;15;V;16;V;15;V;15;V;16;V;14;V;16;V;17;V;18;V;16;V;14;V;16;V;17;V;16;V;15;V;14;V;13;V;13;V;13;V;14;V;15;V;15;V;13;V
28;079;60;9;28079060_9_A;2026;04;24;12;V;11;V;9;V;8;V;9;V;8;V;8;V;8;V;9;V;10;V;9;V;11;V;12;V;13;V;14;V;16;V;15;V;14;V;14;V;13;V;13;V;14;V;13;V;15;V
28;079;60;9;28079060_9_A;2026;04;25;12;V;13;V;11;V;6;V;6;V;8;V;10;V;11;V;10;V;9;V;8;V;8;V;9;V;10;V;10;V;10;V;9;V;9;V;10;V;9;V;8;V;9;V;7;V;6;V
28;079;60;9;28079060_9_A;2026;04;26;6;V;6;V;5;V;5;V;5;V;5;V;5;V;5;V;6;V;6;V;6;V;8;V;9;V;10;V;11;V;11;V;11;V;10;V;9;V;9;V;9;V;9;V;11;V;8;V
28;079;60;9;28079060_9_A;2026;04;27;7;V;7;V;7;V;6;V;6;V;7;V;7;V;9;V;9;V;9;V;8;V;7;V;7;V;8;V;9;V;8;V;8;V;6;V;5;V;5;V;4;V;5;V;5;V;6;V
28;079;60;9;28079060_9_A;2026;04;28;6;V;5;V;4;V;4;V;4;V;4;V;6;V;6;V;6;V;5;V;4;V;6;V;6;V;7;V;7;V;6;V;6;V;7;V;7;V;7;V;10;V;8;V;8;V;9;V
28;079;60;9;28079060_9_A;2026;04;29;9;V;8;V;8;V;8;V;10;V;9;V;9;V;9;V;10;V;9;V;9;V;10;V;9;V;10;V;11;V;12;V;12;V;11;V;10;V;9;V;7;V;6;V;4;V;5;V
28;079;60;9;28079060_9_A;2026;04;30;5;V;5;V;5;V;4;V;4;V;4;V;5;V;6;V;7;V;8;V;7;V;6;V;5;V;5;V;6;V;6;V;7;V;6;V;6;V;5;V;5;V;5;V;6;V;6;V
28;079;60;9;28079060_9_A;2026;05;01;7;V;8;V;9;V;8;V;7;V;7;V;7;V;7;V;7;V;7;V;8;V;8;V;9;V;7;V;6;V;6;V;5;V;5;V;5;V;5;V;5;V;5;V;5;V;8;V
28;079;60;9;28079060_9_A;2026;05;02;8;V;8;V;8;V;9;V;9;V;9;V;9;V;10;V;11;V;10;V;11;V;12;V;12;V;11;V;10;V;8;V;11;V;8;V;5;V;5;V;6;V;7;V;9;V;11;V
28;079;60;9;28079060_9_A;2026;05;03;10;V;9;V;13;V;10;V;10;V;9;V;9;V;10;V;10;V;8;V;8;V;8;V;7;V;6;V;5;V;3;V;3;V;3;V;3;V;3;V;3;V;2;V;3;V;2;V
28;079;60;9;28079060_9_A;2026;05;04;2;V;2;V;2;V;2;V;2;V;2;V;2;V;3;V;3;V;4;V;3;V;2;V;2;V;2;V;2;V;2;V;2;V;2;V;2;V;1;V;2;V;2;V;2;V;2;V
28;079;60;9;28079060_9_A;2026;05;05;2;V;2;V;2;V;2;V;2;V;2;V;2;V;2;V;2;V;4;V;3;V;2;V;2;V;2;V;2;V;2;V;1;V;1;V;1;V;1;V;1;V;2;V;2;V;2;V
28;079;60;9;28079060_9_A;2026;05;06;1;V;8;V;4;V;2;V;1;V;3;V;2;V;2;V;3;V;2;V;1;V;1;V;2;V;2;V;1;V;2;V;2;V;2;V;2;V;2;V;2;V;2;V;3;V;3;V
28;079;60;9;28079060_9_A;2026;05;07;4;V;2;V;1;V;2;V;2;V;2;V;2;V;4;V;0;N;0;N;0;N;0;N;0;N;0;N;0;N;0;N;0;N;0;N;0;N;0;N;0;N;0;N;0;N;0;N
28;079;8;1;28079008_1_38;2026;04;07;2;V;2;V;2;V;3;V;3;V;3;V;3;V;3;V;0;N;0;N;0;N;0;N;0;N;0;N;0;N;0;N;0;N;4;V;3;V;3;V;3;V;3;V;3;V;3;V
28;079;8;1;28079008_1_38;2026;04;08;3;V;3;V;3;V;3;V;2;V;2;V;2;V;3;V;2;V;3;V;3;V;3;V;3;V;3;V;3;V;3;V;3;V;3;V;3;V;2;V;2;V;2;V;2;V;2;V
28;079;8;1;28079008_1_38;2026;04;09;2;V;2;V;2;V;2;V;2;V;2;V;2;V;3;V;3;V;3;V;3;V;3;V;3;V;2;V;2;V;2;V;3;V;3;V;3;V;3;V;4;V;3;V;4;V;3;V
28;079;8;1;28079008_1_38;2026;04;10;3;V;3;V;2;V;3;V;3;V;3;V;3;V;3;V;3;V;3;V;3;V;3;V;2;V;2;V;3;V;3;V;3;V;3;V;2;V;2;V;3;V;3;V;3;V;3;V
28;079;8;1;28079008_1_38;2026;04;11;3;V;3;V;2;V;3;V;3;V;2;V;3;V;3;V;4;V;3;V;3;V;3;V;3;V;3;V;3;V;3;V;3;V;3;V;3;V;3;V;3;V;2;V;2;V;2;V
28;079;8;1;28079008_1_38;2026;04;12;2;V;2;V;2;V;2;V;2;V;2;V;2;V;2;V;2;V;2;V;2;V;2;V;2;V;2;V;2;V;2;V;2;V;2;V;2;V;2;V;2;V;2;V;3;V;2;V
28;079;8;1;28079008_1_38;2026;04;13;2;V;2;V;2;V;2;V;2;V;2;V;2;V;2;V;2;V;3;V;2;V;2;V;2;V;2;V;2;V;3;V;3;V;3;V;3;V;3;V;3;V;3;V;2;V;2;V
28;079;8;1;28079008_1_38;2026;04;14;2;V;2;V;2;V;2;V;2;V;2;V;2;V;2;V;3;V;3;V;3;V;2;V;3;V;2;V;2;V;2;V;2;V;2;V;3;V;2;V;3;V;3;V;3;V;2;V
28;079;8;1;28079008_1_38;2026;04;15;2;V;2;V;2;V;2;V;2;V;3;V;3;V;3;V;3;V;4;V;3;V;3;V;3;V;3;V;2;V;2;V;2;V;2;V;2;V;2;V;2;V;2;V;2;V;2;V
28;079;8;1;28079008_1_38;2026;04;16;2;V;3;V;3;V;3;V;2;V;2;V;2;V;3;V;3;V;3;V;2;V;2;V;2;V;2;V;3;V;3;V;3;V;2;V;2;V;2;V;2;V;2;V;2;V;2;V
28;079;8;1;28079008_1_38;2026;04;17;2;V;2;V;2;V;3;V;3;V;3;V;2;V;3;V;3;V;3;V;3;V;4;V;3;V;3;V;3;V;3;V;3;V;3;V;3;V;2;V;3;V;3;V;3;V;3;V
28;079;8;1;28079008_1_38;2026;04;18;3;V;3;V;3;V;3;V;3;V;3;V;5;V;4;V;3;V;3;V;3;V;3;V;3;V;3;V;3;V;3;V;3;V;3;V;3;V;3;V;3;V;3;V;3;V;3;V
28;079;8;1;28079008_1_38;2026;04;19;2;V;3;V;2;V;3;V;3;V;3;V;3;V;3;V;3;V;3;V;3;V;3;V;3;V;3;V;3;V;3;V;3;V;3;V;3;V;3;V;3;V;3;V;3;V;3;V
28;079;8;1;28079008_1_38;2026;04;20;3;V;2;V;2;V;2;V;3;V;2;V;3;V;3;V;3;V;0;N;0;N;0;N;4;V;4;V;4;V;4;V;4;V;4;V;3;V;3;V;3;V;3;V;3;V;3;V
28;079;8;1;28079008_1_38;2026;04;21;3;V;3;V;3;V;3;V;3;V;3;V;3;V;3;V;3;V;3;V;3;V;3;V;3;V;3;V;3;V;3;V;3;V;3;V;3;V;3;V;3;V;3;V;3;V;3;V
28;079;8;1;28079008_1_38;2026;04;22;3;V;3;V;3;V;3;V;3;V;3;V;3;V;3;V;2;V;2;V;3;V;0;N;0;N;0;N;0;N;0;N;3;V;3;V;3;V;3;V;3;V;3;V;3;V;3;V
28;079;8;1;28079008_1_38;2026;04;23;3;V;3;V;3;V;3;V;3;V;3;V;3;V;3;V;3;V;4;V;4;V;4;V;3;V;3;V;3;V;3;V;4;V;3;V;3;V;3;V;3;V;3;V;3;V;3;V
28;079;8;1;28079008_1_38;2026;04;24;3;V;3;V;3;V;3;V;3;V;3;V;3;V;3;V;3;V;3;V;3;V;3;V;3;V;3;V;3;V;3;V;3;V;3;V;3;V;3;V;3;V;3;V;3;V;3;V
28;079;8;1;28079008_1_38;2026;04;25;3;V;3;V;3;V;3;V;3;V;3;V;3;V;3;V;3;V;3;V;3;V;3;V;3;V;3;V;3;V;3;V;3;V;3;V;3;V;3;V;3;V;3;V;3;V;3;V
28;079;8;1;28079008_1_38;2026;04;26;3;V;3;V;3;V;3;V;3;V;3;V;3;V;3;V;3;V;3;V;3;V;3;V;3;V;3;V;3;V;3;V;3;V;3;V;3;V;3;V;3;V;3;V;4;V;3;V
28;079;8;1;28079008_1_38;2026;04;27;3;V;4;V;4;V;3;V;3;V;3;V;3;V;3;V;4;V;4;V;4;V;4;V;3;V;4;V;3;V;3;V;4;V;3;V;3;V;3;V;3;V;3;V;3;V;3;V
28;079;8;1;28079008_1_38;2026;04;28;3;V;3;V;3;V;3;V;3;V;3;V;3;V;3;V;4;V;4;V;3;V;3;V;3;V;3;V;3;V;3;V;3;V;3;V;3;V;3;V;3;V;3;V;3;V;3;V
28;079;8;1;28079008_1_38;2026;04;29;3;V;3;V;3;V;3;V;3;V;3;V;3;V;3;V;3;V;3;V;3;V;3;V;3;V;3;V;3;V;3;V;3;V;3;V;3;V;3;V;3;V;3;V;3;V;3;V
28;079;8;1;28079008_1_38;2026;04;30;3;V;3;V;3;V;3;V;3;V;3;V;3;V;3;V;3;V;3;V;3;V;3;V;3;V;3;V;3;V;3;V;3;V;3;V;3;V;3;V;3;V;3;V;3;V;3;V
28;079;8;1;28079008_1_38;2026;05;01;3;V;3;V;3;V;3;V;3;V;3;V;3;V;3;V;3;V;4;V;4;V;4;V;4;V;4;V;4;V;4;V;4;V;4;V;3;V;3;V;3;V;3;V;3;V;3;V
28;079;8;1;28079008_1_38;2026;05;02;3;V;3;V;3;V;3;V;3;V;3;V;3;V;3;V;3;V;3;V;3;V;3;V;3;V;3;V;3;V;3;V;3;V;3;V;3;V;3;V;3;V;3;V;3;V;3;V
28;079;8;1;28079008_1_38;2026;05;03;3;V;3;V;3;V;3;V;3;V;3;V;3;V;3;V;3;V;3;V;3;V;3;V;3;V;3;V;3;V;3;V;3;V;3;V;3;V;3;V;3;V;3;V;3;V;3;V
28;079;8;1;28079008_1_38;2026;05;04;3;V;3;V;3;V;3;V;3;V;3;V;3;V;3;V;3;V;3;V;3;V;3;V;3;V;3;V;3;V;3;V;3;V;3;V;3;V;3;V;3;V;3;V;3;V;3;V
28;079;8;1;28079008_1_38;2026;05;05;3;V;3;V;3;V;3;V;3;V;3;V;3;V;3;V;3;V;3;V;3;V;3;V;3;V;3;V;3;V;3;V;3;V;3;V;3;V;3;V;3;V;3;V;3;V;3;V
28;079;8;1;28079008_1_38;2026;05;06;3;V;3;V;3;V;3;V;4;V;4;V;3;V;3;V;3;V;0;N;0;N;3;V;3;V;3;V;3;V;3;V;3;V;3;V;3;V;3;V;3;V;3;V;3;V;3;V
28;079;8;1;28079008_1_38;2026;05;07;4;V;3;V;3;V;3;V;3;V;3;V;3;V;3;V;3;V;0;N;0;N;0;N;0;N;0;N;0;N;0;N;0;N;0;N;0;N;0;N;0;N;0;N;0;N;0;N
28;079;8;10;28079008_10_47;2026;04;07;14;V;12;V;10;V;16;V;14;V;11;V;12;V;17;V;22;V;24;V;22;V;19;V;0;N;0;N;0;N;0;N;36;V;34;V;45;V;78;V;64;V;42;V;41;V;38;V
28;079;8;10;28079008_10_47;2026;04;08;48;V;47;V;36;V;35;V;28;V;11;V;9;V;8;V;10;V;12;V;19;V;21;V;19;V;20;V;21;V;19;V;14;V;15;V;11;V;6;V;5;V;5;V;10;V;5;V
28;079;8;10;28079008_10_47;2026;04;09;6;V;1;V;10;V;7;V;7;V;6;V;7;V;11;V;20;V;31;V;40;V;37;V;46;V;42;V;34;V;30;V;46;V;49;V;40;V;37;V;37;V;51;V;50;V;45;V
28;079;8;10;28079008_10_47;2026;04;10;37;V;46;V;75;V;89;V;57;V;49;V;48;V;59;V;76;V;69;V;62;V;58;V;47;V;50;V;56;V;61;V;64;V;67;V;79;V;70;V;84;V;82;V;86;V;83;V
28;079;8;10;28079008_10_47;2026;04;11;72;V;67;V;63;V;60;V;64;V;55;V;50;V;49;V;58;V;62;V;59;V;64;V;59;V;65;V;70;V;75;V;78;V;78;V;90;V;96;V;88;V;81;V;69;V;44;V
28;079;8;10;28079008_10_47;2026;04;12;38;V;35;V;30;V;31;V;22;V;20;V;19;V;17;V;14;V;11;V;13;V;15;V;13;V;11;V;11;V;12;V;12;V;11;V;16;V;11;V;11;V;17;V;6;V;5;V
28;079;8;10;28079008_10_47;2026;04;13;6;V;6;V;8;V;6;V;5;V;7;V;4;V;3;V;5;V;13;V;12;V;9;V;10;V;12;V;12;V;12;V;9;V;10;V;11;V;9;V;6;V;9;V;14;V;6;V
28;079;8;10;28079008_10_47;2026;04;14;8;V;3;V;5;V;10;V;10;V;8;V;11;V;14;V;20;V;21;V;29;V;22;V;9;V;8;V;6;V;7;V;13;V;11;V;13;V;4;V;6;V;8;V;8;V;11;V
28;079;8;10;28079008_10_47;2026;04;15;23;V;15;V;14;V;14;V;14;V;14;V;16;V;18;V;22;V;31;V;25;V;17;V;27;V;29;V;20;V;13;V;6;V;13;V;12;V;21;V;17;V;19;V;23;V;17;V
28;079;8;10;28079008_10_47;2026;04;16;22;V;0;N;33;V;23;V;21;V;20;V;18;V;12;V;14;V;19;V;21;V;18;V;15;V;22;V;26;V;24;V;19;V;14;V;16;V;17;V;23;V;37;V;31;V;25;V
28;079;8;10;28079008_10_47;2026;04;17;23;V;24;V;26;V;24;V;17;V;14;V;17;V;18;V;20;V;28;V;32;V;29;V;29;V;39;V;28;V;20;V;15;V;19;V;19;V;22;V;48;V;37;V;40;V;39;V
28;079;8;10;28079008_10_47;2026;04;18;32;V;34;V;32;V;34;V;25;V;22;V;16;V;23;V;20;V;19;V;17;V;20;V;23;V;29;V;22;V;19;V;23;V;21;V;18;V;22;V;33;V;32;V;38;V;37;V
28;079;8;10;28079008_10_47;2026;04;19;16;V;9;V;12;V;9;V;12;V;12;V;8;V;6;V;13;V;14;V;19;V;21;V;24;V;24;V;23;V;16;V;22;V;27;V;24;V;29;V;30;V;49;V;35;V;32;V
28;079;8;10;28079008_10_47;2026;04;20;33;V;22;V;21;V;28;V;27;V;23;V;23;V;29;V;27;V;0;N;0;N;0;N;31;V;29;V;25;V;35;V;35;V;32;V;35;V;52;V;56;V;64;V;42;V;39;V
28;079;8;10;28079008_10_47;2026;04;21;39;V;35;V;35;V;33;V;28;V;26;V;29;V;32;V;31;V;38;V;40;V;31;V;26;V;39;V;42;V;34;V;29;V;24;V;85;V;76;V;40;V;47;V;45;V;40;V
28;079;8;10;28079008_10_47;2026;04;22;42;V;43;V;39;V;41;V;34;V;39;V;42;V;43;V;51;V;60;V;58;V;54;V;57;V;58;V;54;V;44;V;41;V;44;V;36;V;40;V;46;V;48;V;44;V;38;V
28;079;8;10;28079008_10_47;2026;04;23;39;V;47;V;39;V;36;V;35;V;31;V;32;V;35;V;47;V;45;V;46;V;52;V;37;V;43;V;41;V;43;V;39;V;38;V;44;V;53;V;50;V;52;V;47;V;37;V
28;079;8;10;28079008_10_47;2026;04;24;31;V;28;V;20;V;20;V;25;V;14;V;15;V;19;V;18;V;23;V;20;V;20;V;24;V;29;V;36;V;26;V;32;V;32;V;32;V;34;V;27;V;33;V;34;V;29;V
28;079;8;10;28079008_10_47;2026;04;25;21;V;20;V;23;V;22;V;14;V;15;V;19;V;18;V;18;V;12;V;13;V;18;V;20;V;16;V;19;V;22;V;23;V;18;V;20;V;20;V;23;V;22;V;21;V;13;V
28;079;8;10;28079008_10_47;2026;04;26;12;V;10;V;6;V;6;V;4;V;11;V;7;V;12;V;11;V;10;V;16;V;18;V;18;V;20;V;27;V;30;V;29;V;21;V;32;V;25;V;28;V;26;V;21;V;24;V
28;079;8;10;28079008_10_47;2026;04;27;29;V;20;V;14;V;12;V;13;V;15;V;17;V;27;V;25;V;22;V;25;V;17;V;21;V;22;V;23;V;29;V;25;V;27;V;29;V;22;V;20;V;31;V;28;V;16;V
28;079;8;10;28079008_10_47;2026;04;28;21;V;28;V;19;V;13;V;9;V;10;V;14;V;16;V;16;V;24;V;24;V;27;V;18;V;18;V;21;V;22;V;20;V;20;V;20;V;20;V;43;V;34;V;24;V;21;V
28;079;8;10;28079008_10_47;2026;04;29;15;V;15;V;14;V;17;V;13;V;16;V;18;V;24;V;23;V;18;V;17;V;23;V;18;V;20;V;22;V;28;V;39;V;38;V;35;V;32;V;26;V;19;V;13;V;12;V
28;079;8;10;28079008_10_47;2026;04;30;12;V;10;V;13;V;10;V;7;V;3;V;10;V;11;V;21;V;26;V;28;V;17;V;29;V;22;V;17;V;15;V;20;V;25;V;21;V;17;V;21;V;15;V;23;V;22;V
28;079;8;10;28079008_10_47;2026;05;01;23;V;23;V;21;V;21;V;18;V;17;V;15;V;13;V;14;V;17;V;16;V;15;V;18;V;26;V;22;V;26;V;11;V;12;V;14;V;31;V;29;V;33;V;27;V;21;V
28;079;8;10;28079008_10_47;2026;05;02;18;V;14;V;15;V;18;V;20;V;18;V;16;V;19;V;18;V;18;V;16;V;13;V;21;V;19;V;17;V;21;V;24;V;21;V;16;V;7;V;13;V;14;V;15;V;17;V
28;079;8;10;28079008_10_47;2026;05;03;23;V;14;V;15;V;20;V;18;V;17;V;18;V;16;V;16;V;7;V;13;V;18;V;19;V;13;V;16;V;9;V;10;V;7;V;13;V;16;V;10;V;12;V;7;V;9;V
28;079;8;10;28079008_10_47;2026;05;04;7;V;10;V;9;V;9;V;7;V;9;V;9;V;8;V;14;V;14;V;19;V;17;V;15;V;13;V;14;V;7;V;6;V;8;V;15;V;11;V;8;V;9;V;13;V;14;V
28;079;8;10;28079008_10_47;2026;05;05;11;V;10;V;9;V;6;V;5;V;5;V;8;V;11;V;13;V;16;V;19;V;10;V;12;V;17;V;7;V;13;V;7;V;11;V;10;V;6;V;9;V;10;V;7;V;7;V
28;079;8;10;28079008_10_47;2026;05;06;9;V;5;V;6;V;7;V;7;V;8;V;10;V;11;V;14;V;17;V;10;V;12;V;5;V;10;V;8;V;8;V;7;V;12;V;13;V;20;V;22;V;24;V;25;V;28;V
28;079;8;10;28079008_10_47;2026;05;07;22;V;13;V;8;V;7;V;7;V;10;V;12;V;14;V;19;V;0;N;0;N;0;N;0;N;0;N;0;N;0;N;0;N;0;N;0;N;0;N;0;N;0;N;0;N;0;N
28;079;8;12;28079008_12_8;2026;04;07;8;V;8;V;8;V;8;V;8;V;9;V;11;V;20;V;0;N;0;N;0;N;0;N;0;N;0;N;0;N;0;N;0;N;19;V;14;V;16;V;15;V;16;V;20;V;27;V
28;079;8;12;28079008_12_8;2026;04;08;28;V;17;V;10;V;13;V;10;V;7;V;9;V;15;V;23;V;35;V;38;V;26;V;20;V;16;V;16;V;16;V;15;V;14;V;16;V;15;V;14;V;11;V;10;V;9;V
28;079;8;12;28079008_12_8;2026;04;09;10;V;8;V;14;V;14;V;12;V;11;V;14;V;26;V;44;V;57;V;51;V;39;V;29;V;19;V;17;V;15;V;14;V;17;V;19;V;20;V;34;V;53;V;78;V;68;V
28;079;8;12;28079008_12_8;2026;04;10;45;V;29;V;20;V;14;V;12;V;11;V;12;V;20;V;38;V;39;V;41;V;34;V;27;V;23;V;17;V;15;V;15;V;14;V;16;V;19;V;24;V;36;V;45;V;46;V
28;079;8;12;28079008_12_8;2026;04;11;42;V;35;V;30;V;33;V;38;V;35;V;33;V;31;V;33;V;34;V;31;V;33;V;27;V;23;V;22;V;21;V;21;V;14;V;12;V;13;V;16;V;17;V;13;V;12;V
28;079;8;12;28079008_12_8;2026;04;12;11;V;10;V;9;V;8;V;7;V;7;V;7;V;7;V;8;V;10;V;12;V;12;V;13;V;13;V;14;V;12;V;12;V;12;V;14;V;14;V;15;V;14;V;13;V;10;V
28;079;8;12;28079008_12_8;2026;04;13;9;V;8;V;6;V;5;V;6;V;6;V;6;V;14;V;31;V;35;V;21;V;14;V;15;V;12;V;11;V;9;V;11;V;11;V;12;V;12;V;14;V;16;V;19;V;12;V
28;079;8;12;28079008_12_8;2026;04;14;10;V;7;V;8;V;8;V;8;V;9;V;11;V;19;V;35;V;39;V;39;V;25;V;17;V;14;V;13;V;11;V;10;V;11;V;11;V;12;V;15;V;18;V;18;V;22;V
28;079;8;12;28079008_12_8;2026;04;15;29;V;25;V;27;V;24;V;23;V;20;V;20;V;30;V;53;V;67;V;63;V;49;V;52;V;40;V;22;V;17;V;13;V;14;V;16;V;17;V;16;V;16;V;15;V;18;V
28;079;8;12;28079008_12_8;2026;04;16;22;V;27;V;36;V;30;V;25;V;19;V;15;V;21;V;35;V;38;V;32;V;26;V;24;V;26;V;21;V;17;V;15;V;14;V;15;V;16;V;16;V;18;V;23;V;25;V
28;079;8;12;28079008_12_8;2026;04;17;28;V;37;V;36;V;36;V;28;V;18;V;18;V;28;V;44;V;47;V;47;V;43;V;42;V;36;V;23;V;17;V;14;V;13;V;13;V;14;V;15;V;20;V;30;V;35;V
28;079;8;12;28079008_12_8;2026;04;18;35;V;37;V;40;V;50;V;46;V;31;V;19;V;22;V;21;V;19;V;18;V;17;V;18;V;16;V;12;V;10;V;9;V;10;V;10;V;11;V;15;V;20;V;25;V;23;V
28;079;8;12;28079008_12_8;2026;04;19;15;V;12;V;11;V;12;V;11;V;9;V;8;V;9;V;10;V;12;V;16;V;12;V;10;V;10;V;9;V;8;V;8;V;9;V;9;V;12;V;14;V;16;V;18;V;20;V
28;079;8;12;28079008_12_8;2026;04;20;20;V;16;V;13;V;16;V;17;V;13;V;12;V;22;V;41;V;0;N;0;N;0;N;32;V;22;V;14;V;13;V;11;V;12;V;14;V;14;V;14;V;17;V;17;V;16;V
28;079;8;12;28079008_12_8;2026;04;21;18;V;27;V;24;V;20;V;14;V;12;V;12;V;21;V;36;V;37;V;30;V;22;V;25;V;26;V;23;V;17;V;13;V;14;V;15;V;15;V;24;V;32;V;31;V;27;V
28;079;8;12;28079008_12_8;2026;04;22;26;V;20;V;18;V;16;V;12;V;9;V;9;V;13;V;33;V;42;V;24;V;20;V;13;V;15;V;13;V;12;V;13;V;13;V;13;V;12;V;13;V;16;V;17;V;21;V
28;079;8;12;28079008_12_8;2026;04;23;32;V;44;V;29;V;13;V;9;V;8;V;10;V;22;V;34;V;35;V;29;V;23;V;16;V;14;V;12;V;10;V;9;V;10;V;10;V;10;V;13;V;11;V;8;V;8;V
28;079;8;12;28079008_12_8;2026;04;24;8;V;7;V;6;V;5;V;5;V;5;V;8;V;14;V;21;V;20;V;17;V;15;V;15;V;15;V;14;V;12;V;11;V;11;V;13;V;13;V;13;V;14;V;14;V;14;V
28;079;8;12;28079008_12_8;2026;04;25;13;V;13;V;11;V;8;V;8;V;8;V;7;V;8;V;9;V;10;V;12;V;13;V;10;V;8;V;8;V;8;V;7;V;7;V;7;V;10;V;13;V;13;V;12;V;9;V
28;079;8;12;28079008_12_8;2026;04;26;9;V;9;V;7;V;6;V;6;V;7;V;8;V;9;V;8;V;6;V;7;V;7;V;6;V;6;V;6;V;6;V;6;V;7;V;7;V;9;V;10;V;12;V;13;V;15;V
28;079;8;12;28079008_12_8;2026;04;27;13;V;11;V;9;V;8;V;8;V;9;V;12;V;27;V;36;V;40;V;42;V;27;V;19;V;14;V;10;V;9;V;9;V;10;V;9;V;11;V;14;V;17;V;20;V;17;V
28;079;8;12;28079008_12_8;2026;04;28;12;V;9;V;8;V;7;V;8;V;9;V;11;V;18;V;33;V;38;V;33;V;23;V;13;V;9;V;9;V;9;V;8;V;9;V;10;V;11;V;12;V;10;V;10;V;9;V
28;079;8;12;28079008_12_8;2026;04;29;9;V;8;V;7;V;7;V;7;V;9;V;11;V;17;V;21;V;20;V;20;V;17;V;14;V;12;V;10;V;11;V;10;V;11;V;12;V;12;V;11;V;10;V;9;V;10;V
28;079;8;12;28079008_12_8;2026;04;30;9;V;8;V;8;V;6;V;6;V;5;V;7;V;11;V;21;V;39;V;38;V;27;V;17;V;11;V;10;V;10;V;8;V;9;V;10;V;10;V;11;V;13;V;16;V;18;V
28;079;8;12;28079008_12_8;2026;05;01;19;V;24;V;17;V;12;V;9;V;8;V;8;V;9;V;11;V;11;V;15;V;17;V;14;V;10;V;8;V;8;V;7;V;8;V;8;V;8;V;8;V;9;V;11;V;9;V
28;079;8;12;28079008_12_8;2026;05;02;8;V;6;V;6;V;6;V;6;V;6;V;6;V;6;V;7;V;8;V;9;V;10;V;10;V;9;V;10;V;9;V;8;V;8;V;9;V;11;V;10;V;10;V;11;V;15;V
28;079;8;12;28079008_12_8;2026;05;03;16;V;14;V;12;V;13;V;12;V;12;V;11;V;11;V;10;V;9;V;8;V;8;V;8;V;10;V;11;V;12;V;9;V;10;V;9;V;9;V;10;V;11;V;10;V;9;V
28;079;8;12;28079008_12_8;2026;05;04;8;V;8;V;7;V;6;V;7;V;8;V;8;V;14;V;26;V;27;V;32;V;31;V;20;V;16;V;15;V;14;V;13;V;14;V;14;V;11;V;9;V;10;V;11;V;11;V
28;079;8;12;28079008_12_8;2026;05;05;10;V;10;V;7;V;6;V;6;V;6;V;8;V;15;V;18;V;23;V;25;V;19;V;14;V;14;V;13;V;11;V;13;V;12;V;11;V;11;V;10;V;9;V;10;V;11;V
28;079;8;12;28079008_12_8;2026;05;06;10;V;9;V;8;V;8;V;8;V;9;V;10;V;17;V;30;V;0;N;0;N;0;N;0;N;10;V;9;V;10;V;12;V;12;V;13;V;13;V;14;V;18;V;24;V;32;V
28;079;8;12;28079008_12_8;2026;05;07;36;V;24;V;11;V;10;V;9;V;7;V;8;V;15;V;28;V;0;N;0;N;0;N;0;N;0;N;0;N;0;N;0;N;0;N;0;N;0;N;0;N;0;N;0;N;0;N
28;079;8;14;28079008_14_6;2026;04;07;79;V;83;V;78;V;72;V;70;V;65;V;59;V;38;V;0;N;0;N;0;N;0;N;0;N;0;N;0;N;0;N;0;N;89;V;83;V;57;V;52;V;35;V;16;V;8;V
28;079;8;14;28079008_14_6;2026;04;08;15;V;44;V;44;V;29;V;66;V;53;V;52;V;38;V;33;V;23;V;44;V;55;V;67;V;70;V;69;V;77;V;79;V;79;V;75;V;74;V;76;V;83;V;82;V;79;V
28;079;8;14;28079008_14_6;2026;04;09;76;V;71;V;50;V;57;V;63;V;67;V;52;V;26;V;18;V;25;V;38;V;47;V;69;V;86;V;92;V;98;V;94;V;84;V;85;V;72;V;26;V;6;V;4;V;35;V
28;079;8;14;28079008_14_6;2026;04;10;51;V;59;V;69;V;73;V;78;V;80;V;73;V;54;V;39;V;43;V;51;V;69;V;75;V;88;V;93;V;89;V;89;V;81;V;81;V;75;V;65;V;42;V;38;V;51;V
28;079;8;14;28079008_14_6;2026;04;11;54;V;67;V;56;V;41;V;46;V;59;V;58;V;48;V;39;V;50;V;57;V;61;V;79;V;79;V;69;V;75;V;79;V;88;V;82;V;75;V;59;V;62;V;69;V;65;V
28;079;8;14;28079008_14_6;2026;04;12;64;V;61;V;60;V;65;V;66;V;67;V;69;V;70;V;71;V;62;V;64;V;62;V;66;V;60;V;67;V;78;V;75;V;70;V;64;V;70;V;67;V;74;V;74;V;75;V
28;079;8;14;28079008_14_6;2026;04;13;76;V;78;V;77;V;73;V;73;V;75;V;74;V;52;V;33;V;55;V;71;V;78;V;75;V;83;V;85;V;89;V;90;V;88;V;84;V;85;V;79;V;63;V;69;V;72;V
28;079;8;14;28079008_14_6;2026;04;14;75;V;78;V;75;V;73;V;70;V;62;V;57;V;37;V;29;V;38;V;44;V;67;V;79;V;83;V;85;V;85;V;89;V;90;V;91;V;86;V;71;V;58;V;63;V;32;V
28;079;8;14;28079008_14_6;2026;04;15;37;V;31;V;26;V;28;V;25;V;24;V;25;V;14;V;10;V;18;V;30;V;43;V;48;V;71;V;81;V;84;V;88;V;80;V;75;V;69;V;63;V;59;V;47;V;39;V
28;079;8;14;28079008_14_6;2026;04;16;33;V;13;V;14;V;22;V;25;V;50;V;55;V;36;V;27;V;40;V;52;V;64;V;68;V;76;V;87;V;94;V;100;V;94;V;86;V;81;V;75;V;61;V;42;V;46;V
28;079;8;14;28079008_14_6;2026;04;17;19;V;13;V;11;V;18;V;40;V;46;V;40;V;26;V;20;V;31;V;38;V;49;V;57;V;76;V;91;V;99;V;98;V;97;V;97;V;87;V;74;V;53;V;30;V;36;V
28;079;8;14;28079008_14_6;2026;04;18;26;V;18;V;8;V;4;V;11;V;47;V;42;V;34;V;43;V;55;V;70;V;82;V;89;V;96;V;108;V;116;V;112;V;107;V;107;V;100;V;83;V;71;V;61;V;68;V
28;079;8;14;28079008_14_6;2026;04;19;77;V;71;V;73;V;63;V;63;V;68;V;69;V;67;V;62;V;59;V;74;V;91;V;99;V;112;V;113;V;119;V;114;V;111;V;107;V;101;V;89;V;78;V;67;V;58;V
28;079;8;14;28079008_14_6;2026;04;20;66;V;66;V;62;V;39;V;50;V;62;V;51;V;20;V;23;V;0;N;0;N;0;N;0;N;90;V;101;V;107;V;104;V;93;V;91;V;89;V;77;V;66;V;63;V;51;V
28;079;8;14;28079008_14_6;2026;04;21;39;V;30;V;29;V;49;V;55;V;55;V;48;V;28;V;27;V;43;V;62;V;76;V;74;V;87;V;91;V;104;V;101;V;88;V;74;V;47;V;26;V;24;V;38;V;36;V
28;079;8;14;28079008_14_6;2026;04;22;31;V;37;V;30;V;36;V;49;V;59;V;59;V;52;V;38;V;46;V;61;V;65;V;72;V;75;V;77;V;79;V;81;V;82;V;79;V;77;V;63;V;56;V;44;V;31;V
28;079;8;14;28079008_14_6;2026;04;23;16;V;12;V;51;V;57;V;59;V;57;V;43;V;21;V;24;V;48;V;59;V;71;V;84;V;96;V;103;V;107;V;107;V;102;V;100;V;93;V;81;V;86;V;90;V;90;V
28;079;8;14;28079008_14_6;2026;04;24;91;V;94;V;93;V;93;V;87;V;79;V;64;V;53;V;48;V;60;V;65;V;70;V;69;V;77;V;83;V;88;V;97;V;103;V;103;V;102;V;91;V;84;V;75;V;64;V
28;079;8;14;28079008_14_6;2026;04;25;56;V;57;V;66;V;70;V;64;V;63;V;65;V;59;V;58;V;63;V;66;V;74;V;86;V;92;V;95;V;100;V;98;V;95;V;92;V;81;V;75;V;68;V;74;V;76;V
28;079;8;14;28079008_14_6;2026;04;26;70;V;70;V;73;V;73;V;73;V;63;V;61;V;56;V;55;V;65;V;69;V;74;V;87;V;93;V;101;V;102;V;104;V;104;V;103;V;98;V;90;V;74;V;62;V;61;V
28;079;8;14;28079008_14_6;2026;04;27;57;V;74;V;81;V;67;V;72;V;57;V;37;V;18;V;26;V;30;V;55;V;85;V;97;V;108;V;113;V;113;V;110;V;110;V;108;V;99;V;91;V;72;V;71;V;81;V
28;079;8;14;28079008_14_6;2026;04;28;91;V;97;V;99;V;98;V;96;V;91;V;71;V;52;V;41;V;56;V;76;V;94;V;105;V;109;V;109;V;117;V;118;V;118;V;106;V;102;V;89;V;86;V;85;V;87;V
28;079;8;14;28079008_14_6;2026;04;29;82;V;77;V;73;V;71;V;67;V;52;V;42;V;35;V;45;V;46;V;49;V;57;V;66;V;80;V;87;V;88;V;87;V;85;V;84;V;83;V;82;V;80;V;76;V;75;V
28;079;8;14;28079008_14_6;2026;04;30;71;V;71;V;74;V;74;V;73;V;74;V;66;V;52;V;32;V;29;V;56;V;73;V;91;V;97;V;103;V;112;V;119;V;119;V;115;V;107;V;96;V;74;V;63;V;59;V
28;079;8;14;28079008_14_6;2026;05;01;45;V;53;V;73;V;74;V;71;V;68;V;64;V;55;V;65;V;58;V;57;V;70;V;89;V;107;V;115;V;120;V;119;V;118;V;114;V;111;V;101;V;88;V;79;V;79;V
28;079;8;14;28079008_14_6;2026;05;02;77;V;78;V;74;V;77;V;75;V;74;V;69;V;62;V;56;V;46;V;50;V;52;V;57;V;62;V;61;V;68;V;76;V;80;V;74;V;72;V;78;V;67;V;50;V;39;V
28;079;8;14;28079008_14_6;2026;05;03;47;V;49;V;45;V;32;V;43;V;36;V;38;V;28;V;40;V;48;V;52;V;62;V;72;V;75;V;76;V;75;V;80;V;84;V;81;V;77;V;70;V;72;V;78;V;79;V
28;079;8;14;28079008_14_6;2026;05;04;74;V;74;V;77;V;72;V;62;V;54;V;47;V;33;V;30;V;37;V;31;V;57;V;79;V;85;V;85;V;89;V;93;V;89;V;78;V;80;V;79;V;71;V;71;V;73;V
28;079;8;14;28079008_14_6;2026;05;05;70;V;79;V;86;V;82;V;81;V;75;V;65;V;51;V;58;V;51;V;58;V;81;V;83;V;88;V;91;V;92;V;93;V;93;V;90;V;90;V;93;V;91;V;82;V;78;V
28;079;8;14;28079008_14_6;2026;05;06;73;V;73;V;74;V;73;V;67;V;57;V;57;V;42;V;47;V;0;N;0;N;66;V;85;V;96;V;101;V;103;V;106;V;108;V;110;V;109;V;97;V;77;V;61;V;40;V
28;079;8;14;28079008_14_6;2026;05;07;46;V;74;V;68;V;63;V;67;V;69;V;63;V;45;V;38;V;0;N;0;N;0;N;0;N;0;N;0;N;0;N;0;N;0;N;0;N;0;N;0;N;0;N;0;N;0;N
28;079;8;20;28079008_20_59;2026;04;07;0;N;0;N;0;N;0;N;0;N;0;N;0;N;0;N;0;N;3.6;V;3;V;2.1;V;2.9;V;2.4;V;2.9;V;2.1;V;1.9;V;1.9;V;2.5;V;2;V;2.5;V;3.8;V;4.2;V;4.7;V
28;079;8;20;28079008_20_59;2026;04;08;3.8;V;3.7;V;1.9;V;2;V;2;V;1.5;V;1.2;V;1.1;V;2.2;V;3.7;V;4.1;V;3.3;V;3.9;V;4.2;V;4;V;2.6;V;1.9;V;2;V;1.6;V;1.6;V;1.6;V;1.2;V;1.2;V;1;V
28;079;8;20;28079008_20_59;2026;04;09;1.2;V;5.9;V;2.4;V;4.1;V;2.8;V;2;V;1.8;V;2;V;3.7;V;5.7;V;6.1;V;4.9;V;4.1;V;3.2;V;2.1;V;2.5;V;2.5;V;2.9;V;2.8;V;3;V;6.6;V;10.9;V;11.6;V;8.6;V
28;079;8;20;28079008_20_59;2026;04;10;3.7;V;3;V;2.1;V;1.7;V;1.5;V;1.6;V;1.4;V;1.6;V;2.4;V;3.8;V;4.9;V;6.2;V;3.8;V;3;V;1.9;V;3.7;V;1.9;V;1.5;V;2;V;2.2;V;2.1;V;2.8;V;3.9;V;4.2;V
28;079;8;20;28079008_20_59;2026;04;11;3.4;V;3.6;V;4.8;V;7.6;V;5.6;V;4.3;V;3.6;V;3.3;V;3.1;V;3.3;V;3.1;V;4.7;V;2.6;V;2.2;V;2.2;V;2.5;V;3.3;V;1.9;V;1.5;V;1.5;V;2.1;V;2.1;V;1.3;V;1.2;V
28;079;8;20;28079008_20_59;2026;04;12;1.2;V;1;V;1;V;0.8;V;0.7;V;0.6;V;0.6;V;0.7;V;0.7;V;0.9;V;1;V;0.9;V;1;V;0.9;V;1.1;V;0.7;V;0.7;V;0.7;V;0.9;V;1;V;1;V;1;V;1;V;0.8;V
28;079;8;20;28079008_20_59;2026;04;13;0.8;V;0.4;V;0.5;V;0.7;V;1.8;V;2.8;V;1.1;V;1;V;3.2;V;3.3;V;2.4;V;2.8;V;5.4;V;4.5;V;4.3;V;3.9;V;0;N;0;N;2.6;V;2.2;V;2.5;V;2;V;1.9;V;1.7;V
28;079;8;20;28079008_20_59;2026;04;14;1.6;V;1.2;V;1.4;V;1.5;V;1.1;V;1.4;V;1.5;V;2.3;V;5.8;V;7.4;V;5.4;V;5;V;2.5;V;2.7;V;4;V;2.3;V;2.1;V;1.7;V;1.9;V;2.2;V;2.3;V;3;V;2.5;V;2.8;V
28;079;8;20;28079008_20_59;2026;04;15;5.4;V;3.7;V;2.7;V;3;V;4.4;V;3.6;V;3.7;V;3.6;V;4;V;6.6;V;7.3;V;4.5;V;3.7;V;4.2;V;2.4;V;1.6;V;1.6;V;2.1;V;2.3;V;1.8;V;1.8;V;2.1;V;1.9;V;2.5;V
28;079;8;20;28079008_20_59;2026;04;16;3.2;V;5.9;V;13.7;V;7.2;V;5.1;V;6.3;V;3.8;V;2.5;V;3.1;V;4.4;V;5.1;V;3.4;V;3.5;V;3.7;V;3;V;2.1;V;1.9;V;1.7;V;1.4;V;1.5;V;1.8;V;2.2;V;3.5;V;3.2;V
28;079;8;20;28079008_20_59;2026;04;17;3.9;V;7.5;V;8.7;V;8.8;V;24.1;V;15.6;V;4.9;V;3.7;V;4.9;V;5.7;V;7.1;V;5.5;V;4.3;V;4.1;V;2.9;V;2.3;V;1.9;V;2;V;1.4;V;1.5;V;2;V;4;V;4.2;V;5.4;V
28;079;8;20;28079008_20_59;2026;04;18;4.9;V;6.3;V;7.6;V;8.5;V;6.8;V;4.9;V;3;V;3.1;V;2.9;V;2.5;V;3;V;3;V;2.2;V;2.1;V;1.4;V;1;V;0.9;V;1;V;0.9;V;1.2;V;3.2;V;2.7;V;3.5;V;3.8;V
28;079;8;20;28079008_20_59;2026;04;19;2;V;1.6;V;1.8;V;1.8;V;1.7;V;2;V;1.8;V;1.8;V;1.7;V;1.6;V;1.6;V;0.9;V;1.1;V;1.1;V;0.8;V;0.6;V;1.6;V;2;V;1;V;1.1;V;1.3;V;1.8;V;2.4;V;2.5;V
28;079;8;20;28079008_20_59;2026;04;20;2.2;V;1.8;V;1.8;V;4.4;V;4.1;V;2.2;V;1.8;V;3.2;V;4.6;V;7.2;V;8.4;V;3.3;V;3;V;2.1;V;1.6;V;1.5;V;1.3;V;1.5;V;1.8;V;1.6;V;1.9;V;2.6;V;2.5;V;2.8;V
28;079;8;20;28079008_20_59;2026;04;21;0;N;0;N;10.2;V;6;V;3.7;V;3.1;V;3;V;2.8;V;3.6;V;5;V;3.7;V;3;V;2.8;V;3.6;V;2.7;V;2;V;1.8;V;2.5;V;2.4;V;3;V;6.3;V;6.6;V;5.4;V;4.3;V
28;079;8;20;28079008_20_59;2026;04;22;4.4;V;6.1;V;5.7;V;7.7;V;4.5;V;2;V;1.4;V;1.5;V;0;N;0;N;0;N;0;N;0;N;2;V;2.2;V;1.4;V;1.5;V;1.6;V;1.6;V;1.7;V;1.9;V;3.1;V;4.9;V;4.5;V
28;079;8;20;28079008_20_59;2026;04;23;4.9;V;6.2;V;5.3;V;2.7;V;2.8;V;2.3;V;2.3;V;3.1;V;6.1;V;5.2;V;3.7;V;3.1;V;2.6;V;2.9;V;2.1;V;1.8;V;1.8;V;1.7;V;1.7;V;1.6;V;2.4;V;2.4;V;1;V;1.2;V
28;079;8;20;28079008_20_59;2026;04;24;1.3;V;1;V;0.9;V;1;V;1;V;0.8;V;1.3;V;2.1;V;2.7;V;2.9;V;2;V;1.8;V;2.6;V;5.2;V;5.4;V;1.8;V;1.7;V;2.1;V;2.1;V;2.1;V;2.2;V;2.7;V;2.1;V;2.7;V
28;079;8;20;28079008_20_59;2026;04;25;2;V;2.3;V;2;V;0.9;V;0.9;V;1.5;V;1.3;V;1;V;1.4;V;1.7;V;1.4;V;1.9;V;1.1;V;1;V;1.2;V;0.8;V;0.7;V;0.6;V;0.5;V;1.1;V;2.6;V;2;V;1.8;V;1.5;V
28;079;8;20;28079008_20_59;2026;04;26;1.4;V;1.1;V;1.1;V;1.2;V;1.3;V;1.2;V;1.4;V;1.4;V;1.4;V;1.2;V;1.1;V;1.5;V;0.7;V;0.7;V;0.8;V;0.5;V;0.4;V;0.5;V;0.6;V;1;V;1;V;1.8;V;1.9;V;2.2;V
28;079;8;20;28079008_20_59;2026;04;27;1.7;V;1.4;V;1.8;V;4;V;1.5;V;1.2;V;1.9;V;3.3;V;3.5;V;4.3;V;4.7;V;2.5;V;2;V;1.9;V;1.6;V;1.1;V;1.1;V;0.8;V;1;V;3.3;V;2;V;2.6;V;2.6;V;2.2;V
28;079;8;20;28079008_20_59;2026;04;28;1;V;0.7;V;0.7;V;1.1;V;1.4;V;1.6;V;2;V;2.1;V;2.8;V;4.4;V;3.1;V;2.2;V;2.1;V;1.4;V;1.4;V;1.2;V;1.1;V;1.2;V;1.3;V;1.4;V;1.7;V;1.6;V;1.6;V;1;V
28;079;8;20;28079008_20_59;2026;04;29;1.1;V;1.3;V;1.2;V;0.8;V;0.6;V;1.2;V;1.7;V;2.4;V;2;V;2.1;V;2.5;V;1.5;V;1.3;V;1.5;V;1.5;V;1.1;V;1.9;V;1.9;V;1.4;V;1.4;V;1.3;V;1.2;V;1.2;V;1.1;V
28;079;8;20;28079008_20_59;2026;04;30;1.1;V;0.9;V;0.7;V;0.6;V;0.5;V;0.6;V;0.8;V;1.4;V;3.4;V;6;V;4.7;V;4.2;V;4.1;V;2.5;V;2.1;V;1.7;V;1.9;V;1.6;V;1.7;V;1.7;V;2.2;V;2.6;V;2.7;V;2.8;V
28;079;8;20;28079008_20_59;2026;05;01;3.4;V;4.1;V;2.7;V;2.4;V;2;V;2.1;V;1.9;V;1.8;V;1.8;V;1.7;V;1.5;V;1.7;V;1.4;V;1.1;V;0.7;V;0.8;V;0.9;V;1;V;1;V;0.8;V;0.7;V;1;V;1.4;V;1;V
28;079;8;20;28079008_20_59;2026;05;02;0.9;V;0.6;V;0.6;V;0.5;V;0.5;V;0.5;V;0.6;V;0.6;V;0.6;V;1;V;0.9;V;1.3;V;1.2;V;1.1;V;0.7;V;1.2;V;1.1;V;1;V;0.9;V;1;V;0.9;V;1.1;V;1.4;V;1.8;V
28;079;8;20;28079008_20_59;2026;05;03;2.2;V;2.1;V;1.4;V;1.9;V;2.5;V;2.8;V;2.3;V;1.9;V;1.7;V;1.2;V;1.2;V;1.1;V;0.9;V;1;V;1.1;V;0.9;V;0.6;V;0.7;V;0.6;V;0.8;V;0.8;V;1;V;0.9;V;0.9;V
28;079;8;20;28079008_20_59;2026;05;04;1;V;3.7;V;1.6;V;0.7;V;1;V;1.3;V;1.1;V;1.3;V;2.1;V;2.7;V;3.1;V;3.3;V;1.6;V;1.4;V;1.4;V;1.4;V;1.3;V;1.2;V;1.6;V;2.7;V;2.8;V;1.7;V;1.5;V;1.1;V
28;079;8;20;28079008_20_59;2026;05;05;1.9;V;2.9;V;2.6;V;0.9;V;1.1;V;1.4;V;1.2;V;1.8;V;1.8;V;3;V;2.9;V;1.8;V;1.3;V;1.3;V;1.8;V;2.6;V;1.4;V;1.7;V;1.8;V;2;V;1.9;V;1.4;V;1.5;V;1.7;V
28;079;8;20;28079008_20_59;2026;05;06;1.7;V;1.5;V;0.9;V;1.1;V;1.2;V;1.4;V;1.3;V;1.5;V;0;N;0;N;0;N;0;N;0;N;1.7;V;1.5;V;1.5;V;1.9;V;2;V;2;V;3.6;V;2.4;V;2.7;V;3.8;V;4.4;V
28;079;8;20;28079008_20_59;2026;05;07;16.6;V;4.9;V;2;V;1.9;V;1.9;V;1.8;V;1.6;V;1.9;V;2.7;V;0;N;0;N;0;N;0;N;0;N;0;N;0;N;0;N;0;N;0;N;0;N;0;N;0;N;0;N;0;N
28;079;8;30;28079008_30_59;2026;04;07;0;N;0;N;0;N;0;N;0;N;0;N;0;N;0;N;0;N;0.7;V;0.6;V;0.5;V;0.4;V;0.5;V;0.6;V;0.6;V;0.5;V;0.5;V;0.4;V;0.4;V;0.4;V;0.5;V;0.5;V;0.6;V
28;079;8;30;28079008_30_59;2026;04;08;0.5;V;0.3;V;0.2;V;0.2;V;0.2;V;0.1;V;0.1;V;0.2;V;0.4;V;0.6;V;0.5;V;0.4;V;0.3;V;0.3;V;0.3;V;0.4;V;0.3;V;0.4;V;0.4;V;0.3;V;0.5;V;0.4;V;0.4;V;0.3;V
28;079;8;30;28079008_30_59;2026;04;09;0.3;V;0.3;V;0.3;V;0.3;V;0.3;V;0.2;V;0.2;V;0.3;V;0.4;V;0.7;V;0.5;V;0.5;V;0.4;V;0.4;V;0.4;V;0.4;V;0.4;V;0.4;V;0.4;V;0.5;V;1;V;1.7;V;2.1;V;1.4;V
28;079;8;30;28079008_30_59;2026;04;10;0.7;V;0.5;V;0.3;V;0.2;V;0.2;V;0.2;V;0.2;V;0.3;V;0.6;V;0.7;V;0.7;V;0.6;V;0.5;V;0.4;V;0.4;V;0.5;V;0.4;V;0.4;V;0.4;V;0.5;V;0.5;V;0.7;V;0.9;V;1;V
28;079;8;30;28079008_30_59;2026;04;11;0.8;V;0.7;V;0.5;V;0.5;V;0.6;V;0.5;V;0.5;V;0.5;V;0.5;V;0.5;V;0.5;V;0.6;V;0.5;V;0.5;V;0.5;V;0.5;V;0.6;V;0.4;V;0.4;V;0.5;V;0.4;V;0.3;V;0.3;V;0.2;V
28;079;8;30;28079008_30_59;2026;04;12;0.2;V;0.2;V;0.2;V;0.2;V;0.2;V;0.2;V;0.2;V;0.1;V;0.1;V;0.2;V;0.2;V;0.2;V;0.2;V;0.2;V;0.3;V;0.3;V;0.3;V;0.3;V;0.3;V;0.4;V;0.4;V;0.4;V;0.4;V;0.3;V
28;079;8;30;28079008_30_59;2026;04;13;0.3;V;0.2;V;0.2;V;0.2;V;0.2;V;0.2;V;0.2;V;0.4;V;0.8;V;0.8;V;0.5;V;0.4;V;0.4;V;0.4;V;0.4;V;0.4;V;0;N;0;N;0.4;V;0.4;V;0.5;V;0.5;V;0.5;V;0.4;V
28;079;8;30;28079008_30_59;2026;04;14;0.3;V;0.3;V;0.3;V;0.3;V;0.3;V;0.3;V;0.3;V;0.5;V;0.8;V;1;V;0.8;V;0.6;V;0.4;V;0.3;V;0.4;V;0.3;V;0.3;V;0.3;V;0.3;V;0.4;V;0.5;V;0.7;V;0.4;V;0.5;V
28;079;8;30;28079008_30_59;2026;04;15;0.8;V;0.5;V;0.4;V;0.2;V;0.4;V;0.3;V;0.3;V;0.5;V;0.6;V;0.8;V;0.7;V;0.5;V;0.3;V;0.5;V;0.4;V;0.4;V;0.3;V;0.3;V;0.5;V;0.5;V;0.4;V;0.3;V;0.2;V;0.5;V
28;079;8;30;28079008_30_59;2026;04;16;0.6;V;0.7;V;0.8;V;0.4;V;0.3;V;0.4;V;0.3;V;0.4;V;0.6;V;0.7;V;0.5;V;0.4;V;0.4;V;0.4;V;0.4;V;0.3;V;0.4;V;0.3;V;0.3;V;0.4;V;0.4;V;0.5;V;0.7;V;0.7;V
28;079;8;30;28079008_30_59;2026;04;17;0.6;V;0.8;V;0.8;V;0.7;V;0.5;V;0.3;V;0.3;V;0.4;V;0.7;V;0.8;V;0.7;V;0.7;V;0.7;V;0.5;V;0.4;V;0.4;V;0.3;V;0.3;V;0.3;V;0.3;V;0.4;V;0.7;V;0.9;V;1.3;V
28;079;8;30;28079008_30_59;2026;04;18;0.9;V;0.7;V;0.7;V;0.9;V;0.6;V;0.5;V;0.3;V;0.4;V;0.4;V;0.4;V;0.4;V;0.4;V;0.4;V;0.4;V;0.3;V;0.2;V;0.2;V;0.3;V;0.3;V;0.3;V;0.7;V;0.8;V;0.9;V;0.8;V
28;079;8;30;28079008_30_59;2026;04;19;0.4;V;0.3;V;0.3;V;0.3;V;0.3;V;0.2;V;0.1;V;0.1;V;0.1;V;0.2;V;0.3;V;0.3;V;0.4;V;0.4;V;0.3;V;0.2;V;0.2;V;0.3;V;0.3;V;0.3;V;0.4;V;0.5;V;0.7;V;0.7;V
28;079;8;30;28079008_30_59;2026;04;20;0.6;V;0.4;V;0.3;V;0.5;V;0.5;V;0.3;V;0.2;V;0.4;V;0.8;V;0.9;V;0.7;V;0.4;V;0.5;V;0.4;V;0.3;V;0.3;V;0.3;V;0.3;V;0.4;V;0.4;V;0.5;V;0.6;V;0.6;V;0.7;V
28;079;8;30;28079008_30_59;2026;04;21;0;N;0;N;0.5;V;0.5;V;0.4;V;0.3;V;0.3;V;0.4;V;0.7;V;0.8;V;0.6;V;0.4;V;0.4;V;0.4;V;0.5;V;0.4;V;0.3;V;0.3;V;0.4;V;0.4;V;0.7;V;0.8;V;0.5;V;0.4;V
28;079;8;30;28079008_30_59;2026;04;22;0.4;V;0.4;V;0.3;V;0.3;V;0.2;V;0.1;V;0.2;V;0.2;V;0;N;0;N;0;N;0;N;0;N;0.4;V;0.4;V;0.3;V;0.3;V;0.3;V;0.3;V;0.3;V;0.4;V;0.6;V;0.8;V;0.7;V
28;079;8;30;28079008_30_59;2026;04;23;0.9;V;0.7;V;0.6;V;0.3;V;0.3;V;0.3;V;0.3;V;0.5;V;0.9;V;0.6;V;0.3;V;0.3;V;0.2;V;0.3;V;0.2;V;0.2;V;0.2;V;0.3;V;0.2;V;0.2;V;0.3;V;0.3;V;0.2;V;0.2;V
28;079;8;30;28079008_30_59;2026;04;24;0.2;V;0.2;V;0.1;V;0.1;V;0.1;V;0.1;V;0.2;V;0.3;V;0.4;V;0.5;V;0.3;V;0.2;V;0.3;V;0.2;V;0.3;V;0.3;V;0.2;V;0.3;V;0.3;V;0.3;V;0.3;V;0.4;V;0.4;V;0.4;V
28;079;8;30;28079008_30_59;2026;04;25;0.3;V;0.3;V;0.2;V;0.2;V;0.2;V;0.2;V;0.2;V;0.2;V;0.2;V;0.2;V;0.2;V;0.3;V;0.2;V;0.2;V;0.2;V;0.2;V;0.2;V;0.1;V;0.1;V;0.2;V;0.4;V;0.3;V;0.3;V;0.2;V
28;079;8;30;28079008_30_59;2026;04;26;0.2;V;0.1;V;0.1;V;0.1;V;0.1;V;0.1;V;0.1;V;0.2;V;0.1;V;0.2;V;0.1;V;0.1;V;0.1;V;0.2;V;0.4;V;0.2;V;0.2;V;0.2;V;0.2;V;0.3;V;0.3;V;0.3;V;0.3;V;0.3;V
28;079;8;30;28079008_30_59;2026;04;27;0.2;V;0.2;V;0.2;V;0.1;V;0.1;V;0.1;V;0.2;V;0.5;V;0.5;V;0.6;V;0.6;V;0.4;V;0.3;V;0.3;V;0.3;V;0.2;V;0.2;V;0.2;V;0.2;V;0.4;V;0.4;V;0.5;V;0.5;V;0.5;V
28;079;8;30;28079008_30_59;2026;04;28;0.2;V;0.1;V;0.1;V;0.1;V;0.2;V;0.2;V;0.2;V;0.3;V;0.6;V;0.7;V;0.5;V;0.3;V;0.3;V;0.2;V;0.2;V;0.2;V;0.2;V;0.2;V;0.3;V;0.4;V;0.3;V;0.2;V;0.2;V;0.2;V
28;079;8;30;28079008_30_59;2026;04;29;0.1;V;0.1;V;0.1;V;0.1;V;0.1;V;0.1;V;0.2;V;0.3;V;0.3;V;0.3;V;0.3;V;0.2;V;0.2;V;0.2;V;0.2;V;0.2;V;0.2;V;0.2;V;0.2;V;0.2;V;0.2;V;0.2;V;0.3;V;0.2;V
28;079;8;30;28079008_30_59;2026;04;30;0.2;V;0.2;V;0.1;V;0.1;V;0.1;V;0.1;V;0.1;V;0.3;V;0.5;V;0.7;V;0.5;V;0.4;V;0.6;V;0.3;V;0.3;V;0.3;V;0.3;V;0.2;V;0.3;V;0.3;V;0.5;V;0.6;V;0.7;V;0.7;V
28;079;8;30;28079008_30_59;2026;05;01;0.5;V;0.5;V;0.2;V;0.2;V;0.1;V;0.1;V;0.1;V;0.2;V;0.2;V;0.2;V;0.2;V;0.3;V;0.4;V;0.3;V;0.2;V;0.2;V;0.2;V;0.2;V;0.2;V;0.2;V;0.2;V;0.3;V;0.4;V;0.2;V
28;079;8;30;28079008_30_59;2026;05;02;0.2;V;0.1;V;0.1;V;0.1;V;0.1;V;0.1;V;0.1;V;0.1;V;0.1;V;0.2;V;0.2;V;0.2;V;0.2;V;0.2;V;0.2;V;0.3;V;0.2;V;0.2;V;0.2;V;0.3;V;0.2;V;0.2;V;0.3;V;0.4;V
28;079;8;30;28079008_30_59;2026;05;03;0.4;V;0.3;V;0.2;V;0.3;V;0.3;V;0.3;V;0.3;V;0.2;V;0.2;V;0.2;V;0.2;V;0.2;V;0.2;V;0.2;V;0.2;V;0.2;V;0.1;V;0.3;V;0.2;V;0.2;V;0.2;V;0.2;V;0.2;V;0.2;V
28;079;8;30;28079008_30_59;2026;05;04;0.2;V;0.2;V;0.1;V;0;N;0;N;0.1;V;0.1;V;0.2;V;0.4;V;0.4;V;0.4;V;0.4;V;0.3;V;0.3;V;0.3;V;0.3;V;0.3;V;0.3;V;0.3;V;0.4;V;0.4;V;0.4;V;0.4;V;0.3;V
28;079;8;30;28079008_30_59;2026;05;05;0.3;V;0.2;V;0.1;V;0.1;V;0.1;V;0.1;V;0.2;V;0.3;V;0.4;V;0.6;V;0.6;V;0.3;V;0.3;V;0.3;V;0.4;V;0.3;V;0.3;V;0.3;V;0.3;V;0.4;V;0.4;V;0.3;V;0.3;V;0.3;V
28;079;8;30;28079008_30_59;2026;05;06;0.3;V;0.2;V;0.1;V;0.2;V;0.2;V;0.2;V;0.2;V;0.3;V;0;N;0;N;0;N;0;N;0;N;0.3;V;0.3;V;0.3;V;0.4;V;0.3;V;0.3;V;0.4;V;0.4;V;0.6;V;0.8;V;0.9;V
28;079;8;30;28079008_30_59;2026;05;07;0.8;V;0.4;V;0.2;V;0.2;V;0.2;V;0.1;V;0.1;V;0.2;V;0.3;V;0;N;0;N;0;N;0;N;0;N;0;N;0;N;0;N;0;N;0;N;0;N;0;N;0;N;0;N;0;N
28;079;8;35;28079008_35_59;2026;04;07;0;N;0;N;0;N;0;N;0;N;0;N;0;N;0;N;0;N;0.8;V;0.8;V;0.6;V;0.6;V;0.5;V;0.6;V;0.5;V;0.4;V;0.7;V;0.7;V;0.4;V;1;V;1.3;V;1.3;V;1;V
28;079;8;35;28079008_35_59;2026;04;08;0.7;V;0.7;V;0.4;V;0.3;V;0.3;V;0.3;V;0.2;V;0.2;V;0.4;V;0.8;V;0.9;V;0.7;V;0.7;V;0.8;V;0.9;V;0.5;V;0.3;V;0.4;V;0.3;V;0.3;V;0.3;V;0.2;V;0.2;V;0.2;V
28;079;8;35;28079008_35_59;2026;04;09;0.2;V;0.4;V;0.3;V;0.4;V;0.3;V;0.2;V;0.2;V;0.3;V;1.4;V;1.4;V;1.1;V;0.9;V;0.7;V;0.6;V;0.4;V;0.4;V;0.4;V;0.4;V;0.4;V;0.5;V;0.9;V;1.5;V;2;V;1.5;V
28;079;8;35;28079008_35_59;2026;04;10;0.7;V;0.6;V;0.4;V;0.4;V;0.3;V;0.2;V;0.2;V;0.3;V;0.4;V;0.7;V;1;V;0.8;V;0.7;V;0.6;V;0.4;V;0.7;V;0.4;V;0.3;V;0.4;V;0.4;V;0.3;V;0.5;V;0.7;V;0.8;V
28;079;8;35;28079008_35_59;2026;04;11;0.6;V;0.6;V;0.5;V;0.5;V;0.7;V;0.7;V;0.6;V;0.5;V;0.5;V;0.5;V;0.5;V;0.7;V;0.5;V;0.4;V;0.4;V;0.5;V;0.7;V;0.4;V;0.3;V;0.3;V;0.4;V;0.4;V;0.2;V;0.2;V
28;079;8;35;28079008_35_59;2026;04;12;0.2;V;0.2;V;0.2;V;0.1;V;0.1;V;0.1;V;0.1;V;0.1;V;0;V;0.1;V;0.2;V;0.2;V;0.2;V;0.2;V;0.2;V;0.1;V;0.1;V;0.1;V;0.2;V;0.2;V;0.2;V;0.2;V;0.2;V;0.1;V
28;079;8;35;28079008_35_59;2026;04;13;0.1;V;0;V;0;V;0;V;0.2;V;0.1;V;0.1;V;0.1;V;0.6;V;0.7;V;0.4;V;0.5;V;1.7;V;0.9;V;0.9;V;1.1;V;0;N;0;N;1.1;V;0.8;V;0.5;V;0.4;V;0.5;V;0.7;V
28;079;8;35;28079008_35_59;2026;04;14;0.7;V;0.6;V;0.7;V;0.6;V;0.3;V;0.4;V;0.4;V;0.6;V;0.6;V;0.9;V;0.9;V;1.5;V;0.5;V;0.6;V;0.7;V;1.3;V;0.5;V;0.4;V;0.5;V;0.5;V;0.5;V;0.6;V;0.5;V;0.6;V
28;079;8;35;28079008_35_59;2026;04;15;1.1;V;0.7;V;0.5;V;0.4;V;0.6;V;0.6;V;0.6;V;0.6;V;0.7;V;1.1;V;1.4;V;0.9;V;0.9;V;1.1;V;0.8;V;0.3;V;0.6;V;0.4;V;1.4;V;0.4;V;0.3;V;0.4;V;0.3;V;0.4;V
28;079;8;35;28079008_35_59;2026;04;16;0.6;V;1;V;1.7;V;1.1;V;0.8;V;0.6;V;0.4;V;0.4;V;0.6;V;0.7;V;0.7;V;0.7;V;0.7;V;0.6;V;0.7;V;0.4;V;0.4;V;0.6;V;0.3;V;0.3;V;0.3;V;0.4;V;0.6;V;0.6;V
28;079;8;35;28079008_35_59;2026;04;17;0.7;V;1.4;V;1.3;V;1.1;V;0.9;V;0.6;V;0.5;V;0.4;V;0.7;V;0.9;V;1.1;V;1;V;0.8;V;0.7;V;0.7;V;0.5;V;0.5;V;0.5;V;0.3;V;0.3;V;0.3;V;0.7;V;0.8;V;1.8;V
28;079;8;35;28079008_35_59;2026;04;18;1.9;V;1.8;V;1.4;V;1.2;V;1.3;V;0.9;V;0.5;V;0.6;V;0.5;V;0.4;V;0.5;V;0.6;V;0.5;V;0.4;V;0.2;V;0.2;V;0.2;V;0.2;V;0.2;V;0.3;V;0.6;V;0.6;V;0.8;V;0.8;V
28;079;8;35;28079008_35_59;2026;04;19;0.4;V;0.3;V;0.3;V;0.3;V;0.3;V;0.4;V;0.4;V;0.4;V;0.3;V;0.3;V;0.3;V;0.2;V;0.2;V;0.2;V;0.1;V;0;V;0.1;V;0.1;V;0.1;V;0.2;V;0.2;V;0.4;V;0.5;V;0.5;V
28;079;8;35;28079008_35_59;2026;04;20;0.5;V;0.4;V;0.4;V;0.5;V;0.6;V;0.4;V;0.3;V;0.6;V;0.8;V;1;V;0.9;V;0.6;V;0.6;V;0.5;V;0.3;V;0.3;V;0.4;V;0.3;V;0.3;V;0.3;V;0.4;V;0.5;V;0.5;V;0.6;V
28;079;8;35;28079008_35_59;2026;04;21;0;N;0;N;1.5;V;1;V;0.7;V;0.6;V;0.6;V;0.5;V;0.6;V;0.9;V;0.7;V;0.6;V;0.5;V;0.6;V;0.5;V;0.4;V;0.4;V;0.5;V;0.4;V;0.7;V;1;V;1.1;V;0.9;V;1;V
28;079;8;35;28079008_35_59;2026;04;22;1;V;0.9;V;0.8;V;0.8;V;0.6;V;0.3;V;0.2;V;0.2;V;0;N;0;N;0;N;0;N;0;N;0.5;V;0.5;V;0.3;V;0.3;V;0.3;V;0.3;V;0.3;V;0.4;V;0.6;V;0.8;V;0.8;V
28;079;8;35;28079008_35_59;2026;04;23;1;V;1.2;V;0.9;V;0.4;V;0.4;V;0.4;V;0.3;V;0.5;V;0.9;V;0.9;V;0.5;V;0.6;V;0.4;V;0.5;V;0.3;V;0.3;V;0.2;V;0.2;V;0.3;V;0.3;V;0.4;V;0.4;V;0.2;V;0.2;V
28;079;8;35;28079008_35_59;2026;04;24;0.2;V;0.2;V;0.1;V;0.1;V;0.1;V;0.1;V;0.2;V;0.4;V;0.4;V;0.5;V;0.4;V;0.3;V;0.4;V;0.4;V;0.4;V;0.2;V;0.2;V;0.3;V;0.3;V;0.3;V;0.4;V;0.5;V;0.4;V;0.6;V
28;079;8;35;28079008_35_59;2026;04;25;0.4;V;0.4;V;0.4;V;0.2;V;0.1;V;0.2;V;0.2;V;0.2;V;0.2;V;0.3;V;0.2;V;0.3;V;0.2;V;0.2;V;0.2;V;0.1;V;0.1;V;0;V;0;V;0.2;V;0.5;V;0.4;V;0.3;V;0.2;V
28;079;8;35;28079008_35_59;2026;04;26;0.2;V;0.2;V;0.2;V;0.2;V;0.2;V;0.2;V;0.2;V;0.2;V;0.2;V;0.2;V;0.2;V;0.2;V;0;V;0.1;V;0.1;V;0;V;0;V;0;V;0.1;V;0.2;V;0.2;V;0.3;V;0.3;V;0.4;V
28;079;8;35;28079008_35_59;2026;04;27;0.3;V;0.2;V;0.2;V;0.2;V;0.2;V;0.2;V;0.3;V;0.6;V;0.6;V;0.8;V;0.9;V;0.5;V;0.3;V;0.3;V;0.3;V;0.2;V;0.2;V;0.1;V;0.1;V;0.2;V;0.2;V;0.5;V;0.5;V;0.4;V
28;079;8;35;28079008_35_59;2026;04;28;0.2;V;0.1;V;0.1;V;0.1;V;0.2;V;0.2;V;0.2;V;0.3;V;0.5;V;0.7;V;0.6;V;0.4;V;0.3;V;0.2;V;0.2;V;0.2;V;0.2;V;0.3;V;0.2;V;0.2;V;0.3;V;0.3;V;0.3;V;0.1;V
28;079;8;35;28079008_35_59;2026;04;29;0.2;V;0.2;V;0.2;V;0.2;V;0.1;V;0.2;V;0.3;V;0.4;V;0.4;V;0.4;V;0.5;V;0.3;V;0.2;V;0.2;V;0.2;V;0.2;V;0.2;V;0.2;V;0.2;V;0.3;V;0.2;V;0.2;V;0.2;V;0.2;V
28;079;8;35;28079008_35_59;2026;04;30;0.2;V;0.2;V;0.1;V;0;V;0;V;0;V;0.1;V;0.2;V;0.6;V;1.3;V;1;V;0.9;V;1.1;V;0.7;V;0.5;V;0.4;V;0.5;V;0.3;V;0.4;V;0.4;V;0.7;V;1;V;1.2;V;1.1;V
28;079;8;35;28079008_35_59;2026;05;01;1.3;V;1.1;V;0.6;V;0.4;V;0.3;V;0.4;V;0.3;V;0.3;V;0.3;V;0.3;V;0.3;V;0.3;V;0.2;V;0.2;V;0.1;V;0.1;V;0.1;V;0.1;V;0.2;V;0.1;V;0.1;V;0.2;V;0.2;V;0.2;V
28;079;8;35;28079008_35_59;2026;05;02;0.1;V;0.1;V;0;V;0;V;0;V;0;V;0;V;0;V;0;V;0.2;V;0.2;V;0.2;V;0.2;V;0.2;V;0.1;V;0.2;V;0.2;V;0.2;V;0.2;V;0.2;V;0.1;V;0.2;V;0.2;V;0.3;V
28;079;8;35;28079008_35_59;2026;05;03;0.4;V;0.4;V;0.3;V;0.3;V;0.4;V;0.5;V;0.4;V;0.3;V;0.3;V;0.2;V;0.2;V;0.2;V;0.1;V;0.2;V;0.2;V;0.1;V;0;V;0.1;V;0;V;0.1;V;0.1;V;0.2;V;0.1;V;0.1;V
28;079;8;35;28079008_35_59;2026;05;04;0.1;V;0.2;V;0.1;V;0;V;0.1;V;0.2;V;0.2;V;0.2;V;0.4;V;0.7;V;0.7;V;1;V;0.6;V;0.3;V;0.3;V;0.3;V;0.2;V;0.2;V;0.4;V;0.5;V;0.6;V;0.6;V;0.4;V;0.2;V
28;079;8;35;28079008_35_59;2026;05;05;0.2;V;0.3;V;0.3;V;0.3;V;0.3;V;0.2;V;0.2;V;0.3;V;0.4;V;0.7;V;0.6;V;0.4;V;0.4;V;0.3;V;0.3;V;0.3;V;0.3;V;1.1;V;1.3;V;1;V;1.1;V;1.2;V;0.9;V;0.6;V
28;079;8;35;28079008_35_59;2026;05;06;0.9;V;0.5;V;0.2;V;0.1;V;0.1;V;0.2;V;0.2;V;0.2;V;0;N;0;N;0;N;0;N;0;N;0.4;V;0.4;V;0.4;V;0.4;V;0.4;V;0.3;V;0.3;V;0.4;V;0.5;V;0.7;V;0.8;V
28;079;8;35;28079008_35_59;2026;05;07;1;V;0.7;V;0.3;V;0.3;V;0.3;V;0.3;V;0.2;V;0.3;V;0.5;V;0;N;0;N;0;N;0;N;0;N;0;N;0;N;0;N;0;N;0;N;0;N;0;N;0;N;0;N;0;N
28;079;8;6;28079008_6_48;2026;04;07;0.2;V;0.2;V;0.2;V;0.2;V;0.2;V;0.2;V;0.3;V;0.3;V;0;N;0;N;0;N;0;N;0;N;0;N;0;N;0;N;0;N;0.3;V;0.3;V;0.4;V;0.4;V;0.5;V;0.6;V;0.6;V
28;079;8;6;28079008_6_48;2026;04;08;0.4;V;0.3;V;0.2;V;0.3;V;0.2;V;0.2;V;0.2;V;0.3;V;0.4;V;0.5;V;0.4;V;0.3;V;0.3;V;0.3;V;0.3;V;0.3;V;0.3;V;0.3;V;0.3;V;0.3;V;0.3;V;0.3;V;0.3;V;0.3;V
28;079;8;6;28079008_6_48;2026;04;09;0.3;V;0.3;V;0.3;V;0.3;V;0.2;V;0.2;V;0.3;V;0.3;V;0.5;V;0.5;V;0.4;V;0.4;V;0.4;V;0.3;V;0.3;V;0.3;V;0.3;V;0.3;V;0.3;V;0.4;V;0.7;V;1;V;1.2;V;0.5;V
28;079;8;6;28079008_6_48;2026;04;10;0.4;V;0.3;V;0.2;V;0.2;V;0.2;V;0.2;V;0.3;V;0.3;V;0.4;V;0.4;V;0.4;V;0.3;V;0.3;V;0.3;V;0.3;V;0.3;V;0.3;V;0.3;V;0.3;V;0.3;V;0.4;V;0.5;V;0.6;V;0.5;V
28;079;8;6;28079008_6_48;2026;04;11;0.5;V;0.4;V;0.4;V;0.4;V;0.4;V;0.3;V;0.3;V;0.3;V;0.3;V;0.3;V;0.4;V;0.4;V;0.3;V;0.3;V;0.3;V;0.4;V;0.4;V;0.3;V;0.3;V;0.3;V;0.4;V;0.3;V;0.3;V;0.3;V
28;079;8;6;28079008_6_48;2026;04;12;0.2;V;0.2;V;0.2;V;0.2;V;0.2;V;0.2;V;0.2;V;0.2;V;0.2;V;0.2;V;0.3;V;0.3;V;0.3;V;0.3;V;0.3;V;0.3;V;0.2;V;0.3;V;0.3;V;0.3;V;0.3;V;0.3;V;0.3;V;0.2;V
28;079;8;6;28079008_6_48;2026;04;13;0.2;V;0.2;V;0.2;V;0.2;V;0.2;V;0.2;V;0.2;V;0.3;V;0.5;V;0.4;V;0.3;V;0.3;V;0.3;V;0.3;V;0.3;V;0.3;V;0.3;V;0.3;V;0.3;V;0.3;V;0.4;V;0.4;V;0.3;V;0.3;V
28;079;8;6;28079008_6_48;2026;04;14;0.3;V;0.2;V;0.2;V;0.3;V;0.3;V;0.3;V;0.3;V;0.4;V;0.5;V;0.6;V;0.5;V;0.3;V;0.3;V;0.3;V;0.3;V;0.2;V;0.2;V;0.3;V;0.3;V;0.3;V;0.4;V;0.4;V;0.3;V;0.5;V
28;079;8;6;28079008_6_48;2026;04;15;0.5;V;0.3;V;0.3;V;0.3;V;0.3;V;0.3;V;0.3;V;0.4;V;0.6;V;0.6;V;0.5;V;0.4;V;0.3;V;0.3;V;0.3;V;0.3;V;0.2;V;0.3;V;0.3;V;0.3;V;0.3;V;0.3;V;0.3;V;0.4;V
28;079;8;6;28079008_6_48;2026;04;16;0.5;V;0.6;V;0.5;V;0.3;V;0.3;V;0.3;V;0.3;V;0.3;V;0.4;V;0.4;V;0.3;V;0.3;V;0.3;V;0.3;V;0.3;V;0.3;V;0.3;V;0.3;V;0.3;V;0.3;V;0.3;V;0.4;V;0.5;V;0.4;V
28;079;8;6;28079008_6_48;2026;04;17;0.5;V;0.5;V;0.5;V;0.4;V;0.3;V;0.2;V;0.3;V;0.3;V;0.5;V;0.5;V;0.4;V;0.4;V;0.4;V;0.3;V;0.3;V;0.3;V;0.3;V;0.3;V;0.3;V;0.3;V;0.3;V;0.4;V;0.7;V;0.7;V
28;079;8;6;28079008_6_48;2026;04;18;0.7;V;0.7;V;0.7;V;0.6;V;0.5;V;0.3;V;0.3;V;0.3;V;0.3;V;0.3;V;0.3;V;0.3;V;0.3;V;0.3;V;0.2;V;0.2;V;0.2;V;0.3;V;0.3;V;0.3;V;0.4;V;0.5;V;0.6;V;0.4;V
28;079;8;6;28079008_6_48;2026;04;19;0.2;V;0.3;V;0.2;V;0.2;V;0.2;V;0.2;V;0.2;V;0.2;V;0.2;V;0.3;V;0.3;V;0.2;V;0.3;V;0.3;V;0.2;V;0.2;V;0.3;V;0.2;V;0.3;V;0.3;V;0.4;V;0.4;V;0.5;V;0.5;V
28;079;8;6;28079008_6_48;2026;04;20;0.4;V;0.4;V;0.3;V;0.4;V;0.3;V;0.2;V;0.3;V;0.4;V;0.5;V;0;N;0;N;0;N;0.3;V;0.3;V;0.3;V;0.3;V;0.3;V;0.3;V;0.3;V;0.3;V;0.4;V;0.5;V;0.5;V;0.5;V
28;079;8;6;28079008_6_48;2026;04;21;0.5;V;0.7;V;0.4;V;0.3;V;0.2;V;0.2;V;0.3;V;0.4;V;0.5;V;0.4;V;0.3;V;0.3;V;0.4;V;0.3;V;0.3;V;0.3;V;0.3;V;0.3;V;0.3;V;0.5;V;0.6;V;0.6;V;0.4;V;0.4;V
28;079;8;6;28079008_6_48;2026;04;22;0.4;V;0.4;V;0.3;V;0.3;V;0.3;V;0.3;V;0.3;V;0.3;V;0.4;V;0.5;V;0.3;V;0.3;V;0.3;V;0.3;V;0.3;V;0.3;V;0.3;V;0.3;V;0.3;V;0.3;V;0.4;V;0.4;V;0.5;V;0.5;V
28;079;8;6;28079008_6_48;2026;04;23;0.7;V;0.7;V;0.3;V;0.2;V;0.2;V;0.2;V;0.3;V;0.5;V;0.5;V;0.4;V;0.3;V;0.3;V;0.3;V;0.3;V;0.3;V;0.3;V;0.3;V;0.3;V;0.3;V;0.3;V;0.4;V;0.3;V;0.2;V;0.3;V
28;079;8;6;28079008_6_48;2026;04;24;0.3;V;0.2;V;0.2;V;0.2;V;0.2;V;0.2;V;0.3;V;0.3;V;0.4;V;0.3;V;0.3;V;0.3;V;0.3;V;0.3;V;0.3;V;0.3;V;0.3;V;0.3;V;0.3;V;0.3;V;0.4;V;0.4;V;0.4;V;0.3;V
28;079;8;6;28079008_6_48;2026;04;25;0.3;V;0.3;V;0.3;V;0.2;V;0.2;V;0.2;V;0.2;V;0.2;V;0.3;V;0.3;V;0.3;V;0.3;V;0.2;V;0.2;V;0.3;V;0.2;V;0.2;V;0.2;V;0.2;V;0.4;V;0.4;V;0.3;V;0.3;V;0.3;V
28;079;8;6;28079008_6_48;2026;04;26;0.2;V;0.2;V;0.2;V;0.2;V;0.2;V;0.2;V;0.2;V;0.2;V;0.2;V;0.2;V;0.2;V;0.2;V;0.2;V;0.2;V;0.2;V;0.2;V;0.2;V;0.2;V;0.2;V;0.3;V;0.3;V;0.3;V;0.3;V;0.3;V
28;079;8;6;28079008_6_48;2026;04;27;0.3;V;0.2;V;0.2;V;0.2;V;0.2;V;0.2;V;0.3;V;0.4;V;0.5;V;0.5;V;0.4;V;0.3;V;0.2;V;0.2;V;0.2;V;0.2;V;0.2;V;0.2;V;0.2;V;0;N;0.3;V;0.4;V;0.4;V;0.2;V
28;079;8;6;28079008_6_48;2026;04;28;0.2;V;0.2;V;0.2;V;0.2;V;0.2;V;0.2;V;0.2;V;0.3;V;0.4;V;0.4;V;0.3;V;0.2;V;0.2;V;0.2;V;0.2;V;0.2;V;0.2;V;0.2;V;0.3;V;0.3;V;0.3;V;0.3;V;0.3;V;0.2;V
28;079;8;6;28079008_6_48;2026;04;29;0.2;V;0.2;V;0.2;V;0.2;V;0.2;V;0.2;V;0.3;V;0.3;V;0.3;V;0.3;V;0.3;V;0.3;V;0.3;V;0.2;V;0.2;V;0.2;V;0.2;V;0.3;V;0.3;V;0.3;V;0.3;V;0.3;V;0.3;V;0.3;V
28;079;8;6;28079008_6_48;2026;04;30;0.3;V;0.2;V;0.2;V;0.2;V;0.2;V;0.2;V;0.2;V;0.3;V;0.4;V;0.5;V;0.4;V;0.6;V;0.3;V;0.3;V;0.3;V;0.2;V;0.2;V;0.3;V;0.3;V;0.3;V;0.4;V;0.4;V;0.5;V;0.5;V
28;079;8;6;28079008_6_48;2026;05;01;0.5;V;0.4;V;0.3;V;0.2;V;0.2;V;0.2;V;0.2;V;0.3;V;0.2;V;0.3;V;0.3;V;0.3;V;0.3;V;0.2;V;0.2;V;0.2;V;0.2;V;0.3;V;0.3;V;0.2;V;0.3;V;0.3;V;0.3;V;0.2;V
28;079;8;6;28079008_6_48;2026;05;02;0.2;V;0.2;V;0.2;V;0.2;V;0.2;V;0.2;V;0.2;V;0.2;V;0.2;V;0.3;V;0.3;V;0.3;V;0.3;V;0.3;V;0.3;V;0.3;V;0.3;V;0.3;V;0.3;V;0.3;V;0.3;V;0.3;V;0.3;V;0.4;V
28;079;8;6;28079008_6_48;2026;05;03;0.3;V;0.3;V;0.3;V;0.4;V;0.3;V;0.3;V;0.3;V;0.3;V;0.3;V;0.2;V;0.2;V;0.2;V;0.2;V;0.3;V;0.3;V;0.3;V;0.2;V;0.3;V;0.3;V;0.3;V;0.3;V;0.3;V;0.3;V;0.2;V
28;079;8;6;28079008_6_48;2026;05;04;0.2;V;0.2;V;0.2;V;0.2;V;0.2;V;0.2;V;0.3;V;0.3;V;0.4;V;0.3;V;0.4;V;0.3;V;0.3;V;0.3;V;0.3;V;0.3;V;0.3;V;0.3;V;0.3;V;0.4;V;0.4;V;0.3;V;0.3;V;0.3;V
28;079;8;6;28079008_6_48;2026;05;05;0.3;V;0.2;V;0.2;V;0.2;V;0.2;V;0.2;V;0.3;V;0.3;V;0.3;V;0.5;V;0.3;V;0.3;V;0.3;V;0.3;V;0.3;V;0.3;V;0.3;V;0.3;V;0.3;V;0.3;V;0.3;V;0.3;V;0.3;V;0.3;V
28;079;8;6;28079008_6_48;2026;05;06;0.3;V;0.2;V;0.2;V;0.2;V;0.2;V;0.2;V;0.2;V;0.3;V;0.3;V;0.3;V;0;N;0;N;0;N;0.3;V;0.3;V;0.3;V;0.3;V;0.3;V;0.3;V;0.5;V;0.3;V;0.4;V;0.5;V;0.6;V
28;079;8;6;28079008_6_48;2026;05;07;0.4;V;0.2;V;0.2;V;0.2;V;0.2;V;0.2;V;0.2;V;0.3;V;0.4;V;0;N;0;N;0;N;0;N;0;N;0;N;0;N;0;N;0;N;0;N;0;N;0;N;0;N;0;N;0;N
28;079;8;7;28079008_7_8;2026;04;07;0;V;0;V;0;V;0;V;0;V;0;V;0;V;0;V;0;N;0;N;0;N;0;N;0;N;0;N;0;N;0;N;0;N;0;V;0;V;0;V;0;V;0;V;1;V;4;V
28;079;8;7;28079008_7_8;2026;04;08;4;V;1;V;0;V;1;V;0;V;0;V;0;V;1;V;2;V;4;V;3;V;0;V;1;V;0;V;0;V;0;V;0;V;0;V;0;V;0;V;0;V;0;V;0;V;0;V
28;079;8;7;28079008_7_8;2026;04;09;0;V;0;V;0;V;0;V;0;V;0;V;0;V;1;V;5;V;8;V;5;V;2;V;1;V;0;V;0;V;0;V;0;V;0;V;0;V;0;V;0;V;4;V;16;V;9;V
28;079;8;7;28079008_7_8;2026;04;10;1;V;0;V;0;V;0;V;0;V;0;V;0;V;0;V;1;V;1;V;1;V;1;V;0;V;0;V;0;V;0;V;0;V;0;V;0;V;0;V;0;V;0;V;1;V;0;V
28;079;8;7;28079008_7_8;2026;04;11;0;V;0;V;0;V;1;V;1;V;1;V;1;V;1;V;1;V;1;V;1;V;0;V;0;V;0;V;0;V;0;V;0;V;0;V;0;V;0;V;0;V;0;V;0;V;0;V
28;079;8;7;28079008_7_8;2026;04;12;0;V;0;V;0;V;0;V;0;V;0;V;0;V;0;V;0;V;0;V;0;V;0;V;0;V;0;V;0;V;0;V;0;V;0;V;0;V;0;V;0;V;0;V;0;V;0;V
28;079;8;7;28079008_7_8;2026;04;13;0;V;0;V;0;V;0;V;0;V;0;V;0;V;0;V;2;V;2;V;1;V;0;V;0;V;0;V;0;V;0;V;0;V;0;V;0;V;0;V;0;V;0;V;0;V;0;V
28;079;8;7;28079008_7_8;2026;04;14;0;V;0;V;0;V;0;V;0;V;0;V;0;V;1;V;3;V;3;V;3;V;1;V;0;V;0;V;0;V;0;V;0;V;0;V;0;V;0;V;0;V;0;V;0;V;0;V
28;079;8;7;28079008_7_8;2026;04;15;1;V;0;V;1;V;0;V;1;V;0;V;0;V;2;V;13;V;19;V;16;V;7;V;5;V;1;V;0;V;0;V;0;V;0;V;0;V;0;V;0;V;0;V;0;V;0;V
28;079;8;7;28079008_7_8;2026;04;16;0;V;1;V;3;V;1;V;1;V;0;V;0;V;0;V;2;V;3;V;1;V;1;V;0;V;0;V;0;V;0;V;0;V;0;V;0;V;0;V;0;V;0;V;0;V;0;V
28;079;8;7;28079008_7_8;2026;04;17;1;V;2;V;2;V;2;V;1;V;0;V;0;V;1;V;4;V;4;V;5;V;3;V;2;V;1;V;0;V;0;V;0;V;0;V;0;V;0;V;0;V;0;V;1;V;0;V
28;079;8;7;28079008_7_8;2026;04;18;1;V;2;V;3;V;6;V;5;V;1;V;0;V;0;V;0;V;1;V;0;V;0;V;0;V;0;V;0;V;0;V;0;V;0;V;0;V;0;V;0;V;0;V;0;V;0;V
28;079;8;7;28079008_7_8;2026;04;19;0;V;0;V;0;V;0;V;0;V;0;V;0;V;0;V;0;V;0;V;0;V;0;V;0;V;0;V;0;V;0;V;0;V;0;V;0;V;0;V;0;V;0;V;0;V;0;V
28;079;8;7;28079008_7_8;2026;04;20;0;V;0;V;0;V;0;V;0;V;0;V;0;V;1;V;4;V;0;N;0;N;0;N;2;V;0;V;0;V;0;V;0;V;0;V;0;V;0;V;0;V;0;V;0;V;0;V
28;079;8;7;28079008_7_8;2026;04;21;0;V;1;V;0;V;0;V;0;V;0;V;0;V;0;V;2;V;2;V;1;V;0;V;0;V;0;V;0;V;0;V;0;V;0;V;0;V;0;V;1;V;2;V;0;V;0;V
28;079;8;7;28079008_7_8;2026;04;22;0;V;0;V;0;V;0;V;0;V;0;V;0;V;0;V;3;V;5;V;2;V;1;V;1;V;2;V;0;V;0;V;0;V;0;V;0;V;0;V;0;V;0;V;0;V;0;V
28;079;8;7;28079008_7_8;2026;04;23;3;V;7;V;2;V;0;V;0;V;0;V;0;V;1;V;3;V;2;V;0;V;0;V;0;V;0;V;0;V;0;V;0;V;0;V;0;V;0;V;0;V;0;V;0;V;0;V
28;079;8;7;28079008_7_8;2026;04;24;0;V;0;V;0;V;0;V;0;V;0;V;0;V;0;V;0;V;0;V;0;V;0;V;0;V;0;V;0;V;0;V;0;V;0;V;0;V;0;V;0;V;0;V;0;V;0;V
28;079;8;7;28079008_7_8;2026;04;25;0;V;0;V;0;V;0;V;0;V;0;V;0;V;0;V;0;V;0;V;0;V;0;V;0;V;0;V;0;V;0;V;0;V;0;V;0;V;0;V;0;V;0;V;0;V;0;V
28;079;8;7;28079008_7_8;2026;04;26;0;V;0;V;0;V;0;V;0;V;0;V;0;V;0;V;0;V;0;V;0;V;0;V;0;V;0;V;0;V;0;V;0;V;0;V;0;V;0;V;0;V;0;V;0;V;0;V
28;079;8;7;28079008_7_8;2026;04;27;0;V;0;V;0;V;0;V;0;V;0;V;0;V;2;V;4;V;5;V;4;V;0;V;0;V;0;V;0;V;0;V;0;V;0;V;0;V;0;V;0;V;0;V;0;V;0;V
28;079;8;7;28079008_7_8;2026;04;28;0;V;0;V;0;V;0;V;0;V;0;V;0;V;0;V;1;V;1;V;0;V;0;V;0;V;0;V;0;V;0;V;0;V;0;V;0;V;0;V;0;V;0;V;0;V;0;V
28;079;8;7;28079008_7_8;2026;04;29;0;V;0;V;0;V;0;V;0;V;0;V;0;V;0;V;0;V;0;V;0;V;0;V;0;V;0;V;0;V;0;V;0;V;0;V;0;V;0;V;0;V;0;V;0;V;0;V
28;079;8;7;28079008_7_8;2026;04;30;0;V;0;V;0;V;0;V;0;V;0;V;0;V;0;V;1;V;5;V;3;V;1;V;0;V;0;V;0;V;0;V;0;V;0;V;0;V;0;V;0;V;0;V;0;V;0;V
28;079;8;7;28079008_7_8;2026;05;01;0;V;0;V;0;V;0;V;0;V;0;V;0;V;0;V;0;V;0;V;0;V;0;V;0;V;0;V;0;V;0;V;0;V;0;V;0;V;0;V;0;V;0;V;0;V;0;V
28;079;8;7;28079008_7_8;2026;05;02;0;V;0;V;0;V;0;V;0;V;0;V;0;V;0;V;0;V;0;V;0;V;0;V;0;V;0;V;0;V;0;V;0;V;0;V;0;V;0;V;0;V;0;V;0;V;0;V
28;079;8;7;28079008_7_8;2026;05;03;0;V;0;V;0;V;0;V;0;V;0;V;0;V;0;V;0;V;0;V;0;V;0;V;0;V;0;V;0;V;0;V;0;V;0;V;0;V;0;V;0;V;0;V;0;V;0;V
28;079;8;7;28079008_7_8;2026;05;04;0;V;0;V;0;V;0;V;0;V;0;V;0;V;0;V;2;V;2;V;3;V;2;V;0;V;0;V;0;V;0;V;0;V;0;V;0;V;0;V;0;V;0;V;0;V;0;V
28;079;8;7;28079008_7_8;2026;05;05;0;V;0;V;0;V;0;V;0;V;0;V;0;V;0;V;0;V;0;V;0;V;0;V;0;V;0;V;0;V;0;V;0;V;0;V;0;V;0;V;0;V;0;V;0;V;0;V
28;079;8;7;28079008_7_8;2026;05;06;0;V;0;V;0;V;0;V;0;V;0;V;0;V;0;V;2;V;0;N;0;N;0;N;0;N;0;V;0;V;0;V;0;V;0;V;0;V;0;V;0;V;0;V;0;V;0;V
28;079;8;7;28079008_7_8;2026;05;07;0;V;0;V;0;V;0;V;0;V;0;V;0;V;0;V;1;V;0;N;0;N;0;N;0;N;0;N;0;N;0;N;0;N;0;N;0;N;0;N;0;N;0;N;0;N;0;N
28;079;8;8;28079008_8_8;2026;04;07;8;V;8;V;7;V;8;V;8;V;9;V;11;V;19;V;0;N;0;N;0;N;0;N;0;N;0;N;0;N;0;N;0;N;19;V;14;V;16;V;15;V;16;V;18;V;22;V
28;079;8;8;28079008_8_8;2026;04;08;22;V;15;V;10;V;12;V;9;V;6;V;8;V;14;V;20;V;29;V;34;V;25;V;19;V;16;V;15;V;15;V;15;V;14;V;15;V;15;V;14;V;11;V;10;V;9;V
28;079;8;8;28079008_8_8;2026;04;09;10;V;8;V;14;V;14;V;11;V;11;V;14;V;25;V;37;V;44;V;44;V;36;V;28;V;19;V;16;V;15;V;14;V;17;V;19;V;20;V;33;V;48;V;54;V;53;V
28;079;8;8;28079008_8_8;2026;04;10;43;V;29;V;19;V;14;V;12;V;11;V;12;V;20;V;36;V;38;V;39;V;33;V;27;V;23;V;17;V;15;V;14;V;14;V;16;V;19;V;23;V;35;V;44;V;46;V
28;079;8;8;28079008_8_8;2026;04;11;41;V;34;V;29;V;32;V;36;V;34;V;31;V;30;V;32;V;32;V;30;V;32;V;27;V;23;V;22;V;21;V;21;V;14;V;12;V;13;V;16;V;17;V;13;V;12;V
28;079;8;8;28079008_8_8;2026;04;12;11;V;10;V;9;V;8;V;7;V;7;V;7;V;7;V;8;V;10;V;12;V;12;V;13;V;13;V;13;V;11;V;11;V;12;V;14;V;14;V;14;V;14;V;13;V;10;V
28;079;8;8;28079008_8_8;2026;04;13;9;V;7;V;6;V;5;V;6;V;6;V;6;V;14;V;28;V;31;V;20;V;13;V;15;V;12;V;10;V;9;V;11;V;11;V;12;V;12;V;14;V;16;V;19;V;12;V
28;079;8;8;28079008_8_8;2026;04;14;10;V;7;V;8;V;8;V;8;V;9;V;11;V;18;V;30;V;34;V;33;V;24;V;16;V;14;V;13;V;11;V;10;V;11;V;11;V;12;V;15;V;18;V;17;V;21;V
28;079;8;8;28079008_8_8;2026;04;15;28;V;25;V;26;V;23;V;21;V;19;V;20;V;26;V;33;V;37;V;38;V;38;V;43;V;38;V;21;V;16;V;13;V;14;V;16;V;17;V;16;V;16;V;15;V;18;V
28;079;8;8;28079008_8_8;2026;04;16;21;V;25;V;31;V;28;V;24;V;18;V;14;V;20;V;32;V;34;V;30;V;25;V;24;V;25;V;21;V;17;V;15;V;14;V;15;V;16;V;16;V;18;V;23;V;24;V
28;079;8;8;28079008_8_8;2026;04;17;27;V;34;V;33;V;33;V;27;V;17;V;18;V;27;V;39;V;40;V;40;V;38;V;39;V;35;V;23;V;17;V;14;V;13;V;13;V;14;V;15;V;19;V;29;V;35;V
28;079;8;8;28079008_8_8;2026;04;18;34;V;34;V;35;V;40;V;39;V;29;V;19;V;22;V;20;V;19;V;18;V;16;V;18;V;16;V;12;V;10;V;9;V;10;V;10;V;11;V;15;V;20;V;25;V;23;V
28;079;8;8;28079008_8_8;2026;04;19;15;V;12;V;11;V;11;V;11;V;9;V;8;V;9;V;10;V;12;V;16;V;12;V;10;V;10;V;9;V;8;V;8;V;9;V;9;V;11;V;14;V;16;V;18;V;20;V
28;079;8;8;28079008_8_8;2026;04;20;20;V;15;V;13;V;16;V;17;V;13;V;12;V;21;V;35;V;0;N;0;N;0;N;29;V;21;V;14;V;13;V;11;V;12;V;14;V;14;V;14;V;17;V;16;V;16;V
28;079;8;8;28079008_8_8;2026;04;21;18;V;26;V;24;V;20;V;14;V;12;V;12;V;21;V;32;V;34;V;29;V;22;V;25;V;26;V;23;V;16;V;13;V;14;V;15;V;14;V;23;V;30;V;30;V;26;V
28;079;8;8;28079008_8_8;2026;04;22;26;V;20;V;18;V;15;V;11;V;9;V;9;V;13;V;28;V;33;V;21;V;19;V;12;V;12;V;13;V;12;V;13;V;13;V;13;V;12;V;13;V;16;V;17;V;20;V
28;079;8;8;28079008_8_8;2026;04;23;28;V;33;V;26;V;13;V;9;V;8;V;10;V;21;V;29;V;32;V;29;V;23;V;15;V;14;V;12;V;10;V;9;V;10;V;10;V;10;V;13;V;11;V;8;V;8;V
28;079;8;8;28079008_8_8;2026;04;24;8;V;7;V;6;V;5;V;5;V;5;V;8;V;14;V;21;V;19;V;17;V;15;V;15;V;15;V;14;V;12;V;11;V;11;V;13;V;13;V;13;V;14;V;14;V;14;V
28;079;8;8;28079008_8_8;2026;04;25;13;V;13;V;11;V;8;V;8;V;8;V;7;V;8;V;9;V;10;V;12;V;13;V;10;V;8;V;8;V;8;V;7;V;7;V;7;V;10;V;13;V;13;V;12;V;9;V
28;079;8;8;28079008_8_8;2026;04;26;9;V;9;V;7;V;6;V;6;V;7;V;8;V;9;V;8;V;6;V;7;V;7;V;6;V;6;V;6;V;6;V;6;V;7;V;7;V;9;V;10;V;12;V;13;V;15;V
28;079;8;8;28079008_8_8;2026;04;27;13;V;11;V;9;V;8;V;8;V;9;V;12;V;24;V;29;V;33;V;36;V;26;V;19;V;14;V;10;V;9;V;9;V;10;V;9;V;11;V;14;V;17;V;20;V;17;V
28;079;8;8;28079008_8_8;2026;04;28;12;V;9;V;8;V;7;V;8;V;9;V;11;V;17;V;31;V;36;V;33;V;23;V;13;V;9;V;9;V;9;V;8;V;9;V;10;V;11;V;12;V;10;V;10;V;9;V
28;079;8;8;28079008_8_8;2026;04;29;9;V;8;V;7;V;7;V;7;V;9;V;11;V;17;V;21;V;20;V;19;V;16;V;14;V;12;V;10;V;11;V;10;V;11;V;12;V;12;V;11;V;10;V;9;V;10;V
28;079;8;8;28079008_8_8;2026;04;30;9;V;8;V;8;V;6;V;6;V;5;V;7;V;11;V;19;V;31;V;33;V;26;V;17;V;11;V;10;V;10;V;8;V;8;V;10;V;10;V;11;V;13;V;16;V;18;V
28;079;8;8;28079008_8_8;2026;05;01;19;V;24;V;17;V;12;V;9;V;8;V;8;V;9;V;11;V;11;V;15;V;17;V;14;V;10;V;8;V;8;V;7;V;8;V;8;V;8;V;8;V;9;V;11;V;9;V
28;079;8;8;28079008_8_8;2026;05;02;8;V;6;V;6;V;6;V;6;V;6;V;6;V;6;V;7;V;8;V;9;V;10;V;10;V;9;V;9;V;9;V;8;V;8;V;9;V;11;V;10;V;10;V;11;V;15;V
28;079;8;8;28079008_8_8;2026;05;03;16;V;14;V;12;V;12;V;11;V;12;V;11;V;10;V;10;V;8;V;8;V;8;V;8;V;10;V;11;V;12;V;9;V;10;V;9;V;9;V;10;V;11;V;10;V;9;V
28;079;8;8;28079008_8_8;2026;05;04;8;V;8;V;7;V;6;V;7;V;8;V;8;V;14;V;22;V;23;V;27;V;28;V;20;V;16;V;15;V;14;V;13;V;14;V;14;V;11;V;9;V;10;V;11;V;11;V
28;079;8;8;28079008_8_8;2026;05;05;10;V;10;V;7;V;6;V;6;V;6;V;8;V;15;V;17;V;23;V;24;V;18;V;14;V;14;V;13;V;11;V;12;V;11;V;11;V;11;V;10;V;9;V;10;V;11;V
28;079;8;8;28079008_8_8;2026;05;06;10;V;9;V;8;V;8;V;8;V;9;V;10;V;17;V;27;V;0;N;0;N;0;N;0;N;10;V;9;V;10;V;12;V;12;V;13;V;13;V;14;V;18;V;24;V;32;V
28;079;8;8;28079008_8_8;2026;05;07;36;V;24;V;11;V;10;V;9;V;7;V;8;V;15;V;27;V;0;N;0;N;0;N;0;N;0;N;0;N;0;N;0;N;0;N;0;N;0;N;0;N;0;N;0;N;0;N
28;079;8;9;28079008_9_47;2026;04;07;2;V;2;V;2;V;7;V;6;V;3;V;4;V;8;V;10;V;7;V;4;V;4;V;0;N;0;N;0;N;0;N;9;V;5;V;13;V;25;V;29;V;24;V;23;V;20;V
28;079;8;9;28079008_9_47;2026;04;08;24;V;26;V;18;V;17;V;12;V;8;V;6;V;4;V;4;V;6;V;9;V;10;V;9;V;10;V;8;V;10;V;6;V;8;V;6;V;2;V;1;V;1;V;7;V;3;V
28;079;8;9;28079008_9_47;2026;04;09;3;V;0;V;6;V;1;V;3;V;4;V;4;V;3;V;7;V;5;V;8;V;9;V;18;V;17;V;12;V;6;V;18;V;19;V;10;V;11;V;9;V;17;V;16;V;18;V
28;079;8;9;28079008_9_47;2026;04;10;11;V;12;V;36;V;48;V;22;V;19;V;16;V;21;V;34;V;19;V;11;V;10;V;5;V;11;V;17;V;18;V;15;V;17;V;25;V;16;V;26;V;24;V;29;V;31;V
28;079;8;9;28079008_9_47;2026;04;11;28;V;23;V;22;V;19;V;24;V;18;V;17;V;16;V;21;V;21;V;20;V;20;V;17;V;21;V;23;V;22;V;25;V;29;V;34;V;35;V;34;V;37;V;30;V;22;V
28;079;8;9;28079008_9_47;2026;04;12;20;V;16;V;15;V;17;V;11;V;11;V;11;V;9;V;8;V;5;V;7;V;9;V;7;V;7;V;6;V;5;V;5;V;4;V;5;V;3;V;5;V;9;V;2;V;2;V
28;079;8;9;28079008_9_47;2026;04;13;3;V;3;V;5;V;4;V;3;V;6;V;3;V;2;V;0;V;2;V;4;V;2;V;2;V;4;V;5;V;6;V;1;V;1;V;4;V;6;V;3;V;3;V;2;V;1;V
28;079;8;9;28079008_9_47;2026;04;14;5;V;0;V;1;V;5;V;6;V;5;V;7;V;7;V;8;V;5;V;11;V;4;V;1;V;1;V;1;V;2;V;6;V;3;V;5;V;0;V;2;V;4;V;3;V;4;V
28;079;8;9;28079008_9_47;2026;04;15;9;V;5;V;6;V;4;V;2;V;6;V;9;V;9;V;9;V;12;V;9;V;4;V;9;V;11;V;8;V;5;V;0;V;5;V;3;V;7;V;2;V;4;V;9;V;7;V
28;079;8;9;28079008_9_47;2026;04;16;8;V;0;N;13;V;11;V;9;V;12;V;12;V;6;V;5;V;6;V;7;V;6;V;3;V;7;V;11;V;10;V;10;V;5;V;4;V;2;V;1;V;3;V;7;V;11;V
28;079;8;9;28079008_9_47;2026;04;17;11;V;10;V;11;V;9;V;7;V;7;V;9;V;9;V;8;V;11;V;9;V;10;V;9;V;16;V;12;V;7;V;3;V;6;V;8;V;7;V;14;V;5;V;13;V;22;V
28;079;8;9;28079008_9_47;2026;04;18;15;V;14;V;13;V;16;V;9;V;9;V;8;V;14;V;11;V;8;V;5;V;7;V;8;V;13;V;9;V;7;V;13;V;7;V;7;V;8;V;8;V;10;V;17;V;21;V
28;079;8;9;28079008_9_47;2026;04;19;9;V;4;V;7;V;4;V;7;V;6;V;3;V;2;V;8;V;8;V;9;V;7;V;12;V;11;V;11;V;6;V;4;V;7;V;6;V;9;V;7;V;12;V;11;V;15;V
28;079;8;9;28079008_9_47;2026;04;20;14;V;9;V;8;V;14;V;12;V;12;V;13;V;14;V;11;V;0;N;0;N;0;N;14;V;12;V;7;V;12;V;15;V;11;V;9;V;18;V;17;V;15;V;16;V;17;V
28;079;8;9;28079008_9_47;2026;04;21;16;V;17;V;15;V;16;V;14;V;12;V;15;V;17;V;13;V;17;V;15;V;10;V;8;V;15;V;13;V;9;V;9;V;1;V;21;V;23;V;18;V;20;V;22;V;18;V
28;079;8;9;28079008_9_47;2026;04;22;20;V;20;V;17;V;20;V;15;V;16;V;18;V;17;V;19;V;22;V;22;V;20;V;26;V;26;V;22;V;15;V;11;V;16;V;12;V;14;V;16;V;19;V;18;V;16;V
28;079;8;9;28079008_9_47;2026;04;23;16;V;19;V;17;V;17;V;18;V;14;V;16;V;14;V;19;V;16;V;17;V;16;V;13;V;15;V;14;V;14;V;12;V;12;V;17;V;21;V;17;V;17;V;14;V;13;V
28;079;8;9;28079008_9_47;2026;04;24;8;V;11;V;8;V;9;V;15;V;8;V;9;V;13;V;8;V;7;V;7;V;7;V;10;V;12;V;17;V;11;V;16;V;17;V;15;V;19;V;12;V;18;V;19;V;14;V
28;079;8;9;28079008_9_47;2026;04;25;8;V;6;V;11;V;11;V;5;V;7;V;12;V;10;V;10;V;4;V;3;V;10;V;12;V;9;V;10;V;13;V;12;V;6;V;8;V;7;V;12;V;11;V;13;V;7;V
28;079;8;9;28079008_9_47;2026;04;26;5;V;4;V;1;V;1;V;1;V;7;V;3;V;8;V;7;V;5;V;11;V;11;V;9;V;8;V;13;V;17;V;14;V;7;V;18;V;9;V;8;V;6;V;12;V;14;V
28;079;8;9;28079008_9_47;2026;04;27;18;V;10;V;6;V;4;V;7;V;8;V;8;V;12;V;11;V;8;V;10;V;5;V;8;V;8;V;10;V;15;V;11;V;11;V;11;V;7;V;1;V;4;V;8;V;5;V
28;079;8;9;28079008_9_47;2026;04;28;7;V;17;V;10;V;6;V;3;V;4;V;8;V;8;V;4;V;6;V;10;V;13;V;6;V;5;V;5;V;6;V;7;V;7;V;3;V;2;V;7;V;7;V;9;V;8;V
28;079;8;9;28079008_9_47;2026;04;29;3;V;6;V;5;V;8;V;5;V;7;V;8;V;11;V;8;V;5;V;8;V;12;V;8;V;9;V;11;V;15;V;21;V;14;V;11;V;12;V;10;V;5;V;4;V;6;V
28;079;8;9;28079008_9_47;2026;04;30;5;V;4;V;7;V;5;V;3;V;0;V;5;V;4;V;11;V;10;V;12;V;3;V;16;V;11;V;7;V;5;V;11;V;16;V;10;V;6;V;10;V;5;V;12;V;12;V
28;079;8;9;28079008_9_47;2026;05;01;12;V;10;V;11;V;13;V;11;V;9;V;9;V;7;V;7;V;9;V;7;V;7;V;9;V;15;V;10;V;13;V;4;V;4;V;3;V;10;V;5;V;4;V;7;V;8;V
28;079;8;9;28079008_9_47;2026;05;02;8;V;6;V;8;V;11;V;13;V;11;V;9;V;10;V;11;V;11;V;9;V;5;V;13;V;10;V;7;V;13;V;17;V;11;V;10;V;2;V;7;V;7;V;8;V;10;V
28;079;8;9;28079008_9_47;2026;05;03;15;V;7;V;9;V;14;V;11;V;11;V;12;V;10;V;9;V;4;V;9;V;13;V;13;V;8;V;9;V;2;V;4;V;2;V;7;V;11;V;6;V;7;V;2;V;6;V
28;079;8;9;28079008_9_47;2026;05;04;3;V;5;V;5;V;6;V;5;V;5;V;5;V;4;V;8;V;6;V;8;V;5;V;7;V;5;V;6;V;1;V;0;V;3;V;9;V;7;V;3;V;5;V;9;V;9;V
28;079;8;9;28079008_9_47;2026;05;05;8;V;6;V;6;V;4;V;2;V;3;V;5;V;7;V;7;V;8;V;12;V;2;V;6;V;10;V;3;V;10;V;3;V;5;V;5;V;2;V;4;V;6;V;4;V;4;V
28;079;8;9;28079008_9_47;2026;05;06;6;V;2;V;3;V;4;V;5;V;5;V;7;V;7;V;8;V;9;V;3;V;6;V;1;V;6;V;2;V;1;V;4;V;6;V;4;V;12;V;12;V;3;V;6;V;14;V
28;079;8;9;28079008_9_47;2026;05;07;11;V;7;V;4;V;4;V;4;V;6;V;8;V;7;V;9;V;0;N;0;N;0;N;0;N;0;N;0;N;0;N;0;N;0;N;0;N;0;N;0;N;0;N;0;N;0;N
