source,dataset,date,time,latitude,longitude,station_id,metric,metric_name,value,unit,quality_flag
datos_madrid,air_quality_accumulated,2026-05-06,2026-05-06T00:00,,,11,12,nitrogen_oxides,10.0,official_unit_by_magnitude,V
datos_madrid,air_quality_accumulated,2026-05-06,2026-05-06T01:00,,,11,12,nitrogen_oxides,6.0,official_unit_by_magnitude,V
datos_madrid,air_quality_accumulated,2026-05-06,2026-05-06T02:00,,,11,12,nitrogen_oxides,5.0,official_unit_by_magnitude,V
datos_madrid,air_quality_accumulated,2026-05-06,2026-05-06T03:00,,,11,12,nitrogen_oxides,8.0,official_unit_by_magnitude,V
datos_madrid,air_quality_accumulated,2026-05-06,2026-05-06T04:00,,,11,12,nitrogen_oxides,9.0,official_unit_by_magnitude,V
datos_madrid,air_quality_accumulated,2026-05-06,2026-05-06T05:00,,,11,12,nitrogen_oxides,10.0,official_unit_by_magnitude,V
datos_madrid,air_quality_accumulated,2026-05-06,2026-05-06T06:00,,,11,12,nitrogen_oxides,20.0,official_unit_by_magnitude,V
datos_madrid,air_quality_accumulated,2026-05-06,2026-05-06T07:00,,,11,12,nitrogen_oxides,38.0,official_unit_by_magnitude,V
datos_madrid,air_quality_accumulated,2026-05-06,2026-05-06T08:00,,,11,12,nitrogen_oxides,29.0,official_unit_by_magnitude,V
datos_madrid,air_quality_accumulated,2026-05-06,2026-05-06T09:00,,,11,12,nitrogen_oxides,24.0,official_unit_by_magnitude,V
datos_madrid,air_quality_accumulated,2026-05-06,2026-05-06T10:00,,,11,12,nitrogen_oxides,29.0,official_unit_by_magnitude,V
datos_madrid,air_quality_accumulated,2026-05-06,2026-05-06T11:00,,,11,12,nitrogen_oxides,28.0,official_unit_by_magnitude,V
datos_madrid,air_quality_accumulated,2026-05-06,2026-05-06T12:00,,,11,12,nitrogen_oxides,19.0,official_unit_by_magnitude,V
datos_madrid,air_quality_accumulated,2026-05-06,2026-05-06T13:00,,,11,12,nitrogen_oxides,25.0,official_unit_by_magnitude,V
datos_madrid,air_quality_accumulated,2026-05-06,2026-05-06T14:00,,,11,12,nitrogen_oxides,26.0,official_unit_by_magnitude,V
datos_madrid,air_quality_accumulated,2026-05-06,2026-05-06T15:00,,,11,12,nitrogen_oxides,27.0,official_unit_by_magnitude,V
datos_madrid,air_quality_accumulated,2026-05-06,2026-05-06T16:00,,,11,12,nitrogen_oxides,26.0,official_unit_by_magnitude,V
datos_madrid,air_quality_accumulated,2026-05-06,2026-05-06T17:00,,,11,12,nitrogen_oxides,40.0,official_unit_by_magnitude,V
datos_madrid,air_quality_accumulated,2026-05-06,2026-05-06T18:00,,,11,12,nitrogen_oxides,19.0,official_unit_by_magnitude,V
datos_madrid,air_quality_accumulated,2026-05-06,2026-05-06T19:00,,,11,12,nitrogen_oxides,24.0,official_unit_by_magnitude,V
datos_madrid,air_quality_accumulated,2026-05-06,2026-05-06T20:00,,,11,12,nitrogen_oxides,15.0,official_unit_by_magnitude,V
datos_madrid,air_quality_accumulated,2026-05-06,2026-05-06T21:00,,,11,12,nitrogen_oxides,39.0,official_unit_by_magnitude,V
datos_madrid,air_quality_accumulated,2026-05-06,2026-05-06T22:00,,,11,12,nitrogen_oxides,55.0,official_unit_by_magnitude,V
datos_madrid,air_quality_accumulated,2026-05-06,2026-05-06T23:00,,,11,12,nitrogen_oxides,68.0,official_unit_by_magnitude,V
datos_madrid,air_quality_accumulated,2026-05-06,2026-05-06T00:00,,,11,20,toluene,0.8,official_unit_by_magnitude,V
datos_madrid,air_quality_accumulated,2026-05-06,2026-05-06T01:00,,,11,20,toluene,0.5,official_unit_by_magnitude,V
datos_madrid,air_quality_accumulated,2026-05-06,2026-05-06T02:00,,,11,20,toluene,0.3,official_unit_by_magnitude,V
datos_madrid,air_quality_accumulated,2026-05-06,2026-05-06T03:00,,,11,20,toluene,0.6,official_unit_by_magnitude,V
datos_madrid,air_quality_accumulated,2026-05-06,2026-05-06T04:00,,,11,20,toluene,0.5,official_unit_by_magnitude,V
datos_madrid,air_quality_accumulated,2026-05-06,2026-05-06T05:00,,,11,20,toluene,0.4,official_unit_by_magnitude,V
datos_madrid,air_quality_accumulated,2026-05-06,2026-05-06T06:00,,,11,20,toluene,0.6,official_unit_by_magnitude,V
datos_madrid,air_quality_accumulated,2026-05-06,2026-05-06T07:00,,,11,20,toluene,0.7,official_unit_by_magnitude,V
datos_madrid,air_quality_accumulated,2026-05-06,2026-05-06T08:00,,,11,20,toluene,1.1,official_unit_by_magnitude,V
datos_madrid,air_quality_accumulated,2026-05-06,2026-05-06T09:00,,,11,20,toluene,0.8,official_unit_by_magnitude,V
datos_madrid,air_quality_accumulated,2026-05-06,2026-05-06T10:00,,,11,20,toluene,1.0,official_unit_by_magnitude,V
datos_madrid,air_quality_accumulated,2026-05-06,2026-05-06T11:00,,,11,20,toluene,1.2,official_unit_by_magnitude,V
datos_madrid,air_quality_accumulated,2026-05-06,2026-05-06T12:00,,,11,20,toluene,1.7,official_unit_by_magnitude,V
datos_madrid,air_quality_accumulated,2026-05-06,2026-05-06T13:00,,,11,20,toluene,1.2,official_unit_by_magnitude,V
datos_madrid,air_quality_accumulated,2026-05-06,2026-05-06T14:00,,,11,20,toluene,1.2,official_unit_by_magnitude,V
datos_madrid,air_quality_accumulated,2026-05-06,2026-05-06T15:00,,,11,20,toluene,1.4,official_unit_by_magnitude,V
datos_madrid,air_quality_accumulated,2026-05-06,2026-05-06T16:00,,,11,20,toluene,1.5,official_unit_by_magnitude,V
datos_madrid,air_quality_accumulated,2026-05-06,2026-05-06T17:00,,,11,20,toluene,1.6,official_unit_by_magnitude,V
datos_madrid,air_quality_accumulated,2026-05-06,2026-05-06T18:00,,,11,20,toluene,1.4,official_unit_by_magnitude,V
datos_madrid,air_quality_accumulated,2026-05-06,2026-05-06T19:00,,,11,20,toluene,1.2,official_unit_by_magnitude,V
datos_madrid,air_quality_accumulated,2026-05-06,2026-05-06T20:00,,,11,20,toluene,0.9,official_unit_by_magnitude,V
datos_madrid,air_quality_accumulated,2026-05-06,2026-05-06T21:00,,,11,20,toluene,1.0,official_unit_by_magnitude,V
datos_madrid,air_quality_accumulated,2026-05-06,2026-05-06T22:00,,,11,20,toluene,2.3,official_unit_by_magnitude,V
datos_madrid,air_quality_accumulated,2026-05-06,2026-05-06T23:00,,,11,20,toluene,3.0,official_unit_by_magnitude,V
datos_madrid,air_quality_accumulated,2026-05-06,2026-05-06T00:00,,,11,30,benzene,0.1,official_unit_by_magnitude,V
datos_madrid,air_quality_accumulated,2026-05-06,2026-05-06T01:00,,,11,30,benzene,0.0,official_unit_by_magnitude,V
datos_madrid,air_quality_accumulated,2026-05-06,2026-05-06T02:00,,,11,30,benzene,0.0,official_unit_by_magnitude,V
datos_madrid,air_quality_accumulated,2026-05-06,2026-05-06T03:00,,,11,30,benzene,0.0,official_unit_by_magnitude,V
datos_madrid,air_quality_accumulated,2026-05-06,2026-05-06T04:00,,,11,30,benzene,0.0,official_unit_by_magnitude,V
datos_madrid,air_quality_accumulated,2026-05-06,2026-05-06T05:00,,,11,30,benzene,0.0,official_unit_by_magnitude,V
datos_madrid,air_quality_accumulated,2026-05-06,2026-05-06T06:00,,,11,30,benzene,0.0,official_unit_by_magnitude,V
datos_madrid,air_quality_accumulated,2026-05-06,2026-05-06T07:00,,,11,30,benzene,0.1,official_unit_by_magnitude,V
datos_madrid,air_quality_accumulated,2026-05-06,2026-05-06T08:00,,,11,30,benzene,0.2,official_unit_by_magnitude,V
datos_madrid,air_quality_accumulated,2026-05-06,2026-05-06T09:00,,,11,30,benzene,0.1,official_unit_by_magnitude,V
datos_madrid,air_quality_accumulated,2026-05-06,2026-05-06T10:00,,,11,30,benzene,0.2,official_unit_by_magnitude,V
datos_madrid,air_quality_accumulated,2026-05-06,2026-05-06T11:00,,,11,30,benzene,0.0,official_unit_by_magnitude,V
datos_madrid,air_quality_accumulated,2026-05-06,2026-05-06T12:00,,,11,30,benzene,0.1,official_unit_by_magnitude,V
datos_madrid,air_quality_accumulated,2026-05-06,2026-05-06T13:00,,,11,30,benzene,0.1,official_unit_by_magnitude,V
datos_madrid,air_quality_accumulated,2026-05-06,2026-05-06T14:00,,,11,30,benzene,0.1,official_unit_by_magnitude,V
datos_madrid,air_quality_accumulated,2026-05-06,2026-05-06T15:00,,,11,30,benzene,0.2,official_unit_by_magnitude,V
datos_madrid,air_quality_accumulated,2026-05-06,2026-05-06T16:00,,,11,30,benzene,0.2,official_unit_by_magnitude,V
datos_madrid,air_quality_accumulated,2026-05-06,2026-05-06T17:00,,,11,30,benzene,0.2,official_unit_by_magnitude,V
datos_madrid,air_quality_accumulated,2026-05-06,2026-05-06T18:00,,,11,30,benzene,0.2,official_unit_by_magnitude,V
datos_madrid,air_quality_accumulated,2026-05-06,2026-05-06T19:00,,,11,30,benzene,0.2,official_unit_by_magnitude,V
datos_madrid,air_quality_accumulated,2026-05-06,2026-05-06T20:00,,,11,30,benzene,0.1,official_unit_by_magnitude,V
datos_madrid,air_quality_accumulated,2026-05-06,2026-05-06T21:00,,,11,30,benzene,0.1,official_unit_by_magnitude,V
datos_madrid,air_quality_accumulated,2026-05-06,2026-05-06T22:00,,,11,30,benzene,0.4,official_unit_by_magnitude,V
datos_madrid,air_quality_accumulated,2026-05-06,2026-05-06T23:00,,,11,30,benzene,0.4,official_unit_by_magnitude,V
datos_madrid,air_quality_accumulated,2026-05-06,2026-05-06T00:00,,,11,35,ethylbenzene,0.3,official_unit_by_magnitude,V
datos_madrid,air_quality_accumulated,2026-05-06,2026-05-06T01:00,,,11,35,ethylbenzene,0.1,official_unit_by_magnitude,V
datos_madrid,air_quality_accumulated,2026-05-06,2026-05-06T02:00,,,11,35,ethylbenzene,0.0,official_unit_by_magnitude,V
datos_madrid,air_quality_accumulated,2026-05-06,2026-05-06T03:00,,,11,35,ethylbenzene,0.1,official_unit_by_magnitude,V
datos_madrid,air_quality_accumulated,2026-05-06,2026-05-06T04:00,,,11,35,ethylbenzene,0.1,official_unit_by_magnitude,V
datos_madrid,air_quality_accumulated,2026-05-06,2026-05-06T05:00,,,11,35,ethylbenzene,0.0,official_unit_by_magnitude,V
datos_madrid,air_quality_accumulated,2026-05-06,2026-05-06T06:00,,,11,35,ethylbenzene,0.1,official_unit_by_magnitude,V
datos_madrid,air_quality_accumulated,2026-05-06,2026-05-06T07:00,,,11,35,ethylbenzene,0.2,official_unit_by_magnitude,V
datos_madrid,air_quality_accumulated,2026-05-06,2026-05-06T08:00,,,11,35,ethylbenzene,0.4,official_unit_by_magnitude,V
datos_madrid,air_quality_accumulated,2026-05-06,2026-05-06T09:00,,,11,35,ethylbenzene,0.3,official_unit_by_magnitude,V
datos_madrid,air_quality_accumulated,2026-05-06,2026-05-06T10:00,,,11,35,ethylbenzene,0.3,official_unit_by_magnitude,V
datos_madrid,air_quality_accumulated,2026-05-06,2026-05-06T11:00,,,11,35,ethylbenzene,0.4,official_unit_by_magnitude,V
datos_madrid,air_quality_accumulated,2026-05-06,2026-05-06T12:00,,,11,35,ethylbenzene,0.4,official_unit_by_magnitude,V
datos_madrid,air_quality_accumulated,2026-05-06,2026-05-06T13:00,,,11,35,ethylbenzene,0.2,official_unit_by_magnitude,V
datos_madrid,air_quality_accumulated,2026-05-06,2026-05-06T14:00,,,11,35,ethylbenzene,0.2,official_unit_by_magnitude,V
datos_madrid,air_quality_accumulated,2026-05-06,2026-05-06T15:00,,,11,35,ethylbenzene,0.4,official_unit_by_magnitude,V
datos_madrid,air_quality_accumulated,2026-05-06,2026-05-06T16:00,,,11,35,ethylbenzene,0.4,official_unit_by_magnitude,V
datos_madrid,air_quality_accumulated,2026-05-06,2026-05-06T17:00,,,11,35,ethylbenzene,0.4,official_unit_by_magnitude,V
datos_madrid,air_quality_accumulated,2026-05-06,2026-05-06T18:00,,,11,35,ethylbenzene,0.4,official_unit_by_magnitude,V
datos_madrid,air_quality_accumulated,2026-05-06,2026-05-06T19:00,,,11,35,ethylbenzene,0.2,official_unit_by_magnitude,V
datos_madrid,air_quality_accumulated,2026-05-06,2026-05-06T20:00,,,11,35,ethylbenzene,0.2,official_unit_by_magnitude,V
datos_madrid,air_quality_accumulated,2026-05-06,2026-05-06T21:00,,,11,35,ethylbenzene,0.2,official_unit_by_magnitude,V
datos_madrid,air_quality_accumulated,2026-05-06,2026-05-06T22:00,,,11,35,ethylbenzene,0.9,official_unit_by_magnitude,V
datos_madrid,air_quality_accumulated,2026-05-06,2026-05-06T23:00,,,11,35,ethylbenzene,1.1,official_unit_by_magnitude,V
datos_madrid,air_quality_accumulated,2026-05-06,2026-05-06T00:00,,,11,7,nitrogen_monoxide,0.0,official_unit_by_magnitude,V
datos_madrid,air_quality_accumulated,2026-05-06,2026-05-06T01:00,,,11,7,nitrogen_monoxide,0.0,official_unit_by_magnitude,V
datos_madrid,air_quality_accumulated,2026-05-06,2026-05-06T02:00,,,11,7,nitrogen_monoxide,0.0,official_unit_by_magnitude,V
datos_madrid,air_quality_accumulated,2026-05-06,2026-05-06T03:00,,,11,7,nitrogen_monoxide,0.0,official_unit_by_magnitude,V
datos_madrid,air_quality_accumulated,2026-05-06,2026-05-06T04:00,,,11,7,nitrogen_monoxide,0.0,official_unit_by_magnitude,V
datos_madrid,air_quality_accumulated,2026-05-06,2026-05-06T05:00,,,11,7,nitrogen_monoxide,0.0,official_unit_by_magnitude,V
datos_madrid,air_quality_accumulated,2026-05-06,2026-05-06T06:00,,,11,7,nitrogen_monoxide,0.0,official_unit_by_magnitude,V
datos_madrid,air_quality_accumulated,2026-05-06,2026-05-06T07:00,,,11,7,nitrogen_monoxide,1.0,official_unit_by_magnitude,V
datos_madrid,air_quality_accumulated,2026-05-06,2026-05-06T08:00,,,11,7,nitrogen_monoxide,3.0,official_unit_by_magnitude,V
datos_madrid,air_quality_accumulated,2026-05-06,2026-05-06T09:00,,,11,7,nitrogen_monoxide,3.0,official_unit_by_magnitude,V
datos_madrid,air_quality_accumulated,2026-05-06,2026-05-06T10:00,,,11,7,nitrogen_monoxide,6.0,official_unit_by_magnitude,V
datos_madrid,air_quality_accumulated,2026-05-06,2026-05-06T11:00,,,11,7,nitrogen_monoxide,5.0,official_unit_by_magnitude,V
datos_madrid,air_quality_accumulated,2026-05-06,2026-05-06T12:00,,,11,7,nitrogen_monoxide,4.0,official_unit_by_magnitude,V
datos_madrid,air_quality_accumulated,2026-05-06,2026-05-06T13:00,,,11,7,nitrogen_monoxide,6.0,official_unit_by_magnitude,V
datos_madrid,air_quality_accumulated,2026-05-06,2026-05-06T14:00,,,11,7,nitrogen_monoxide,6.0,official_unit_by_magnitude,V
datos_madrid,air_quality_accumulated,2026-05-06,2026-05-06T15:00,,,11,7,nitrogen_monoxide,5.0,official_unit_by_magnitude,V
datos_madrid,air_quality_accumulated,2026-05-06,2026-05-06T16:00,,,11,7,nitrogen_monoxide,4.0,official_unit_by_magnitude,V
datos_madrid,air_quality_accumulated,2026-05-06,2026-05-06T17:00,,,11,7,nitrogen_monoxide,9.0,official_unit_by_magnitude,V
datos_madrid,air_quality_accumulated,2026-05-06,2026-05-06T18:00,,,11,7,nitrogen_monoxide,1.0,official_unit_by_magnitude,V
datos_madrid,air_quality_accumulated,2026-05-06,2026-05-06T19:00,,,11,7,nitrogen_monoxide,3.0,official_unit_by_magnitude,V
datos_madrid,air_quality_accumulated,2026-05-06,2026-05-06T20:00,,,11,7,nitrogen_monoxide,0.0,official_unit_by_magnitude,V
datos_madrid,air_quality_accumulated,2026-05-06,2026-05-06T21:00,,,11,7,nitrogen_monoxide,1.0,official_unit_by_magnitude,V
datos_madrid,air_quality_accumulated,2026-05-06,2026-05-06T22:00,,,11,7,nitrogen_monoxide,1.0,official_unit_by_magnitude,V
datos_madrid,air_quality_accumulated,2026-05-06,2026-05-06T23:00,,,11,7,nitrogen_monoxide,1.0,official_unit_by_magnitude,V
datos_madrid,air_quality_accumulated,2026-05-06,2026-05-06T00:00,,,11,8,nitrogen_dioxide,10.0,official_unit_by_magnitude,V
datos_madrid,air_quality_accumulated,2026-05-06,2026-05-06T01:00,,,11,8,nitrogen_dioxide,6.0,official_unit_by_magnitude,V
datos_madrid,air_quality_accumulated,2026-05-06,2026-05-06T02:00,,,11,8,nitrogen_dioxide,5.0,official_unit_by_magnitude,V
datos_madrid,air_quality_accumulated,2026-05-06,2026-05-06T03:00,,,11,8,nitrogen_dioxide,8.0,official_unit_by_magnitude,V
datos_madrid,air_quality_accumulated,2026-05-06,2026-05-06T04:00,,,11,8,nitrogen_dioxide,9.0,official_unit_by_magnitude,V
datos_madrid,air_quality_accumulated,2026-05-06,2026-05-06T05:00,,,11,8,nitrogen_dioxide,10.0,official_unit_by_magnitude,V
datos_madrid,air_quality_accumulated,2026-05-06,2026-05-06T06:00,,,11,8,nitrogen_dioxide,19.0,official_unit_by_magnitude,V
datos_madrid,air_quality_accumulated,2026-05-06,2026-05-06T07:00,,,11,8,nitrogen_dioxide,36.0,official_unit_by_magnitude,V
datos_madrid,air_quality_accumulated,2026-05-06,2026-05-06T08:00,,,11,8,nitrogen_dioxide,25.0,official_unit_by_magnitude,V
datos_madrid,air_quality_accumulated,2026-05-06,2026-05-06T09:00,,,11,8,nitrogen_dioxide,19.0,official_unit_by_magnitude,V
datos_madrid,air_quality_accumulated,2026-05-06,2026-05-06T10:00,,,11,8,nitrogen_dioxide,20.0,official_unit_by_magnitude,V
datos_madrid,air_quality_accumulated,2026-05-06,2026-05-06T11:00,,,11,8,nitrogen_dioxide,20.0,official_unit_by_magnitude,V
datos_madrid,air_quality_accumulated,2026-05-06,2026-05-06T12:00,,,11,8,nitrogen_dioxide,13.0,official_unit_by_magnitude,V
datos_madrid,air_quality_accumulated,2026-05-06,2026-05-06T13:00,,,11,8,nitrogen_dioxide,16.0,official_unit_by_magnitude,V
datos_madrid,air_quality_accumulated,2026-05-06,2026-05-06T14:00,,,11,8,nitrogen_dioxide,17.0,official_unit_by_magnitude,V
datos_madrid,air_quality_accumulated,2026-05-06,2026-05-06T15:00,,,11,8,nitrogen_dioxide,19.0,official_unit_by_magnitude,V
datos_madrid,air_quality_accumulated,2026-05-06,2026-05-06T16:00,,,11,8,nitrogen_dioxide,21.0,official_unit_by_magnitude,V
datos_madrid,air_quality_accumulated,2026-05-06,2026-05-06T17:00,,,11,8,nitrogen_dioxide,27.0,official_unit_by_magnitude,V
datos_madrid,air_quality_accumulated,2026-05-06,2026-05-06T18:00,,,11,8,nitrogen_dioxide,16.0,official_unit_by_magnitude,V
datos_madrid,air_quality_accumulated,2026-05-06,2026-05-06T19:00,,,11,8,nitrogen_dioxide,20.0,official_unit_by_magnitude,V
datos_madrid,air_quality_accumulated,2026-05-06,2026-05-06T20:00,,,11,8,nitrogen_dioxide,14.0,official_unit_by_magnitude,V
datos_madrid,air_quality_accumulated,2026-05-06,2026-05-06T21:00,,,11,8,nitrogen_dioxide,38.0,official_unit_by_magnitude,V
datos_madrid,air_quality_accumulated,2026-05-06,2026-05-06T22:00,,,11,8,nitrogen_dioxide,54.0,official_unit_by_magnitude,V
datos_madrid,air_quality_accumulated,2026-05-06,2026-05-06T23:00,,,11,8,nitrogen_dioxide,67.0,official_unit_by_magnitude,V
datos_madrid,air_quality_accumulated,2026-05-06,2026-05-06T00:00,,,16,12,nitrogen_oxides,17.0,official_unit_by_magnitude,V
datos_madrid,air_quality_accumulated,2026-05-06,2026-05-06T01:00,,,16,12,nitrogen_oxides,8.0,official_unit_by_magnitude,V
datos_madrid,air_quality_accumulated,2026-05-06,2026-05-06T02:00,,,16,12,nitrogen_oxides,9.0,official_unit_by_magnitude,V
datos_madrid,air_quality_accumulated,2026-05-06,2026-05-06T03:00,,,16,12,nitrogen_oxides,9.0,official_unit_by_magnitude,V
datos_madrid,air_quality_accumulated,2026-05-06,2026-05-06T04:00,,,16,12,nitrogen_oxides,12.0,official_unit_by_magnitude,V
datos_madrid,air_quality_accumulated,2026-05-06,2026-05-06T05:00,,,16,12,nitrogen_oxides,15.0,official_unit_by_magnitude,V
datos_madrid,air_quality_accumulated,2026-05-06,2026-05-06T06:00,,,16,12,nitrogen_oxides,28.0,official_unit_by_magnitude,V
datos_madrid,air_quality_accumulated,2026-05-06,2026-05-06T07:00,,,16,12,nitrogen_oxides,56.0,official_unit_by_magnitude,V
datos_madrid,air_quality_accumulated,2026-05-06,2026-05-06T08:00,,,16,12,nitrogen_oxides,34.0,official_unit_by_magnitude,V
datos_madrid,air_quality_accumulated,2026-05-06,2026-05-06T09:00,,,16,12,nitrogen_oxides,24.0,official_unit_by_magnitude,V
datos_madrid,air_quality_accumulated,2026-05-06,2026-05-06T10:00,,,16,12,nitrogen_oxides,24.0,official_unit_by_magnitude,V
datos_madrid,air_quality_accumulated,2026-05-06,2026-05-06T11:00,,,16,12,nitrogen_oxides,13.0,official_unit_by_magnitude,V
datos_madrid,air_quality_accumulated,2026-05-06,2026-05-06T12:00,,,16,12,nitrogen_oxides,12.0,official_unit_by_magnitude,V
datos_madrid,air_quality_accumulated,2026-05-06,2026-05-06T13:00,,,16,12,nitrogen_oxides,14.0,official_unit_by_magnitude,V
datos_madrid,air_quality_accumulated,2026-05-06,2026-05-06T14:00,,,16,12,nitrogen_oxides,10.0,official_unit_by_magnitude,V
datos_madrid,air_quality_accumulated,2026-05-06,2026-05-06T15:00,,,16,12,nitrogen_oxides,18.0,official_unit_by_magnitude,V
datos_madrid,air_quality_accumulated,2026-05-06,2026-05-06T16:00,,,16,12,nitrogen_oxides,13.0,official_unit_by_magnitude,V
datos_madrid,air_quality_accumulated,2026-05-06,2026-05-06T17:00,,,16,12,nitrogen_oxides,11.0,official_unit_by_magnitude,V
datos_madrid,air_quality_accumulated,2026-05-06,2026-05-06T18:00,,,16,12,nitrogen_oxides,14.0,official_unit_by_magnitude,V
datos_madrid,air_quality_accumulated,2026-05-06,2026-05-06T19:00,,,16,12,nitrogen_oxides,11.0,official_unit_by_magnitude,V
datos_madrid,air_quality_accumulated,2026-05-06,2026-05-06T20:00,,,16,12,nitrogen_oxides,14.0,official_unit_by_magnitude,V
datos_madrid,air_quality_accumulated,2026-05-06,2026-05-06T21:00,,,16,12,nitrogen_oxides,20.0,official_unit_by_magnitude,V
datos_madrid,air_quality_accumulated,2026-05-06,2026-05-06T22:00,,,16,12,nitrogen_oxides,30.0,official_unit_by_magnitude,V
datos_madrid,air_quality_accumulated,2026-05-06,2026-05-06T23:00,,,16,12,nitrogen_oxides,57.0,official_unit_by_magnitude,V
datos_madrid,air_quality_accumulated,2026-05-06,2026-05-06T00:00,,,16,14,ozone,67.0,official_unit_by_magnitude,V
datos_madrid,air_quality_accumulated,2026-05-06,2026-05-06T01:00,,,16,14,ozone,73.0,official_unit_by_magnitude,V
datos_madrid,air_quality_accumulated,2026-05-06,2026-05-06T02:00,,,16,14,ozone,69.0,official_unit_by_magnitude,V
datos_madrid,air_quality_accumulated,2026-05-06,2026-05-06T03:00,,,16,14,ozone,65.0,official_unit_by_magnitude,V
datos_madrid,air_quality_accumulated,2026-05-06,2026-05-06T04:00,,,16,14,ozone,57.0,official_unit_by_magnitude,V
datos_madrid,air_quality_accumulated,2026-05-06,2026-05-06T05:00,,,16,14,ozone,53.0,official_unit_by_magnitude,V
datos_madrid,air_quality_accumulated,2026-05-06,2026-05-06T06:00,,,16,14,ozone,41.0,official_unit_by_magnitude,V
datos_madrid,air_quality_accumulated,2026-05-06,2026-05-06T07:00,,,16,14,ozone,23.0,official_unit_by_magnitude,V
datos_madrid,air_quality_accumulated,2026-05-06,2026-05-06T08:00,,,16,14,ozone,47.0,official_unit_by_magnitude,V
datos_madrid,air_quality_accumulated,2026-05-06,2026-05-06T09:00,,,16,14,ozone,56.0,official_unit_by_magnitude,V
datos_madrid,air_quality_accumulated,2026-05-06,2026-05-06T10:00,,,16,14,ozone,64.0,official_unit_by_magnitude,V
datos_madrid,air_quality_accumulated,2026-05-06,2026-05-06T11:00,,,16,14,ozone,78.0,official_unit_by_magnitude,V
datos_madrid,air_quality_accumulated,2026-05-06,2026-05-06T12:00,,,16,14,ozone,91.0,official_unit_by_magnitude,V
datos_madrid,air_quality_accumulated,2026-05-06,2026-05-06T13:00,,,16,14,ozone,92.0,official_unit_by_magnitude,V
datos_madrid,air_quality_accumulated,2026-05-06,2026-05-06T14:00,,,16,14,ozone,100.0,official_unit_by_magnitude,V
datos_madrid,air_quality_accumulated,2026-05-06,2026-05-06T15:00,,,16,14,ozone,103.0,official_unit_by_magnitude,V
datos_madrid,air_quality_accumulated,2026-05-06,2026-05-06T16:00,,,16,14,ozone,110.0,official_unit_by_magnitude,V
datos_madrid,air_quality_accumulated,2026-05-06,2026-05-06T17:00,,,16,14,ozone,111.0,official_unit_by_magnitude,V
datos_madrid,air_quality_accumulated,2026-05-06,2026-05-06T18:00,,,16,14,ozone,111.0,official_unit_by_magnitude,V
datos_madrid,air_quality_accumulated,2026-05-06,2026-05-06T19:00,,,16,14,ozone,113.0,official_unit_by_magnitude,V
datos_madrid,air_quality_accumulated,2026-05-06,2026-05-06T20:00,,,16,14,ozone,108.0,official_unit_by_magnitude,V
datos_madrid,air_quality_accumulated,2026-05-06,2026-05-06T21:00,,,16,14,ozone,98.0,official_unit_by_magnitude,V
datos_madrid,air_quality_accumulated,2026-05-06,2026-05-06T22:00,,,16,14,ozone,77.0,official_unit_by_magnitude,V
datos_madrid,air_quality_accumulated,2026-05-06,2026-05-06T23:00,,,16,14,ozone,47.0,official_unit_by_magnitude,V
datos_madrid,air_quality_accumulated,2026-05-06,2026-05-06T00:00,,,16,7,nitrogen_monoxide,0.0,official_unit_by_magnitude,V
datos_madrid,air_quality_accumulated,2026-05-06,2026-05-06T01:00,,,16,7,nitrogen_monoxide,0.0,official_unit_by_magnitude,V
datos_madrid,air_quality_accumulated,2026-05-06,2026-05-06T02:00,,,16,7,nitrogen_monoxide,0.0,official_unit_by_magnitude,V
datos_madrid,air_quality_accumulated,2026-05-06,2026-05-06T03:00,,,16,7,nitrogen_monoxide,0.0,official_unit_by_magnitude,V
datos_madrid,air_quality_accumulated,2026-05-06,2026-05-06T04:00,,,16,7,nitrogen_monoxide,0.0,official_unit_by_magnitude,V
datos_madrid,air_quality_accumulated,2026-05-06,2026-05-06T05:00,,,16,7,nitrogen_monoxide,0.0,official_unit_by_magnitude,V
datos_madrid,air_quality_accumulated,2026-05-06,2026-05-06T06:00,,,16,7,nitrogen_monoxide,0.0,official_unit_by_magnitude,V
datos_madrid,air_quality_accumulated,2026-05-06,2026-05-06T07:00,,,16,7,nitrogen_monoxide,4.0,official_unit_by_magnitude,V
datos_madrid,air_quality_accumulated,2026-05-06,2026-05-06T08:00,,,16,7,nitrogen_monoxide,3.0,official_unit_by_magnitude,V
datos_madrid,air_quality_accumulated,2026-05-06,2026-05-06T09:00,,,16,7,nitrogen_monoxide,3.0,official_unit_by_magnitude,V
datos_madrid,air_quality_accumulated,2026-05-06,2026-05-06T10:00,,,16,7,nitrogen_monoxide,3.0,official_unit_by_magnitude,V
datos_madrid,air_quality_accumulated,2026-05-06,2026-05-06T11:00,,,16,7,nitrogen_monoxide,1.0,official_unit_by_magnitude,V
datos_madrid,air_quality_accumulated,2026-05-06,2026-05-06T12:00,,,16,7,nitrogen_monoxide,2.0,official_unit_by_magnitude,V
datos_madrid,air_quality_accumulated,2026-05-06,2026-05-06T13:00,,,16,7,nitrogen_monoxide,2.0,official_unit_by_magnitude,V
datos_madrid,air_quality_accumulated,2026-05-06,2026-05-06T14:00,,,16,7,nitrogen_monoxide,0.0,official_unit_by_magnitude,V
datos_madrid,air_quality_accumulated,2026-05-06,2026-05-06T15:00,,,16,7,nitrogen_monoxide,3.0,official_unit_by_magnitude,V
datos_madrid,air_quality_accumulated,2026-05-06,2026-05-06T16:00,,,16,7,nitrogen_monoxide,1.0,official_unit_by_magnitude,V
datos_madrid,air_quality_accumulated,2026-05-06,2026-05-06T17:00,,,16,7,nitrogen_monoxide,0.0,official_unit_by_magnitude,V
datos_madrid,air_quality_accumulated,2026-05-06,2026-05-06T18:00,,,16,7,nitrogen_monoxide,1.0,official_unit_by_magnitude,V
datos_madrid,air_quality_accumulated,2026-05-06,2026-05-06T19:00,,,16,7,nitrogen_monoxide,0.0,official_unit_by_magnitude,V
datos_madrid,air_quality_accumulated,2026-05-06,2026-05-06T20:00,,,16,7,nitrogen_monoxide,0.0,official_unit_by_magnitude,V
datos_madrid,air_quality_accumulated,2026-05-06,2026-05-06T21:00,,,16,7,nitrogen_monoxide,0.0,official_unit_by_magnitude,V
datos_madrid,air_quality_accumulated,2026-05-06,2026-05-06T22:00,,,16,7,nitrogen_monoxide,0.0,official_unit_by_magnitude,V
datos_madrid,air_quality_accumulated,2026-05-06,2026-05-06T23:00,,,16,7,nitrogen_monoxide,0.0,official_unit_by_magnitude,V
datos_madrid,air_quality_accumulated,2026-05-06,2026-05-06T00:00,,,16,8,nitrogen_dioxide,17.0,official_unit_by_magnitude,V
datos_madrid,air_quality_accumulated,2026-05-06,2026-05-06T01:00,,,16,8,nitrogen_dioxide,8.0,official_unit_by_magnitude,V
datos_madrid,air_quality_accumulated,2026-05-06,2026-05-06T02:00,,,16,8,nitrogen_dioxide,9.0,official_unit_by_magnitude,V
datos_madrid,air_quality_accumulated,2026-05-06,2026-05-06T03:00,,,16,8,nitrogen_dioxide,9.0,official_unit_by_magnitude,V
datos_madrid,air_quality_accumulated,2026-05-06,2026-05-06T04:00,,,16,8,nitrogen_dioxide,12.0,official_unit_by_magnitude,V
datos_madrid,air_quality_accumulated,2026-05-06,2026-05-06T05:00,,,16,8,nitrogen_dioxide,15.0,official_unit_by_magnitude,V
datos_madrid,air_quality_accumulated,2026-05-06,2026-05-06T06:00,,,16,8,nitrogen_dioxide,27.0,official_unit_by_magnitude,V
datos_madrid,air_quality_accumulated,2026-05-06,2026-05-06T07:00,,,16,8,nitrogen_dioxide,50.0,official_unit_by_magnitude,V
datos_madrid,air_quality_accumulated,2026-05-06,2026-05-06T08:00,,,16,8,nitrogen_dioxide,29.0,official_unit_by_magnitude,V
datos_madrid,air_quality_accumulated,2026-05-06,2026-05-06T09:00,,,16,8,nitrogen_dioxide,20.0,official_unit_by_magnitude,V
datos_madrid,air_quality_accumulated,2026-05-06,2026-05-06T10:00,,,16,8,nitrogen_dioxide,19.0,official_unit_by_magnitude,V
datos_madrid,air_quality_accumulated,2026-05-06,2026-05-06T11:00,,,16,8,nitrogen_dioxide,11.0,official_unit_by_magnitude,V
datos_madrid,air_quality_accumulated,2026-05-06,2026-05-06T12:00,,,16,8,nitrogen_dioxide,9.0,official_unit_by_magnitude,V
datos_madrid,air_quality_accumulated,2026-05-06,2026-05-06T13:00,,,16,8,nitrogen_dioxide,12.0,official_unit_by_magnitude,V
datos_madrid,air_quality_accumulated,2026-05-06,2026-05-06T14:00,,,16,8,nitrogen_dioxide,9.0,official_unit_by_magnitude,V
datos_madrid,air_quality_accumulated,2026-05-06,2026-05-06T15:00,,,16,8,nitrogen_dioxide,13.0,official_unit_by_magnitude,V
datos_madrid,air_quality_accumulated,2026-05-06,2026-05-06T16:00,,,16,8,nitrogen_dioxide,11.0,official_unit_by_magnitude,V
datos_madrid,air_quality_accumulated,2026-05-06,2026-05-06T17:00,,,16,8,nitrogen_dioxide,10.0,official_unit_by_magnitude,V
datos_madrid,air_quality_accumulated,2026-05-06,2026-05-06T18:00,,,16,8,nitrogen_dioxide,13.0,official_unit_by_magnitude,V
datos_madrid,air_quality_accumulated,2026-05-06,2026-05-06T19:00,,,16,8,nitrogen_dioxide,11.0,official_unit_by_magnitude,V
datos_madrid,air_quality_accumulated,2026-05-06,2026-05-06T20:00,,,16,8,nitrogen_dioxide,14.0,official_unit_by_magnitude,V
datos_madrid,air_quality_accumulated,2026-05-06,2026-05-06T21:00,,,16,8,nitrogen_dioxide,20.0,official_unit_by_magnitude,V
datos_madrid,air_quality_accumulated,2026-05-06,2026-05-06T22:00,,,16,8,nitrogen_dioxide,30.0,official_unit_by_magnitude,V
datos_madrid,air_quality_accumulated,2026-05-06,2026-05-06T23:00,,,16,8,nitrogen_dioxide,57.0,official_unit_by_magnitude,V
datos_madrid,air_quality_accumulated,2026-05-06,2026-05-06T00:00,,,17,12,nitrogen_oxides,12.0,official_unit_by_magnitude,V
datos_madrid,air_quality_accumulated,2026-05-06,2026-05-06T01:00,,,17,12,nitrogen_oxides,14.0,official_unit_by_magnitude,V
datos_madrid,air_quality_accumulated,2026-05-06,2026-05-06T02:00,,,17,12,nitrogen_oxides,15.0,official_unit_by_magnitude,V
datos_madrid,air_quality_accumulated,2026-05-06,2026-05-06T03:00,,,17,12,nitrogen_oxides,20.0,official_unit_by_magnitude,V
datos_madrid,air_quality_accumulated,2026-05-06,2026-05-06T04:00,,,17,12,nitrogen_oxides,31.0,official_unit_by_magnitude,V
datos_madrid,air_quality_accumulated,2026-05-06,2026-05-06T05:00,,,17,12,nitrogen_oxides,30.0,official_unit_by_magnitude,V
datos_madrid,air_quality_accumulated,2026-05-06,2026-05-06T06:00,,,17,12,nitrogen_oxides,44.0,official_unit_by_magnitude,V
datos_madrid,air_quality_accumulated,2026-05-06,2026-05-06T07:00,,,17,12,nitrogen_oxides,53.0,official_unit_by_magnitude,V
datos_madrid,air_quality_accumulated,2026-05-06,2026-05-06T08:00,,,17,12,nitrogen_oxides,48.0,official_unit_by_magnitude,V
datos_madrid,air_quality_accumulated,2026-05-06,2026-05-06T09:00,,,17,12,nitrogen_oxides,39.0,official_unit_by_magnitude,V
datos_madrid,air_quality_accumulated,2026-05-06,2026-05-06T10:00,,,17,12,nitrogen_oxides,21.0,official_unit_by_magnitude,V
datos_madrid,air_quality_accumulated,2026-05-06,2026-05-06T11:00,,,17,12,nitrogen_oxides,12.0,official_unit_by_magnitude,V
datos_madrid,air_quality_accumulated,2026-05-06,2026-05-06T12:00,,,17,12,nitrogen_oxides,10.0,official_unit_by_magnitude,V
datos_madrid,air_quality_accumulated,2026-05-06,2026-05-06T13:00,,,17,12,nitrogen_oxides,11.0,official_unit_by_magnitude,V
datos_madrid,air_quality_accumulated,2026-05-06,2026-05-06T14:00,,,17,12,nitrogen_oxides,9.0,official_unit_by_magnitude,V
datos_madrid,air_quality_accumulated,2026-05-06,2026-05-06T15:00,,,17,12,nitrogen_oxides,11.0,official_unit_by_magnitude,V
datos_madrid,air_quality_accumulated,2026-05-06,2026-05-06T16:00,,,17,12,nitrogen_oxides,10.0,official_unit_by_magnitude,V
datos_madrid,air_quality_accumulated,2026-05-06,2026-05-06T17:00,,,17,12,nitrogen_oxides,11.0,official_unit_by_magnitude,V
datos_madrid,air_quality_accumulated,2026-05-06,2026-05-06T18:00,,,17,12,nitrogen_oxides,12.0,official_unit_by_magnitude,V
datos_madrid,air_quality_accumulated,2026-05-06,2026-05-06T19:00,,,17,12,nitrogen_oxides,12.0,official_unit_by_magnitude,V
datos_madrid,air_quality_accumulated,2026-05-06,2026-05-06T20:00,,,17,12,nitrogen_oxides,13.0,official_unit_by_magnitude,V
datos_madrid,air_quality_accumulated,2026-05-06,2026-05-06T21:00,,,17,12,nitrogen_oxides,25.0,official_unit_by_magnitude,V
datos_madrid,air_quality_accumulated,2026-05-06,2026-05-06T22:00,,,17,12,nitrogen_oxides,76.0,official_unit_by_magnitude,V
datos_madrid,air_quality_accumulated,2026-05-06,2026-05-06T23:00,,,17,12,nitrogen_oxides,92.0,official_unit_by_magnitude,V
datos_madrid,air_quality_accumulated,2026-05-06,2026-05-06T00:00,,,17,14,ozone,77.0,official_unit_by_magnitude,V
datos_madrid,air_quality_accumulated,2026-05-06,2026-05-06T01:00,,,17,14,ozone,67.0,official_unit_by_magnitude,V
datos_madrid,air_quality_accumulated,2026-05-06,2026-05-06T02:00,,,17,14,ozone,65.0,official_unit_by_magnitude,V
datos_madrid,air_quality_accumulated,2026-05-06,2026-05-06T03:00,,,17,14,ozone,45.0,official_unit_by_magnitude,V
datos_madrid,air_quality_accumulated,2026-05-06,2026-05-06T04:00,,,17,14,ozone,23.0,official_unit_by_magnitude,V
datos_madrid,air_quality_accumulated,2026-05-06,2026-05-06T05:00,,,17,14,ozone,25.0,official_unit_by_magnitude,V
datos_madrid,air_quality_accumulated,2026-05-06,2026-05-06T06:00,,,17,14,ozone,21.0,official_unit_by_magnitude,V
datos_madrid,air_quality_accumulated,2026-05-06,2026-05-06T07:00,,,17,14,ozone,12.0,official_unit_by_magnitude,V
datos_madrid,air_quality_accumulated,2026-05-06,2026-05-06T08:00,,,17,14,ozone,30.0,official_unit_by_magnitude,V
datos_madrid,air_quality_accumulated,2026-05-06,2026-05-06T09:00,,,17,14,ozone,51.0,official_unit_by_magnitude,V
datos_madrid,air_quality_accumulated,2026-05-06,2026-05-06T10:00,,,17,14,ozone,74.0,official_unit_by_magnitude,V
datos_madrid,air_quality_accumulated,2026-05-06,2026-05-06T11:00,,,17,14,ozone,90.0,official_unit_by_magnitude,V
datos_madrid,air_quality_accumulated,2026-05-06,2026-05-06T12:00,,,17,14,ozone,97.0,official_unit_by_magnitude,V
datos_madrid,air_quality_accumulated,2026-05-06,2026-05-06T13:00,,,17,14,ozone,103.0,official_unit_by_magnitude,V
datos_madrid,air_quality_accumulated,2026-05-06,2026-05-06T14:00,,,17,14,ozone,110.0,official_unit_by_magnitude,V
datos_madrid,air_quality_accumulated,2026-05-06,2026-05-06T15:00,,,17,14,ozone,118.0,official_unit_by_magnitude,V
datos_madrid,air_quality_accumulated,2026-05-06,2026-05-06T16:00,,,17,14,ozone,124.0,official_unit_by_magnitude,V
datos_madrid,air_quality_accumulated,2026-05-06,2026-05-06T17:00,,,17,14,ozone,123.0,official_unit_by_magnitude,V
datos_madrid,air_quality_accumulated,2026-05-06,2026-05-06T18:00,,,17,14,ozone,124.0,official_unit_by_magnitude,V
datos_madrid,air_quality_accumulated,2026-05-06,2026-05-06T19:00,,,17,14,ozone,124.0,official_unit_by_magnitude,V
datos_madrid,air_quality_accumulated,2026-05-06,2026-05-06T20:00,,,17,14,ozone,120.0,official_unit_by_magnitude,V
datos_madrid,air_quality_accumulated,2026-05-06,2026-05-06T21:00,,,17,14,ozone,92.0,official_unit_by_magnitude,V
datos_madrid,air_quality_accumulated,2026-05-06,2026-05-06T22:00,,,17,14,ozone,23.0,official_unit_by_magnitude,V
datos_madrid,air_quality_accumulated,2026-05-06,2026-05-06T23:00,,,17,14,ozone,6.0,official_unit_by_magnitude,V
datos_madrid,air_quality_accumulated,2026-05-06,2026-05-06T00:00,,,17,7,nitrogen_monoxide,0.0,official_unit_by_magnitude,V
datos_madrid,air_quality_accumulated,2026-05-06,2026-05-06T01:00,,,17,7,nitrogen_monoxide,0.0,official_unit_by_magnitude,V
datos_madrid,air_quality_accumulated,2026-05-06,2026-05-06T02:00,,,17,7,nitrogen_monoxide,0.0,official_unit_by_magnitude,V
datos_madrid,air_quality_accumulated,2026-05-06,2026-05-06T03:00,,,17,7,nitrogen_monoxide,0.0,official_unit_by_magnitude,V
datos_madrid,air_quality_accumulated,2026-05-06,2026-05-06T04:00,,,17,7,nitrogen_monoxide,2.0,official_unit_by_magnitude,V
datos_madrid,air_quality_accumulated,2026-05-06,2026-05-06T05:00,,,17,7,nitrogen_monoxide,1.0,official_unit_by_magnitude,V
datos_madrid,air_quality_accumulated,2026-05-06,2026-05-06T06:00,,,17,7,nitrogen_monoxide,8.0,official_unit_by_magnitude,V
datos_madrid,air_quality_accumulated,2026-05-06,2026-05-06T07:00,,,17,7,nitrogen_monoxide,11.0,official_unit_by_magnitude,V
datos_madrid,air_quality_accumulated,2026-05-06,2026-05-06T08:00,,,17,7,nitrogen_monoxide,11.0,official_unit_by_magnitude,V
datos_madrid,air_quality_accumulated,2026-05-06,2026-05-06T09:00,,,17,7,nitrogen_monoxide,9.0,official_unit_by_magnitude,V
datos_madrid,air_quality_accumulated,2026-05-06,2026-05-06T10:00,,,17,7,nitrogen_monoxide,4.0,official_unit_by_magnitude,V
datos_madrid,air_quality_accumulated,2026-05-06,2026-05-06T11:00,,,17,7,nitrogen_monoxide,2.0,official_unit_by_magnitude,V
datos_madrid,air_quality_accumulated,2026-05-06,2026-05-06T12:00,,,17,7,nitrogen_monoxide,2.0,official_unit_by_magnitude,V
datos_madrid,air_quality_accumulated,2026-05-06,2026-05-06T13:00,,,17,7,nitrogen_monoxide,2.0,official_unit_by_magnitude,V
datos_madrid,air_quality_accumulated,2026-05-06,2026-05-06T14:00,,,17,7,nitrogen_monoxide,1.0,official_unit_by_magnitude,V
datos_madrid,air_quality_accumulated,2026-05-06,2026-05-06T15:00,,,17,7,nitrogen_monoxide,2.0,official_unit_by_magnitude,V
datos_madrid,air_quality_accumulated,2026-05-06,2026-05-06T16:00,,,17,7,nitrogen_monoxide,1.0,official_unit_by_magnitude,V
datos_madrid,air_quality_accumulated,2026-05-06,2026-05-06T17:00,,,17,7,nitrogen_monoxide,1.0,official_unit_by_magnitude,V
datos_madrid,air_quality_accumulated,2026-05-06,2026-05-06T18:00,,,17,7,nitrogen_monoxide,1.0,official_unit_by_magnitude,V
datos_madrid,air_quality_accumulated,2026-05-06,2026-05-06T19:00,,,17,7,nitrogen_monoxide,1.0,official_unit_by_magnitude,V
datos_madrid,air_quality_accumulated,2026-05-06,2026-05-06T20:00,,,17,7,nitrogen_monoxide,0.0,official_unit_by_magnitude,V
datos_madrid,air_quality_accumulated,2026-05-06,2026-05-06T21:00,,,17,7,nitrogen_monoxide,0.0,official_unit_by_magnitude,V
datos_madrid,air_quality_accumulated,2026-05-06,2026-05-06T22:00,,,17,7,nitrogen_monoxide,13.0,official_unit_by_magnitude,V
datos_madrid,air_quality_accumulated,2026-05-06,2026-05-06T23:00,,,17,7,nitrogen_monoxide,23.0,official_unit_by_magnitude,V
datos_madrid,air_quality_accumulated,2026-05-06,2026-05-06T00:00,,,17,8,nitrogen_dioxide,12.0,official_unit_by_magnitude,V
datos_madrid,air_quality_accumulated,2026-05-06,2026-05-06T01:00,,,17,8,nitrogen_dioxide,13.0,official_unit_by_magnitude,V
datos_madrid,air_quality_accumulated,2026-05-06,2026-05-06T02:00,,,17,8,nitrogen_dioxide,14.0,official_unit_by_magnitude,V
datos_madrid,air_quality_accumulated,2026-05-06,2026-05-06T03:00,,,17,8,nitrogen_dioxide,20.0,official_unit_by_magnitude,V
datos_madrid,air_quality_accumulated,2026-05-06,2026-05-06T04:00,,,17,8,nitrogen_dioxide,29.0,official_unit_by_magnitude,V
datos_madrid,air_quality_accumulated,2026-05-06,2026-05-06T05:00,,,17,8,nitrogen_dioxide,28.0,official_unit_by_magnitude,V
datos_madrid,air_quality_accumulated,2026-05-06,2026-05-06T06:00,,,17,8,nitrogen_dioxide,32.0,official_unit_by_magnitude,V
datos_madrid,air_quality_accumulated,2026-05-06,2026-05-06T07:00,,,17,8,nitrogen_dioxide,36.0,official_unit_by_magnitude,V
datos_madrid,air_quality_accumulated,2026-05-06,2026-05-06T08:00,,,17,8,nitrogen_dioxide,31.0,official_unit_by_magnitude,V
datos_madrid,air_quality_accumulated,2026-05-06,2026-05-06T09:00,,,17,8,nitrogen_dioxide,26.0,official_unit_by_magnitude,V
datos_madrid,air_quality_accumulated,2026-05-06,2026-05-06T10:00,,,17,8,nitrogen_dioxide,16.0,official_unit_by_magnitude,V
datos_madrid,air_quality_accumulated,2026-05-06,2026-05-06T11:00,,,17,8,nitrogen_dioxide,10.0,official_unit_by_magnitude,V
datos_madrid,air_quality_accumulated,2026-05-06,2026-05-06T12:00,,,17,8,nitrogen_dioxide,8.0,official_unit_by_magnitude,V
datos_madrid,air_quality_accumulated,2026-05-06,2026-05-06T13:00,,,17,8,nitrogen_dioxide,8.0,official_unit_by_magnitude,V
datos_madrid,air_quality_accumulated,2026-05-06,2026-05-06T14:00,,,17,8,nitrogen_dioxide,7.0,official_unit_by_magnitude,V
datos_madrid,air_quality_accumulated,2026-05-06,2026-05-06T15:00,,,17,8,nitrogen_dioxide,8.0,official_unit_by_magnitude,V
datos_madrid,air_quality_accumulated,2026-05-06,2026-05-06T16:00,,,17,8,nitrogen_dioxide,8.0,official_unit_by_magnitude,V
datos_madrid,air_quality_accumulated,2026-05-06,2026-05-06T17:00,,,17,8,nitrogen_dioxide,9.0,official_unit_by_magnitude,V
datos_madrid,air_quality_accumulated,2026-05-06,2026-05-06T18:00,,,17,8,nitrogen_dioxide,11.0,official_unit_by_magnitude,V
datos_madrid,air_quality_accumulated,2026-05-06,2026-05-06T19:00,,,17,8,nitrogen_dioxide,11.0,official_unit_by_magnitude,V
datos_madrid,air_quality_accumulated,2026-05-06,2026-05-06T20:00,,,17,8,nitrogen_dioxide,13.0,official_unit_by_magnitude,V
datos_madrid,air_quality_accumulated,2026-05-06,2026-05-06T21:00,,,17,8,nitrogen_dioxide,25.0,official_unit_by_magnitude,V
datos_madrid,air_quality_accumulated,2026-05-06,2026-05-06T22:00,,,17,8,nitrogen_dioxide,56.0,official_unit_by_magnitude,V
datos_madrid,air_quality_accumulated,2026-05-06,2026-05-06T23:00,,,17,8,nitrogen_dioxide,57.0,official_unit_by_magnitude,V
datos_madrid,air_quality_accumulated,2026-05-06,2026-05-06T00:00,,,18,10,particles_pm10,5.0,official_unit_by_magnitude,V
datos_madrid,air_quality_accumulated,2026-05-06,2026-05-06T01:00,,,18,10,particles_pm10,1.0,official_unit_by_magnitude,V
datos_madrid,air_quality_accumulated,2026-05-06,2026-05-06T02:00,,,18,10,particles_pm10,3.0,official_unit_by_magnitude,V
datos_madrid,air_quality_accumulated,2026-05-06,2026-05-06T03:00,,,18,10,particles_pm10,5.0,official_unit_by_magnitude,V
datos_madrid,air_quality_accumulated,2026-05-06,2026-05-06T04:00,,,18,10,particles_pm10,3.0,official_unit_by_magnitude,V
datos_madrid,air_quality_accumulated,2026-05-06,2026-05-06T05:00,,,18,10,particles_pm10,5.0,official_unit_by_magnitude,V
datos_madrid,air_quality_accumulated,2026-05-06,2026-05-06T06:00,,,18,10,particles_pm10,7.0,official_unit_by_magnitude,V
datos_madrid,air_quality_accumulated,2026-05-06,2026-05-06T07:00,,,18,10,particles_pm10,11.0,official_unit_by_magnitude,V
datos_madrid,air_quality_accumulated,2026-05-06,2026-05-06T08:00,,,18,10,particles_pm10,18.0,official_unit_by_magnitude,V
datos_madrid,air_quality_accumulated,2026-05-06,2026-05-06T09:00,,,18,10,particles_pm10,25.0,official_unit_by_magnitude,V
datos_madrid,air_quality_accumulated,2026-05-06,2026-05-06T10:00,,,18,10,particles_pm10,14.0,official_unit_by_magnitude,V
datos_madrid,air_quality_accumulated,2026-05-06,2026-05-06T11:00,,,18,10,particles_pm10,4.0,official_unit_by_magnitude,V
datos_madrid,air_quality_accumulated,2026-05-06,2026-05-06T12:00,,,18,10,particles_pm10,9.0,official_unit_by_magnitude,V
datos_madrid,air_quality_accumulated,2026-05-06,2026-05-06T13:00,,,18,10,particles_pm10,1.0,official_unit_by_magnitude,V
datos_madrid,air_quality_accumulated,2026-05-06,2026-05-06T14:00,,,18,10,particles_pm10,10.0,official_unit_by_magnitude,V
datos_madrid,air_quality_accumulated,2026-05-06,2026-05-06T15:00,,,18,10,particles_pm10,15.0,official_unit_by_magnitude,V
datos_madrid,air_quality_accumulated,2026-05-06,2026-05-06T16:00,,,18,10,particles_pm10,21.0,official_unit_by_magnitude,V
datos_madrid,air_quality_accumulated,2026-05-06,2026-05-06T17:00,,,18,10,particles_pm10,17.0,official_unit_by_magnitude,V
datos_madrid,air_quality_accumulated,2026-05-06,2026-05-06T18:00,,,18,10,particles_pm10,11.0,official_unit_by_magnitude,V
datos_madrid,air_quality_accumulated,2026-05-06,2026-05-06T19:00,,,18,10,particles_pm10,15.0,official_unit_by_magnitude,V
datos_madrid,air_quality_accumulated,2026-05-06,2026-05-06T20:00,,,18,10,particles_pm10,15.0,official_unit_by_magnitude,V
datos_madrid,air_quality_accumulated,2026-05-06,2026-05-06T21:00,,,18,10,particles_pm10,13.0,official_unit_by_magnitude,V
datos_madrid,air_quality_accumulated,2026-05-06,2026-05-06T22:00,,,18,10,particles_pm10,18.0,official_unit_by_magnitude,V
datos_madrid,air_quality_accumulated,2026-05-06,2026-05-06T23:00,,,18,10,particles_pm10,26.0,official_unit_by_magnitude,V
datos_madrid,air_quality_accumulated,2026-05-06,2026-05-06T00:00,,,18,12,nitrogen_oxides,12.0,official_unit_by_magnitude,V
datos_madrid,air_quality_accumulated,2026-05-06,2026-05-06T01:00,,,18,12,nitrogen_oxides,11.0,official_unit_by_magnitude,V
datos_madrid,air_quality_accumulated,2026-05-06,2026-05-06T02:00,,,18,12,nitrogen_oxides,14.0,official_unit_by_magnitude,V
datos_madrid,air_quality_accumulated,2026-05-06,2026-05-06T03:00,,,18,12,nitrogen_oxides,9.0,official_unit_by_magnitude,V
datos_madrid,air_quality_accumulated,2026-05-06,2026-05-06T04:00,,,18,12,nitrogen_oxides,10.0,official_unit_by_magnitude,V
datos_madrid,air_quality_accumulated,2026-05-06,2026-05-06T05:00,,,18,12,nitrogen_oxides,15.0,official_unit_by_magnitude,V
datos_madrid,air_quality_accumulated,2026-05-06,2026-05-06T06:00,,,18,12,nitrogen_oxides,31.0,official_unit_by_magnitude,V
datos_madrid,air_quality_accumulated,2026-05-06,2026-05-06T07:00,,,18,12,nitrogen_oxides,53.0,official_unit_by_magnitude,V
datos_madrid,air_quality_accumulated,2026-05-06,2026-05-06T08:00,,,18,12,nitrogen_oxides,65.0,official_unit_by_magnitude,V
datos_madrid,air_quality_accumulated,2026-05-06,2026-05-06T09:00,,,18,12,nitrogen_oxides,58.0,official_unit_by_magnitude,V
datos_madrid,air_quality_accumulated,2026-05-06,2026-05-06T10:00,,,18,12,nitrogen_oxides,21.0,official_unit_by_magnitude,V
datos_madrid,air_quality_accumulated,2026-05-06,2026-05-06T11:00,,,18,12,nitrogen_oxides,16.0,official_unit_by_magnitude,V
datos_madrid,air_quality_accumulated,2026-05-06,2026-05-06T12:00,,,18,12,nitrogen_oxides,14.0,official_unit_by_magnitude,V
datos_madrid,air_quality_accumulated,2026-05-06,2026-05-06T13:00,,,18,12,nitrogen_oxides,14.0,official_unit_by_magnitude,V
datos_madrid,air_quality_accumulated,2026-05-06,2026-05-06T14:00,,,18,12,nitrogen_oxides,12.0,official_unit_by_magnitude,V
datos_madrid,air_quality_accumulated,2026-05-06,2026-05-06T15:00,,,18,12,nitrogen_oxides,15.0,official_unit_by_magnitude,V
datos_madrid,air_quality_accumulated,2026-05-06,2026-05-06T16:00,,,18,12,nitrogen_oxides,16.0,official_unit_by_magnitude,V
datos_madrid,air_quality_accumulated,2026-05-06,2026-05-06T17:00,,,18,12,nitrogen_oxides,16.0,official_unit_by_magnitude,V
datos_madrid,air_quality_accumulated,2026-05-06,2026-05-06T18:00,,,18,12,nitrogen_oxides,19.0,official_unit_by_magnitude,V
datos_madrid,air_quality_accumulated,2026-05-06,2026-05-06T19:00,,,18,12,nitrogen_oxides,19.0,official_unit_by_magnitude,V
datos_madrid,air_quality_accumulated,2026-05-06,2026-05-06T20:00,,,18,12,nitrogen_oxides,26.0,official_unit_by_magnitude,V
datos_madrid,air_quality_accumulated,2026-05-06,2026-05-06T21:00,,,18,12,nitrogen_oxides,38.0,official_unit_by_magnitude,V
datos_madrid,air_quality_accumulated,2026-05-06,2026-05-06T22:00,,,18,12,nitrogen_oxides,77.0,official_unit_by_magnitude,V
datos_madrid,air_quality_accumulated,2026-05-06,2026-05-06T23:00,,,18,12,nitrogen_oxides,75.0,official_unit_by_magnitude,V
datos_madrid,air_quality_accumulated,2026-05-06,2026-05-06T00:00,,,18,14,ozone,71.0,official_unit_by_magnitude,V
datos_madrid,air_quality_accumulated,2026-05-06,2026-05-06T01:00,,,18,14,ozone,68.0,official_unit_by_magnitude,V
datos_madrid,air_quality_accumulated,2026-05-06,2026-05-06T02:00,,,18,14,ozone,69.0,official_unit_by_magnitude,V
datos_madrid,air_quality_accumulated,2026-05-06,2026-05-06T03:00,,,18,14,ozone,71.0,official_unit_by_magnitude,V
datos_madrid,air_quality_accumulated,2026-05-06,2026-05-06T04:00,,,18,14,ozone,67.0,official_unit_by_magnitude,V
datos_madrid,air_quality_accumulated,2026-05-06,2026-05-06T05:00,,,18,14,ozone,41.0,official_unit_by_magnitude,V
datos_madrid,air_quality_accumulated,2026-05-06,2026-05-06T06:00,,,18,14,ozone,26.0,official_unit_by_magnitude,V
datos_madrid,air_quality_accumulated,2026-05-06,2026-05-06T07:00,,,18,14,ozone,16.0,official_unit_by_magnitude,V
datos_madrid,air_quality_accumulated,2026-05-06,2026-05-06T08:00,,,18,14,ozone,24.0,official_unit_by_magnitude,V
datos_madrid,air_quality_accumulated,2026-05-06,2026-05-06T09:00,,,18,14,ozone,41.0,official_unit_by_magnitude,V
datos_madrid,air_quality_accumulated,2026-05-06,2026-05-06T10:00,,,18,14,ozone,77.0,official_unit_by_magnitude,V
datos_madrid,air_quality_accumulated,2026-05-06,2026-05-06T11:00,,,18,14,ozone,84.0,official_unit_by_magnitude,V
datos_madrid,air_quality_accumulated,2026-05-06,2026-05-06T12:00,,,18,14,ozone,90.0,official_unit_by_magnitude,V
datos_madrid,air_quality_accumulated,2026-05-06,2026-05-06T13:00,,,18,14,ozone,97.0,official_unit_by_magnitude,V
datos_madrid,air_quality_accumulated,2026-05-06,2026-05-06T14:00,,,18,14,ozone,101.0,official_unit_by_magnitude,V
datos_madrid,air_quality_accumulated,2026-05-06,2026-05-06T15:00,,,18,14,ozone,105.0,official_unit_by_magnitude,V
datos_madrid,air_quality_accumulated,2026-05-06,2026-05-06T16:00,,,18,14,ozone,109.0,official_unit_by_magnitude,V
datos_madrid,air_quality_accumulated,2026-05-06,2026-05-06T17:00,,,18,14,ozone,114.0,official_unit_by_magnitude,V
datos_madrid,air_quality_accumulated,2026-05-06,2026-05-06T18:00,,,18,14,ozone,113.0,official_unit_by_magnitude,V
datos_madrid,air_quality_accumulated,2026-05-06,2026-05-06T19:00,,,18,14,ozone,113.0,official_unit_by_magnitude,V
datos_madrid,air_quality_accumulated,2026-05-06,2026-05-06T20:00,,,18,14,ozone,108.0,official_unit_by_magnitude,V
datos_madrid,air_quality_accumulated,2026-05-06,2026-05-06T21:00,,,18,14,ozone,88.0,official_unit_by_magnitude,V
datos_madrid,air_quality_accumulated,2026-05-06,2026-05-06T22:00,,,18,14,ozone,43.0,official_unit_by_magnitude,V
datos_madrid,air_quality_accumulated,2026-05-06,2026-05-06T23:00,,,18,14,ozone,22.0,official_unit_by_magnitude,V
datos_madrid,air_quality_accumulated,2026-05-06,2026-05-06T00:00,,,18,20,toluene,0.8,official_unit_by_magnitude,V
datos_madrid,air_quality_accumulated,2026-05-06,2026-05-06T01:00,,,18,20,toluene,1.1,official_unit_by_magnitude,V
datos_madrid,air_quality_accumulated,2026-05-06,2026-05-06T02:00,,,18,20,toluene,1.0,official_unit_by_magnitude,V
datos_madrid,air_quality_accumulated,2026-05-06,2026-05-06T03:00,,,18,20,toluene,1.2,official_unit_by_magnitude,V
datos_madrid,air_quality_accumulated,2026-05-06,2026-05-06T04:00,,,18,20,toluene,1.3,official_unit_by_magnitude,V
datos_madrid,air_quality_accumulated,2026-05-06,2026-05-06T05:00,,,18,20,toluene,1.3,official_unit_by_magnitude,V
datos_madrid,air_quality_accumulated,2026-05-06,2026-05-06T06:00,,,18,20,toluene,1.7,official_unit_by_magnitude,V
datos_madrid,air_quality_accumulated,2026-05-06,2026-05-06T07:00,,,18,20,toluene,2.9,official_unit_by_magnitude,V
datos_madrid,air_quality_accumulated,2026-05-06,2026-05-06T08:00,,,18,20,toluene,3.7,official_unit_by_magnitude,V
datos_madrid,air_quality_accumulated,2026-05-06,2026-05-06T09:00,,,18,20,toluene,2.3,official_unit_by_magnitude,V
datos_madrid,air_quality_accumulated,2026-05-06,2026-05-06T10:00,,,18,20,toluene,2.6,official_unit_by_magnitude,V
datos_madrid,air_quality_accumulated,2026-05-06,2026-05-06T11:00,,,18,20,toluene,1.5,official_unit_by_magnitude,V
datos_madrid,air_quality_accumulated,2026-05-06,2026-05-06T12:00,,,18,20,toluene,0.9,official_unit_by_magnitude,V
datos_madrid,air_quality_accumulated,2026-05-06,2026-05-06T13:00,,,18,20,toluene,0.8,official_unit_by_magnitude,V
datos_madrid,air_quality_accumulated,2026-05-06,2026-05-06T14:00,,,18,20,toluene,1.4,official_unit_by_magnitude,V
datos_madrid,air_quality_accumulated,2026-05-06,2026-05-06T15:00,,,18,20,toluene,1.6,official_unit_by_magnitude,V
datos_madrid,air_quality_accumulated,2026-05-06,2026-05-06T16:00,,,18,20,toluene,1.3,official_unit_by_magnitude,V
datos_madrid,air_quality_accumulated,2026-05-06,2026-05-06T17:00,,,18,20,toluene,1.4,official_unit_by_magnitude,V
datos_madrid,air_quality_accumulated,2026-05-06,2026-05-06T18:00,,,18,20,toluene,1.1,official_unit_by_magnitude,V
datos_madrid,air_quality_accumulated,2026-05-06,2026-05-06T19:00,,,18,20,toluene,1.0,official_unit_by_magnitude,V
datos_madrid,air_quality_accumulated,2026-05-06,2026-05-06T20:00,,,18,20,toluene,1.0,official_unit_by_magnitude,V
datos_madrid,air_quality_accumulated,2026-05-06,2026-05-06T21:00,,,18,20,toluene,1.5,official_unit_by_magnitude,V
datos_madrid,air_quality_accumulated,2026-05-06,2026-05-06T22:00,,,18,20,toluene,2.7,official_unit_by_magnitude,V
datos_madrid,air_quality_accumulated,2026-05-06,2026-05-06T23:00,,,18,20,toluene,8.1,official_unit_by_magnitude,V
datos_madrid,air_quality_accumulated,2026-05-06,2026-05-06T00:00,,,18,30,benzene,0.1,official_unit_by_magnitude,V
datos_madrid,air_quality_accumulated,2026-05-06,2026-05-06T01:00,,,18,30,benzene,0.1,official_unit_by_magnitude,V
datos_madrid,air_quality_accumulated,2026-05-06,2026-05-06T02:00,,,18,30,benzene,0.1,official_unit_by_magnitude,V
datos_madrid,air_quality_accumulated,2026-05-06,2026-05-06T03:00,,,18,30,benzene,0.0,official_unit_by_magnitude,V
datos_madrid,air_quality_accumulated,2026-05-06,2026-05-06T04:00,,,18,30,benzene,0.1,official_unit_by_magnitude,V
datos_madrid,air_quality_accumulated,2026-05-06,2026-05-06T05:00,,,18,30,benzene,0.1,official_unit_by_magnitude,V
datos_madrid,air_quality_accumulated,2026-05-06,2026-05-06T06:00,,,18,30,benzene,0.2,official_unit_by_magnitude,V
datos_madrid,air_quality_accumulated,2026-05-06,2026-05-06T07:00,,,18,30,benzene,0.5,official_unit_by_magnitude,V
datos_madrid,air_quality_accumulated,2026-05-06,2026-05-06T08:00,,,18,30,benzene,0.6,official_unit_by_magnitude,V
datos_madrid,air_quality_accumulated,2026-05-06,2026-05-06T09:00,,,18,30,benzene,0.5,official_unit_by_magnitude,V
datos_madrid,air_quality_accumulated,2026-05-06,2026-05-06T10:00,,,18,30,benzene,0.3,official_unit_by_magnitude,V
datos_madrid,air_quality_accumulated,2026-05-06,2026-05-06T11:00,,,18,30,benzene,0.1,official_unit_by_magnitude,V
datos_madrid,air_quality_accumulated,2026-05-06,2026-05-06T12:00,,,18,30,benzene,0.1,official_unit_by_magnitude,V
datos_madrid,air_quality_accumulated,2026-05-06,2026-05-06T13:00,,,18,30,benzene,0.1,official_unit_by_magnitude,V
datos_madrid,air_quality_accumulated,2026-05-06,2026-05-06T14:00,,,18,30,benzene,0.0,official_unit_by_magnitude,V
datos_madrid,air_quality_accumulated,2026-05-06,2026-05-06T15:00,,,18,30,benzene,0.1,official_unit_by_magnitude,V
datos_madrid,air_quality_accumulated,2026-05-06,2026-05-06T16:00,,,18,30,benzene,0.2,official_unit_by_magnitude,V
datos_madrid,air_quality_accumulated,2026-05-06,2026-05-06T17:00,,,18,30,benzene,0.2,official_unit_by_magnitude,V
datos_madrid,air_quality_accumulated,2026-05-06,2026-05-06T18:00,,,18,30,benzene,0.2,official_unit_by_magnitude,V
datos_madrid,air_quality_accumulated,2026-05-06,2026-05-06T19:00,,,18,30,benzene,0.1,official_unit_by_magnitude,V
datos_madrid,air_quality_accumulated,2026-05-06,2026-05-06T20:00,,,18,30,benzene,0.2,official_unit_by_magnitude,V
datos_madrid,air_quality_accumulated,2026-05-06,2026-05-06T21:00,,,18,30,benzene,0.3,official_unit_by_magnitude,V
datos_madrid,air_quality_accumulated,2026-05-06,2026-05-06T22:00,,,18,30,benzene,0.5,official_unit_by_magnitude,V
datos_madrid,air_quality_accumulated,2026-05-06,2026-05-06T23:00,,,18,30,benzene,1.0,official_unit_by_magnitude,V
datos_madrid,air_quality_accumulated,2026-05-06,2026-05-06T00:00,,,18,35,ethylbenzene,0.0,official_unit_by_magnitude,V
datos_madrid,air_quality_accumulated,2026-05-06,2026-05-06T01:00,,,18,35,ethylbenzene,0.0,official_unit_by_magnitude,V
datos_madrid,air_quality_accumulated,2026-05-06,2026-05-06T02:00,,,18,35,ethylbenzene,0.0,official_unit_by_magnitude,V
datos_madrid,air_quality_accumulated,2026-05-06,2026-05-06T03:00,,,18,35,ethylbenzene,0.0,official_unit_by_magnitude,V
datos_madrid,air_quality_accumulated,2026-05-06,2026-05-06T04:00,,,18,35,ethylbenzene,0.0,official_unit_by_magnitude,V
datos_madrid,air_quality_accumulated,2026-05-06,2026-05-06T05:00,,,18,35,ethylbenzene,0.0,official_unit_by_magnitude,V
datos_madrid,air_quality_accumulated,2026-05-06,2026-05-06T06:00,,,18,35,ethylbenzene,0.0,official_unit_by_magnitude,V
datos_madrid,air_quality_accumulated,2026-05-06,2026-05-06T07:00,,,18,35,ethylbenzene,0.4,official_unit_by_magnitude,V
datos_madrid,air_quality_accumulated,2026-05-06,2026-05-06T08:00,,,18,35,ethylbenzene,0.8,official_unit_by_magnitude,V
datos_madrid,air_quality_accumulated,2026-05-06,2026-05-06T09:00,,,18,35,ethylbenzene,0.3,official_unit_by_magnitude,V
datos_madrid,air_quality_accumulated,2026-05-06,2026-05-06T10:00,,,18,35,ethylbenzene,0.2,official_unit_by_magnitude,V
datos_madrid,air_quality_accumulated,2026-05-06,2026-05-06T11:00,,,18,35,ethylbenzene,0.0,official_unit_by_magnitude,V
datos_madrid,air_quality_accumulated,2026-05-06,2026-05-06T12:00,,,18,35,ethylbenzene,0.0,official_unit_by_magnitude,V
datos_madrid,air_quality_accumulated,2026-05-06,2026-05-06T13:00,,,18,35,ethylbenzene,0.0,official_unit_by_magnitude,V
datos_madrid,air_quality_accumulated,2026-05-06,2026-05-06T14:00,,,18,35,ethylbenzene,0.0,official_unit_by_magnitude,V
datos_madrid,air_quality_accumulated,2026-05-06,2026-05-06T15:00,,,18,35,ethylbenzene,0.0,official_unit_by_magnitude,V
datos_madrid,air_quality_accumulated,2026-05-06,2026-05-06T16:00,,,18,35,ethylbenzene,0.0,official_unit_by_magnitude,V
datos_madrid,air_quality_accumulated,2026-05-06,2026-05-06T17:00,,,18,35,ethylbenzene,0.1,official_unit_by_magnitude,V
datos_madrid,air_quality_accumulated,2026-05-06,2026-05-06T18:00,,,18,35,ethylbenzene,0.0,official_unit_by_magnitude,V
datos_madrid,air_quality_accumulated,2026-05-06,2026-05-06T19:00,,,18,35,ethylbenzene,0.0,official_unit_by_magnitude,V
datos_madrid,air_quality_accumulated,2026-05-06,2026-05-06T20:00,,,18,35,ethylbenzene,0.0,official_unit_by_magnitude,V
datos_madrid,air_quality_accumulated,2026-05-06,2026-05-06T21:00,,,18,35,ethylbenzene,0.2,official_unit_by_magnitude,V
datos_madrid,air_quality_accumulated,2026-05-06,2026-05-06T22:00,,,18,35,ethylbenzene,0.3,official_unit_by_magnitude,V
datos_madrid,air_quality_accumulated,2026-05-06,2026-05-06T23:00,,,18,35,ethylbenzene,1.0,official_unit_by_magnitude,V
datos_madrid,air_quality_accumulated,2026-05-06,2026-05-06T00:00,,,18,7,nitrogen_monoxide,1.0,official_unit_by_magnitude,V
datos_madrid,air_quality_accumulated,2026-05-06,2026-05-06T01:00,,,18,7,nitrogen_monoxide,0.0,official_unit_by_magnitude,V
datos_madrid,air_quality_accumulated,2026-05-06,2026-05-06T02:00,,,18,7,nitrogen_monoxide,2.0,official_unit_by_magnitude,V
datos_madrid,air_quality_accumulated,2026-05-06,2026-05-06T03:00,,,18,7,nitrogen_monoxide,0.0,official_unit_by_magnitude,V
datos_madrid,air_quality_accumulated,2026-05-06,2026-05-06T04:00,,,18,7,nitrogen_monoxide,0.0,official_unit_by_magnitude,V
datos_madrid,air_quality_accumulated,2026-05-06,2026-05-06T05:00,,,18,7,nitrogen_monoxide,1.0,official_unit_by_magnitude,V
datos_madrid,air_quality_accumulated,2026-05-06,2026-05-06T06:00,,,18,7,nitrogen_monoxide,3.0,official_unit_by_magnitude,V
datos_madrid,air_quality_accumulated,2026-05-06,2026-05-06T07:00,,,18,7,nitrogen_monoxide,9.0,official_unit_by_magnitude,V
datos_madrid,air_quality_accumulated,2026-05-06,2026-05-06T08:00,,,18,7,nitrogen_monoxide,18.0,official_unit_by_magnitude,V
datos_madrid,air_quality_accumulated,2026-05-06,2026-05-06T09:00,,,18,7,nitrogen_monoxide,15.0,official_unit_by_magnitude,V
datos_madrid,air_quality_accumulated,2026-05-06,2026-05-06T10:00,,,18,7,nitrogen_monoxide,4.0,official_unit_by_magnitude,V
datos_madrid,air_quality_accumulated,2026-05-06,2026-05-06T11:00,,,18,7,nitrogen_monoxide,3.0,official_unit_by_magnitude,V
datos_madrid,air_quality_accumulated,2026-05-06,2026-05-06T12:00,,,18,7,nitrogen_monoxide,3.0,official_unit_by_magnitude,V
datos_madrid,air_quality_accumulated,2026-05-06,2026-05-06T13:00,,,18,7,nitrogen_monoxide,3.0,official_unit_by_magnitude,V
datos_madrid,air_quality_accumulated,2026-05-06,2026-05-06T14:00,,,18,7,nitrogen_monoxide,2.0,official_unit_by_magnitude,V
datos_madrid,air_quality_accumulated,2026-05-06,2026-05-06T15:00,,,18,7,nitrogen_monoxide,2.0,official_unit_by_magnitude,V
datos_madrid,air_quality_accumulated,2026-05-06,2026-05-06T16:00,,,18,7,nitrogen_monoxide,2.0,official_unit_by_magnitude,V
datos_madrid,air_quality_accumulated,2026-05-06,2026-05-06T17:00,,,18,7,nitrogen_monoxide,2.0,official_unit_by_magnitude,V
datos_madrid,air_quality_accumulated,2026-05-06,2026-05-06T18:00,,,18,7,nitrogen_monoxide,2.0,official_unit_by_magnitude,V
datos_madrid,air_quality_accumulated,2026-05-06,2026-05-06T19:00,,,18,7,nitrogen_monoxide,1.0,official_unit_by_magnitude,V
datos_madrid,air_quality_accumulated,2026-05-06,2026-05-06T20:00,,,18,7,nitrogen_monoxide,2.0,official_unit_by_magnitude,V
datos_madrid,air_quality_accumulated,2026-05-06,2026-05-06T21:00,,,18,7,nitrogen_monoxide,1.0,official_unit_by_magnitude,V
datos_madrid,air_quality_accumulated,2026-05-06,2026-05-06T22:00,,,18,7,nitrogen_monoxide,5.0,official_unit_by_magnitude,V
datos_madrid,air_quality_accumulated,2026-05-06,2026-05-06T23:00,,,18,7,nitrogen_monoxide,4.0,official_unit_by_magnitude,V
datos_madrid,air_quality_accumulated,2026-05-06,2026-05-06T00:00,,,18,8,nitrogen_dioxide,11.0,official_unit_by_magnitude,V
datos_madrid,air_quality_accumulated,2026-05-06,2026-05-06T01:00,,,18,8,nitrogen_dioxide,11.0,official_unit_by_magnitude,V
datos_madrid,air_quality_accumulated,2026-05-06,2026-05-06T02:00,,,18,8,nitrogen_dioxide,12.0,official_unit_by_magnitude,V
datos_madrid,air_quality_accumulated,2026-05-06,2026-05-06T03:00,,,18,8,nitrogen_dioxide,9.0,official_unit_by_magnitude,V
datos_madrid,air_quality_accumulated,2026-05-06,2026-05-06T04:00,,,18,8,nitrogen_dioxide,9.0,official_unit_by_magnitude,V
datos_madrid,air_quality_accumulated,2026-05-06,2026-05-06T05:00,,,18,8,nitrogen_dioxide,14.0,official_unit_by_magnitude,V
datos_madrid,air_quality_accumulated,2026-05-06,2026-05-06T06:00,,,18,8,nitrogen_dioxide,26.0,official_unit_by_magnitude,V
datos_madrid,air_quality_accumulated,2026-05-06,2026-05-06T07:00,,,18,8,nitrogen_dioxide,39.0,official_unit_by_magnitude,V
datos_madrid,air_quality_accumulated,2026-05-06,2026-05-06T08:00,,,18,8,nitrogen_dioxide,37.0,official_unit_by_magnitude,V
datos_madrid,air_quality_accumulated,2026-05-06,2026-05-06T09:00,,,18,8,nitrogen_dioxide,35.0,official_unit_by_magnitude,V
datos_madrid,air_quality_accumulated,2026-05-06,2026-05-06T10:00,,,18,8,nitrogen_dioxide,14.0,official_unit_by_magnitude,V
datos_madrid,air_quality_accumulated,2026-05-06,2026-05-06T11:00,,,18,8,nitrogen_dioxide,11.0,official_unit_by_magnitude,V
datos_madrid,air_quality_accumulated,2026-05-06,2026-05-06T12:00,,,18,8,nitrogen_dioxide,10.0,official_unit_by_magnitude,V
datos_madrid,air_quality_accumulated,2026-05-06,2026-05-06T13:00,,,18,8,nitrogen_dioxide,10.0,official_unit_by_magnitude,V
datos_madrid,air_quality_accumulated,2026-05-06,2026-05-06T14:00,,,18,8,nitrogen_dioxide,10.0,official_unit_by_magnitude,V
datos_madrid,air_quality_accumulated,2026-05-06,2026-05-06T15:00,,,18,8,nitrogen_dioxide,12.0,official_unit_by_magnitude,V
datos_madrid,air_quality_accumulated,2026-05-06,2026-05-06T16:00,,,18,8,nitrogen_dioxide,13.0,official_unit_by_magnitude,V
datos_madrid,air_quality_accumulated,2026-05-06,2026-05-06T17:00,,,18,8,nitrogen_dioxide,13.0,official_unit_by_magnitude,V
datos_madrid,air_quality_accumulated,2026-05-06,2026-05-06T18:00,,,18,8,nitrogen_dioxide,16.0,official_unit_by_magnitude,V
datos_madrid,air_quality_accumulated,2026-05-06,2026-05-06T19:00,,,18,8,nitrogen_dioxide,17.0,official_unit_by_magnitude,V
datos_madrid,air_quality_accumulated,2026-05-06,2026-05-06T20:00,,,18,8,nitrogen_dioxide,22.0,official_unit_by_magnitude,V
datos_madrid,air_quality_accumulated,2026-05-06,2026-05-06T21:00,,,18,8,nitrogen_dioxide,37.0,official_unit_by_magnitude,V
datos_madrid,air_quality_accumulated,2026-05-06,2026-05-06T22:00,,,18,8,nitrogen_dioxide,68.0,official_unit_by_magnitude,V
datos_madrid,air_quality_accumulated,2026-05-06,2026-05-06T23:00,,,18,8,nitrogen_dioxide,69.0,official_unit_by_magnitude,V
datos_madrid,air_quality_accumulated,2026-05-06,2026-05-06T00:00,,,24,10,particles_pm10,3.0,official_unit_by_magnitude,V
datos_madrid,air_quality_accumulated,2026-05-06,2026-05-06T01:00,,,24,10,particles_pm10,5.0,official_unit_by_magnitude,V
datos_madrid,air_quality_accumulated,2026-05-06,2026-05-06T02:00,,,24,10,particles_pm10,5.0,official_unit_by_magnitude,V
datos_madrid,air_quality_accumulated,2026-05-06,2026-05-06T03:00,,,24,10,particles_pm10,6.0,official_unit_by_magnitude,V
datos_madrid,air_quality_accumulated,2026-05-06,2026-05-06T04:00,,,24,10,particles_pm10,5.0,official_unit_by_magnitude,V
datos_madrid,air_quality_accumulated,2026-05-06,2026-05-06T05:00,,,24,10,particles_pm10,4.0,official_unit_by_magnitude,V
datos_madrid,air_quality_accumulated,2026-05-06,2026-05-06T06:00,,,24,10,particles_pm10,9.0,official_unit_by_magnitude,V
datos_madrid,air_quality_accumulated,2026-05-06,2026-05-06T07:00,,,24,10,particles_pm10,5.0,official_unit_by_magnitude,V
datos_madrid,air_quality_accumulated,2026-05-06,2026-05-06T08:00,,,24,10,particles_pm10,1.0,official_unit_by_magnitude,V
datos_madrid,air_quality_accumulated,2026-05-06,2026-05-06T09:00,,,24,10,particles_pm10,8.0,official_unit_by_magnitude,V
datos_madrid,air_quality_accumulated,2026-05-06,2026-05-06T10:00,,,24,10,particles_pm10,3.0,official_unit_by_magnitude,V
datos_madrid,air_quality_accumulated,2026-05-06,2026-05-06T11:00,,,24,10,particles_pm10,12.0,official_unit_by_magnitude,V
datos_madrid,air_quality_accumulated,2026-05-06,2026-05-06T12:00,,,24,10,particles_pm10,9.0,official_unit_by_magnitude,V
datos_madrid,air_quality_accumulated,2026-05-06,2026-05-06T13:00,,,24,10,particles_pm10,0.0,official_unit_by_magnitude,V
datos_madrid,air_quality_accumulated,2026-05-06,2026-05-06T14:00,,,24,10,particles_pm10,5.0,official_unit_by_magnitude,V
datos_madrid,air_quality_accumulated,2026-05-06,2026-05-06T15:00,,,24,10,particles_pm10,13.0,official_unit_by_magnitude,V
datos_madrid,air_quality_accumulated,2026-05-06,2026-05-06T16:00,,,24,10,particles_pm10,2.0,official_unit_by_magnitude,V
datos_madrid,air_quality_accumulated,2026-05-06,2026-05-06T17:00,,,24,10,particles_pm10,11.0,official_unit_by_magnitude,V
datos_madrid,air_quality_accumulated,2026-05-06,2026-05-06T18:00,,,24,10,particles_pm10,16.0,official_unit_by_magnitude,V
datos_madrid,air_quality_accumulated,2026-05-06,2026-05-06T19:00,,,24,10,particles_pm10,10.0,official_unit_by_magnitude,V
datos_madrid,air_quality_accumulated,2026-05-06,2026-05-06T20:00,,,24,10,particles_pm10,16.0,official_unit_by_magnitude,V
datos_madrid,air_quality_accumulated,2026-05-06,2026-05-06T21:00,,,24,10,particles_pm10,8.0,official_unit_by_magnitude,V
datos_madrid,air_quality_accumulated,2026-05-06,2026-05-06T22:00,,,24,10,particles_pm10,10.0,official_unit_by_magnitude,V
datos_madrid,air_quality_accumulated,2026-05-06,2026-05-06T23:00,,,24,10,particles_pm10,15.0,official_unit_by_magnitude,V
datos_madrid,air_quality_accumulated,2026-05-06,2026-05-06T00:00,,,24,12,nitrogen_oxides,7.0,official_unit_by_magnitude,V
datos_madrid,air_quality_accumulated,2026-05-06,2026-05-06T01:00,,,24,12,nitrogen_oxides,6.0,official_unit_by_magnitude,V
datos_madrid,air_quality_accumulated,2026-05-06,2026-05-06T02:00,,,24,12,nitrogen_oxides,5.0,official_unit_by_magnitude,V
datos_madrid,air_quality_accumulated,2026-05-06,2026-05-06T03:00,,,24,12,nitrogen_oxides,6.0,official_unit_by_magnitude,V
datos_madrid,air_quality_accumulated,2026-05-06,2026-05-06T04:00,,,24,12,nitrogen_oxides,9.0,official_unit_by_magnitude,V
datos_madrid,air_quality_accumulated,2026-05-06,2026-05-06T05:00,,,24,12,nitrogen_oxides,9.0,official_unit_by_magnitude,V
datos_madrid,air_quality_accumulated,2026-05-06,2026-05-06T06:00,,,24,12,nitrogen_oxides,10.0,official_unit_by_magnitude,V
datos_madrid,air_quality_accumulated,2026-05-06,2026-05-06T07:00,,,24,12,nitrogen_oxides,13.0,official_unit_by_magnitude,V
datos_madrid,air_quality_accumulated,2026-05-06,2026-05-06T08:00,,,24,12,nitrogen_oxides,25.0,official_unit_by_magnitude,V
datos_madrid,air_quality_accumulated,2026-05-06,2026-05-06T09:00,,,24,12,nitrogen_oxides,40.0,official_unit_by_magnitude,V
datos_madrid,air_quality_accumulated,2026-05-06,2026-05-06T10:00,,,24,12,nitrogen_oxides,15.0,official_unit_by_magnitude,V
datos_madrid,air_quality_accumulated,2026-05-06,2026-05-06T11:00,,,24,12,nitrogen_oxides,14.0,official_unit_by_magnitude,V
datos_madrid,air_quality_accumulated,2026-05-06,2026-05-06T12:00,,,24,12,nitrogen_oxides,10.0,official_unit_by_magnitude,V
datos_madrid,air_quality_accumulated,2026-05-06,2026-05-06T13:00,,,24,12,nitrogen_oxides,10.0,official_unit_by_magnitude,V
datos_madrid,air_quality_accumulated,2026-05-06,2026-05-06T14:00,,,24,12,nitrogen_oxides,9.0,official_unit_by_magnitude,V
datos_madrid,air_quality_accumulated,2026-05-06,2026-05-06T15:00,,,24,12,nitrogen_oxides,9.0,official_unit_by_magnitude,V
datos_madrid,air_quality_accumulated,2026-05-06,2026-05-06T16:00,,,24,12,nitrogen_oxides,10.0,official_unit_by_magnitude,V
datos_madrid,air_quality_accumulated,2026-05-06,2026-05-06T17:00,,,24,12,nitrogen_oxides,11.0,official_unit_by_magnitude,V
datos_madrid,air_quality_accumulated,2026-05-06,2026-05-06T18:00,,,24,12,nitrogen_oxides,11.0,official_unit_by_magnitude,V
datos_madrid,air_quality_accumulated,2026-05-06,2026-05-06T19:00,,,24,12,nitrogen_oxides,13.0,official_unit_by_magnitude,V
datos_madrid,air_quality_accumulated,2026-05-06,2026-05-06T20:00,,,24,12,nitrogen_oxides,12.0,official_unit_by_magnitude,V
datos_madrid,air_quality_accumulated,2026-05-06,2026-05-06T21:00,,,24,12,nitrogen_oxides,10.0,official_unit_by_magnitude,V
datos_madrid,air_quality_accumulated,2026-05-06,2026-05-06T22:00,,,24,12,nitrogen_oxides,24.0,official_unit_by_magnitude,V
datos_madrid,air_quality_accumulated,2026-05-06,2026-05-06T23:00,,,24,12,nitrogen_oxides,31.0,official_unit_by_magnitude,V
datos_madrid,air_quality_accumulated,2026-05-06,2026-05-06T00:00,,,24,14,ozone,83.0,official_unit_by_magnitude,V
datos_madrid,air_quality_accumulated,2026-05-06,2026-05-06T01:00,,,24,14,ozone,75.0,official_unit_by_magnitude,V
datos_madrid,air_quality_accumulated,2026-05-06,2026-05-06T02:00,,,24,14,ozone,85.0,official_unit_by_magnitude,V
datos_madrid,air_quality_accumulated,2026-05-06,2026-05-06T03:00,,,24,14,ozone,75.0,official_unit_by_magnitude,V
datos_madrid,air_quality_accumulated,2026-05-06,2026-05-06T04:00,,,24,14,ozone,66.0,official_unit_by_magnitude,V
datos_madrid,air_quality_accumulated,2026-05-06,2026-05-06T05:00,,,24,14,ozone,59.0,official_unit_by_magnitude,V
datos_madrid,air_quality_accumulated,2026-05-06,2026-05-06T06:00,,,24,14,ozone,44.0,official_unit_by_magnitude,V
datos_madrid,air_quality_accumulated,2026-05-06,2026-05-06T07:00,,,24,14,ozone,33.0,official_unit_by_magnitude,V
datos_madrid,air_quality_accumulated,2026-05-06,2026-05-06T08:00,,,24,14,ozone,26.0,official_unit_by_magnitude,V
datos_madrid,air_quality_accumulated,2026-05-06,2026-05-06T09:00,,,24,14,ozone,50.0,official_unit_by_magnitude,V
datos_madrid,air_quality_accumulated,2026-05-06,2026-05-06T10:00,,,24,14,ozone,84.0,official_unit_by_magnitude,V
datos_madrid,air_quality_accumulated,2026-05-06,2026-05-06T11:00,,,24,14,ozone,89.0,official_unit_by_magnitude,V
datos_madrid,air_quality_accumulated,2026-05-06,2026-05-06T12:00,,,24,14,ozone,98.0,official_unit_by_magnitude,V
datos_madrid,air_quality_accumulated,2026-05-06,2026-05-06T13:00,,,24,14,ozone,101.0,official_unit_by_magnitude,V
datos_madrid,air_quality_accumulated,2026-05-06,2026-05-06T14:00,,,24,14,ozone,109.0,official_unit_by_magnitude,V
datos_madrid,air_quality_accumulated,2026-05-06,2026-05-06T15:00,,,24,14,ozone,114.0,official_unit_by_magnitude,V
datos_madrid,air_quality_accumulated,2026-05-06,2026-05-06T16:00,,,24,14,ozone,120.0,official_unit_by_magnitude,V
datos_madrid,air_quality_accumulated,2026-05-06,2026-05-06T17:00,,,24,14,ozone,119.0,official_unit_by_magnitude,V
datos_madrid,air_quality_accumulated,2026-05-06,2026-05-06T18:00,,,24,14,ozone,123.0,official_unit_by_magnitude,V
datos_madrid,air_quality_accumulated,2026-05-06,2026-05-06T19:00,,,24,14,ozone,122.0,official_unit_by_magnitude,V
datos_madrid,air_quality_accumulated,2026-05-06,2026-05-06T20:00,,,24,14,ozone,122.0,official_unit_by_magnitude,V
datos_madrid,air_quality_accumulated,2026-05-06,2026-05-06T21:00,,,24,14,ozone,126.0,official_unit_by_magnitude,V
datos_madrid,air_quality_accumulated,2026-05-06,2026-05-06T22:00,,,24,14,ozone,101.0,official_unit_by_magnitude,V
datos_madrid,air_quality_accumulated,2026-05-06,2026-05-06T23:00,,,24,14,ozone,74.0,official_unit_by_magnitude,V
datos_madrid,air_quality_accumulated,2026-05-06,2026-05-06T00:00,,,24,7,nitrogen_monoxide,1.0,official_unit_by_magnitude,V
datos_madrid,air_quality_accumulated,2026-05-06,2026-05-06T01:00,,,24,7,nitrogen_monoxide,1.0,official_unit_by_magnitude,V
datos_madrid,air_quality_accumulated,2026-05-06,2026-05-06T02:00,,,24,7,nitrogen_monoxide,1.0,official_unit_by_magnitude,V
datos_madrid,air_quality_accumulated,2026-05-06,2026-05-06T03:00,,,24,7,nitrogen_monoxide,0.0,official_unit_by_magnitude,V
datos_madrid,air_quality_accumulated,2026-05-06,2026-05-06T04:00,,,24,7,nitrogen_monoxide,1.0,official_unit_by_magnitude,V
datos_madrid,air_quality_accumulated,2026-05-06,2026-05-06T05:00,,,24,7,nitrogen_monoxide,1.0,official_unit_by_magnitude,V
datos_madrid,air_quality_accumulated,2026-05-06,2026-05-06T06:00,,,24,7,nitrogen_monoxide,1.0,official_unit_by_magnitude,V
datos_madrid,air_quality_accumulated,2026-05-06,2026-05-06T07:00,,,24,7,nitrogen_monoxide,1.0,official_unit_by_magnitude,V
datos_madrid,air_quality_accumulated,2026-05-06,2026-05-06T08:00,,,24,7,nitrogen_monoxide,7.0,official_unit_by_magnitude,V
datos_madrid,air_quality_accumulated,2026-05-06,2026-05-06T09:00,,,24,7,nitrogen_monoxide,10.0,official_unit_by_magnitude,V
datos_madrid,air_quality_accumulated,2026-05-06,2026-05-06T10:00,,,24,7,nitrogen_monoxide,3.0,official_unit_by_magnitude,V
datos_madrid,air_quality_accumulated,2026-05-06,2026-05-06T11:00,,,24,7,nitrogen_monoxide,3.0,official_unit_by_magnitude,V
datos_madrid,air_quality_accumulated,2026-05-06,2026-05-06T12:00,,,24,7,nitrogen_monoxide,2.0,official_unit_by_magnitude,V
datos_madrid,air_quality_accumulated,2026-05-06,2026-05-06T13:00,,,24,7,nitrogen_monoxide,2.0,official_unit_by_magnitude,V
datos_madrid,air_quality_accumulated,2026-05-06,2026-05-06T14:00,,,24,7,nitrogen_monoxide,2.0,official_unit_by_magnitude,V
datos_madrid,air_quality_accumulated,2026-05-06,2026-05-06T15:00,,,24,7,nitrogen_monoxide,1.0,official_unit_by_magnitude,V
datos_madrid,air_quality_accumulated,2026-05-06,2026-05-06T16:00,,,24,7,nitrogen_monoxide,1.0,official_unit_by_magnitude,V
datos_madrid,air_quality_accumulated,2026-05-06,2026-05-06T17:00,,,24,7,nitrogen_monoxide,1.0,official_unit_by_magnitude,V
datos_madrid,air_quality_accumulated,2026-05-06,2026-05-06T18:00,,,24,7,nitrogen_monoxide,1.0,official_unit_by_magnitude,V
datos_madrid,air_quality_accumulated,2026-05-06,2026-05-06T19:00,,,24,7,nitrogen_monoxide,1.0,official_unit_by_magnitude,V
datos_madrid,air_quality_accumulated,2026-05-06,2026-05-06T20:00,,,24,7,nitrogen_monoxide,1.0,official_unit_by_magnitude,V
datos_madrid,air_quality_accumulated,2026-05-06,2026-05-06T21:00,,,24,7,nitrogen_monoxide,1.0,official_unit_by_magnitude,V
datos_madrid,air_quality_accumulated,2026-05-06,2026-05-06T22:00,,,24,7,nitrogen_monoxide,1.0,official_unit_by_magnitude,V
datos_madrid,air_quality_accumulated,2026-05-06,2026-05-06T23:00,,,24,7,nitrogen_monoxide,1.0,official_unit_by_magnitude,V
datos_madrid,air_quality_accumulated,2026-05-06,2026-05-06T00:00,,,24,8,nitrogen_dioxide,6.0,official_unit_by_magnitude,V
datos_madrid,air_quality_accumulated,2026-05-06,2026-05-06T01:00,,,24,8,nitrogen_dioxide,5.0,official_unit_by_magnitude,V
datos_madrid,air_quality_accumulated,2026-05-06,2026-05-06T02:00,,,24,8,nitrogen_dioxide,4.0,official_unit_by_magnitude,V
datos_madrid,air_quality_accumulated,2026-05-06,2026-05-06T03:00,,,24,8,nitrogen_dioxide,5.0,official_unit_by_magnitude,V
datos_madrid,air_quality_accumulated,2026-05-06,2026-05-06T04:00,,,24,8,nitrogen_dioxide,9.0,official_unit_by_magnitude,V
datos_madrid,air_quality_accumulated,2026-05-06,2026-05-06T05:00,,,24,8,nitrogen_dioxide,8.0,official_unit_by_magnitude,V
datos_madrid,air_quality_accumulated,2026-05-06,2026-05-06T06:00,,,24,8,nitrogen_dioxide,9.0,official_unit_by_magnitude,V
datos_madrid,air_quality_accumulated,2026-05-06,2026-05-06T07:00,,,24,8,nitrogen_dioxide,11.0,official_unit_by_magnitude,V
datos_madrid,air_quality_accumulated,2026-05-06,2026-05-06T08:00,,,24,8,nitrogen_dioxide,15.0,official_unit_by_magnitude,V
datos_madrid,air_quality_accumulated,2026-05-06,2026-05-06T09:00,,,24,8,nitrogen_dioxide,25.0,official_unit_by_magnitude,V
datos_madrid,air_quality_accumulated,2026-05-06,2026-05-06T10:00,,,24,8,nitrogen_dioxide,11.0,official_unit_by_magnitude,V
datos_madrid,air_quality_accumulated,2026-05-06,2026-05-06T11:00,,,24,8,nitrogen_dioxide,10.0,official_unit_by_magnitude,V
datos_madrid,air_quality_accumulated,2026-05-06,2026-05-06T12:00,,,24,8,nitrogen_dioxide,7.0,official_unit_by_magnitude,V
datos_madrid,air_quality_accumulated,2026-05-06,2026-05-06T13:00,,,24,8,nitrogen_dioxide,7.0,official_unit_by_magnitude,V
datos_madrid,air_quality_accumulated,2026-05-06,2026-05-06T14:00,,,24,8,nitrogen_dioxide,7.0,official_unit_by_magnitude,V
datos_madrid,air_quality_accumulated,2026-05-06,2026-05-06T15:00,,,24,8,nitrogen_dioxide,7.0,official_unit_by_magnitude,V
datos_madrid,air_quality_accumulated,2026-05-06,2026-05-06T16:00,,,24,8,nitrogen_dioxide,8.0,official_unit_by_magnitude,V
datos_madrid,air_quality_accumulated,2026-05-06,2026-05-06T17:00,,,24,8,nitrogen_dioxide,9.0,official_unit_by_magnitude,V
datos_madrid,air_quality_accumulated,2026-05-06,2026-05-06T18:00,,,24,8,nitrogen_dioxide,10.0,official_unit_by_magnitude,V
datos_madrid,air_quality_accumulated,2026-05-06,2026-05-06T19:00,,,24,8,nitrogen_dioxide,11.0,official_unit_by_magnitude,V
datos_madrid,air_quality_accumulated,2026-05-06,2026-05-06T20:00,,,24,8,nitrogen_dioxide,11.0,official_unit_by_magnitude,V
datos_madrid,air_quality_accumulated,2026-05-06,2026-05-06T21:00,,,24,8,nitrogen_dioxide,9.0,official_unit_by_magnitude,V
datos_madrid,air_quality_accumulated,2026-05-06,2026-05-06T22:00,,,24,8,nitrogen_dioxide,23.0,official_unit_by_magnitude,V
datos_madrid,air_quality_accumulated,2026-05-06,2026-05-06T23:00,,,24,8,nitrogen_dioxide,30.0,official_unit_by_magnitude,V
datos_madrid,air_quality_accumulated,2026-05-06,2026-05-06T00:00,,,24,9,particles_pm2_5,2.0,official_unit_by_magnitude,V
datos_madrid,air_quality_accumulated,2026-05-06,2026-05-06T01:00,,,24,9,particles_pm2_5,3.0,official_unit_by_magnitude,V
datos_madrid,air_quality_accumulated,2026-05-06,2026-05-06T02:00,,,24,9,particles_pm2_5,2.0,official_unit_by_magnitude,V
datos_madrid,air_quality_accumulated,2026-05-06,2026-05-06T03:00,,,24,9,particles_pm2_5,2.0,official_unit_by_magnitude,V
datos_madrid,air_quality_accumulated,2026-05-06,2026-05-06T04:00,,,24,9,particles_pm2_5,2.0,official_unit_by_magnitude,V
datos_madrid,air_quality_accumulated,2026-05-06,2026-05-06T05:00,,,24,9,particles_pm2_5,1.0,official_unit_by_magnitude,V
datos_madrid,air_quality_accumulated,2026-05-06,2026-05-06T06:00,,,24,9,particles_pm2_5,6.0,official_unit_by_magnitude,V
datos_madrid,air_quality_accumulated,2026-05-06,2026-05-06T07:00,,,24,9,particles_pm2_5,4.0,official_unit_by_magnitude,V
datos_madrid,air_quality_accumulated,2026-05-06,2026-05-06T08:00,,,24,9,particles_pm2_5,0.0,official_unit_by_magnitude,V
datos_madrid,air_quality_accumulated,2026-05-06,2026-05-06T09:00,,,24,9,particles_pm2_5,3.0,official_unit_by_magnitude,V
datos_madrid,air_quality_accumulated,2026-05-06,2026-05-06T10:00,,,24,9,particles_pm2_5,0.0,official_unit_by_magnitude,V
datos_madrid,air_quality_accumulated,2026-05-06,2026-05-06T11:00,,,24,9,particles_pm2_5,4.0,official_unit_by_magnitude,V
datos_madrid,air_quality_accumulated,2026-05-06,2026-05-06T12:00,,,24,9,particles_pm2_5,4.0,official_unit_by_magnitude,V
datos_madrid,air_quality_accumulated,2026-05-06,2026-05-06T13:00,,,24,9,particles_pm2_5,0.0,official_unit_by_magnitude,V
datos_madrid,air_quality_accumulated,2026-05-06,2026-05-06T14:00,,,24,9,particles_pm2_5,3.0,official_unit_by_magnitude,V
datos_madrid,air_quality_accumulated,2026-05-06,2026-05-06T15:00,,,24,9,particles_pm2_5,8.0,official_unit_by_magnitude,V
datos_madrid,air_quality_accumulated,2026-05-06,2026-05-06T16:00,,,24,9,particles_pm2_5,1.0,official_unit_by_magnitude,V
datos_madrid,air_quality_accumulated,2026-05-06,2026-05-06T17:00,,,24,9,particles_pm2_5,6.0,official_unit_by_magnitude,V
datos_madrid,air_quality_accumulated,2026-05-06,2026-05-06T18:00,,,24,9,particles_pm2_5,12.0,official_unit_by_magnitude,V
datos_madrid,air_quality_accumulated,2026-05-06,2026-05-06T19:00,,,24,9,particles_pm2_5,4.0,official_unit_by_magnitude,V
datos_madrid,air_quality_accumulated,2026-05-06,2026-05-06T20:00,,,24,9,particles_pm2_5,8.0,official_unit_by_magnitude,V
datos_madrid,air_quality_accumulated,2026-05-06,2026-05-06T21:00,,,24,9,particles_pm2_5,4.0,official_unit_by_magnitude,V
datos_madrid,air_quality_accumulated,2026-05-06,2026-05-06T22:00,,,24,9,particles_pm2_5,4.0,official_unit_by_magnitude,V
datos_madrid,air_quality_accumulated,2026-05-06,2026-05-06T23:00,,,24,9,particles_pm2_5,7.0,official_unit_by_magnitude,V
datos_madrid,air_quality_accumulated,2026-05-06,2026-05-06T00:00,,,27,12,nitrogen_oxides,0.0,official_unit_by_magnitude,N
datos_madrid,air_quality_accumulated,2026-05-06,2026-05-06T01:00,,,27,12,nitrogen_oxides,10.0,official_unit_by_magnitude,V
datos_madrid,air_quality_accumulated,2026-05-06,2026-05-06T02:00,,,27,12,nitrogen_oxides,10.0,official_unit_by_magnitude,V
datos_madrid,air_quality_accumulated,2026-05-06,2026-05-06T03:00,,,27,12,nitrogen_oxides,9.0,official_unit_by_magnitude,V
datos_madrid,air_quality_accumulated,2026-05-06,2026-05-06T04:00,,,27,12,nitrogen_oxides,15.0,official_unit_by_magnitude,V
datos_madrid,air_quality_accumulated,2026-05-06,2026-05-06T05:00,,,27,12,nitrogen_oxides,27.0,official_unit_by_magnitude,V
datos_madrid,air_quality_accumulated,2026-05-06,2026-05-06T06:00,,,27,12,nitrogen_oxides,0.0,official_unit_by_magnitude,N
datos_madrid,air_quality_accumulated,2026-05-06,2026-05-06T07:00,,,27,12,nitrogen_oxides,0.0,official_unit_by_magnitude,N
datos_madrid,air_quality_accumulated,2026-05-06,2026-05-06T08:00,,,27,12,nitrogen_oxides,0.0,official_unit_by_magnitude,N
datos_madrid,air_quality_accumulated,2026-05-06,2026-05-06T09:00,,,27,12,nitrogen_oxides,47.0,official_unit_by_magnitude,V
datos_madrid,air_quality_accumulated,2026-05-06,2026-05-06T10:00,,,27,12,nitrogen_oxides,21.0,official_unit_by_magnitude,V
datos_madrid,air_quality_accumulated,2026-05-06,2026-05-06T11:00,,,27,12,nitrogen_oxides,9.0,official_unit_by_magnitude,V
datos_madrid,air_quality_accumulated,2026-05-06,2026-05-06T12:00,,,27,12,nitrogen_oxides,9.0,official_unit_by_magnitude,V
datos_madrid,air_quality_accumulated,2026-05-06,2026-05-06T13:00,,,27,12,nitrogen_oxides,17.0,official_unit_by_magnitude,V
datos_madrid,air_quality_accumulated,2026-05-06,2026-05-06T14:00,,,27,12,nitrogen_oxides,11.0,official_unit_by_magnitude,V
datos_madrid,air_quality_accumulated,2026-05-06,2026-05-06T15:00,,,27,12,nitrogen_oxides,10.0,official_unit_by_magnitude,V
datos_madrid,air_quality_accumulated,2026-05-06,2026-05-06T16:00,,,27,12,nitrogen_oxides,16.0,official_unit_by_magnitude,V
datos_madrid,air_quality_accumulated,2026-05-06,2026-05-06T17:00,,,27,12,nitrogen_oxides,19.0,official_unit_by_magnitude,V
datos_madrid,air_quality_accumulated,2026-05-06,2026-05-06T18:00,,,27,12,nitrogen_oxides,11.0,official_unit_by_magnitude,V
datos_madrid,air_quality_accumulated,2026-05-06,2026-05-06T19:00,,,27,12,nitrogen_oxides,13.0,official_unit_by_magnitude,V
datos_madrid,air_quality_accumulated,2026-05-06,2026-05-06T20:00,,,27,12,nitrogen_oxides,14.0,official_unit_by_magnitude,V
datos_madrid,air_quality_accumulated,2026-05-06,2026-05-06T21:00,,,27,12,nitrogen_oxides,32.0,official_unit_by_magnitude,V
datos_madrid,air_quality_accumulated,2026-05-06,2026-05-06T22:00,,,27,12,nitrogen_oxides,45.0,official_unit_by_magnitude,V
datos_madrid,air_quality_accumulated,2026-05-06,2026-05-06T23:00,,,27,12,nitrogen_oxides,59.0,official_unit_by_magnitude,V
datos_madrid,air_quality_accumulated,2026-05-06,2026-05-06T00:00,,,27,14,ozone,19.0,official_unit_by_magnitude,V
datos_madrid,air_quality_accumulated,2026-05-06,2026-05-06T01:00,,,27,14,ozone,70.0,official_unit_by_magnitude,V
datos_madrid,air_quality_accumulated,2026-05-06,2026-05-06T02:00,,,27,14,ozone,66.0,official_unit_by_magnitude,V
datos_madrid,air_quality_accumulated,2026-05-06,2026-05-06T03:00,,,27,14,ozone,66.0,official_unit_by_magnitude,V
datos_madrid,air_quality_accumulated,2026-05-06,2026-05-06T04:00,,,27,14,ozone,58.0,official_unit_by_magnitude,V
datos_madrid,air_quality_accumulated,2026-05-06,2026-05-06T05:00,,,27,14,ozone,42.0,official_unit_by_magnitude,V
datos_madrid,air_quality_accumulated,2026-05-06,2026-05-06T06:00,,,27,14,ozone,15.0,official_unit_by_magnitude,V
datos_madrid,air_quality_accumulated,2026-05-06,2026-05-06T07:00,,,27,14,ozone,6.0,official_unit_by_magnitude,V
datos_madrid,air_quality_accumulated,2026-05-06,2026-05-06T08:00,,,27,14,ozone,17.0,official_unit_by_magnitude,V
datos_madrid,air_quality_accumulated,2026-05-06,2026-05-06T09:00,,,27,14,ozone,42.0,official_unit_by_magnitude,V
datos_madrid,air_quality_accumulated,2026-05-06,2026-05-06T10:00,,,27,14,ozone,66.0,official_unit_by_magnitude,V
datos_madrid,air_quality_accumulated,2026-05-06,2026-05-06T11:00,,,27,14,ozone,85.0,official_unit_by_magnitude,V
datos_madrid,air_quality_accumulated,2026-05-06,2026-05-06T12:00,,,27,14,ozone,94.0,official_unit_by_magnitude,V
datos_madrid,air_quality_accumulated,2026-05-06,2026-05-06T13:00,,,27,14,ozone,95.0,official_unit_by_magnitude,V
datos_madrid,air_quality_accumulated,2026-05-06,2026-05-06T14:00,,,27,14,ozone,103.0,official_unit_by_magnitude,V
datos_madrid,air_quality_accumulated,2026-05-06,2026-05-06T15:00,,,27,14,ozone,109.0,official_unit_by_magnitude,V
datos_madrid,air_quality_accumulated,2026-05-06,2026-05-06T16:00,,,27,14,ozone,110.0,official_unit_by_magnitude,V
datos_madrid,air_quality_accumulated,2026-05-06,2026-05-06T17:00,,,27,14,ozone,110.0,official_unit_by_magnitude,V
datos_madrid,air_quality_accumulated,2026-05-06,2026-05-06T18:00,,,27,14,ozone,116.0,official_unit_by_magnitude,V
datos_madrid,air_quality_accumulated,2026-05-06,2026-05-06T19:00,,,27,14,ozone,115.0,official_unit_by_magnitude,V
datos_madrid,air_quality_accumulated,2026-05-06,2026-05-06T20:00,,,27,14,ozone,114.0,official_unit_by_magnitude,V
datos_madrid,air_quality_accumulated,2026-05-06,2026-05-06T21:00,,,27,14,ozone,89.0,official_unit_by_magnitude,V
datos_madrid,air_quality_accumulated,2026-05-06,2026-05-06T22:00,,,27,14,ozone,74.0,official_unit_by_magnitude,V
datos_madrid,air_quality_accumulated,2026-05-06,2026-05-06T23:00,,,27,14,ozone,44.0,official_unit_by_magnitude,V
datos_madrid,air_quality_accumulated,2026-05-06,2026-05-06T00:00,,,27,7,nitrogen_monoxide,0.0,official_unit_by_magnitude,N
datos_madrid,air_quality_accumulated,2026-05-06,2026-05-06T01:00,,,27,7,nitrogen_monoxide,0.0,official_unit_by_magnitude,V
datos_madrid,air_quality_accumulated,2026-05-06,2026-05-06T02:00,,,27,7,nitrogen_monoxide,0.0,official_unit_by_magnitude,V
datos_madrid,air_quality_accumulated,2026-05-06,2026-05-06T03:00,,,27,7,nitrogen_monoxide,0.0,official_unit_by_magnitude,V
datos_madrid,air_quality_accumulated,2026-05-06,2026-05-06T04:00,,,27,7,nitrogen_monoxide,0.0,official_unit_by_magnitude,V
datos_madrid,air_quality_accumulated,2026-05-06,2026-05-06T05:00,,,27,7,nitrogen_monoxide,0.0,official_unit_by_magnitude,V
datos_madrid,air_quality_accumulated,2026-05-06,2026-05-06T06:00,,,27,7,nitrogen_monoxide,0.0,official_unit_by_magnitude,N
datos_madrid,air_quality_accumulated,2026-05-06,2026-05-06T07:00,,,27,7,nitrogen_monoxide,0.0,official_unit_by_magnitude,N
datos_madrid,air_quality_accumulated,2026-05-06,2026-05-06T08:00,,,27,7,nitrogen_monoxide,0.0,official_unit_by_magnitude,N
datos_madrid,air_quality_accumulated,2026-05-06,2026-05-06T09:00,,,27,7,nitrogen_monoxide,11.0,official_unit_by_magnitude,V
datos_madrid,air_quality_accumulated,2026-05-06,2026-05-06T10:00,,,27,7,nitrogen_monoxide,4.0,official_unit_by_magnitude,V
datos_madrid,air_quality_accumulated,2026-05-06,2026-05-06T11:00,,,27,7,nitrogen_monoxide,1.0,official_unit_by_magnitude,V
datos_madrid,air_quality_accumulated,2026-05-06,2026-05-06T12:00,,,27,7,nitrogen_monoxide,1.0,official_unit_by_magnitude,V
datos_madrid,air_quality_accumulated,2026-05-06,2026-05-06T13:00,,,27,7,nitrogen_monoxide,3.0,official_unit_by_magnitude,V
datos_madrid,air_quality_accumulated,2026-05-06,2026-05-06T14:00,,,27,7,nitrogen_monoxide,1.0,official_unit_by_magnitude,V
datos_madrid,air_quality_accumulated,2026-05-06,2026-05-06T15:00,,,27,7,nitrogen_monoxide,1.0,official_unit_by_magnitude,V
datos_madrid,air_quality_accumulated,2026-05-06,2026-05-06T16:00,,,27,7,nitrogen_monoxide,2.0,official_unit_by_magnitude,V
datos_madrid,air_quality_accumulated,2026-05-06,2026-05-06T17:00,,,27,7,nitrogen_monoxide,2.0,official_unit_by_magnitude,V
datos_madrid,air_quality_accumulated,2026-05-06,2026-05-06T18:00,,,27,7,nitrogen_monoxide,1.0,official_unit_by_magnitude,V
datos_madrid,air_quality_accumulated,2026-05-06,2026-05-06T19:00,,,27,7,nitrogen_monoxide,1.0,official_unit_by_magnitude,V
datos_madrid,air_quality_accumulated,2026-05-06,2026-05-06T20:00,,,27,7,nitrogen_monoxide,1.0,official_unit_by_magnitude,V
datos_madrid,air_quality_accumulated,2026-05-06,2026-05-06T21:00,,,27,7,nitrogen_monoxide,0.0,official_unit_by_magnitude,V
datos_madrid,air_quality_accumulated,2026-05-06,2026-05-06T22:00,,,27,7,nitrogen_monoxide,0.0,official_unit_by_magnitude,V
datos_madrid,air_quality_accumulated,2026-05-06,2026-05-06T23:00,,,27,7,nitrogen_monoxide,3.0,official_unit_by_magnitude,V
datos_madrid,air_quality_accumulated,2026-05-06,2026-05-06T00:00,,,27,8,nitrogen_dioxide,0.0,official_unit_by_magnitude,N
datos_madrid,air_quality_accumulated,2026-05-06,2026-05-06T01:00,,,27,8,nitrogen_dioxide,10.0,official_unit_by_magnitude,V
datos_madrid,air_quality_accumulated,2026-05-06,2026-05-06T02:00,,,27,8,nitrogen_dioxide,10.0,official_unit_by_magnitude,V
datos_madrid,air_quality_accumulated,2026-05-06,2026-05-06T03:00,,,27,8,nitrogen_dioxide,9.0,official_unit_by_magnitude,V
datos_madrid,air_quality_accumulated,2026-05-06,2026-05-06T04:00,,,27,8,nitrogen_dioxide,15.0,official_unit_by_magnitude,V
datos_madrid,air_quality_accumulated,2026-05-06,2026-05-06T05:00,,,27,8,nitrogen_dioxide,26.0,official_unit_by_magnitude,V
datos_madrid,air_quality_accumulated,2026-05-06,2026-05-06T06:00,,,27,8,nitrogen_dioxide,0.0,official_unit_by_magnitude,N
datos_madrid,air_quality_accumulated,2026-05-06,2026-05-06T07:00,,,27,8,nitrogen_dioxide,0.0,official_unit_by_magnitude,N
datos_madrid,air_quality_accumulated,2026-05-06,2026-05-06T08:00,,,27,8,nitrogen_dioxide,0.0,official_unit_by_magnitude,N
datos_madrid,air_quality_accumulated,2026-05-06,2026-05-06T09:00,,,27,8,nitrogen_dioxide,30.0,official_unit_by_magnitude,V
datos_madrid,air_quality_accumulated,2026-05-06,2026-05-06T10:00,,,27,8,nitrogen_dioxide,15.0,official_unit_by_magnitude,V
datos_madrid,air_quality_accumulated,2026-05-06,2026-05-06T11:00,,,27,8,nitrogen_dioxide,7.0,official_unit_by_magnitude,V
datos_madrid,air_quality_accumulated,2026-05-06,2026-05-06T12:00,,,27,8,nitrogen_dioxide,7.0,official_unit_by_magnitude,V
datos_madrid,air_quality_accumulated,2026-05-06,2026-05-06T13:00,,,27,8,nitrogen_dioxide,13.0,official_unit_by_magnitude,V
datos_madrid,air_quality_accumulated,2026-05-06,2026-05-06T14:00,,,27,8,nitrogen_dioxide,9.0,official_unit_by_magnitude,V
datos_madrid,air_quality_accumulated,2026-05-06,2026-05-06T15:00,,,27,8,nitrogen_dioxide,8.0,official_unit_by_magnitude,V
datos_madrid,air_quality_accumulated,2026-05-06,2026-05-06T16:00,,,27,8,nitrogen_dioxide,12.0,official_unit_by_magnitude,V
datos_madrid,air_quality_accumulated,2026-05-06,2026-05-06T17:00,,,27,8,nitrogen_dioxide,15.0,official_unit_by_magnitude,V
datos_madrid,air_quality_accumulated,2026-05-06,2026-05-06T18:00,,,27,8,nitrogen_dioxide,10.0,official_unit_by_magnitude,V
datos_madrid,air_quality_accumulated,2026-05-06,2026-05-06T19:00,,,27,8,nitrogen_dioxide,11.0,official_unit_by_magnitude,V
datos_madrid,air_quality_accumulated,2026-05-06,2026-05-06T20:00,,,27,8,nitrogen_dioxide,13.0,official_unit_by_magnitude,V
datos_madrid,air_quality_accumulated,2026-05-06,2026-05-06T21:00,,,27,8,nitrogen_dioxide,31.0,official_unit_by_magnitude,V
datos_madrid,air_quality_accumulated,2026-05-06,2026-05-06T22:00,,,27,8,nitrogen_dioxide,44.0,official_unit_by_magnitude,V
datos_madrid,air_quality_accumulated,2026-05-06,2026-05-06T23:00,,,27,8,nitrogen_dioxide,55.0,official_unit_by_magnitude,V
datos_madrid,air_quality_accumulated,2026-05-06,2026-05-06T00:00,,,35,1,sulfur_dioxide,4.0,official_unit_by_magnitude,V
datos_madrid,air_quality_accumulated,2026-05-06,2026-05-06T01:00,,,35,1,sulfur_dioxide,4.0,official_unit_by_magnitude,V
datos_madrid,air_quality_accumulated,2026-05-06,2026-05-06T02:00,,,35,1,sulfur_dioxide,4.0,official_unit_by_magnitude,V
datos_madrid,air_quality_accumulated,2026-05-06,2026-05-06T03:00,,,35,1,sulfur_dioxide,3.0,official_unit_by_magnitude,V
datos_madrid,air_quality_accumulated,2026-05-06,2026-05-06T04:00,,,35,1,sulfur_dioxide,4.0,official_unit_by_magnitude,V
datos_madrid,air_quality_accumulated,2026-05-06,2026-05-06T05:00,,,35,1,sulfur_dioxide,4.0,official_unit_by_magnitude,V
datos_madrid,air_quality_accumulated,2026-05-06,2026-05-06T06:00,,,35,1,sulfur_dioxide,4.0,official_unit_by_magnitude,V
datos_madrid,air_quality_accumulated,2026-05-06,2026-05-06T07:00,,,35,1,sulfur_dioxide,3.0,official_unit_by_magnitude,V
datos_madrid,air_quality_accumulated,2026-05-06,2026-05-06T08:00,,,35,1,sulfur_dioxide,4.0,official_unit_by_magnitude,V
datos_madrid,air_quality_accumulated,2026-05-06,2026-05-06T09:00,,,35,1,sulfur_dioxide,4.0,official_unit_by_magnitude,V
datos_madrid,air_quality_accumulated,2026-05-06,2026-05-06T10:00,,,35,1,sulfur_dioxide,4.0,official_unit_by_magnitude,V
datos_madrid,air_quality_accumulated,2026-05-06,2026-05-06T11:00,,,35,1,sulfur_dioxide,4.0,official_unit_by_magnitude,V
datos_madrid,air_quality_accumulated,2026-05-06,2026-05-06T12:00,,,35,1,sulfur_dioxide,4.0,official_unit_by_magnitude,V
datos_madrid,air_quality_accumulated,2026-05-06,2026-05-06T13:00,,,35,1,sulfur_dioxide,4.0,official_unit_by_magnitude,V
datos_madrid,air_quality_accumulated,2026-05-06,2026-05-06T14:00,,,35,1,sulfur_dioxide,4.0,official_unit_by_magnitude,V
datos_madrid,air_quality_accumulated,2026-05-06,2026-05-06T15:00,,,35,1,sulfur_dioxide,4.0,official_unit_by_magnitude,V
datos_madrid,air_quality_accumulated,2026-05-06,2026-05-06T16:00,,,35,1,sulfur_dioxide,4.0,official_unit_by_magnitude,V
datos_madrid,air_quality_accumulated,2026-05-06,2026-05-06T17:00,,,35,1,sulfur_dioxide,4.0,official_unit_by_magnitude,V
datos_madrid,air_quality_accumulated,2026-05-06,2026-05-06T18:00,,,35,1,sulfur_dioxide,4.0,official_unit_by_magnitude,V
datos_madrid,air_quality_accumulated,2026-05-06,2026-05-06T19:00,,,35,1,sulfur_dioxide,4.0,official_unit_by_magnitude,V
datos_madrid,air_quality_accumulated,2026-05-06,2026-05-06T20:00,,,35,1,sulfur_dioxide,4.0,official_unit_by_magnitude,V
datos_madrid,air_quality_accumulated,2026-05-06,2026-05-06T21:00,,,35,1,sulfur_dioxide,4.0,official_unit_by_magnitude,V
datos_madrid,air_quality_accumulated,2026-05-06,2026-05-06T22:00,,,35,1,sulfur_dioxide,4.0,official_unit_by_magnitude,V
datos_madrid,air_quality_accumulated,2026-05-06,2026-05-06T23:00,,,35,1,sulfur_dioxide,5.0,official_unit_by_magnitude,V
datos_madrid,air_quality_accumulated,2026-05-06,2026-05-06T00:00,,,35,12,nitrogen_oxides,14.0,official_unit_by_magnitude,V
datos_madrid,air_quality_accumulated,2026-05-06,2026-05-06T01:00,,,35,12,nitrogen_oxides,12.0,official_unit_by_magnitude,V
datos_madrid,air_quality_accumulated,2026-05-06,2026-05-06T02:00,,,35,12,nitrogen_oxides,9.0,official_unit_by_magnitude,V
datos_madrid,air_quality_accumulated,2026-05-06,2026-05-06T03:00,,,35,12,nitrogen_oxides,10.0,official_unit_by_magnitude,V
datos_madrid,air_quality_accumulated,2026-05-06,2026-05-06T04:00,,,35,12,nitrogen_oxides,10.0,official_unit_by_magnitude,V
datos_madrid,air_quality_accumulated,2026-05-06,2026-05-06T05:00,,,35,12,nitrogen_oxides,15.0,official_unit_by_magnitude,V
datos_madrid,air_quality_accumulated,2026-05-06,2026-05-06T06:00,,,35,12,nitrogen_oxides,17.0,official_unit_by_magnitude,V
datos_madrid,air_quality_accumulated,2026-05-06,2026-05-06T07:00,,,35,12,nitrogen_oxides,30.0,official_unit_by_magnitude,V
datos_madrid,air_quality_accumulated,2026-05-06,2026-05-06T08:00,,,35,12,nitrogen_oxides,40.0,official_unit_by_magnitude,V
datos_madrid,air_quality_accumulated,2026-05-06,2026-05-06T09:00,,,35,12,nitrogen_oxides,37.0,official_unit_by_magnitude,V
datos_madrid,air_quality_accumulated,2026-05-06,2026-05-06T10:00,,,35,12,nitrogen_oxides,26.0,official_unit_by_magnitude,V
datos_madrid,air_quality_accumulated,2026-05-06,2026-05-06T11:00,,,35,12,nitrogen_oxides,27.0,official_unit_by_magnitude,V
datos_madrid,air_quality_accumulated,2026-05-06,2026-05-06T12:00,,,35,12,nitrogen_oxides,15.0,official_unit_by_magnitude,V
datos_madrid,air_quality_accumulated,2026-05-06,2026-05-06T13:00,,,35,12,nitrogen_oxides,16.0,official_unit_by_magnitude,V
datos_madrid,air_quality_accumulated,2026-05-06,2026-05-06T14:00,,,35,12,nitrogen_oxides,16.0,official_unit_by_magnitude,V
datos_madrid,air_quality_accumulated,2026-05-06,2026-05-06T15:00,,,35,12,nitrogen_oxides,17.0,official_unit_by_magnitude,V
datos_madrid,air_quality_accumulated,2026-05-06,2026-05-06T16:00,,,35,12,nitrogen_oxides,23.0,official_unit_by_magnitude,V
datos_madrid,air_quality_accumulated,2026-05-06,2026-05-06T17:00,,,35,12,nitrogen_oxides,18.0,official_unit_by_magnitude,V
datos_madrid,air_quality_accumulated,2026-05-06,2026-05-06T18:00,,,35,12,nitrogen_oxides,25.0,official_unit_by_magnitude,V
datos_madrid,air_quality_accumulated,2026-05-06,2026-05-06T19:00,,,35,12,nitrogen_oxides,25.0,official_unit_by_magnitude,V
datos_madrid,air_quality_accumulated,2026-05-06,2026-05-06T20:00,,,35,12,nitrogen_oxides,22.0,official_unit_by_magnitude,V
datos_madrid,air_quality_accumulated,2026-05-06,2026-05-06T21:00,,,35,12,nitrogen_oxides,17.0,official_unit_by_magnitude,V
datos_madrid,air_quality_accumulated,2026-05-06,2026-05-06T22:00,,,35,12,nitrogen_oxides,33.0,official_unit_by_magnitude,V
datos_madrid,air_quality_accumulated,2026-05-06,2026-05-06T23:00,,,35,12,nitrogen_oxides,52.0,official_unit_by_magnitude,V
datos_madrid,air_quality_accumulated,2026-05-06,2026-05-06T00:00,,,35,14,ozone,76.0,official_unit_by_magnitude,V
datos_madrid,air_quality_accumulated,2026-05-06,2026-05-06T01:00,,,35,14,ozone,76.0,official_unit_by_magnitude,V
datos_madrid,air_quality_accumulated,2026-05-06,2026-05-06T02:00,,,35,14,ozone,81.0,official_unit_by_magnitude,V
datos_madrid,air_quality_accumulated,2026-05-06,2026-05-06T03:00,,,35,14,ozone,78.0,official_unit_by_magnitude,V
datos_madrid,air_quality_accumulated,2026-05-06,2026-05-06T04:00,,,35,14,ozone,75.0,official_unit_by_magnitude,V
datos_madrid,air_quality_accumulated,2026-05-06,2026-05-06T05:00,,,35,14,ozone,63.0,official_unit_by_magnitude,V
datos_madrid,air_quality_accumulated,2026-05-06,2026-05-06T06:00,,,35,14,ozone,64.0,official_unit_by_magnitude,V
datos_madrid,air_quality_accumulated,2026-05-06,2026-05-06T07:00,,,35,14,ozone,55.0,official_unit_by_magnitude,V
datos_madrid,air_quality_accumulated,2026-05-06,2026-05-06T08:00,,,35,14,ozone,55.0,official_unit_by_magnitude,V
datos_madrid,air_quality_accumulated,2026-05-06,2026-05-06T09:00,,,35,14,ozone,60.0,official_unit_by_magnitude,V
datos_madrid,air_quality_accumulated,2026-05-06,2026-05-06T10:00,,,35,14,ozone,73.0,official_unit_by_magnitude,V
datos_madrid,air_quality_accumulated,2026-05-06,2026-05-06T11:00,,,35,14,ozone,79.0,official_unit_by_magnitude,V
datos_madrid,air_quality_accumulated,2026-05-06,2026-05-06T12:00,,,35,14,ozone,94.0,official_unit_by_magnitude,V
datos_madrid,air_quality_accumulated,2026-05-06,2026-05-06T13:00,,,35,14,ozone,98.0,official_unit_by_magnitude,V
datos_madrid,air_quality_accumulated,2026-05-06,2026-05-06T14:00,,,35,14,ozone,103.0,official_unit_by_magnitude,V
datos_madrid,air_quality_accumulated,2026-05-06,2026-05-06T15:00,,,35,14,ozone,106.0,official_unit_by_magnitude,V
datos_madrid,air_quality_accumulated,2026-05-06,2026-05-06T16:00,,,35,14,ozone,109.0,official_unit_by_magnitude,V
datos_madrid,air_quality_accumulated,2026-05-06,2026-05-06T17:00,,,35,14,ozone,114.0,official_unit_by_magnitude,V
datos_madrid,air_quality_accumulated,2026-05-06,2026-05-06T18:00,,,35,14,ozone,113.0,official_unit_by_magnitude,V
datos_madrid,air_quality_accumulated,2026-05-06,2026-05-06T19:00,,,35,14,ozone,116.0,official_unit_by_magnitude,V
datos_madrid,air_quality_accumulated,2026-05-06,2026-05-06T20:00,,,35,14,ozone,115.0,official_unit_by_magnitude,V
datos_madrid,air_quality_accumulated,2026-05-06,2026-05-06T21:00,,,35,14,ozone,114.0,official_unit_by_magnitude,V
datos_madrid,air_quality_accumulated,2026-05-06,2026-05-06T22:00,,,35,14,ozone,92.0,official_unit_by_magnitude,V
datos_madrid,air_quality_accumulated,2026-05-06,2026-05-06T23:00,,,35,14,ozone,64.0,official_unit_by_magnitude,V
datos_madrid,air_quality_accumulated,2026-05-06,2026-05-06T00:00,,,35,6,carbon_monoxide,0.3,official_unit_by_magnitude,V
datos_madrid,air_quality_accumulated,2026-05-06,2026-05-06T01:00,,,35,6,carbon_monoxide,0.3,official_unit_by_magnitude,V
datos_madrid,air_quality_accumulated,2026-05-06,2026-05-06T02:00,,,35,6,carbon_monoxide,0.3,official_unit_by_magnitude,V
datos_madrid,air_quality_accumulated,2026-05-06,2026-05-06T03:00,,,35,6,carbon_monoxide,0.3,official_unit_by_magnitude,V
datos_madrid,air_quality_accumulated,2026-05-06,2026-05-06T04:00,,,35,6,carbon_monoxide,0.3,official_unit_by_magnitude,V
datos_madrid,air_quality_accumulated,2026-05-06,2026-05-06T05:00,,,35,6,carbon_monoxide,0.3,official_unit_by_magnitude,V
datos_madrid,air_quality_accumulated,2026-05-06,2026-05-06T06:00,,,35,6,carbon_monoxide,0.3,official_unit_by_magnitude,V
datos_madrid,air_quality_accumulated,2026-05-06,2026-05-06T07:00,,,35,6,carbon_monoxide,0.3,official_unit_by_magnitude,V
datos_madrid,air_quality_accumulated,2026-05-06,2026-05-06T08:00,,,35,6,carbon_monoxide,0.3,official_unit_by_magnitude,V
datos_madrid,air_quality_accumulated,2026-05-06,2026-05-06T09:00,,,35,6,carbon_monoxide,0.3,official_unit_by_magnitude,V
datos_madrid,air_quality_accumulated,2026-05-06,2026-05-06T10:00,,,35,6,carbon_monoxide,0.3,official_unit_by_magnitude,V
datos_madrid,air_quality_accumulated,2026-05-06,2026-05-06T11:00,,,35,6,carbon_monoxide,0.4,official_unit_by_magnitude,V
datos_madrid,air_quality_accumulated,2026-05-06,2026-05-06T12:00,,,35,6,carbon_monoxide,0.3,official_unit_by_magnitude,V
datos_madrid,air_quality_accumulated,2026-05-06,2026-05-06T13:00,,,35,6,carbon_monoxide,0.3,official_unit_by_magnitude,V
datos_madrid,air_quality_accumulated,2026-05-06,2026-05-06T14:00,,,35,6,carbon_monoxide,0.3,official_unit_by_magnitude,V
datos_madrid,air_quality_accumulated,2026-05-06,2026-05-06T15:00,,,35,6,carbon_monoxide,0.3,official_unit_by_magnitude,V
datos_madrid,air_quality_accumulated,2026-05-06,2026-05-06T16:00,,,35,6,carbon_monoxide,0.3,official_unit_by_magnitude,V
datos_madrid,air_quality_accumulated,2026-05-06,2026-05-06T17:00,,,35,6,carbon_monoxide,0.3,official_unit_by_magnitude,V
datos_madrid,air_quality_accumulated,2026-05-06,2026-05-06T18:00,,,35,6,carbon_monoxide,0.3,official_unit_by_magnitude,V
datos_madrid,air_quality_accumulated,2026-05-06,2026-05-06T19:00,,,35,6,carbon_monoxide,0.3,official_unit_by_magnitude,V
datos_madrid,air_quality_accumulated,2026-05-06,2026-05-06T20:00,,,35,6,carbon_monoxide,0.3,official_unit_by_magnitude,V
datos_madrid,air_quality_accumulated,2026-05-06,2026-05-06T21:00,,,35,6,carbon_monoxide,0.4,official_unit_by_magnitude,V
datos_madrid,air_quality_accumulated,2026-05-06,2026-05-06T22:00,,,35,6,carbon_monoxide,0.5,official_unit_by_magnitude,V
datos_madrid,air_quality_accumulated,2026-05-06,2026-05-06T23:00,,,35,6,carbon_monoxide,0.5,official_unit_by_magnitude,V
datos_madrid,air_quality_accumulated,2026-05-06,2026-05-06T00:00,,,35,7,nitrogen_monoxide,1.0,official_unit_by_magnitude,V
datos_madrid,air_quality_accumulated,2026-05-06,2026-05-06T01:00,,,35,7,nitrogen_monoxide,0.0,official_unit_by_magnitude,V
datos_madrid,air_quality_accumulated,2026-05-06,2026-05-06T02:00,,,35,7,nitrogen_monoxide,0.0,official_unit_by_magnitude,V
datos_madrid,air_quality_accumulated,2026-05-06,2026-05-06T03:00,,,35,7,nitrogen_monoxide,1.0,official_unit_by_magnitude,V
datos_madrid,air_quality_accumulated,2026-05-06,2026-05-06T04:00,,,35,7,nitrogen_monoxide,0.0,official_unit_by_magnitude,V
datos_madrid,air_quality_accumulated,2026-05-06,2026-05-06T05:00,,,35,7,nitrogen_monoxide,0.0,official_unit_by_magnitude,V
datos_madrid,air_quality_accumulated,2026-05-06,2026-05-06T06:00,,,35,7,nitrogen_monoxide,0.0,official_unit_by_magnitude,V
datos_madrid,air_quality_accumulated,2026-05-06,2026-05-06T07:00,,,35,7,nitrogen_monoxide,3.0,official_unit_by_magnitude,V
datos_madrid,air_quality_accumulated,2026-05-06,2026-05-06T08:00,,,35,7,nitrogen_monoxide,7.0,official_unit_by_magnitude,V
datos_madrid,air_quality_accumulated,2026-05-06,2026-05-06T09:00,,,35,7,nitrogen_monoxide,6.0,official_unit_by_magnitude,V
datos_madrid,air_quality_accumulated,2026-05-06,2026-05-06T10:00,,,35,7,nitrogen_monoxide,4.0,official_unit_by_magnitude,V
datos_madrid,air_quality_accumulated,2026-05-06,2026-05-06T11:00,,,35,7,nitrogen_monoxide,6.0,official_unit_by_magnitude,V
datos_madrid,air_quality_accumulated,2026-05-06,2026-05-06T12:00,,,35,7,nitrogen_monoxide,2.0,official_unit_by_magnitude,V
datos_madrid,air_quality_accumulated,2026-05-06,2026-05-06T13:00,,,35,7,nitrogen_monoxide,3.0,official_unit_by_magnitude,V
datos_madrid,air_quality_accumulated,2026-05-06,2026-05-06T14:00,,,35,7,nitrogen_monoxide,1.0,official_unit_by_magnitude,V
datos_madrid,air_quality_accumulated,2026-05-06,2026-05-06T15:00,,,35,7,nitrogen_monoxide,1.0,official_unit_by_magnitude,V
datos_madrid,air_quality_accumulated,2026-05-06,2026-05-06T16:00,,,35,7,nitrogen_monoxide,4.0,official_unit_by_magnitude,V
datos_madrid,air_quality_accumulated,2026-05-06,2026-05-06T17:00,,,35,7,nitrogen_monoxide,1.0,official_unit_by_magnitude,V
datos_madrid,air_quality_accumulated,2026-05-06,2026-05-06T18:00,,,35,7,nitrogen_monoxide,3.0,official_unit_by_magnitude,V
datos_madrid,air_quality_accumulated,2026-05-06,2026-05-06T19:00,,,35,7,nitrogen_monoxide,4.0,official_unit_by_magnitude,V
datos_madrid,air_quality_accumulated,2026-05-06,2026-05-06T20:00,,,35,7,nitrogen_monoxide,2.0,official_unit_by_magnitude,V
datos_madrid,air_quality_accumulated,2026-05-06,2026-05-06T21:00,,,35,7,nitrogen_monoxide,0.0,official_unit_by_magnitude,V
datos_madrid,air_quality_accumulated,2026-05-06,2026-05-06T22:00,,,35,7,nitrogen_monoxide,1.0,official_unit_by_magnitude,V
datos_madrid,air_quality_accumulated,2026-05-06,2026-05-06T23:00,,,35,7,nitrogen_monoxide,1.0,official_unit_by_magnitude,V
datos_madrid,air_quality_accumulated,2026-05-06,2026-05-06T00:00,,,35,8,nitrogen_dioxide,13.0,official_unit_by_magnitude,V
datos_madrid,air_quality_accumulated,2026-05-06,2026-05-06T01:00,,,35,8,nitrogen_dioxide,12.0,official_unit_by_magnitude,V
datos_madrid,air_quality_accumulated,2026-05-06,2026-05-06T02:00,,,35,8,nitrogen_dioxide,9.0,official_unit_by_magnitude,V
datos_madrid,air_quality_accumulated,2026-05-06,2026-05-06T03:00,,,35,8,nitrogen_dioxide,10.0,official_unit_by_magnitude,V
datos_madrid,air_quality_accumulated,2026-05-06,2026-05-06T04:00,,,35,8,nitrogen_dioxide,10.0,official_unit_by_magnitude,V
datos_madrid,air_quality_accumulated,2026-05-06,2026-05-06T05:00,,,35,8,nitrogen_dioxide,15.0,official_unit_by_magnitude,V
datos_madrid,air_quality_accumulated,2026-05-06,2026-05-06T06:00,,,35,8,nitrogen_dioxide,16.0,official_unit_by_magnitude,V
datos_madrid,air_quality_accumulated,2026-05-06,2026-05-06T07:00,,,35,8,nitrogen_dioxide,26.0,official_unit_by_magnitude,V
datos_madrid,air_quality_accumulated,2026-05-06,2026-05-06T08:00,,,35,8,nitrogen_dioxide,30.0,official_unit_by_magnitude,V
datos_madrid,air_quality_accumulated,2026-05-06,2026-05-06T09:00,,,35,8,nitrogen_dioxide,27.0,official_unit_by_magnitude,V
datos_madrid,air_quality_accumulated,2026-05-06,2026-05-06T10:00,,,35,8,nitrogen_dioxide,20.0,official_unit_by_magnitude,V
datos_madrid,air_quality_accumulated,2026-05-06,2026-05-06T11:00,,,35,8,nitrogen_dioxide,18.0,official_unit_by_magnitude,V
datos_madrid,air_quality_accumulated,2026-05-06,2026-05-06T12:00,,,35,8,nitrogen_dioxide,11.0,official_unit_by_magnitude,V
datos_madrid,air_quality_accumulated,2026-05-06,2026-05-06T13:00,,,35,8,nitrogen_dioxide,13.0,official_unit_by_magnitude,V
datos_madrid,air_quality_accumulated,2026-05-06,2026-05-06T14:00,,,35,8,nitrogen_dioxide,14.0,official_unit_by_magnitude,V
datos_madrid,air_quality_accumulated,2026-05-06,2026-05-06T15:00,,,35,8,nitrogen_dioxide,15.0,official_unit_by_magnitude,V
datos_madrid,air_quality_accumulated,2026-05-06,2026-05-06T16:00,,,35,8,nitrogen_dioxide,18.0,official_unit_by_magnitude,V
datos_madrid,air_quality_accumulated,2026-05-06,2026-05-06T17:00,,,35,8,nitrogen_dioxide,16.0,official_unit_by_magnitude,V
datos_madrid,air_quality_accumulated,2026-05-06,2026-05-06T18:00,,,35,8,nitrogen_dioxide,20.0,official_unit_by_magnitude,V
datos_madrid,air_quality_accumulated,2026-05-06,2026-05-06T19:00,,,35,8,nitrogen_dioxide,20.0,official_unit_by_magnitude,V
datos_madrid,air_quality_accumulated,2026-05-06,2026-05-06T20:00,,,35,8,nitrogen_dioxide,19.0,official_unit_by_magnitude,V
datos_madrid,air_quality_accumulated,2026-05-06,2026-05-06T21:00,,,35,8,nitrogen_dioxide,17.0,official_unit_by_magnitude,V
datos_madrid,air_quality_accumulated,2026-05-06,2026-05-06T22:00,,,35,8,nitrogen_dioxide,32.0,official_unit_by_magnitude,V
datos_madrid,air_quality_accumulated,2026-05-06,2026-05-06T23:00,,,35,8,nitrogen_dioxide,51.0,official_unit_by_magnitude,V
datos_madrid,air_quality_accumulated,2026-05-06,2026-05-06T00:00,,,36,1,sulfur_dioxide,2.0,official_unit_by_magnitude,V
datos_madrid,air_quality_accumulated,2026-05-06,2026-05-06T01:00,,,36,1,sulfur_dioxide,2.0,official_unit_by_magnitude,V
datos_madrid,air_quality_accumulated,2026-05-06,2026-05-06T02:00,,,36,1,sulfur_dioxide,2.0,official_unit_by_magnitude,V
datos_madrid,air_quality_accumulated,2026-05-06,2026-05-06T03:00,,,36,1,sulfur_dioxide,2.0,official_unit_by_magnitude,V
datos_madrid,air_quality_accumulated,2026-05-06,2026-05-06T04:00,,,36,1,sulfur_dioxide,3.0,official_unit_by_magnitude,V
datos_madrid,air_quality_accumulated,2026-05-06,2026-05-06T05:00,,,36,1,sulfur_dioxide,3.0,official_unit_by_magnitude,V
datos_madrid,air_quality_accumulated,2026-05-06,2026-05-06T06:00,,,36,1,sulfur_dioxide,3.0,official_unit_by_magnitude,V
datos_madrid,air_quality_accumulated,2026-05-06,2026-05-06T07:00,,,36,1,sulfur_dioxide,3.0,official_unit_by_magnitude,V
datos_madrid,air_quality_accumulated,2026-05-06,2026-05-06T08:00,,,36,1,sulfur_dioxide,3.0,official_unit_by_magnitude,V
datos_madrid,air_quality_accumulated,2026-05-06,2026-05-06T09:00,,,36,1,sulfur_dioxide,3.0,official_unit_by_magnitude,V
datos_madrid,air_quality_accumulated,2026-05-06,2026-05-06T10:00,,,36,1,sulfur_dioxide,3.0,official_unit_by_magnitude,V
datos_madrid,air_quality_accumulated,2026-05-06,2026-05-06T11:00,,,36,1,sulfur_dioxide,0.0,official_unit_by_magnitude,N
datos_madrid,air_quality_accumulated,2026-05-06,2026-05-06T12:00,,,36,1,sulfur_dioxide,0.0,official_unit_by_magnitude,N
datos_madrid,air_quality_accumulated,2026-05-06,2026-05-06T13:00,,,36,1,sulfur_dioxide,0.0,official_unit_by_magnitude,N
datos_madrid,air_quality_accumulated,2026-05-06,2026-05-06T14:00,,,36,1,sulfur_dioxide,3.0,official_unit_by_magnitude,V
datos_madrid,air_quality_accumulated,2026-05-06,2026-05-06T15:00,,,36,1,sulfur_dioxide,2.0,official_unit_by_magnitude,V
datos_madrid,air_quality_accumulated,2026-05-06,2026-05-06T16:00,,,36,1,sulfur_dioxide,2.0,official_unit_by_magnitude,V
datos_madrid,air_quality_accumulated,2026-05-06,2026-05-06T17:00,,,36,1,sulfur_dioxide,2.0,official_unit_by_magnitude,V
datos_madrid,air_quality_accumulated,2026-05-06,2026-05-06T18:00,,,36,1,sulfur_dioxide,2.0,official_unit_by_magnitude,V
datos_madrid,air_quality_accumulated,2026-05-06,2026-05-06T19:00,,,36,1,sulfur_dioxide,3.0,official_unit_by_magnitude,V
datos_madrid,air_quality_accumulated,2026-05-06,2026-05-06T20:00,,,36,1,sulfur_dioxide,2.0,official_unit_by_magnitude,V
datos_madrid,air_quality_accumulated,2026-05-06,2026-05-06T21:00,,,36,1,sulfur_dioxide,2.0,official_unit_by_magnitude,V
datos_madrid,air_quality_accumulated,2026-05-06,2026-05-06T22:00,,,36,1,sulfur_dioxide,2.0,official_unit_by_magnitude,V
datos_madrid,air_quality_accumulated,2026-05-06,2026-05-06T23:00,,,36,1,sulfur_dioxide,2.0,official_unit_by_magnitude,V
datos_madrid,air_quality_accumulated,2026-05-06,2026-05-06T00:00,,,36,10,particles_pm10,4.0,official_unit_by_magnitude,V
datos_madrid,air_quality_accumulated,2026-05-06,2026-05-06T01:00,,,36,10,particles_pm10,4.0,official_unit_by_magnitude,V
datos_madrid,air_quality_accumulated,2026-05-06,2026-05-06T02:00,,,36,10,particles_pm10,3.0,official_unit_by_magnitude,V
datos_madrid,air_quality_accumulated,2026-05-06,2026-05-06T03:00,,,36,10,particles_pm10,4.0,official_unit_by_magnitude,V
datos_madrid,air_quality_accumulated,2026-05-06,2026-05-06T04:00,,,36,10,particles_pm10,5.0,official_unit_by_magnitude,V
datos_madrid,air_quality_accumulated,2026-05-06,2026-05-06T05:00,,,36,10,particles_pm10,5.0,official_unit_by_magnitude,V
datos_madrid,air_quality_accumulated,2026-05-06,2026-05-06T06:00,,,36,10,particles_pm10,8.0,official_unit_by_magnitude,V
datos_madrid,air_quality_accumulated,2026-05-06,2026-05-06T07:00,,,36,10,particles_pm10,8.0,official_unit_by_magnitude,V
datos_madrid,air_quality_accumulated,2026-05-06,2026-05-06T08:00,,,36,10,particles_pm10,9.0,official_unit_by_magnitude,V
datos_madrid,air_quality_accumulated,2026-05-06,2026-05-06T09:00,,,36,10,particles_pm10,13.0,official_unit_by_magnitude,V
datos_madrid,air_quality_accumulated,2026-05-06,2026-05-06T10:00,,,36,10,particles_pm10,24.0,official_unit_by_magnitude,V
datos_madrid,air_quality_accumulated,2026-05-06,2026-05-06T11:00,,,36,10,particles_pm10,0.0,official_unit_by_magnitude,N
datos_madrid,air_quality_accumulated,2026-05-06,2026-05-06T12:00,,,36,10,particles_pm10,0.0,official_unit_by_magnitude,N
datos_madrid,air_quality_accumulated,2026-05-06,2026-05-06T13:00,,,36,10,particles_pm10,0.0,official_unit_by_magnitude,N
datos_madrid,air_quality_accumulated,2026-05-06,2026-05-06T14:00,,,36,10,particles_pm10,10.0,official_unit_by_magnitude,V
datos_madrid,air_quality_accumulated,2026-05-06,2026-05-06T15:00,,,36,10,particles_pm10,8.0,official_unit_by_magnitude,V
datos_madrid,air_quality_accumulated,2026-05-06,2026-05-06T16:00,,,36,10,particles_pm10,12.0,official_unit_by_magnitude,V
datos_madrid,air_quality_accumulated,2026-05-06,2026-05-06T17:00,,,36,10,particles_pm10,10.0,official_unit_by_magnitude,V
datos_madrid,air_quality_accumulated,2026-05-06,2026-05-06T18:00,,,36,10,particles_pm10,9.0,official_unit_by_magnitude,V
datos_madrid,air_quality_accumulated,2026-05-06,2026-05-06T19:00,,,36,10,particles_pm10,11.0,official_unit_by_magnitude,V
datos_madrid,air_quality_accumulated,2026-05-06,2026-05-06T20:00,,,36,10,particles_pm10,13.0,official_unit_by_magnitude,V
datos_madrid,air_quality_accumulated,2026-05-06,2026-05-06T21:00,,,36,10,particles_pm10,12.0,official_unit_by_magnitude,V
datos_madrid,air_quality_accumulated,2026-05-06,2026-05-06T22:00,,,36,10,particles_pm10,14.0,official_unit_by_magnitude,V
datos_madrid,air_quality_accumulated,2026-05-06,2026-05-06T23:00,,,36,10,particles_pm10,12.0,official_unit_by_magnitude,V
datos_madrid,air_quality_accumulated,2026-05-06,2026-05-06T00:00,,,36,12,nitrogen_oxides,11.0,official_unit_by_magnitude,V
datos_madrid,air_quality_accumulated,2026-05-06,2026-05-06T01:00,,,36,12,nitrogen_oxides,20.0,official_unit_by_magnitude,V
datos_madrid,air_quality_accumulated,2026-05-06,2026-05-06T02:00,,,36,12,nitrogen_oxides,9.0,official_unit_by_magnitude,V
datos_madrid,air_quality_accumulated,2026-05-06,2026-05-06T03:00,,,36,12,nitrogen_oxides,8.0,official_unit_by_magnitude,V
datos_madrid,air_quality_accumulated,2026-05-06,2026-05-06T04:00,,,36,12,nitrogen_oxides,12.0,official_unit_by_magnitude,V
datos_madrid,air_quality_accumulated,2026-05-06,2026-05-06T05:00,,,36,12,nitrogen_oxides,9.0,official_unit_by_magnitude,V
datos_madrid,air_quality_accumulated,2026-05-06,2026-05-06T06:00,,,36,12,nitrogen_oxides,19.0,official_unit_by_magnitude,V
datos_madrid,air_quality_accumulated,2026-05-06,2026-05-06T07:00,,,36,12,nitrogen_oxides,41.0,official_unit_by_magnitude,V
datos_madrid,air_quality_accumulated,2026-05-06,2026-05-06T08:00,,,36,12,nitrogen_oxides,44.0,official_unit_by_magnitude,V
datos_madrid,air_quality_accumulated,2026-05-06,2026-05-06T09:00,,,36,12,nitrogen_oxides,46.0,official_unit_by_magnitude,V
datos_madrid,air_quality_accumulated,2026-05-06,2026-05-06T10:00,,,36,12,nitrogen_oxides,35.0,official_unit_by_magnitude,V
datos_madrid,air_quality_accumulated,2026-05-06,2026-05-06T11:00,,,36,12,nitrogen_oxides,0.0,official_unit_by_magnitude,N
datos_madrid,air_quality_accumulated,2026-05-06,2026-05-06T12:00,,,36,12,nitrogen_oxides,0.0,official_unit_by_magnitude,N
datos_madrid,air_quality_accumulated,2026-05-06,2026-05-06T13:00,,,36,12,nitrogen_oxides,0.0,official_unit_by_magnitude,N
datos_madrid,air_quality_accumulated,2026-05-06,2026-05-06T14:00,,,36,12,nitrogen_oxides,17.0,official_unit_by_magnitude,V
datos_madrid,air_quality_accumulated,2026-05-06,2026-05-06T15:00,,,36,12,nitrogen_oxides,12.0,official_unit_by_magnitude,V
datos_madrid,air_quality_accumulated,2026-05-06,2026-05-06T16:00,,,36,12,nitrogen_oxides,15.0,official_unit_by_magnitude,V
datos_madrid,air_quality_accumulated,2026-05-06,2026-05-06T17:00,,,36,12,nitrogen_oxides,12.0,official_unit_by_magnitude,V
datos_madrid,air_quality_accumulated,2026-05-06,2026-05-06T18:00,,,36,12,nitrogen_oxides,14.0,official_unit_by_magnitude,V
datos_madrid,air_quality_accumulated,2026-05-06,2026-05-06T19:00,,,36,12,nitrogen_oxides,16.0,official_unit_by_magnitude,V
datos_madrid,air_quality_accumulated,2026-05-06,2026-05-06T20:00,,,36,12,nitrogen_oxides,17.0,official_unit_by_magnitude,V
datos_madrid,air_quality_accumulated,2026-05-06,2026-05-06T21:00,,,36,12,nitrogen_oxides,26.0,official_unit_by_magnitude,V
datos_madrid,air_quality_accumulated,2026-05-06,2026-05-06T22:00,,,36,12,nitrogen_oxides,46.0,official_unit_by_magnitude,V
datos_madrid,air_quality_accumulated,2026-05-06,2026-05-06T23:00,,,36,12,nitrogen_oxides,39.0,official_unit_by_magnitude,V
datos_madrid,air_quality_accumulated,2026-05-06,2026-05-06T00:00,,,36,7,nitrogen_monoxide,0.0,official_unit_by_magnitude,V
datos_madrid,air_quality_accumulated,2026-05-06,2026-05-06T01:00,,,36,7,nitrogen_monoxide,0.0,official_unit_by_magnitude,V
datos_madrid,air_quality_accumulated,2026-05-06,2026-05-06T02:00,,,36,7,nitrogen_monoxide,1.0,official_unit_by_magnitude,V
datos_madrid,air_quality_accumulated,2026-05-06,2026-05-06T03:00,,,36,7,nitrogen_monoxide,0.0,official_unit_by_magnitude,V
datos_madrid,air_quality_accumulated,2026-05-06,2026-05-06T04:00,,,36,7,nitrogen_monoxide,0.0,official_unit_by_magnitude,V
datos_madrid,air_quality_accumulated,2026-05-06,2026-05-06T05:00,,,36,7,nitrogen_monoxide,0.0,official_unit_by_magnitude,V
datos_madrid,air_quality_accumulated,2026-05-06,2026-05-06T06:00,,,36,7,nitrogen_monoxide,3.0,official_unit_by_magnitude,V
datos_madrid,air_quality_accumulated,2026-05-06,2026-05-06T07:00,,,36,7,nitrogen_monoxide,3.0,official_unit_by_magnitude,V
datos_madrid,air_quality_accumulated,2026-05-06,2026-05-06T08:00,,,36,7,nitrogen_monoxide,7.0,official_unit_by_magnitude,V
datos_madrid,air_quality_accumulated,2026-05-06,2026-05-06T09:00,,,36,7,nitrogen_monoxide,8.0,official_unit_by_magnitude,V
datos_madrid,air_quality_accumulated,2026-05-06,2026-05-06T10:00,,,36,7,nitrogen_monoxide,6.0,official_unit_by_magnitude,V
datos_madrid,air_quality_accumulated,2026-05-06,2026-05-06T11:00,,,36,7,nitrogen_monoxide,0.0,official_unit_by_magnitude,N
datos_madrid,air_quality_accumulated,2026-05-06,2026-05-06T12:00,,,36,7,nitrogen_monoxide,0.0,official_unit_by_magnitude,N
datos_madrid,air_quality_accumulated,2026-05-06,2026-05-06T13:00,,,36,7,nitrogen_monoxide,0.0,official_unit_by_magnitude,N
datos_madrid,air_quality_accumulated,2026-05-06,2026-05-06T14:00,,,36,7,nitrogen_monoxide,3.0,official_unit_by_magnitude,V
datos_madrid,air_quality_accumulated,2026-05-06,2026-05-06T15:00,,,36,7,nitrogen_monoxide,1.0,official_unit_by_magnitude,V
datos_madrid,air_quality_accumulated,2026-05-06,2026-05-06T16:00,,,36,7,nitrogen_monoxide,3.0,official_unit_by_magnitude,V
datos_madrid,air_quality_accumulated,2026-05-06,2026-05-06T17:00,,,36,7,nitrogen_monoxide,1.0,official_unit_by_magnitude,V
datos_madrid,air_quality_accumulated,2026-05-06,2026-05-06T18:00,,,36,7,nitrogen_monoxide,1.0,official_unit_by_magnitude,V
datos_madrid,air_quality_accumulated,2026-05-06,2026-05-06T19:00,,,36,7,nitrogen_monoxide,1.0,official_unit_by_magnitude,V
datos_madrid,air_quality_accumulated,2026-05-06,2026-05-06T20:00,,,36,7,nitrogen_monoxide,0.0,official_unit_by_magnitude,V
datos_madrid,air_quality_accumulated,2026-05-06,2026-05-06T21:00,,,36,7,nitrogen_monoxide,0.0,official_unit_by_magnitude,V
datos_madrid,air_quality_accumulated,2026-05-06,2026-05-06T22:00,,,36,7,nitrogen_monoxide,1.0,official_unit_by_magnitude,V
datos_madrid,air_quality_accumulated,2026-05-06,2026-05-06T23:00,,,36,7,nitrogen_monoxide,0.0,official_unit_by_magnitude,V
datos_madrid,air_quality_accumulated,2026-05-06,2026-05-06T00:00,,,36,8,nitrogen_dioxide,11.0,official_unit_by_magnitude,V
datos_madrid,air_quality_accumulated,2026-05-06,2026-05-06T01:00,,,36,8,nitrogen_dioxide,19.0,official_unit_by_magnitude,V
datos_madrid,air_quality_accumulated,2026-05-06,2026-05-06T02:00,,,36,8,nitrogen_dioxide,8.0,official_unit_by_magnitude,V
datos_madrid,air_quality_accumulated,2026-05-06,2026-05-06T03:00,,,36,8,nitrogen_dioxide,8.0,official_unit_by_magnitude,V
datos_madrid,air_quality_accumulated,2026-05-06,2026-05-06T04:00,,,36,8,nitrogen_dioxide,12.0,official_unit_by_magnitude,V
datos_madrid,air_quality_accumulated,2026-05-06,2026-05-06T05:00,,,36,8,nitrogen_dioxide,9.0,official_unit_by_magnitude,V
datos_madrid,air_quality_accumulated,2026-05-06,2026-05-06T06:00,,,36,8,nitrogen_dioxide,15.0,official_unit_by_magnitude,V
datos_madrid,air_quality_accumulated,2026-05-06,2026-05-06T07:00,,,36,8,nitrogen_dioxide,36.0,official_unit_by_magnitude,V
datos_madrid,air_quality_accumulated,2026-05-06,2026-05-06T08:00,,,36,8,nitrogen_dioxide,33.0,official_unit_by_magnitude,V
datos_madrid,air_quality_accumulated,2026-05-06,2026-05-06T09:00,,,36,8,nitrogen_dioxide,34.0,official_unit_by_magnitude,V
datos_madrid,air_quality_accumulated,2026-05-06,2026-05-06T10:00,,,36,8,nitrogen_dioxide,27.0,official_unit_by_magnitude,V
datos_madrid,air_quality_accumulated,2026-05-06,2026-05-06T11:00,,,36,8,nitrogen_dioxide,0.0,official_unit_by_magnitude,N
datos_madrid,air_quality_accumulated,2026-05-06,2026-05-06T12:00,,,36,8,nitrogen_dioxide,0.0,official_unit_by_magnitude,N
datos_madrid,air_quality_accumulated,2026-05-06,2026-05-06T13:00,,,36,8,nitrogen_dioxide,0.0,official_unit_by_magnitude,N
datos_madrid,air_quality_accumulated,2026-05-06,2026-05-06T14:00,,,36,8,nitrogen_dioxide,13.0,official_unit_by_magnitude,V
datos_madrid,air_quality_accumulated,2026-05-06,2026-05-06T15:00,,,36,8,nitrogen_dioxide,10.0,official_unit_by_magnitude,V
datos_madrid,air_quality_accumulated,2026-05-06,2026-05-06T16:00,,,36,8,nitrogen_dioxide,11.0,official_unit_by_magnitude,V
datos_madrid,air_quality_accumulated,2026-05-06,2026-05-06T17:00,,,36,8,nitrogen_dioxide,10.0,official_unit_by_magnitude,V
datos_madrid,air_quality_accumulated,2026-05-06,2026-05-06T18:00,,,36,8,nitrogen_dioxide,12.0,official_unit_by_magnitude,V
datos_madrid,air_quality_accumulated,2026-05-06,2026-05-06T19:00,,,36,8,nitrogen_dioxide,15.0,official_unit_by_magnitude,V
datos_madrid,air_quality_accumulated,2026-05-06,2026-05-06T20:00,,,36,8,nitrogen_dioxide,16.0,official_unit_by_magnitude,V
datos_madrid,air_quality_accumulated,2026-05-06,2026-05-06T21:00,,,36,8,nitrogen_dioxide,26.0,official_unit_by_magnitude,V
datos_madrid,air_quality_accumulated,2026-05-06,2026-05-06T22:00,,,36,8,nitrogen_dioxide,46.0,official_unit_by_magnitude,V
datos_madrid,air_quality_accumulated,2026-05-06,2026-05-06T23:00,,,36,8,nitrogen_dioxide,39.0,official_unit_by_magnitude,V
datos_madrid,air_quality_accumulated,2026-05-06,2026-05-06T00:00,,,38,10,particles_pm10,8.0,official_unit_by_magnitude,V
datos_madrid,air_quality_accumulated,2026-05-06,2026-05-06T01:00,,,38,10,particles_pm10,5.0,official_unit_by_magnitude,V
datos_madrid,air_quality_accumulated,2026-05-06,2026-05-06T02:00,,,38,10,particles_pm10,6.0,official_unit_by_magnitude,V
datos_madrid,air_quality_accumulated,2026-05-06,2026-05-06T03:00,,,38,10,particles_pm10,7.0,official_unit_by_magnitude,V
datos_madrid,air_quality_accumulated,2026-05-06,2026-05-06T04:00,,,38,10,particles_pm10,5.0,official_unit_by_magnitude,V
datos_madrid,air_quality_accumulated,2026-05-06,2026-05-06T05:00,,,38,10,particles_pm10,10.0,official_unit_by_magnitude,V
datos_madrid,air_quality_accumulated,2026-05-06,2026-05-06T06:00,,,38,10,particles_pm10,8.0,official_unit_by_magnitude,V
datos_madrid,air_quality_accumulated,2026-05-06,2026-05-06T07:00,,,38,10,particles_pm10,8.0,official_unit_by_magnitude,V
datos_madrid,air_quality_accumulated,2026-05-06,2026-05-06T08:00,,,38,10,particles_pm10,17.0,official_unit_by_magnitude,V
datos_madrid,air_quality_accumulated,2026-05-06,2026-05-06T09:00,,,38,10,particles_pm10,16.0,official_unit_by_magnitude,V
datos_madrid,air_quality_accumulated,2026-05-06,2026-05-06T10:00,,,38,10,particles_pm10,13.0,official_unit_by_magnitude,V
datos_madrid,air_quality_accumulated,2026-05-06,2026-05-06T11:00,,,38,10,particles_pm10,10.0,official_unit_by_magnitude,V
datos_madrid,air_quality_accumulated,2026-05-06,2026-05-06T12:00,,,38,10,particles_pm10,14.0,official_unit_by_magnitude,V
datos_madrid,air_quality_accumulated,2026-05-06,2026-05-06T13:00,,,38,10,particles_pm10,9.0,official_unit_by_magnitude,V
datos_madrid,air_quality_accumulated,2026-05-06,2026-05-06T14:00,,,38,10,particles_pm10,8.0,official_unit_by_magnitude,V
datos_madrid,air_quality_accumulated,2026-05-06,2026-05-06T15:00,,,38,10,particles_pm10,11.0,official_unit_by_magnitude,V
datos_madrid,air_quality_accumulated,2026-05-06,2026-05-06T16:00,,,38,10,particles_pm10,16.0,official_unit_by_magnitude,V
datos_madrid,air_quality_accumulated,2026-05-06,2026-05-06T17:00,,,38,10,particles_pm10,15.0,official_unit_by_magnitude,V
datos_madrid,air_quality_accumulated,2026-05-06,2026-05-06T18:00,,,38,10,particles_pm10,15.0,official_unit_by_magnitude,V
datos_madrid,air_quality_accumulated,2026-05-06,2026-05-06T19:00,,,38,10,particles_pm10,13.0,official_unit_by_magnitude,V
datos_madrid,air_quality_accumulated,2026-05-06,2026-05-06T20:00,,,38,10,particles_pm10,9.0,official_unit_by_magnitude,V
datos_madrid,air_quality_accumulated,2026-05-06,2026-05-06T21:00,,,38,10,particles_pm10,9.0,official_unit_by_magnitude,V
datos_madrid,air_quality_accumulated,2026-05-06,2026-05-06T22:00,,,38,10,particles_pm10,0.0,official_unit_by_magnitude,N
datos_madrid,air_quality_accumulated,2026-05-06,2026-05-06T23:00,,,38,10,particles_pm10,16.0,official_unit_by_magnitude,V
datos_madrid,air_quality_accumulated,2026-05-06,2026-05-06T00:00,,,38,12,nitrogen_oxides,13.0,official_unit_by_magnitude,V
datos_madrid,air_quality_accumulated,2026-05-06,2026-05-06T01:00,,,38,12,nitrogen_oxides,8.0,official_unit_by_magnitude,V
datos_madrid,air_quality_accumulated,2026-05-06,2026-05-06T02:00,,,38,12,nitrogen_oxides,5.0,official_unit_by_magnitude,V
datos_madrid,air_quality_accumulated,2026-05-06,2026-05-06T03:00,,,38,12,nitrogen_oxides,8.0,official_unit_by_magnitude,V
datos_madrid,air_quality_accumulated,2026-05-06,2026-05-06T04:00,,,38,12,nitrogen_oxides,9.0,official_unit_by_magnitude,V
datos_madrid,air_quality_accumulated,2026-05-06,2026-05-06T05:00,,,38,12,nitrogen_oxides,11.0,official_unit_by_magnitude,V
datos_madrid,air_quality_accumulated,2026-05-06,2026-05-06T06:00,,,38,12,nitrogen_oxides,20.0,official_unit_by_magnitude,V
datos_madrid,air_quality_accumulated,2026-05-06,2026-05-06T07:00,,,38,12,nitrogen_oxides,52.0,official_unit_by_magnitude,V
datos_madrid,air_quality_accumulated,2026-05-06,2026-05-06T08:00,,,38,12,nitrogen_oxides,76.0,official_unit_by_magnitude,V
datos_madrid,air_quality_accumulated,2026-05-06,2026-05-06T09:00,,,38,12,nitrogen_oxides,65.0,official_unit_by_magnitude,V
datos_madrid,air_quality_accumulated,2026-05-06,2026-05-06T10:00,,,38,12,nitrogen_oxides,37.0,official_unit_by_magnitude,V
datos_madrid,air_quality_accumulated,2026-05-06,2026-05-06T11:00,,,38,12,nitrogen_oxides,29.0,official_unit_by_magnitude,V
datos_madrid,air_quality_accumulated,2026-05-06,2026-05-06T12:00,,,38,12,nitrogen_oxides,18.0,official_unit_by_magnitude,V
datos_madrid,air_quality_accumulated,2026-05-06,2026-05-06T13:00,,,38,12,nitrogen_oxides,16.0,official_unit_by_magnitude,V
datos_madrid,air_quality_accumulated,2026-05-06,2026-05-06T14:00,,,38,12,nitrogen_oxides,18.0,official_unit_by_magnitude,V
datos_madrid,air_quality_accumulated,2026-05-06,2026-05-06T15:00,,,38,12,nitrogen_oxides,22.0,official_unit_by_magnitude,V
datos_madrid,air_quality_accumulated,2026-05-06,2026-05-06T16:00,,,38,12,nitrogen_oxides,27.0,official_unit_by_magnitude,V
datos_madrid,air_quality_accumulated,2026-05-06,2026-05-06T17:00,,,38,12,nitrogen_oxides,20.0,official_unit_by_magnitude,V
datos_madrid,air_quality_accumulated,2026-05-06,2026-05-06T18:00,,,38,12,nitrogen_oxides,19.0,official_unit_by_magnitude,V
datos_madrid,air_quality_accumulated,2026-05-06,2026-05-06T19:00,,,38,12,nitrogen_oxides,20.0,official_unit_by_magnitude,V
datos_madrid,air_quality_accumulated,2026-05-06,2026-05-06T20:00,,,38,12,nitrogen_oxides,21.0,official_unit_by_magnitude,V
datos_madrid,air_quality_accumulated,2026-05-06,2026-05-06T21:00,,,38,12,nitrogen_oxides,27.0,official_unit_by_magnitude,V
datos_madrid,air_quality_accumulated,2026-05-06,2026-05-06T22:00,,,38,12,nitrogen_oxides,48.0,official_unit_by_magnitude,V
datos_madrid,air_quality_accumulated,2026-05-06,2026-05-06T23:00,,,38,12,nitrogen_oxides,52.0,official_unit_by_magnitude,V
datos_madrid,air_quality_accumulated,2026-05-06,2026-05-06T00:00,,,38,20,toluene,1.4,official_unit_by_magnitude,V
datos_madrid,air_quality_accumulated,2026-05-06,2026-05-06T01:00,,,38,20,toluene,1.6,official_unit_by_magnitude,V
datos_madrid,air_quality_accumulated,2026-05-06,2026-05-06T02:00,,,38,20,toluene,1.2,official_unit_by_magnitude,V
datos_madrid,air_quality_accumulated,2026-05-06,2026-05-06T03:00,,,38,20,toluene,2.4,official_unit_by_magnitude,V
datos_madrid,air_quality_accumulated,2026-05-06,2026-05-06T04:00,,,38,20,toluene,1.5,official_unit_by_magnitude,V
datos_madrid,air_quality_accumulated,2026-05-06,2026-05-06T05:00,,,38,20,toluene,0.8,official_unit_by_magnitude,V
datos_madrid,air_quality_accumulated,2026-05-06,2026-05-06T06:00,,,38,20,toluene,0.8,official_unit_by_magnitude,V
datos_madrid,air_quality_accumulated,2026-05-06,2026-05-06T07:00,,,38,20,toluene,1.2,official_unit_by_magnitude,V
datos_madrid,air_quality_accumulated,2026-05-06,2026-05-06T08:00,,,38,20,toluene,2.5,official_unit_by_magnitude,V
datos_madrid,air_quality_accumulated,2026-05-06,2026-05-06T09:00,,,38,20,toluene,3.4,official_unit_by_magnitude,V
datos_madrid,air_quality_accumulated,2026-05-06,2026-05-06T10:00,,,38,20,toluene,3.7,official_unit_by_magnitude,V
datos_madrid,air_quality_accumulated,2026-05-06,2026-05-06T11:00,,,38,20,toluene,1.8,official_unit_by_magnitude,V
datos_madrid,air_quality_accumulated,2026-05-06,2026-05-06T12:00,,,38,20,toluene,2.1,official_unit_by_magnitude,V
datos_madrid,air_quality_accumulated,2026-05-06,2026-05-06T13:00,,,38,20,toluene,1.7,official_unit_by_magnitude,V
datos_madrid,air_quality_accumulated,2026-05-06,2026-05-06T14:00,,,38,20,toluene,1.9,official_unit_by_magnitude,V
datos_madrid,air_quality_accumulated,2026-05-06,2026-05-06T15:00,,,38,20,toluene,1.8,official_unit_by_magnitude,V
datos_madrid,air_quality_accumulated,2026-05-06,2026-05-06T16:00,,,38,20,toluene,2.3,official_unit_by_magnitude,V
datos_madrid,air_quality_accumulated,2026-05-06,2026-05-06T17:00,,,38,20,toluene,2.2,official_unit_by_magnitude,V
datos_madrid,air_quality_accumulated,2026-05-06,2026-05-06T18:00,,,38,20,toluene,2.0,official_unit_by_magnitude,V
datos_madrid,air_quality_accumulated,2026-05-06,2026-05-06T19:00,,,38,20,toluene,2.4,official_unit_by_magnitude,V
datos_madrid,air_quality_accumulated,2026-05-06,2026-05-06T20:00,,,38,20,toluene,1.9,official_unit_by_magnitude,V
datos_madrid,air_quality_accumulated,2026-05-06,2026-05-06T21:00,,,38,20,toluene,2.1,official_unit_by_magnitude,V
datos_madrid,air_quality_accumulated,2026-05-06,2026-05-06T22:00,,,38,20,toluene,2.2,official_unit_by_magnitude,V
datos_madrid,air_quality_accumulated,2026-05-06,2026-05-06T23:00,,,38,20,toluene,2.8,official_unit_by_magnitude,V
datos_madrid,air_quality_accumulated,2026-05-06,2026-05-06T00:00,,,38,30,benzene,0.3,official_unit_by_magnitude,V
datos_madrid,air_quality_accumulated,2026-05-06,2026-05-06T01:00,,,38,30,benzene,0.3,official_unit_by_magnitude,V
datos_madrid,air_quality_accumulated,2026-05-06,2026-05-06T02:00,,,38,30,benzene,0.3,official_unit_by_magnitude,V
datos_madrid,air_quality_accumulated,2026-05-06,2026-05-06T03:00,,,38,30,benzene,0.3,official_unit_by_magnitude,V
datos_madrid,air_quality_accumulated,2026-05-06,2026-05-06T04:00,,,38,30,benzene,0.2,official_unit_by_magnitude,V
datos_madrid,air_quality_accumulated,2026-05-06,2026-05-06T05:00,,,38,30,benzene,0.2,official_unit_by_magnitude,V
datos_madrid,air_quality_accumulated,2026-05-06,2026-05-06T06:00,,,38,30,benzene,0.3,official_unit_by_magnitude,V
datos_madrid,air_quality_accumulated,2026-05-06,2026-05-06T07:00,,,38,30,benzene,0.5,official_unit_by_magnitude,V
datos_madrid,air_quality_accumulated,2026-05-06,2026-05-06T08:00,,,38,30,benzene,0.8,official_unit_by_magnitude,V
datos_madrid,air_quality_accumulated,2026-05-06,2026-05-06T09:00,,,38,30,benzene,0.9,official_unit_by_magnitude,V
datos_madrid,air_quality_accumulated,2026-05-06,2026-05-06T10:00,,,38,30,benzene,3.7,official_unit_by_magnitude,V
datos_madrid,air_quality_accumulated,2026-05-06,2026-05-06T11:00,,,38,30,benzene,0.5,official_unit_by_magnitude,V
datos_madrid,air_quality_accumulated,2026-05-06,2026-05-06T12:00,,,38,30,benzene,0.4,official_unit_by_magnitude,V
datos_madrid,air_quality_accumulated,2026-05-06,2026-05-06T13:00,,,38,30,benzene,0.4,official_unit_by_magnitude,V
datos_madrid,air_quality_accumulated,2026-05-06,2026-05-06T14:00,,,38,30,benzene,0.5,official_unit_by_magnitude,V
datos_madrid,air_quality_accumulated,2026-05-06,2026-05-06T15:00,,,38,30,benzene,0.5,official_unit_by_magnitude,V
datos_madrid,air_quality_accumulated,2026-05-06,2026-05-06T16:00,,,38,30,benzene,0.4,official_unit_by_magnitude,V
datos_madrid,air_quality_accumulated,2026-05-06,2026-05-06T17:00,,,38,30,benzene,0.6,official_unit_by_magnitude,V
datos_madrid,air_quality_accumulated,2026-05-06,2026-05-06T18:00,,,38,30,benzene,0.6,official_unit_by_magnitude,V
datos_madrid,air_quality_accumulated,2026-05-06,2026-05-06T19:00,,,38,30,benzene,0.6,official_unit_by_magnitude,V
datos_madrid,air_quality_accumulated,2026-05-06,2026-05-06T20:00,,,38,30,benzene,0.5,official_unit_by_magnitude,V
datos_madrid,air_quality_accumulated,2026-05-06,2026-05-06T21:00,,,38,30,benzene,0.5,official_unit_by_magnitude,V
datos_madrid,air_quality_accumulated,2026-05-06,2026-05-06T22:00,,,38,30,benzene,0.7,official_unit_by_magnitude,V
datos_madrid,air_quality_accumulated,2026-05-06,2026-05-06T23:00,,,38,30,benzene,0.7,official_unit_by_magnitude,V
datos_madrid,air_quality_accumulated,2026-05-06,2026-05-06T00:00,,,38,35,ethylbenzene,0.1,official_unit_by_magnitude,V
datos_madrid,air_quality_accumulated,2026-05-06,2026-05-06T01:00,,,38,35,ethylbenzene,0.1,official_unit_by_magnitude,V
datos_madrid,air_quality_accumulated,2026-05-06,2026-05-06T02:00,,,38,35,ethylbenzene,0.0,official_unit_by_magnitude,V
datos_madrid,air_quality_accumulated,2026-05-06,2026-05-06T03:00,,,38,35,ethylbenzene,0.2,official_unit_by_magnitude,V
datos_madrid,air_quality_accumulated,2026-05-06,2026-05-06T04:00,,,38,35,ethylbenzene,0.1,official_unit_by_magnitude,V
datos_madrid,air_quality_accumulated,2026-05-06,2026-05-06T05:00,,,38,35,ethylbenzene,0.0,official_unit_by_magnitude,V
datos_madrid,air_quality_accumulated,2026-05-06,2026-05-06T06:00,,,38,35,ethylbenzene,0.2,official_unit_by_magnitude,V
datos_madrid,air_quality_accumulated,2026-05-06,2026-05-06T07:00,,,38,35,ethylbenzene,0.2,official_unit_by_magnitude,V
datos_madrid,air_quality_accumulated,2026-05-06,2026-05-06T08:00,,,38,35,ethylbenzene,0.2,official_unit_by_magnitude,V
datos_madrid,air_quality_accumulated,2026-05-06,2026-05-06T09:00,,,38,35,ethylbenzene,0.6,official_unit_by_magnitude,V
datos_madrid,air_quality_accumulated,2026-05-06,2026-05-06T10:00,,,38,35,ethylbenzene,0.3,official_unit_by_magnitude,V
datos_madrid,air_quality_accumulated,2026-05-06,2026-05-06T11:00,,,38,35,ethylbenzene,0.1,official_unit_by_magnitude,V
datos_madrid,air_quality_accumulated,2026-05-06,2026-05-06T12:00,,,38,35,ethylbenzene,0.1,official_unit_by_magnitude,V
datos_madrid,air_quality_accumulated,2026-05-06,2026-05-06T13:00,,,38,35,ethylbenzene,0.1,official_unit_by_magnitude,V
datos_madrid,air_quality_accumulated,2026-05-06,2026-05-06T14:00,,,38,35,ethylbenzene,0.2,official_unit_by_magnitude,V
datos_madrid,air_quality_accumulated,2026-05-06,2026-05-06T15:00,,,38,35,ethylbenzene,0.1,official_unit_by_magnitude,V
datos_madrid,air_quality_accumulated,2026-05-06,2026-05-06T16:00,,,38,35,ethylbenzene,0.2,official_unit_by_magnitude,V
datos_madrid,air_quality_accumulated,2026-05-06,2026-05-06T17:00,,,38,35,ethylbenzene,0.2,official_unit_by_magnitude,V
datos_madrid,air_quality_accumulated,2026-05-06,2026-05-06T18:00,,,38,35,ethylbenzene,0.2,official_unit_by_magnitude,V
datos_madrid,air_quality_accumulated,2026-05-06,2026-05-06T19:00,,,38,35,ethylbenzene,0.2,official_unit_by_magnitude,V
datos_madrid,air_quality_accumulated,2026-05-06,2026-05-06T20:00,,,38,35,ethylbenzene,0.2,official_unit_by_magnitude,V
datos_madrid,air_quality_accumulated,2026-05-06,2026-05-06T21:00,,,38,35,ethylbenzene,0.4,official_unit_by_magnitude,V
datos_madrid,air_quality_accumulated,2026-05-06,2026-05-06T22:00,,,38,35,ethylbenzene,0.5,official_unit_by_magnitude,V
datos_madrid,air_quality_accumulated,2026-05-06,2026-05-06T23:00,,,38,35,ethylbenzene,0.6,official_unit_by_magnitude,V
datos_madrid,air_quality_accumulated,2026-05-06,2026-05-06T00:00,,,38,7,nitrogen_monoxide,1.0,official_unit_by_magnitude,V
datos_madrid,air_quality_accumulated,2026-05-06,2026-05-06T01:00,,,38,7,nitrogen_monoxide,0.0,official_unit_by_magnitude,V
datos_madrid,air_quality_accumulated,2026-05-06,2026-05-06T02:00,,,38,7,nitrogen_monoxide,0.0,official_unit_by_magnitude,V
datos_madrid,air_quality_accumulated,2026-05-06,2026-05-06T03:00,,,38,7,nitrogen_monoxide,0.0,official_unit_by_magnitude,V
datos_madrid,air_quality_accumulated,2026-05-06,2026-05-06T04:00,,,38,7,nitrogen_monoxide,0.0,official_unit_by_magnitude,V
datos_madrid,air_quality_accumulated,2026-05-06,2026-05-06T05:00,,,38,7,nitrogen_monoxide,0.0,official_unit_by_magnitude,V
datos_madrid,air_quality_accumulated,2026-05-06,2026-05-06T06:00,,,38,7,nitrogen_monoxide,1.0,official_unit_by_magnitude,V
datos_madrid,air_quality_accumulated,2026-05-06,2026-05-06T07:00,,,38,7,nitrogen_monoxide,9.0,official_unit_by_magnitude,V
datos_madrid,air_quality_accumulated,2026-05-06,2026-05-06T08:00,,,38,7,nitrogen_monoxide,23.0,official_unit_by_magnitude,V
datos_madrid,air_quality_accumulated,2026-05-06,2026-05-06T09:00,,,38,7,nitrogen_monoxide,18.0,official_unit_by_magnitude,V
datos_madrid,air_quality_accumulated,2026-05-06,2026-05-06T10:00,,,38,7,nitrogen_monoxide,11.0,official_unit_by_magnitude,V
datos_madrid,air_quality_accumulated,2026-05-06,2026-05-06T11:00,,,38,7,nitrogen_monoxide,8.0,official_unit_by_magnitude,V
datos_madrid,air_quality_accumulated,2026-05-06,2026-05-06T12:00,,,38,7,nitrogen_monoxide,4.0,official_unit_by_magnitude,V
datos_madrid,air_quality_accumulated,2026-05-06,2026-05-06T13:00,,,38,7,nitrogen_monoxide,4.0,official_unit_by_magnitude,V
datos_madrid,air_quality_accumulated,2026-05-06,2026-05-06T14:00,,,38,7,nitrogen_monoxide,4.0,official_unit_by_magnitude,V
datos_madrid,air_quality_accumulated,2026-05-06,2026-05-06T15:00,,,38,7,nitrogen_monoxide,5.0,official_unit_by_magnitude,V
datos_madrid,air_quality_accumulated,2026-05-06,2026-05-06T16:00,,,38,7,nitrogen_monoxide,5.0,official_unit_by_magnitude,V
datos_madrid,air_quality_accumulated,2026-05-06,2026-05-06T17:00,,,38,7,nitrogen_monoxide,4.0,official_unit_by_magnitude,V
datos_madrid,air_quality_accumulated,2026-05-06,2026-05-06T18:00,,,38,7,nitrogen_monoxide,3.0,official_unit_by_magnitude,V
datos_madrid,air_quality_accumulated,2026-05-06,2026-05-06T19:00,,,38,7,nitrogen_monoxide,2.0,official_unit_by_magnitude,V
datos_madrid,air_quality_accumulated,2026-05-06,2026-05-06T20:00,,,38,7,nitrogen_monoxide,2.0,official_unit_by_magnitude,V
datos_madrid,air_quality_accumulated,2026-05-06,2026-05-06T21:00,,,38,7,nitrogen_monoxide,2.0,official_unit_by_magnitude,V
datos_madrid,air_quality_accumulated,2026-05-06,2026-05-06T22:00,,,38,7,nitrogen_monoxide,4.0,official_unit_by_magnitude,V
datos_madrid,air_quality_accumulated,2026-05-06,2026-05-06T23:00,,,38,7,nitrogen_monoxide,2.0,official_unit_by_magnitude,V
datos_madrid,air_quality_accumulated,2026-05-06,2026-05-06T00:00,,,38,8,nitrogen_dioxide,12.0,official_unit_by_magnitude,V
datos_madrid,air_quality_accumulated,2026-05-06,2026-05-06T01:00,,,38,8,nitrogen_dioxide,8.0,official_unit_by_magnitude,V
datos_madrid,air_quality_accumulated,2026-05-06,2026-05-06T02:00,,,38,8,nitrogen_dioxide,5.0,official_unit_by_magnitude,V
datos_madrid,air_quality_accumulated,2026-05-06,2026-05-06T03:00,,,38,8,nitrogen_dioxide,8.0,official_unit_by_magnitude,V
datos_madrid,air_quality_accumulated,2026-05-06,2026-05-06T04:00,,,38,8,nitrogen_dioxide,9.0,official_unit_by_magnitude,V
datos_madrid,air_quality_accumulated,2026-05-06,2026-05-06T05:00,,,38,8,nitrogen_dioxide,11.0,official_unit_by_magnitude,V
datos_madrid,air_quality_accumulated,2026-05-06,2026-05-06T06:00,,,38,8,nitrogen_dioxide,19.0,official_unit_by_magnitude,V
datos_madrid,air_quality_accumulated,2026-05-06,2026-05-06T07:00,,,38,8,nitrogen_dioxide,37.0,official_unit_by_magnitude,V
datos_madrid,air_quality_accumulated,2026-05-06,2026-05-06T08:00,,,38,8,nitrogen_dioxide,41.0,official_unit_by_magnitude,V
datos_madrid,air_quality_accumulated,2026-05-06,2026-05-06T09:00,,,38,8,nitrogen_dioxide,37.0,official_unit_by_magnitude,V
datos_madrid,air_quality_accumulated,2026-05-06,2026-05-06T10:00,,,38,8,nitrogen_dioxide,21.0,official_unit_by_magnitude,V
datos_madrid,air_quality_accumulated,2026-05-06,2026-05-06T11:00,,,38,8,nitrogen_dioxide,17.0,official_unit_by_magnitude,V
datos_madrid,air_quality_accumulated,2026-05-06,2026-05-06T12:00,,,38,8,nitrogen_dioxide,12.0,official_unit_by_magnitude,V
datos_madrid,air_quality_accumulated,2026-05-06,2026-05-06T13:00,,,38,8,nitrogen_dioxide,10.0,official_unit_by_magnitude,V
datos_madrid,air_quality_accumulated,2026-05-06,2026-05-06T14:00,,,38,8,nitrogen_dioxide,12.0,official_unit_by_magnitude,V
datos_madrid,air_quality_accumulated,2026-05-06,2026-05-06T15:00,,,38,8,nitrogen_dioxide,15.0,official_unit_by_magnitude,V
datos_madrid,air_quality_accumulated,2026-05-06,2026-05-06T16:00,,,38,8,nitrogen_dioxide,19.0,official_unit_by_magnitude,V
datos_madrid,air_quality_accumulated,2026-05-06,2026-05-06T17:00,,,38,8,nitrogen_dioxide,14.0,official_unit_by_magnitude,V
datos_madrid,air_quality_accumulated,2026-05-06,2026-05-06T18:00,,,38,8,nitrogen_dioxide,15.0,official_unit_by_magnitude,V
datos_madrid,air_quality_accumulated,2026-05-06,2026-05-06T19:00,,,38,8,nitrogen_dioxide,16.0,official_unit_by_magnitude,V
datos_madrid,air_quality_accumulated,2026-05-06,2026-05-06T20:00,,,38,8,nitrogen_dioxide,19.0,official_unit_by_magnitude,V
datos_madrid,air_quality_accumulated,2026-05-06,2026-05-06T21:00,,,38,8,nitrogen_dioxide,24.0,official_unit_by_magnitude,V
datos_madrid,air_quality_accumulated,2026-05-06,2026-05-06T22:00,,,38,8,nitrogen_dioxide,42.0,official_unit_by_magnitude,V
datos_madrid,air_quality_accumulated,2026-05-06,2026-05-06T23:00,,,38,8,nitrogen_dioxide,48.0,official_unit_by_magnitude,V
datos_madrid,air_quality_accumulated,2026-05-06,2026-05-06T00:00,,,38,9,particles_pm2_5,5.0,official_unit_by_magnitude,V
datos_madrid,air_quality_accumulated,2026-05-06,2026-05-06T01:00,,,38,9,particles_pm2_5,3.0,official_unit_by_magnitude,V
datos_madrid,air_quality_accumulated,2026-05-06,2026-05-06T02:00,,,38,9,particles_pm2_5,4.0,official_unit_by_magnitude,V
datos_madrid,air_quality_accumulated,2026-05-06,2026-05-06T03:00,,,38,9,particles_pm2_5,2.0,official_unit_by_magnitude,V
datos_madrid,air_quality_accumulated,2026-05-06,2026-05-06T04:00,,,38,9,particles_pm2_5,2.0,official_unit_by_magnitude,V
datos_madrid,air_quality_accumulated,2026-05-06,2026-05-06T05:00,,,38,9,particles_pm2_5,5.0,official_unit_by_magnitude,V
datos_madrid,air_quality_accumulated,2026-05-06,2026-05-06T06:00,,,38,9,particles_pm2_5,3.0,official_unit_by_magnitude,V
datos_madrid,air_quality_accumulated,2026-05-06,2026-05-06T07:00,,,38,9,particles_pm2_5,2.0,official_unit_by_magnitude,V
datos_madrid,air_quality_accumulated,2026-05-06,2026-05-06T08:00,,,38,9,particles_pm2_5,5.0,official_unit_by_magnitude,V
datos_madrid,air_quality_accumulated,2026-05-06,2026-05-06T09:00,,,38,9,particles_pm2_5,6.0,official_unit_by_magnitude,V
datos_madrid,air_quality_accumulated,2026-05-06,2026-05-06T10:00,,,38,9,particles_pm2_5,3.0,official_unit_by_magnitude,V
datos_madrid,air_quality_accumulated,2026-05-06,2026-05-06T11:00,,,38,9,particles_pm2_5,2.0,official_unit_by_magnitude,V
datos_madrid,air_quality_accumulated,2026-05-06,2026-05-06T12:00,,,38,9,particles_pm2_5,5.0,official_unit_by_magnitude,V
datos_madrid,air_quality_accumulated,2026-05-06,2026-05-06T13:00,,,38,9,particles_pm2_5,6.0,official_unit_by_magnitude,V
datos_madrid,air_quality_accumulated,2026-05-06,2026-05-06T14:00,,,38,9,particles_pm2_5,6.0,official_unit_by_magnitude,V
datos_madrid,air_quality_accumulated,2026-05-06,2026-05-06T15:00,,,38,9,particles_pm2_5,4.0,official_unit_by_magnitude,V
datos_madrid,air_quality_accumulated,2026-05-06,2026-05-06T16:00,,,38,9,particles_pm2_5,4.0,official_unit_by_magnitude,V
datos_madrid,air_quality_accumulated,2026-05-06,2026-05-06T17:00,,,38,9,particles_pm2_5,5.0,official_unit_by_magnitude,V
datos_madrid,air_quality_accumulated,2026-05-06,2026-05-06T18:00,,,38,9,particles_pm2_5,6.0,official_unit_by_magnitude,V
datos_madrid,air_quality_accumulated,2026-05-06,2026-05-06T19:00,,,38,9,particles_pm2_5,5.0,official_unit_by_magnitude,V
datos_madrid,air_quality_accumulated,2026-05-06,2026-05-06T20:00,,,38,9,particles_pm2_5,5.0,official_unit_by_magnitude,V
datos_madrid,air_quality_accumulated,2026-05-06,2026-05-06T21:00,,,38,9,particles_pm2_5,5.0,official_unit_by_magnitude,V
datos_madrid,air_quality_accumulated,2026-05-06,2026-05-06T22:00,,,38,9,particles_pm2_5,0.0,official_unit_by_magnitude,N
datos_madrid,air_quality_accumulated,2026-05-06,2026-05-06T23:00,,,38,9,particles_pm2_5,8.0,official_unit_by_magnitude,V
datos_madrid,air_quality_accumulated,2026-05-06,2026-05-06T00:00,,,39,12,nitrogen_oxides,10.0,official_unit_by_magnitude,V
datos_madrid,air_quality_accumulated,2026-05-06,2026-05-06T01:00,,,39,12,nitrogen_oxides,9.0,official_unit_by_magnitude,V
datos_madrid,air_quality_accumulated,2026-05-06,2026-05-06T02:00,,,39,12,nitrogen_oxides,5.0,official_unit_by_magnitude,V
datos_madrid,air_quality_accumulated,2026-05-06,2026-05-06T03:00,,,39,12,nitrogen_oxides,6.0,official_unit_by_magnitude,V
datos_madrid,air_quality_accumulated,2026-05-06,2026-05-06T04:00,,,39,12,nitrogen_oxides,11.0,official_unit_by_magnitude,V
datos_madrid,air_quality_accumulated,2026-05-06,2026-05-06T05:00,,,39,12,nitrogen_oxides,16.0,official_unit_by_magnitude,V
datos_madrid,air_quality_accumulated,2026-05-06,2026-05-06T06:00,,,39,12,nitrogen_oxides,24.0,official_unit_by_magnitude,V
datos_madrid,air_quality_accumulated,2026-05-06,2026-05-06T07:00,,,39,12,nitrogen_oxides,28.0,official_unit_by_magnitude,V
datos_madrid,air_quality_accumulated,2026-05-06,2026-05-06T08:00,,,39,12,nitrogen_oxides,25.0,official_unit_by_magnitude,V
datos_madrid,air_quality_accumulated,2026-05-06,2026-05-06T09:00,,,39,12,nitrogen_oxides,19.0,official_unit_by_magnitude,V
datos_madrid,air_quality_accumulated,2026-05-06,2026-05-06T10:00,,,39,12,nitrogen_oxides,12.0,official_unit_by_magnitude,V
datos_madrid,air_quality_accumulated,2026-05-06,2026-05-06T11:00,,,39,12,nitrogen_oxides,11.0,official_unit_by_magnitude,V
datos_madrid,air_quality_accumulated,2026-05-06,2026-05-06T12:00,,,39,12,nitrogen_oxides,9.0,official_unit_by_magnitude,V
datos_madrid,air_quality_accumulated,2026-05-06,2026-05-06T13:00,,,39,12,nitrogen_oxides,10.0,official_unit_by_magnitude,V
datos_madrid,air_quality_accumulated,2026-05-06,2026-05-06T14:00,,,39,12,nitrogen_oxides,10.0,official_unit_by_magnitude,V
datos_madrid,air_quality_accumulated,2026-05-06,2026-05-06T15:00,,,39,12,nitrogen_oxides,9.0,official_unit_by_magnitude,V
datos_madrid,air_quality_accumulated,2026-05-06,2026-05-06T16:00,,,39,12,nitrogen_oxides,10.0,official_unit_by_magnitude,V
datos_madrid,air_quality_accumulated,2026-05-06,2026-05-06T17:00,,,39,12,nitrogen_oxides,11.0,official_unit_by_magnitude,V
datos_madrid,air_quality_accumulated,2026-05-06,2026-05-06T18:00,,,39,12,nitrogen_oxides,13.0,official_unit_by_magnitude,V
datos_madrid,air_quality_accumulated,2026-05-06,2026-05-06T19:00,,,39,12,nitrogen_oxides,14.0,official_unit_by_magnitude,V
datos_madrid,air_quality_accumulated,2026-05-06,2026-05-06T20:00,,,39,12,nitrogen_oxides,16.0,official_unit_by_magnitude,V
datos_madrid,air_quality_accumulated,2026-05-06,2026-05-06T21:00,,,39,12,nitrogen_oxides,31.0,official_unit_by_magnitude,V
datos_madrid,air_quality_accumulated,2026-05-06,2026-05-06T22:00,,,39,12,nitrogen_oxides,82.0,official_unit_by_magnitude,V
datos_madrid,air_quality_accumulated,2026-05-06,2026-05-06T23:00,,,39,12,nitrogen_oxides,62.0,official_unit_by_magnitude,V
datos_madrid,air_quality_accumulated,2026-05-06,2026-05-06T00:00,,,39,14,ozone,76.0,official_unit_by_magnitude,V
datos_madrid,air_quality_accumulated,2026-05-06,2026-05-06T01:00,,,39,14,ozone,75.0,official_unit_by_magnitude,V
datos_madrid,air_quality_accumulated,2026-05-06,2026-05-06T02:00,,,39,14,ozone,78.0,official_unit_by_magnitude,V
datos_madrid,air_quality_accumulated,2026-05-06,2026-05-06T03:00,,,39,14,ozone,75.0,official_unit_by_magnitude,V
datos_madrid,air_quality_accumulated,2026-05-06,2026-05-06T04:00,,,39,14,ozone,68.0,official_unit_by_magnitude,V
datos_madrid,air_quality_accumulated,2026-05-06,2026-05-06T05:00,,,39,14,ozone,56.0,official_unit_by_magnitude,V
datos_madrid,air_quality_accumulated,2026-05-06,2026-05-06T06:00,,,39,14,ozone,51.0,official_unit_by_magnitude,V
datos_madrid,air_quality_accumulated,2026-05-06,2026-05-06T07:00,,,39,14,ozone,49.0,official_unit_by_magnitude,V
datos_madrid,air_quality_accumulated,2026-05-06,2026-05-06T08:00,,,39,14,ozone,57.0,official_unit_by_magnitude,V
datos_madrid,air_quality_accumulated,2026-05-06,2026-05-06T09:00,,,39,14,ozone,66.0,official_unit_by_magnitude,V
datos_madrid,air_quality_accumulated,2026-05-06,2026-05-06T10:00,,,39,14,ozone,77.0,official_unit_by_magnitude,V
datos_madrid,air_quality_accumulated,2026-05-06,2026-05-06T11:00,,,39,14,ozone,81.0,official_unit_by_magnitude,V
datos_madrid,air_quality_accumulated,2026-05-06,2026-05-06T12:00,,,39,14,ozone,91.0,official_unit_by_magnitude,V
datos_madrid,air_quality_accumulated,2026-05-06,2026-05-06T13:00,,,39,14,ozone,98.0,official_unit_by_magnitude,V
datos_madrid,air_quality_accumulated,2026-05-06,2026-05-06T14:00,,,39,14,ozone,104.0,official_unit_by_magnitude,V
datos_madrid,air_quality_accumulated,2026-05-06,2026-05-06T15:00,,,39,14,ozone,109.0,official_unit_by_magnitude,V
datos_madrid,air_quality_accumulated,2026-05-06,2026-05-06T16:00,,,39,14,ozone,115.0,official_unit_by_magnitude,V
datos_madrid,air_quality_accumulated,2026-05-06,2026-05-06T17:00,,,39,14,ozone,116.0,official_unit_by_magnitude,V
datos_madrid,air_quality_accumulated,2026-05-06,2026-05-06T18:00,,,39,14,ozone,115.0,official_unit_by_magnitude,V
datos_madrid,air_quality_accumulated,2026-05-06,2026-05-06T19:00,,,39,14,ozone,112.0,official_unit_by_magnitude,V
datos_madrid,air_quality_accumulated,2026-05-06,2026-05-06T20:00,,,39,14,ozone,109.0,official_unit_by_magnitude,V
datos_madrid,air_quality_accumulated,2026-05-06,2026-05-06T21:00,,,39,14,ozone,92.0,official_unit_by_magnitude,V
datos_madrid,air_quality_accumulated,2026-05-06,2026-05-06T22:00,,,39,14,ozone,34.0,official_unit_by_magnitude,V
datos_madrid,air_quality_accumulated,2026-05-06,2026-05-06T23:00,,,39,14,ozone,47.0,official_unit_by_magnitude,V
datos_madrid,air_quality_accumulated,2026-05-06,2026-05-06T00:00,,,39,7,nitrogen_monoxide,0.0,official_unit_by_magnitude,V
datos_madrid,air_quality_accumulated,2026-05-06,2026-05-06T01:00,,,39,7,nitrogen_monoxide,0.0,official_unit_by_magnitude,V
datos_madrid,air_quality_accumulated,2026-05-06,2026-05-06T02:00,,,39,7,nitrogen_monoxide,0.0,official_unit_by_magnitude,V
datos_madrid,air_quality_accumulated,2026-05-06,2026-05-06T03:00,,,39,7,nitrogen_monoxide,0.0,official_unit_by_magnitude,V
datos_madrid,air_quality_accumulated,2026-05-06,2026-05-06T04:00,,,39,7,nitrogen_monoxide,0.0,official_unit_by_magnitude,V
datos_madrid,air_quality_accumulated,2026-05-06,2026-05-06T05:00,,,39,7,nitrogen_monoxide,0.0,official_unit_by_magnitude,V
datos_madrid,air_quality_accumulated,2026-05-06,2026-05-06T06:00,,,39,7,nitrogen_monoxide,0.0,official_unit_by_magnitude,V
datos_madrid,air_quality_accumulated,2026-05-06,2026-05-06T07:00,,,39,7,nitrogen_monoxide,0.0,official_unit_by_magnitude,V
datos_madrid,air_quality_accumulated,2026-05-06,2026-05-06T08:00,,,39,7,nitrogen_monoxide,0.0,official_unit_by_magnitude,V
datos_madrid,air_quality_accumulated,2026-05-06,2026-05-06T09:00,,,39,7,nitrogen_monoxide,0.0,official_unit_by_magnitude,V
datos_madrid,air_quality_accumulated,2026-05-06,2026-05-06T10:00,,,39,7,nitrogen_monoxide,0.0,official_unit_by_magnitude,V
datos_madrid,air_quality_accumulated,2026-05-06,2026-05-06T11:00,,,39,7,nitrogen_monoxide,0.0,official_unit_by_magnitude,V
datos_madrid,air_quality_accumulated,2026-05-06,2026-05-06T12:00,,,39,7,nitrogen_monoxide,0.0,official_unit_by_magnitude,V
datos_madrid,air_quality_accumulated,2026-05-06,2026-05-06T13:00,,,39,7,nitrogen_monoxide,0.0,official_unit_by_magnitude,V
datos_madrid,air_quality_accumulated,2026-05-06,2026-05-06T14:00,,,39,7,nitrogen_monoxide,0.0,official_unit_by_magnitude,V
datos_madrid,air_quality_accumulated,2026-05-06,2026-05-06T15:00,,,39,7,nitrogen_monoxide,0.0,official_unit_by_magnitude,V
datos_madrid,air_quality_accumulated,2026-05-06,2026-05-06T16:00,,,39,7,nitrogen_monoxide,0.0,official_unit_by_magnitude,V
datos_madrid,air_quality_accumulated,2026-05-06,2026-05-06T17:00,,,39,7,nitrogen_monoxide,0.0,official_unit_by_magnitude,V
datos_madrid,air_quality_accumulated,2026-05-06,2026-05-06T18:00,,,39,7,nitrogen_monoxide,0.0,official_unit_by_magnitude,V
datos_madrid,air_quality_accumulated,2026-05-06,2026-05-06T19:00,,,39,7,nitrogen_monoxide,0.0,official_unit_by_magnitude,V
datos_madrid,air_quality_accumulated,2026-05-06,2026-05-06T20:00,,,39,7,nitrogen_monoxide,0.0,official_unit_by_magnitude,V
datos_madrid,air_quality_accumulated,2026-05-06,2026-05-06T21:00,,,39,7,nitrogen_monoxide,0.0,official_unit_by_magnitude,V
datos_madrid,air_quality_accumulated,2026-05-06,2026-05-06T22:00,,,39,7,nitrogen_monoxide,0.0,official_unit_by_magnitude,V
datos_madrid,air_quality_accumulated,2026-05-06,2026-05-06T23:00,,,39,7,nitrogen_monoxide,0.0,official_unit_by_magnitude,V
datos_madrid,air_quality_accumulated,2026-05-06,2026-05-06T00:00,,,39,8,nitrogen_dioxide,10.0,official_unit_by_magnitude,V
datos_madrid,air_quality_accumulated,2026-05-06,2026-05-06T01:00,,,39,8,nitrogen_dioxide,9.0,official_unit_by_magnitude,V
datos_madrid,air_quality_accumulated,2026-05-06,2026-05-06T02:00,,,39,8,nitrogen_dioxide,5.0,official_unit_by_magnitude,V
datos_madrid,air_quality_accumulated,2026-05-06,2026-05-06T03:00,,,39,8,nitrogen_dioxide,6.0,official_unit_by_magnitude,V
datos_madrid,air_quality_accumulated,2026-05-06,2026-05-06T04:00,,,39,8,nitrogen_dioxide,11.0,official_unit_by_magnitude,V
datos_madrid,air_quality_accumulated,2026-05-06,2026-05-06T05:00,,,39,8,nitrogen_dioxide,16.0,official_unit_by_magnitude,V
datos_madrid,air_quality_accumulated,2026-05-06,2026-05-06T06:00,,,39,8,nitrogen_dioxide,24.0,official_unit_by_magnitude,V
datos_madrid,air_quality_accumulated,2026-05-06,2026-05-06T07:00,,,39,8,nitrogen_dioxide,28.0,official_unit_by_magnitude,V
datos_madrid,air_quality_accumulated,2026-05-06,2026-05-06T08:00,,,39,8,nitrogen_dioxide,25.0,official_unit_by_magnitude,V
datos_madrid,air_quality_accumulated,2026-05-06,2026-05-06T09:00,,,39,8,nitrogen_dioxide,19.0,official_unit_by_magnitude,V
datos_madrid,air_quality_accumulated,2026-05-06,2026-05-06T10:00,,,39,8,nitrogen_dioxide,12.0,official_unit_by_magnitude,V
datos_madrid,air_quality_accumulated,2026-05-06,2026-05-06T11:00,,,39,8,nitrogen_dioxide,11.0,official_unit_by_magnitude,V
datos_madrid,air_quality_accumulated,2026-05-06,2026-05-06T12:00,,,39,8,nitrogen_dioxide,9.0,official_unit_by_magnitude,V
datos_madrid,air_quality_accumulated,2026-05-06,2026-05-06T13:00,,,39,8,nitrogen_dioxide,9.0,official_unit_by_magnitude,V
datos_madrid,air_quality_accumulated,2026-05-06,2026-05-06T14:00,,,39,8,nitrogen_dioxide,10.0,official_unit_by_magnitude,V
datos_madrid,air_quality_accumulated,2026-05-06,2026-05-06T15:00,,,39,8,nitrogen_dioxide,9.0,official_unit_by_magnitude,V
datos_madrid,air_quality_accumulated,2026-05-06,2026-05-06T16:00,,,39,8,nitrogen_dioxide,10.0,official_unit_by_magnitude,V
datos_madrid,air_quality_accumulated,2026-05-06,2026-05-06T17:00,,,39,8,nitrogen_dioxide,11.0,official_unit_by_magnitude,V
datos_madrid,air_quality_accumulated,2026-05-06,2026-05-06T18:00,,,39,8,nitrogen_dioxide,13.0,official_unit_by_magnitude,V
datos_madrid,air_quality_accumulated,2026-05-06,2026-05-06T19:00,,,39,8,nitrogen_dioxide,14.0,official_unit_by_magnitude,V
datos_madrid,air_quality_accumulated,2026-05-06,2026-05-06T20:00,,,39,8,nitrogen_dioxide,16.0,official_unit_by_magnitude,V
datos_madrid,air_quality_accumulated,2026-05-06,2026-05-06T21:00,,,39,8,nitrogen_dioxide,31.0,official_unit_by_magnitude,V
datos_madrid,air_quality_accumulated,2026-05-06,2026-05-06T22:00,,,39,8,nitrogen_dioxide,82.0,official_unit_by_magnitude,V
datos_madrid,air_quality_accumulated,2026-05-06,2026-05-06T23:00,,,39,8,nitrogen_dioxide,62.0,official_unit_by_magnitude,V
datos_madrid,air_quality_accumulated,2026-05-06,2026-05-06T00:00,,,4,10,particles_pm10,5.0,official_unit_by_magnitude,V
datos_madrid,air_quality_accumulated,2026-05-06,2026-05-06T01:00,,,4,10,particles_pm10,5.0,official_unit_by_magnitude,V
datos_madrid,air_quality_accumulated,2026-05-06,2026-05-06T02:00,,,4,10,particles_pm10,5.0,official_unit_by_magnitude,V
datos_madrid,air_quality_accumulated,2026-05-06,2026-05-06T03:00,,,4,10,particles_pm10,5.0,official_unit_by_magnitude,V
datos_madrid,air_quality_accumulated,2026-05-06,2026-05-06T04:00,,,4,10,particles_pm10,4.0,official_unit_by_magnitude,V
datos_madrid,air_quality_accumulated,2026-05-06,2026-05-06T05:00,,,4,10,particles_pm10,5.0,official_unit_by_magnitude,V
datos_madrid,air_quality_accumulated,2026-05-06,2026-05-06T06:00,,,4,10,particles_pm10,8.0,official_unit_by_magnitude,V
datos_madrid,air_quality_accumulated,2026-05-06,2026-05-06T07:00,,,4,10,particles_pm10,11.0,official_unit_by_magnitude,V
datos_madrid,air_quality_accumulated,2026-05-06,2026-05-06T08:00,,,4,10,particles_pm10,19.0,official_unit_by_magnitude,V
datos_madrid,air_quality_accumulated,2026-05-06,2026-05-06T09:00,,,4,10,particles_pm10,21.0,official_unit_by_magnitude,V
datos_madrid,air_quality_accumulated,2026-05-06,2026-05-06T10:00,,,4,10,particles_pm10,10.0,official_unit_by_magnitude,V
datos_madrid,air_quality_accumulated,2026-05-06,2026-05-06T11:00,,,4,10,particles_pm10,14.0,official_unit_by_magnitude,V
datos_madrid,air_quality_accumulated,2026-05-06,2026-05-06T12:00,,,4,10,particles_pm10,11.0,official_unit_by_magnitude,V
datos_madrid,air_quality_accumulated,2026-05-06,2026-05-06T13:00,,,4,10,particles_pm10,8.0,official_unit_by_magnitude,V
datos_madrid,air_quality_accumulated,2026-05-06,2026-05-06T14:00,,,4,10,particles_pm10,8.0,official_unit_by_magnitude,V
datos_madrid,air_quality_accumulated,2026-05-06,2026-05-06T15:00,,,4,10,particles_pm10,9.0,official_unit_by_magnitude,V
datos_madrid,air_quality_accumulated,2026-05-06,2026-05-06T16:00,,,4,10,particles_pm10,11.0,official_unit_by_magnitude,V
datos_madrid,air_quality_accumulated,2026-05-06,2026-05-06T17:00,,,4,10,particles_pm10,11.0,official_unit_by_magnitude,V
datos_madrid,air_quality_accumulated,2026-05-06,2026-05-06T18:00,,,4,10,particles_pm10,11.0,official_unit_by_magnitude,V
datos_madrid,air_quality_accumulated,2026-05-06,2026-05-06T19:00,,,4,10,particles_pm10,13.0,official_unit_by_magnitude,V
datos_madrid,air_quality_accumulated,2026-05-06,2026-05-06T20:00,,,4,10,particles_pm10,13.0,official_unit_by_magnitude,V
datos_madrid,air_quality_accumulated,2026-05-06,2026-05-06T21:00,,,4,10,particles_pm10,22.0,official_unit_by_magnitude,V
datos_madrid,air_quality_accumulated,2026-05-06,2026-05-06T22:00,,,4,10,particles_pm10,19.0,official_unit_by_magnitude,V
datos_madrid,air_quality_accumulated,2026-05-06,2026-05-06T23:00,,,4,10,particles_pm10,30.0,official_unit_by_magnitude,V
datos_madrid,air_quality_accumulated,2026-05-06,2026-05-06T00:00,,,4,12,nitrogen_oxides,9.0,official_unit_by_magnitude,V
datos_madrid,air_quality_accumulated,2026-05-06,2026-05-06T01:00,,,4,12,nitrogen_oxides,9.0,official_unit_by_magnitude,V
datos_madrid,air_quality_accumulated,2026-05-06,2026-05-06T02:00,,,4,12,nitrogen_oxides,7.0,official_unit_by_magnitude,V
datos_madrid,air_quality_accumulated,2026-05-06,2026-05-06T03:00,,,4,12,nitrogen_oxides,7.0,official_unit_by_magnitude,V
datos_madrid,air_quality_accumulated,2026-05-06,2026-05-06T04:00,,,4,12,nitrogen_oxides,7.0,official_unit_by_magnitude,V
datos_madrid,air_quality_accumulated,2026-05-06,2026-05-06T05:00,,,4,12,nitrogen_oxides,16.0,official_unit_by_magnitude,V
datos_madrid,air_quality_accumulated,2026-05-06,2026-05-06T06:00,,,4,12,nitrogen_oxides,27.0,official_unit_by_magnitude,V
datos_madrid,air_quality_accumulated,2026-05-06,2026-05-06T07:00,,,4,12,nitrogen_oxides,40.0,official_unit_by_magnitude,V
datos_madrid,air_quality_accumulated,2026-05-06,2026-05-06T08:00,,,4,12,nitrogen_oxides,73.0,official_unit_by_magnitude,V
datos_madrid,air_quality_accumulated,2026-05-06,2026-05-06T09:00,,,4,12,nitrogen_oxides,60.0,official_unit_by_magnitude,V
datos_madrid,air_quality_accumulated,2026-05-06,2026-05-06T10:00,,,4,12,nitrogen_oxides,27.0,official_unit_by_magnitude,V
datos_madrid,air_quality_accumulated,2026-05-06,2026-05-06T11:00,,,4,12,nitrogen_oxides,23.0,official_unit_by_magnitude,V
datos_madrid,air_quality_accumulated,2026-05-06,2026-05-06T12:00,,,4,12,nitrogen_oxides,15.0,official_unit_by_magnitude,V
datos_madrid,air_quality_accumulated,2026-05-06,2026-05-06T13:00,,,4,12,nitrogen_oxides,13.0,official_unit_by_magnitude,V
datos_madrid,air_quality_accumulated,2026-05-06,2026-05-06T14:00,,,4,12,nitrogen_oxides,15.0,official_unit_by_magnitude,V
datos_madrid,air_quality_accumulated,2026-05-06,2026-05-06T15:00,,,4,12,nitrogen_oxides,14.0,official_unit_by_magnitude,V
datos_madrid,air_quality_accumulated,2026-05-06,2026-05-06T16:00,,,4,12,nitrogen_oxides,12.0,official_unit_by_magnitude,V
datos_madrid,air_quality_accumulated,2026-05-06,2026-05-06T17:00,,,4,12,nitrogen_oxides,14.0,official_unit_by_magnitude,V
datos_madrid,air_quality_accumulated,2026-05-06,2026-05-06T18:00,,,4,12,nitrogen_oxides,14.0,official_unit_by_magnitude,V
datos_madrid,air_quality_accumulated,2026-05-06,2026-05-06T19:00,,,4,12,nitrogen_oxides,15.0,official_unit_by_magnitude,V
datos_madrid,air_quality_accumulated,2026-05-06,2026-05-06T20:00,,,4,12,nitrogen_oxides,14.0,official_unit_by_magnitude,V
datos_madrid,air_quality_accumulated,2026-05-06,2026-05-06T21:00,,,4,12,nitrogen_oxides,15.0,official_unit_by_magnitude,V
datos_madrid,air_quality_accumulated,2026-05-06,2026-05-06T22:00,,,4,12,nitrogen_oxides,28.0,official_unit_by_magnitude,V
datos_madrid,air_quality_accumulated,2026-05-06,2026-05-06T23:00,,,4,12,nitrogen_oxides,53.0,official_unit_by_magnitude,V
datos_madrid,air_quality_accumulated,2026-05-06,2026-05-06T00:00,,,4,6,carbon_monoxide,0.2,official_unit_by_magnitude,V
datos_madrid,air_quality_accumulated,2026-05-06,2026-05-06T01:00,,,4,6,carbon_monoxide,0.2,official_unit_by_magnitude,V
datos_madrid,air_quality_accumulated,2026-05-06,2026-05-06T02:00,,,4,6,carbon_monoxide,0.2,official_unit_by_magnitude,V
datos_madrid,air_quality_accumulated,2026-05-06,2026-05-06T03:00,,,4,6,carbon_monoxide,0.2,official_unit_by_magnitude,V
datos_madrid,air_quality_accumulated,2026-05-06,2026-05-06T04:00,,,4,6,carbon_monoxide,0.1,official_unit_by_magnitude,V
datos_madrid,air_quality_accumulated,2026-05-06,2026-05-06T05:00,,,4,6,carbon_monoxide,0.2,official_unit_by_magnitude,V
datos_madrid,air_quality_accumulated,2026-05-06,2026-05-06T06:00,,,4,6,carbon_monoxide,0.2,official_unit_by_magnitude,V
datos_madrid,air_quality_accumulated,2026-05-06,2026-05-06T07:00,,,4,6,carbon_monoxide,0.2,official_unit_by_magnitude,V
datos_madrid,air_quality_accumulated,2026-05-06,2026-05-06T08:00,,,4,6,carbon_monoxide,0.4,official_unit_by_magnitude,V
datos_madrid,air_quality_accumulated,2026-05-06,2026-05-06T09:00,,,4,6,carbon_monoxide,0.3,official_unit_by_magnitude,V
datos_madrid,air_quality_accumulated,2026-05-06,2026-05-06T10:00,,,4,6,carbon_monoxide,0.2,official_unit_by_magnitude,V
datos_madrid,air_quality_accumulated,2026-05-06,2026-05-06T11:00,,,4,6,carbon_monoxide,0.2,official_unit_by_magnitude,V
datos_madrid,air_quality_accumulated,2026-05-06,2026-05-06T12:00,,,4,6,carbon_monoxide,0.2,official_unit_by_magnitude,V
datos_madrid,air_quality_accumulated,2026-05-06,2026-05-06T13:00,,,4,6,carbon_monoxide,0.2,official_unit_by_magnitude,V
datos_madrid,air_quality_accumulated,2026-05-06,2026-05-06T14:00,,,4,6,carbon_monoxide,0.2,official_unit_by_magnitude,V
datos_madrid,air_quality_accumulated,2026-05-06,2026-05-06T15:00,,,4,6,carbon_monoxide,0.2,official_unit_by_magnitude,V
datos_madrid,air_quality_accumulated,2026-05-06,2026-05-06T16:00,,,4,6,carbon_monoxide,0.2,official_unit_by_magnitude,V
datos_madrid,air_quality_accumulated,2026-05-06,2026-05-06T17:00,,,4,6,carbon_monoxide,0.2,official_unit_by_magnitude,V
datos_madrid,air_quality_accumulated,2026-05-06,2026-05-06T18:00,,,4,6,carbon_monoxide,0.2,official_unit_by_magnitude,V
datos_madrid,air_quality_accumulated,2026-05-06,2026-05-06T19:00,,,4,6,carbon_monoxide,0.2,official_unit_by_magnitude,V
datos_madrid,air_quality_accumulated,2026-05-06,2026-05-06T20:00,,,4,6,carbon_monoxide,0.2,official_unit_by_magnitude,V
datos_madrid,air_quality_accumulated,2026-05-06,2026-05-06T21:00,,,4,6,carbon_monoxide,0.2,official_unit_by_magnitude,V
datos_madrid,air_quality_accumulated,2026-05-06,2026-05-06T22:00,,,4,6,carbon_monoxide,0.3,official_unit_by_magnitude,V
datos_madrid,air_quality_accumulated,2026-05-06,2026-05-06T23:00,,,4,6,carbon_monoxide,0.4,official_unit_by_magnitude,V
datos_madrid,air_quality_accumulated,2026-05-06,2026-05-06T00:00,,,4,7,nitrogen_monoxide,1.0,official_unit_by_magnitude,V
datos_madrid,air_quality_accumulated,2026-05-06,2026-05-06T01:00,,,4,7,nitrogen_monoxide,1.0,official_unit_by_magnitude,V
datos_madrid,air_quality_accumulated,2026-05-06,2026-05-06T02:00,,,4,7,nitrogen_monoxide,1.0,official_unit_by_magnitude,V
datos_madrid,air_quality_accumulated,2026-05-06,2026-05-06T03:00,,,4,7,nitrogen_monoxide,1.0,official_unit_by_magnitude,V
datos_madrid,air_quality_accumulated,2026-05-06,2026-05-06T04:00,,,4,7,nitrogen_monoxide,1.0,official_unit_by_magnitude,V
datos_madrid,air_quality_accumulated,2026-05-06,2026-05-06T05:00,,,4,7,nitrogen_monoxide,1.0,official_unit_by_magnitude,V
datos_madrid,air_quality_accumulated,2026-05-06,2026-05-06T06:00,,,4,7,nitrogen_monoxide,3.0,official_unit_by_magnitude,V
datos_madrid,air_quality_accumulated,2026-05-06,2026-05-06T07:00,,,4,7,nitrogen_monoxide,8.0,official_unit_by_magnitude,V
datos_madrid,air_quality_accumulated,2026-05-06,2026-05-06T08:00,,,4,7,nitrogen_monoxide,27.0,official_unit_by_magnitude,V
datos_madrid,air_quality_accumulated,2026-05-06,2026-05-06T09:00,,,4,7,nitrogen_monoxide,19.0,official_unit_by_magnitude,V
datos_madrid,air_quality_accumulated,2026-05-06,2026-05-06T10:00,,,4,7,nitrogen_monoxide,4.0,official_unit_by_magnitude,V
datos_madrid,air_quality_accumulated,2026-05-06,2026-05-06T11:00,,,4,7,nitrogen_monoxide,4.0,official_unit_by_magnitude,V
datos_madrid,air_quality_accumulated,2026-05-06,2026-05-06T12:00,,,4,7,nitrogen_monoxide,2.0,official_unit_by_magnitude,V
datos_madrid,air_quality_accumulated,2026-05-06,2026-05-06T13:00,,,4,7,nitrogen_monoxide,2.0,official_unit_by_magnitude,V
datos_madrid,air_quality_accumulated,2026-05-06,2026-05-06T14:00,,,4,7,nitrogen_monoxide,2.0,official_unit_by_magnitude,V
datos_madrid,air_quality_accumulated,2026-05-06,2026-05-06T15:00,,,4,7,nitrogen_monoxide,3.0,official_unit_by_magnitude,V
datos_madrid,air_quality_accumulated,2026-05-06,2026-05-06T16:00,,,4,7,nitrogen_monoxide,2.0,official_unit_by_magnitude,V
datos_madrid,air_quality_accumulated,2026-05-06,2026-05-06T17:00,,,4,7,nitrogen_monoxide,2.0,official_unit_by_magnitude,V
datos_madrid,air_quality_accumulated,2026-05-06,2026-05-06T18:00,,,4,7,nitrogen_monoxide,2.0,official_unit_by_magnitude,V
datos_madrid,air_quality_accumulated,2026-05-06,2026-05-06T19:00,,,4,7,nitrogen_monoxide,1.0,official_unit_by_magnitude,V
datos_madrid,air_quality_accumulated,2026-05-06,2026-05-06T20:00,,,4,7,nitrogen_monoxide,1.0,official_unit_by_magnitude,V
datos_madrid,air_quality_accumulated,2026-05-06,2026-05-06T21:00,,,4,7,nitrogen_monoxide,1.0,official_unit_by_magnitude,V
datos_madrid,air_quality_accumulated,2026-05-06,2026-05-06T22:00,,,4,7,nitrogen_monoxide,1.0,official_unit_by_magnitude,V
datos_madrid,air_quality_accumulated,2026-05-06,2026-05-06T23:00,,,4,7,nitrogen_monoxide,1.0,official_unit_by_magnitude,V
datos_madrid,air_quality_accumulated,2026-05-06,2026-05-06T00:00,,,4,8,nitrogen_dioxide,8.0,official_unit_by_magnitude,V
datos_madrid,air_quality_accumulated,2026-05-06,2026-05-06T01:00,,,4,8,nitrogen_dioxide,8.0,official_unit_by_magnitude,V
datos_madrid,air_quality_accumulated,2026-05-06,2026-05-06T02:00,,,4,8,nitrogen_dioxide,6.0,official_unit_by_magnitude,V
datos_madrid,air_quality_accumulated,2026-05-06,2026-05-06T03:00,,,4,8,nitrogen_dioxide,6.0,official_unit_by_magnitude,V
datos_madrid,air_quality_accumulated,2026-05-06,2026-05-06T04:00,,,4,8,nitrogen_dioxide,6.0,official_unit_by_magnitude,V
datos_madrid,air_quality_accumulated,2026-05-06,2026-05-06T05:00,,,4,8,nitrogen_dioxide,14.0,official_unit_by_magnitude,V
datos_madrid,air_quality_accumulated,2026-05-06,2026-05-06T06:00,,,4,8,nitrogen_dioxide,22.0,official_unit_by_magnitude,V
datos_madrid,air_quality_accumulated,2026-05-06,2026-05-06T07:00,,,4,8,nitrogen_dioxide,28.0,official_unit_by_magnitude,V
datos_madrid,air_quality_accumulated,2026-05-06,2026-05-06T08:00,,,4,8,nitrogen_dioxide,32.0,official_unit_by_magnitude,V
datos_madrid,air_quality_accumulated,2026-05-06,2026-05-06T09:00,,,4,8,nitrogen_dioxide,31.0,official_unit_by_magnitude,V
datos_madrid,air_quality_accumulated,2026-05-06,2026-05-06T10:00,,,4,8,nitrogen_dioxide,20.0,official_unit_by_magnitude,V
datos_madrid,air_quality_accumulated,2026-05-06,2026-05-06T11:00,,,4,8,nitrogen_dioxide,18.0,official_unit_by_magnitude,V
datos_madrid,air_quality_accumulated,2026-05-06,2026-05-06T12:00,,,4,8,nitrogen_dioxide,11.0,official_unit_by_magnitude,V
datos_madrid,air_quality_accumulated,2026-05-06,2026-05-06T13:00,,,4,8,nitrogen_dioxide,9.0,official_unit_by_magnitude,V
datos_madrid,air_quality_accumulated,2026-05-06,2026-05-06T14:00,,,4,8,nitrogen_dioxide,12.0,official_unit_by_magnitude,V
datos_madrid,air_quality_accumulated,2026-05-06,2026-05-06T15:00,,,4,8,nitrogen_dioxide,10.0,official_unit_by_magnitude,V
datos_madrid,air_quality_accumulated,2026-05-06,2026-05-06T16:00,,,4,8,nitrogen_dioxide,9.0,official_unit_by_magnitude,V
datos_madrid,air_quality_accumulated,2026-05-06,2026-05-06T17:00,,,4,8,nitrogen_dioxide,11.0,official_unit_by_magnitude,V
datos_madrid,air_quality_accumulated,2026-05-06,2026-05-06T18:00,,,4,8,nitrogen_dioxide,11.0,official_unit_by_magnitude,V
datos_madrid,air_quality_accumulated,2026-05-06,2026-05-06T19:00,,,4,8,nitrogen_dioxide,13.0,official_unit_by_magnitude,V
datos_madrid,air_quality_accumulated,2026-05-06,2026-05-06T20:00,,,4,8,nitrogen_dioxide,12.0,official_unit_by_magnitude,V
datos_madrid,air_quality_accumulated,2026-05-06,2026-05-06T21:00,,,4,8,nitrogen_dioxide,14.0,official_unit_by_magnitude,V
datos_madrid,air_quality_accumulated,2026-05-06,2026-05-06T22:00,,,4,8,nitrogen_dioxide,26.0,official_unit_by_magnitude,V
datos_madrid,air_quality_accumulated,2026-05-06,2026-05-06T23:00,,,4,8,nitrogen_dioxide,52.0,official_unit_by_magnitude,V
datos_madrid,air_quality_accumulated,2026-05-06,2026-05-06T00:00,,,4,9,particles_pm2_5,2.0,official_unit_by_magnitude,V
datos_madrid,air_quality_accumulated,2026-05-06,2026-05-06T01:00,,,4,9,particles_pm2_5,2.0,official_unit_by_magnitude,V
datos_madrid,air_quality_accumulated,2026-05-06,2026-05-06T02:00,,,4,9,particles_pm2_5,2.0,official_unit_by_magnitude,V
datos_madrid,air_quality_accumulated,2026-05-06,2026-05-06T03:00,,,4,9,particles_pm2_5,2.0,official_unit_by_magnitude,V
datos_madrid,air_quality_accumulated,2026-05-06,2026-05-06T04:00,,,4,9,particles_pm2_5,2.0,official_unit_by_magnitude,V
datos_madrid,air_quality_accumulated,2026-05-06,2026-05-06T05:00,,,4,9,particles_pm2_5,3.0,official_unit_by_magnitude,V
datos_madrid,air_quality_accumulated,2026-05-06,2026-05-06T06:00,,,4,9,particles_pm2_5,4.0,official_unit_by_magnitude,V
datos_madrid,air_quality_accumulated,2026-05-06,2026-05-06T07:00,,,4,9,particles_pm2_5,3.0,official_unit_by_magnitude,V
datos_madrid,air_quality_accumulated,2026-05-06,2026-05-06T08:00,,,4,9,particles_pm2_5,5.0,official_unit_by_magnitude,V
datos_madrid,air_quality_accumulated,2026-05-06,2026-05-06T09:00,,,4,9,particles_pm2_5,5.0,official_unit_by_magnitude,V
datos_madrid,air_quality_accumulated,2026-05-06,2026-05-06T10:00,,,4,9,particles_pm2_5,3.0,official_unit_by_magnitude,V
datos_madrid,air_quality_accumulated,2026-05-06,2026-05-06T11:00,,,4,9,particles_pm2_5,3.0,official_unit_by_magnitude,V
datos_madrid,air_quality_accumulated,2026-05-06,2026-05-06T12:00,,,4,9,particles_pm2_5,3.0,official_unit_by_magnitude,V
datos_madrid,air_quality_accumulated,2026-05-06,2026-05-06T13:00,,,4,9,particles_pm2_5,3.0,official_unit_by_magnitude,V
datos_madrid,air_quality_accumulated,2026-05-06,2026-05-06T14:00,,,4,9,particles_pm2_5,3.0,official_unit_by_magnitude,V
datos_madrid,air_quality_accumulated,2026-05-06,2026-05-06T15:00,,,4,9,particles_pm2_5,3.0,official_unit_by_magnitude,V
datos_madrid,air_quality_accumulated,2026-05-06,2026-05-06T16:00,,,4,9,particles_pm2_5,4.0,official_unit_by_magnitude,V
datos_madrid,air_quality_accumulated,2026-05-06,2026-05-06T17:00,,,4,9,particles_pm2_5,3.0,official_unit_by_magnitude,V
datos_madrid,air_quality_accumulated,2026-05-06,2026-05-06T18:00,,,4,9,particles_pm2_5,4.0,official_unit_by_magnitude,V
datos_madrid,air_quality_accumulated,2026-05-06,2026-05-06T19:00,,,4,9,particles_pm2_5,4.0,official_unit_by_magnitude,V
datos_madrid,air_quality_accumulated,2026-05-06,2026-05-06T20:00,,,4,9,particles_pm2_5,4.0,official_unit_by_magnitude,V
datos_madrid,air_quality_accumulated,2026-05-06,2026-05-06T21:00,,,4,9,particles_pm2_5,6.0,official_unit_by_magnitude,V
datos_madrid,air_quality_accumulated,2026-05-06,2026-05-06T22:00,,,4,9,particles_pm2_5,9.0,official_unit_by_magnitude,V
datos_madrid,air_quality_accumulated,2026-05-06,2026-05-06T23:00,,,4,9,particles_pm2_5,9.0,official_unit_by_magnitude,V
datos_madrid,air_quality_accumulated,2026-05-06,2026-05-06T00:00,,,40,10,particles_pm10,6.0,official_unit_by_magnitude,V
datos_madrid,air_quality_accumulated,2026-05-06,2026-05-06T01:00,,,40,10,particles_pm10,7.0,official_unit_by_magnitude,V
datos_madrid,air_quality_accumulated,2026-05-06,2026-05-06T02:00,,,40,10,particles_pm10,7.0,official_unit_by_magnitude,V
datos_madrid,air_quality_accumulated,2026-05-06,2026-05-06T03:00,,,40,10,particles_pm10,4.0,official_unit_by_magnitude,V
datos_madrid,air_quality_accumulated,2026-05-06,2026-05-06T04:00,,,40,10,particles_pm10,6.0,official_unit_by_magnitude,V
datos_madrid,air_quality_accumulated,2026-05-06,2026-05-06T05:00,,,40,10,particles_pm10,6.0,official_unit_by_magnitude,V
datos_madrid,air_quality_accumulated,2026-05-06,2026-05-06T06:00,,,40,10,particles_pm10,7.0,official_unit_by_magnitude,V
datos_madrid,air_quality_accumulated,2026-05-06,2026-05-06T07:00,,,40,10,particles_pm10,11.0,official_unit_by_magnitude,V
datos_madrid,air_quality_accumulated,2026-05-06,2026-05-06T08:00,,,40,10,particles_pm10,10.0,official_unit_by_magnitude,V
datos_madrid,air_quality_accumulated,2026-05-06,2026-05-06T09:00,,,40,10,particles_pm10,10.0,official_unit_by_magnitude,V
datos_madrid,air_quality_accumulated,2026-05-06,2026-05-06T10:00,,,40,10,particles_pm10,12.0,official_unit_by_magnitude,V
datos_madrid,air_quality_accumulated,2026-05-06,2026-05-06T11:00,,,40,10,particles_pm10,3.0,official_unit_by_magnitude,V
datos_madrid,air_quality_accumulated,2026-05-06,2026-05-06T12:00,,,40,10,particles_pm10,0.0,official_unit_by_magnitude,V
datos_madrid,air_quality_accumulated,2026-05-06,2026-05-06T13:00,,,40,10,particles_pm10,7.0,official_unit_by_magnitude,V
datos_madrid,air_quality_accumulated,2026-05-06,2026-05-06T14:00,,,40,10,particles_pm10,10.0,official_unit_by_magnitude,V
datos_madrid,air_quality_accumulated,2026-05-06,2026-05-06T15:00,,,40,10,particles_pm10,12.0,official_unit_by_magnitude,V
datos_madrid,air_quality_accumulated,2026-05-06,2026-05-06T16:00,,,40,10,particles_pm10,11.0,official_unit_by_magnitude,V
datos_madrid,air_quality_accumulated,2026-05-06,2026-05-06T17:00,,,40,10,particles_pm10,7.0,official_unit_by_magnitude,V
datos_madrid,air_quality_accumulated,2026-05-06,2026-05-06T18:00,,,40,10,particles_pm10,3.0,official_unit_by_magnitude,V
datos_madrid,air_quality_accumulated,2026-05-06,2026-05-06T19:00,,,40,10,particles_pm10,14.0,official_unit_by_magnitude,V
datos_madrid,air_quality_accumulated,2026-05-06,2026-05-06T20:00,,,40,10,particles_pm10,15.0,official_unit_by_magnitude,V
datos_madrid,air_quality_accumulated,2026-05-06,2026-05-06T21:00,,,40,10,particles_pm10,16.0,official_unit_by_magnitude,V
datos_madrid,air_quality_accumulated,2026-05-06,2026-05-06T22:00,,,40,10,particles_pm10,16.0,official_unit_by_magnitude,V
datos_madrid,air_quality_accumulated,2026-05-06,2026-05-06T23:00,,,40,10,particles_pm10,22.0,official_unit_by_magnitude,V
datos_madrid,air_quality_accumulated,2026-05-06,2026-05-06T00:00,,,40,12,nitrogen_oxides,10.0,official_unit_by_magnitude,V
datos_madrid,air_quality_accumulated,2026-05-06,2026-05-06T01:00,,,40,12,nitrogen_oxides,26.0,official_unit_by_magnitude,V
datos_madrid,air_quality_accumulated,2026-05-06,2026-05-06T02:00,,,40,12,nitrogen_oxides,8.0,official_unit_by_magnitude,V
datos_madrid,air_quality_accumulated,2026-05-06,2026-05-06T03:00,,,40,12,nitrogen_oxides,7.0,official_unit_by_magnitude,V
datos_madrid,air_quality_accumulated,2026-05-06,2026-05-06T04:00,,,40,12,nitrogen_oxides,13.0,official_unit_by_magnitude,V
datos_madrid,air_quality_accumulated,2026-05-06,2026-05-06T05:00,,,40,12,nitrogen_oxides,17.0,official_unit_by_magnitude,V
datos_madrid,air_quality_accumulated,2026-05-06,2026-05-06T06:00,,,40,12,nitrogen_oxides,27.0,official_unit_by_magnitude,V
datos_madrid,air_quality_accumulated,2026-05-06,2026-05-06T07:00,,,40,12,nitrogen_oxides,49.0,official_unit_by_magnitude,V
datos_madrid,air_quality_accumulated,2026-05-06,2026-05-06T08:00,,,40,12,nitrogen_oxides,47.0,official_unit_by_magnitude,V
datos_madrid,air_quality_accumulated,2026-05-06,2026-05-06T09:00,,,40,12,nitrogen_oxides,42.0,official_unit_by_magnitude,V
datos_madrid,air_quality_accumulated,2026-05-06,2026-05-06T10:00,,,40,12,nitrogen_oxides,28.0,official_unit_by_magnitude,V
datos_madrid,air_quality_accumulated,2026-05-06,2026-05-06T11:00,,,40,12,nitrogen_oxides,17.0,official_unit_by_magnitude,V
datos_madrid,air_quality_accumulated,2026-05-06,2026-05-06T12:00,,,40,12,nitrogen_oxides,14.0,official_unit_by_magnitude,V
datos_madrid,air_quality_accumulated,2026-05-06,2026-05-06T13:00,,,40,12,nitrogen_oxides,15.0,official_unit_by_magnitude,V
datos_madrid,air_quality_accumulated,2026-05-06,2026-05-06T14:00,,,40,12,nitrogen_oxides,13.0,official_unit_by_magnitude,V
datos_madrid,air_quality_accumulated,2026-05-06,2026-05-06T15:00,,,40,12,nitrogen_oxides,14.0,official_unit_by_magnitude,V
datos_madrid,air_quality_accumulated,2026-05-06,2026-05-06T16:00,,,40,12,nitrogen_oxides,17.0,official_unit_by_magnitude,V
datos_madrid,air_quality_accumulated,2026-05-06,2026-05-06T17:00,,,40,12,nitrogen_oxides,14.0,official_unit_by_magnitude,V
datos_madrid,air_quality_accumulated,2026-05-06,2026-05-06T18:00,,,40,12,nitrogen_oxides,15.0,official_unit_by_magnitude,V
datos_madrid,air_quality_accumulated,2026-05-06,2026-05-06T19:00,,,40,12,nitrogen_oxides,22.0,official_unit_by_magnitude,V
datos_madrid,air_quality_accumulated,2026-05-06,2026-05-06T20:00,,,40,12,nitrogen_oxides,25.0,official_unit_by_magnitude,V
datos_madrid,air_quality_accumulated,2026-05-06,2026-05-06T21:00,,,40,12,nitrogen_oxides,30.0,official_unit_by_magnitude,V
datos_madrid,air_quality_accumulated,2026-05-06,2026-05-06T22:00,,,40,12,nitrogen_oxides,47.0,official_unit_by_magnitude,V
datos_madrid,air_quality_accumulated,2026-05-06,2026-05-06T23:00,,,40,12,nitrogen_oxides,56.0,official_unit_by_magnitude,V
datos_madrid,air_quality_accumulated,2026-05-06,2026-05-06T00:00,,,40,7,nitrogen_monoxide,1.0,official_unit_by_magnitude,V
datos_madrid,air_quality_accumulated,2026-05-06,2026-05-06T01:00,,,40,7,nitrogen_monoxide,1.0,official_unit_by_magnitude,V
datos_madrid,air_quality_accumulated,2026-05-06,2026-05-06T02:00,,,40,7,nitrogen_monoxide,0.0,official_unit_by_magnitude,V
datos_madrid,air_quality_accumulated,2026-05-06,2026-05-06T03:00,,,40,7,nitrogen_monoxide,0.0,official_unit_by_magnitude,V
datos_madrid,air_quality_accumulated,2026-05-06,2026-05-06T04:00,,,40,7,nitrogen_monoxide,0.0,official_unit_by_magnitude,V
datos_madrid,air_quality_accumulated,2026-05-06,2026-05-06T05:00,,,40,7,nitrogen_monoxide,0.0,official_unit_by_magnitude,V
datos_madrid,air_quality_accumulated,2026-05-06,2026-05-06T06:00,,,40,7,nitrogen_monoxide,2.0,official_unit_by_magnitude,V
datos_madrid,air_quality_accumulated,2026-05-06,2026-05-06T07:00,,,40,7,nitrogen_monoxide,8.0,official_unit_by_magnitude,V
datos_madrid,air_quality_accumulated,2026-05-06,2026-05-06T08:00,,,40,7,nitrogen_monoxide,8.0,official_unit_by_magnitude,V
datos_madrid,air_quality_accumulated,2026-05-06,2026-05-06T09:00,,,40,7,nitrogen_monoxide,9.0,official_unit_by_magnitude,V
datos_madrid,air_quality_accumulated,2026-05-06,2026-05-06T10:00,,,40,7,nitrogen_monoxide,6.0,official_unit_by_magnitude,V
datos_madrid,air_quality_accumulated,2026-05-06,2026-05-06T11:00,,,40,7,nitrogen_monoxide,4.0,official_unit_by_magnitude,V
datos_madrid,air_quality_accumulated,2026-05-06,2026-05-06T12:00,,,40,7,nitrogen_monoxide,3.0,official_unit_by_magnitude,V
datos_madrid,air_quality_accumulated,2026-05-06,2026-05-06T13:00,,,40,7,nitrogen_monoxide,3.0,official_unit_by_magnitude,V
datos_madrid,air_quality_accumulated,2026-05-06,2026-05-06T14:00,,,40,7,nitrogen_monoxide,3.0,official_unit_by_magnitude,V
datos_madrid,air_quality_accumulated,2026-05-06,2026-05-06T15:00,,,40,7,nitrogen_monoxide,2.0,official_unit_by_magnitude,V
datos_madrid,air_quality_accumulated,2026-05-06,2026-05-06T16:00,,,40,7,nitrogen_monoxide,3.0,official_unit_by_magnitude,V
datos_madrid,air_quality_accumulated,2026-05-06,2026-05-06T17:00,,,40,7,nitrogen_monoxide,2.0,official_unit_by_magnitude,V
datos_madrid,air_quality_accumulated,2026-05-06,2026-05-06T18:00,,,40,7,nitrogen_monoxide,2.0,official_unit_by_magnitude,V
datos_madrid,air_quality_accumulated,2026-05-06,2026-05-06T19:00,,,40,7,nitrogen_monoxide,3.0,official_unit_by_magnitude,V
datos_madrid,air_quality_accumulated,2026-05-06,2026-05-06T20:00,,,40,7,nitrogen_monoxide,2.0,official_unit_by_magnitude,V
datos_madrid,air_quality_accumulated,2026-05-06,2026-05-06T21:00,,,40,7,nitrogen_monoxide,1.0,official_unit_by_magnitude,V
datos_madrid,air_quality_accumulated,2026-05-06,2026-05-06T22:00,,,40,7,nitrogen_monoxide,1.0,official_unit_by_magnitude,V
datos_madrid,air_quality_accumulated,2026-05-06,2026-05-06T23:00,,,40,7,nitrogen_monoxide,1.0,official_unit_by_magnitude,V
datos_madrid,air_quality_accumulated,2026-05-06,2026-05-06T00:00,,,40,8,nitrogen_dioxide,9.0,official_unit_by_magnitude,V
datos_madrid,air_quality_accumulated,2026-05-06,2026-05-06T01:00,,,40,8,nitrogen_dioxide,25.0,official_unit_by_magnitude,V
datos_madrid,air_quality_accumulated,2026-05-06,2026-05-06T02:00,,,40,8,nitrogen_dioxide,8.0,official_unit_by_magnitude,V
datos_madrid,air_quality_accumulated,2026-05-06,2026-05-06T03:00,,,40,8,nitrogen_dioxide,7.0,official_unit_by_magnitude,V
datos_madrid,air_quality_accumulated,2026-05-06,2026-05-06T04:00,,,40,8,nitrogen_dioxide,12.0,official_unit_by_magnitude,V
datos_madrid,air_quality_accumulated,2026-05-06,2026-05-06T05:00,,,40,8,nitrogen_dioxide,16.0,official_unit_by_magnitude,V
datos_madrid,air_quality_accumulated,2026-05-06,2026-05-06T06:00,,,40,8,nitrogen_dioxide,25.0,official_unit_by_magnitude,V
datos_madrid,air_quality_accumulated,2026-05-06,2026-05-06T07:00,,,40,8,nitrogen_dioxide,38.0,official_unit_by_magnitude,V
datos_madrid,air_quality_accumulated,2026-05-06,2026-05-06T08:00,,,40,8,nitrogen_dioxide,34.0,official_unit_by_magnitude,V
datos_madrid,air_quality_accumulated,2026-05-06,2026-05-06T09:00,,,40,8,nitrogen_dioxide,28.0,official_unit_by_magnitude,V
datos_madrid,air_quality_accumulated,2026-05-06,2026-05-06T10:00,,,40,8,nitrogen_dioxide,18.0,official_unit_by_magnitude,V
datos_madrid,air_quality_accumulated,2026-05-06,2026-05-06T11:00,,,40,8,nitrogen_dioxide,11.0,official_unit_by_magnitude,V
datos_madrid,air_quality_accumulated,2026-05-06,2026-05-06T12:00,,,40,8,nitrogen_dioxide,9.0,official_unit_by_magnitude,V
datos_madrid,air_quality_accumulated,2026-05-06,2026-05-06T13:00,,,40,8,nitrogen_dioxide,10.0,official_unit_by_magnitude,V
datos_madrid,air_quality_accumulated,2026-05-06,2026-05-06T14:00,,,40,8,nitrogen_dioxide,9.0,official_unit_by_magnitude,V
datos_madrid,air_quality_accumulated,2026-05-06,2026-05-06T15:00,,,40,8,nitrogen_dioxide,10.0,official_unit_by_magnitude,V
datos_madrid,air_quality_accumulated,2026-05-06,2026-05-06T16:00,,,40,8,nitrogen_dioxide,12.0,official_unit_by_magnitude,V
datos_madrid,air_quality_accumulated,2026-05-06,2026-05-06T17:00,,,40,8,nitrogen_dioxide,11.0,official_unit_by_magnitude,V
datos_madrid,air_quality_accumulated,2026-05-06,2026-05-06T18:00,,,40,8,nitrogen_dioxide,11.0,official_unit_by_magnitude,V
datos_madrid,air_quality_accumulated,2026-05-06,2026-05-06T19:00,,,40,8,nitrogen_dioxide,17.0,official_unit_by_magnitude,V
datos_madrid,air_quality_accumulated,2026-05-06,2026-05-06T20:00,,,40,8,nitrogen_dioxide,22.0,official_unit_by_magnitude,V
datos_madrid,air_quality_accumulated,2026-05-06,2026-05-06T21:00,,,40,8,nitrogen_dioxide,29.0,official_unit_by_magnitude,V
datos_madrid,air_quality_accumulated,2026-05-06,2026-05-06T22:00,,,40,8,nitrogen_dioxide,45.0,official_unit_by_magnitude,V
datos_madrid,air_quality_accumulated,2026-05-06,2026-05-06T23:00,,,40,8,nitrogen_dioxide,55.0,official_unit_by_magnitude,V
datos_madrid,air_quality_accumulated,2026-05-06,2026-05-06T00:00,,,47,10,particles_pm10,5.0,official_unit_by_magnitude,V
datos_madrid,air_quality_accumulated,2026-05-06,2026-05-06T01:00,,,47,10,particles_pm10,9.0,official_unit_by_magnitude,V
datos_madrid,air_quality_accumulated,2026-05-06,2026-05-06T02:00,,,47,10,particles_pm10,3.0,official_unit_by_magnitude,V
datos_madrid,air_quality_accumulated,2026-05-06,2026-05-06T03:00,,,47,10,particles_pm10,0.0,official_unit_by_magnitude,N
datos_madrid,air_quality_accumulated,2026-05-06,2026-05-06T04:00,,,47,10,particles_pm10,7.0,official_unit_by_magnitude,V
datos_madrid,air_quality_accumulated,2026-05-06,2026-05-06T05:00,,,47,10,particles_pm10,9.0,official_unit_by_magnitude,V
datos_madrid,air_quality_accumulated,2026-05-06,2026-05-06T06:00,,,47,10,particles_pm10,4.0,official_unit_by_magnitude,V
datos_madrid,air_quality_accumulated,2026-05-06,2026-05-06T07:00,,,47,10,particles_pm10,0.0,official_unit_by_magnitude,N
datos_madrid,air_quality_accumulated,2026-05-06,2026-05-06T08:00,,,47,10,particles_pm10,11.0,official_unit_by_magnitude,V
datos_madrid,air_quality_accumulated,2026-05-06,2026-05-06T09:00,,,47,10,particles_pm10,14.0,official_unit_by_magnitude,V
datos_madrid,air_quality_accumulated,2026-05-06,2026-05-06T10:00,,,47,10,particles_pm10,0.0,official_unit_by_magnitude,V
datos_madrid,air_quality_accumulated,2026-05-06,2026-05-06T11:00,,,47,10,particles_pm10,2.0,official_unit_by_magnitude,V
datos_madrid,air_quality_accumulated,2026-05-06,2026-05-06T12:00,,,47,10,particles_pm10,8.0,official_unit_by_magnitude,V
datos_madrid,air_quality_accumulated,2026-05-06,2026-05-06T13:00,,,47,10,particles_pm10,7.0,official_unit_by_magnitude,V
datos_madrid,air_quality_accumulated,2026-05-06,2026-05-06T14:00,,,47,10,particles_pm10,8.0,official_unit_by_magnitude,V
datos_madrid,air_quality_accumulated,2026-05-06,2026-05-06T15:00,,,47,10,particles_pm10,7.0,official_unit_by_magnitude,V
datos_madrid,air_quality_accumulated,2026-05-06,2026-05-06T16:00,,,47,10,particles_pm10,10.0,official_unit_by_magnitude,V
datos_madrid,air_quality_accumulated,2026-05-06,2026-05-06T17:00,,,47,10,particles_pm10,10.0,official_unit_by_magnitude,V
datos_madrid,air_quality_accumulated,2026-05-06,2026-05-06T18:00,,,47,10,particles_pm10,9.0,official_unit_by_magnitude,V
datos_madrid,air_quality_accumulated,2026-05-06,2026-05-06T19:00,,,47,10,particles_pm10,13.0,official_unit_by_magnitude,V
datos_madrid,air_quality_accumulated,2026-05-06,2026-05-06T20:00,,,47,10,particles_pm10,13.0,official_unit_by_magnitude,V
datos_madrid,air_quality_accumulated,2026-05-06,2026-05-06T21:00,,,47,10,particles_pm10,12.0,official_unit_by_magnitude,V
datos_madrid,air_quality_accumulated,2026-05-06,2026-05-06T22:00,,,47,10,particles_pm10,18.0,official_unit_by_magnitude,V
datos_madrid,air_quality_accumulated,2026-05-06,2026-05-06T23:00,,,47,10,particles_pm10,22.0,official_unit_by_magnitude,V
datos_madrid,air_quality_accumulated,2026-05-06,2026-05-06T00:00,,,47,12,nitrogen_oxides,8.0,official_unit_by_magnitude,V
datos_madrid,air_quality_accumulated,2026-05-06,2026-05-06T01:00,,,47,12,nitrogen_oxides,13.0,official_unit_by_magnitude,V
datos_madrid,air_quality_accumulated,2026-05-06,2026-05-06T02:00,,,47,12,nitrogen_oxides,8.0,official_unit_by_magnitude,V
datos_madrid,air_quality_accumulated,2026-05-06,2026-05-06T03:00,,,47,12,nitrogen_oxides,7.0,official_unit_by_magnitude,V
datos_madrid,air_quality_accumulated,2026-05-06,2026-05-06T04:00,,,47,12,nitrogen_oxides,12.0,official_unit_by_magnitude,V
datos_madrid,air_quality_accumulated,2026-05-06,2026-05-06T05:00,,,47,12,nitrogen_oxides,11.0,official_unit_by_magnitude,V
datos_madrid,air_quality_accumulated,2026-05-06,2026-05-06T06:00,,,47,12,nitrogen_oxides,12.0,official_unit_by_magnitude,V
datos_madrid,air_quality_accumulated,2026-05-06,2026-05-06T07:00,,,47,12,nitrogen_oxides,41.0,official_unit_by_magnitude,V
datos_madrid,air_quality_accumulated,2026-05-06,2026-05-06T08:00,,,47,12,nitrogen_oxides,60.0,official_unit_by_magnitude,V
datos_madrid,air_quality_accumulated,2026-05-06,2026-05-06T09:00,,,47,12,nitrogen_oxides,0.0,official_unit_by_magnitude,N
datos_madrid,air_quality_accumulated,2026-05-06,2026-05-06T10:00,,,47,12,nitrogen_oxides,0.0,official_unit_by_magnitude,N
datos_madrid,air_quality_accumulated,2026-05-06,2026-05-06T11:00,,,47,12,nitrogen_oxides,15.0,official_unit_by_magnitude,V
datos_madrid,air_quality_accumulated,2026-05-06,2026-05-06T12:00,,,47,12,nitrogen_oxides,11.0,official_unit_by_magnitude,V
datos_madrid,air_quality_accumulated,2026-05-06,2026-05-06T13:00,,,47,12,nitrogen_oxides,10.0,official_unit_by_magnitude,V
datos_madrid,air_quality_accumulated,2026-05-06,2026-05-06T14:00,,,47,12,nitrogen_oxides,10.0,official_unit_by_magnitude,V
datos_madrid,air_quality_accumulated,2026-05-06,2026-05-06T15:00,,,47,12,nitrogen_oxides,12.0,official_unit_by_magnitude,V
datos_madrid,air_quality_accumulated,2026-05-06,2026-05-06T16:00,,,47,12,nitrogen_oxides,13.0,official_unit_by_magnitude,V
datos_madrid,air_quality_accumulated,2026-05-06,2026-05-06T17:00,,,47,12,nitrogen_oxides,10.0,official_unit_by_magnitude,V
datos_madrid,air_quality_accumulated,2026-05-06,2026-05-06T18:00,,,47,12,nitrogen_oxides,14.0,official_unit_by_magnitude,V
datos_madrid,air_quality_accumulated,2026-05-06,2026-05-06T19:00,,,47,12,nitrogen_oxides,13.0,official_unit_by_magnitude,V
datos_madrid,air_quality_accumulated,2026-05-06,2026-05-06T20:00,,,47,12,nitrogen_oxides,12.0,official_unit_by_magnitude,V
datos_madrid,air_quality_accumulated,2026-05-06,2026-05-06T21:00,,,47,12,nitrogen_oxides,16.0,official_unit_by_magnitude,V
datos_madrid,air_quality_accumulated,2026-05-06,2026-05-06T22:00,,,47,12,nitrogen_oxides,50.0,official_unit_by_magnitude,V
datos_madrid,air_quality_accumulated,2026-05-06,2026-05-06T23:00,,,47,12,nitrogen_oxides,69.0,official_unit_by_magnitude,V
datos_madrid,air_quality_accumulated,2026-05-06,2026-05-06T00:00,,,47,7,nitrogen_monoxide,0.0,official_unit_by_magnitude,V
datos_madrid,air_quality_accumulated,2026-05-06,2026-05-06T01:00,,,47,7,nitrogen_monoxide,0.0,official_unit_by_magnitude,V
datos_madrid,air_quality_accumulated,2026-05-06,2026-05-06T02:00,,,47,7,nitrogen_monoxide,0.0,official_unit_by_magnitude,V
datos_madrid,air_quality_accumulated,2026-05-06,2026-05-06T03:00,,,47,7,nitrogen_monoxide,0.0,official_unit_by_magnitude,V
datos_madrid,air_quality_accumulated,2026-05-06,2026-05-06T04:00,,,47,7,nitrogen_monoxide,1.0,official_unit_by_magnitude,V
datos_madrid,air_quality_accumulated,2026-05-06,2026-05-06T05:00,,,47,7,nitrogen_monoxide,0.0,official_unit_by_magnitude,V
datos_madrid,air_quality_accumulated,2026-05-06,2026-05-06T06:00,,,47,7,nitrogen_monoxide,0.0,official_unit_by_magnitude,V
datos_madrid,air_quality_accumulated,2026-05-06,2026-05-06T07:00,,,47,7,nitrogen_monoxide,4.0,official_unit_by_magnitude,V
datos_madrid,air_quality_accumulated,2026-05-06,2026-05-06T08:00,,,47,7,nitrogen_monoxide,13.0,official_unit_by_magnitude,V
datos_madrid,air_quality_accumulated,2026-05-06,2026-05-06T09:00,,,47,7,nitrogen_monoxide,0.0,official_unit_by_magnitude,N
datos_madrid,air_quality_accumulated,2026-05-06,2026-05-06T10:00,,,47,7,nitrogen_monoxide,0.0,official_unit_by_magnitude,N
datos_madrid,air_quality_accumulated,2026-05-06,2026-05-06T11:00,,,47,7,nitrogen_monoxide,3.0,official_unit_by_magnitude,V
datos_madrid,air_quality_accumulated,2026-05-06,2026-05-06T12:00,,,47,7,nitrogen_monoxide,2.0,official_unit_by_magnitude,V
datos_madrid,air_quality_accumulated,2026-05-06,2026-05-06T13:00,,,47,7,nitrogen_monoxide,2.0,official_unit_by_magnitude,V
datos_madrid,air_quality_accumulated,2026-05-06,2026-05-06T14:00,,,47,7,nitrogen_monoxide,2.0,official_unit_by_magnitude,V
datos_madrid,air_quality_accumulated,2026-05-06,2026-05-06T15:00,,,47,7,nitrogen_monoxide,2.0,official_unit_by_magnitude,V
datos_madrid,air_quality_accumulated,2026-05-06,2026-05-06T16:00,,,47,7,nitrogen_monoxide,2.0,official_unit_by_magnitude,V
datos_madrid,air_quality_accumulated,2026-05-06,2026-05-06T17:00,,,47,7,nitrogen_monoxide,1.0,official_unit_by_magnitude,V
datos_madrid,air_quality_accumulated,2026-05-06,2026-05-06T18:00,,,47,7,nitrogen_monoxide,1.0,official_unit_by_magnitude,V
datos_madrid,air_quality_accumulated,2026-05-06,2026-05-06T19:00,,,47,7,nitrogen_monoxide,1.0,official_unit_by_magnitude,V
datos_madrid,air_quality_accumulated,2026-05-06,2026-05-06T20:00,,,47,7,nitrogen_monoxide,1.0,official_unit_by_magnitude,V
datos_madrid,air_quality_accumulated,2026-05-06,2026-05-06T21:00,,,47,7,nitrogen_monoxide,0.0,official_unit_by_magnitude,V
datos_madrid,air_quality_accumulated,2026-05-06,2026-05-06T22:00,,,47,7,nitrogen_monoxide,1.0,official_unit_by_magnitude,V
datos_madrid,air_quality_accumulated,2026-05-06,2026-05-06T23:00,,,47,7,nitrogen_monoxide,0.0,official_unit_by_magnitude,V
datos_madrid,air_quality_accumulated,2026-05-06,2026-05-06T00:00,,,47,8,nitrogen_dioxide,7.0,official_unit_by_magnitude,V
datos_madrid,air_quality_accumulated,2026-05-06,2026-05-06T01:00,,,47,8,nitrogen_dioxide,13.0,official_unit_by_magnitude,V
datos_madrid,air_quality_accumulated,2026-05-06,2026-05-06T02:00,,,47,8,nitrogen_dioxide,7.0,official_unit_by_magnitude,V
datos_madrid,air_quality_accumulated,2026-05-06,2026-05-06T03:00,,,47,8,nitrogen_dioxide,7.0,official_unit_by_magnitude,V
datos_madrid,air_quality_accumulated,2026-05-06,2026-05-06T04:00,,,47,8,nitrogen_dioxide,11.0,official_unit_by_magnitude,V
datos_madrid,air_quality_accumulated,2026-05-06,2026-05-06T05:00,,,47,8,nitrogen_dioxide,11.0,official_unit_by_magnitude,V
datos_madrid,air_quality_accumulated,2026-05-06,2026-05-06T06:00,,,47,8,nitrogen_dioxide,12.0,official_unit_by_magnitude,V
datos_madrid,air_quality_accumulated,2026-05-06,2026-05-06T07:00,,,47,8,nitrogen_dioxide,35.0,official_unit_by_magnitude,V
datos_madrid,air_quality_accumulated,2026-05-06,2026-05-06T08:00,,,47,8,nitrogen_dioxide,41.0,official_unit_by_magnitude,V
datos_madrid,air_quality_accumulated,2026-05-06,2026-05-06T09:00,,,47,8,nitrogen_dioxide,0.0,official_unit_by_magnitude,N
datos_madrid,air_quality_accumulated,2026-05-06,2026-05-06T10:00,,,47,8,nitrogen_dioxide,0.0,official_unit_by_magnitude,N
datos_madrid,air_quality_accumulated,2026-05-06,2026-05-06T11:00,,,47,8,nitrogen_dioxide,11.0,official_unit_by_magnitude,V
datos_madrid,air_quality_accumulated,2026-05-06,2026-05-06T12:00,,,47,8,nitrogen_dioxide,8.0,official_unit_by_magnitude,V
datos_madrid,air_quality_accumulated,2026-05-06,2026-05-06T13:00,,,47,8,nitrogen_dioxide,7.0,official_unit_by_magnitude,V
datos_madrid,air_quality_accumulated,2026-05-06,2026-05-06T14:00,,,47,8,nitrogen_dioxide,7.0,official_unit_by_magnitude,V
datos_madrid,air_quality_accumulated,2026-05-06,2026-05-06T15:00,,,47,8,nitrogen_dioxide,9.0,official_unit_by_magnitude,V
datos_madrid,air_quality_accumulated,2026-05-06,2026-05-06T16:00,,,47,8,nitrogen_dioxide,10.0,official_unit_by_magnitude,V
datos_madrid,air_quality_accumulated,2026-05-06,2026-05-06T17:00,,,47,8,nitrogen_dioxide,9.0,official_unit_by_magnitude,V
datos_madrid,air_quality_accumulated,2026-05-06,2026-05-06T18:00,,,47,8,nitrogen_dioxide,12.0,official_unit_by_magnitude,V
datos_madrid,air_quality_accumulated,2026-05-06,2026-05-06T19:00,,,47,8,nitrogen_dioxide,12.0,official_unit_by_magnitude,V
datos_madrid,air_quality_accumulated,2026-05-06,2026-05-06T20:00,,,47,8,nitrogen_dioxide,11.0,official_unit_by_magnitude,V
datos_madrid,air_quality_accumulated,2026-05-06,2026-05-06T21:00,,,47,8,nitrogen_dioxide,15.0,official_unit_by_magnitude,V
datos_madrid,air_quality_accumulated,2026-05-06,2026-05-06T22:00,,,47,8,nitrogen_dioxide,49.0,official_unit_by_magnitude,V
datos_madrid,air_quality_accumulated,2026-05-06,2026-05-06T23:00,,,47,8,nitrogen_dioxide,68.0,official_unit_by_magnitude,V
datos_madrid,air_quality_accumulated,2026-05-06,2026-05-06T00:00,,,47,9,particles_pm2_5,3.0,official_unit_by_magnitude,V
datos_madrid,air_quality_accumulated,2026-05-06,2026-05-06T01:00,,,47,9,particles_pm2_5,5.0,official_unit_by_magnitude,V
datos_madrid,air_quality_accumulated,2026-05-06,2026-05-06T02:00,,,47,9,particles_pm2_5,2.0,official_unit_by_magnitude,V
datos_madrid,air_quality_accumulated,2026-05-06,2026-05-06T03:00,,,47,9,particles_pm2_5,0.0,official_unit_by_magnitude,N
datos_madrid,air_quality_accumulated,2026-05-06,2026-05-06T04:00,,,47,9,particles_pm2_5,6.0,official_unit_by_magnitude,V
datos_madrid,air_quality_accumulated,2026-05-06,2026-05-06T05:00,,,47,9,particles_pm2_5,7.0,official_unit_by_magnitude,V
datos_madrid,air_quality_accumulated,2026-05-06,2026-05-06T06:00,,,47,9,particles_pm2_5,2.0,official_unit_by_magnitude,V
datos_madrid,air_quality_accumulated,2026-05-06,2026-05-06T07:00,,,47,9,particles_pm2_5,0.0,official_unit_by_magnitude,N
datos_madrid,air_quality_accumulated,2026-05-06,2026-05-06T08:00,,,47,9,particles_pm2_5,7.0,official_unit_by_magnitude,V
datos_madrid,air_quality_accumulated,2026-05-06,2026-05-06T09:00,,,47,9,particles_pm2_5,7.0,official_unit_by_magnitude,V
datos_madrid,air_quality_accumulated,2026-05-06,2026-05-06T10:00,,,47,9,particles_pm2_5,0.0,official_unit_by_magnitude,V
datos_madrid,air_quality_accumulated,2026-05-06,2026-05-06T11:00,,,47,9,particles_pm2_5,1.0,official_unit_by_magnitude,V
datos_madrid,air_quality_accumulated,2026-05-06,2026-05-06T12:00,,,47,9,particles_pm2_5,3.0,official_unit_by_magnitude,V
datos_madrid,air_quality_accumulated,2026-05-06,2026-05-06T13:00,,,47,9,particles_pm2_5,3.0,official_unit_by_magnitude,V
datos_madrid,air_quality_accumulated,2026-05-06,2026-05-06T14:00,,,47,9,particles_pm2_5,4.0,official_unit_by_magnitude,V
datos_madrid,air_quality_accumulated,2026-05-06,2026-05-06T15:00,,,47,9,particles_pm2_5,2.0,official_unit_by_magnitude,V
datos_madrid,air_quality_accumulated,2026-05-06,2026-05-06T16:00,,,47,9,particles_pm2_5,4.0,official_unit_by_magnitude,V
datos_madrid,air_quality_accumulated,2026-05-06,2026-05-06T17:00,,,47,9,particles_pm2_5,4.0,official_unit_by_magnitude,V
datos_madrid,air_quality_accumulated,2026-05-06,2026-05-06T18:00,,,47,9,particles_pm2_5,4.0,official_unit_by_magnitude,V
datos_madrid,air_quality_accumulated,2026-05-06,2026-05-06T19:00,,,47,9,particles_pm2_5,6.0,official_unit_by_magnitude,V
datos_madrid,air_quality_accumulated,2026-05-06,2026-05-06T20:00,,,47,9,particles_pm2_5,5.0,official_unit_by_magnitude,V
datos_madrid,air_quality_accumulated,2026-05-06,2026-05-06T21:00,,,47,9,particles_pm2_5,5.0,official_unit_by_magnitude,V
datos_madrid,air_quality_accumulated,2026-05-06,2026-05-06T22:00,,,47,9,particles_pm2_5,10.0,official_unit_by_magnitude,V
datos_madrid,air_quality_accumulated,2026-05-06,2026-05-06T23:00,,,47,9,particles_pm2_5,12.0,official_unit_by_magnitude,V
datos_madrid,air_quality_accumulated,2026-05-06,2026-05-06T00:00,,,48,10,particles_pm10,5.0,official_unit_by_magnitude,V
datos_madrid,air_quality_accumulated,2026-05-06,2026-05-06T01:00,,,48,10,particles_pm10,4.0,official_unit_by_magnitude,V
datos_madrid,air_quality_accumulated,2026-05-06,2026-05-06T02:00,,,48,10,particles_pm10,4.0,official_unit_by_magnitude,V
datos_madrid,air_quality_accumulated,2026-05-06,2026-05-06T03:00,,,48,10,particles_pm10,8.0,official_unit_by_magnitude,V
datos_madrid,air_quality_accumulated,2026-05-06,2026-05-06T04:00,,,48,10,particles_pm10,0.0,official_unit_by_magnitude,N
datos_madrid,air_quality_accumulated,2026-05-06,2026-05-06T05:00,,,48,10,particles_pm10,0.0,official_unit_by_magnitude,N
datos_madrid,air_quality_accumulated,2026-05-06,2026-05-06T06:00,,,48,10,particles_pm10,4.0,official_unit_by_magnitude,V
datos_madrid,air_quality_accumulated,2026-05-06,2026-05-06T07:00,,,48,10,particles_pm10,4.0,official_unit_by_magnitude,V
datos_madrid,air_quality_accumulated,2026-05-06,2026-05-06T08:00,,,48,10,particles_pm10,8.0,official_unit_by_magnitude,V
datos_madrid,air_quality_accumulated,2026-05-06,2026-05-06T09:00,,,48,10,particles_pm10,4.0,official_unit_by_magnitude,V
datos_madrid,air_quality_accumulated,2026-05-06,2026-05-06T10:00,,,48,10,particles_pm10,6.0,official_unit_by_magnitude,V
datos_madrid,air_quality_accumulated,2026-05-06,2026-05-06T11:00,,,48,10,particles_pm10,7.0,official_unit_by_magnitude,V
datos_madrid,air_quality_accumulated,2026-05-06,2026-05-06T12:00,,,48,10,particles_pm10,8.0,official_unit_by_magnitude,V
datos_madrid,air_quality_accumulated,2026-05-06,2026-05-06T13:00,,,48,10,particles_pm10,15.0,official_unit_by_magnitude,V
datos_madrid,air_quality_accumulated,2026-05-06,2026-05-06T14:00,,,48,10,particles_pm10,0.0,official_unit_by_magnitude,N
datos_madrid,air_quality_accumulated,2026-05-06,2026-05-06T15:00,,,48,10,particles_pm10,0.0,official_unit_by_magnitude,V
datos_madrid,air_quality_accumulated,2026-05-06,2026-05-06T16:00,,,48,10,particles_pm10,0.0,official_unit_by_magnitude,V
datos_madrid,air_quality_accumulated,2026-05-06,2026-05-06T17:00,,,48,10,particles_pm10,1.0,official_unit_by_magnitude,V
datos_madrid,air_quality_accumulated,2026-05-06,2026-05-06T18:00,,,48,10,particles_pm10,0.0,official_unit_by_magnitude,N
datos_madrid,air_quality_accumulated,2026-05-06,2026-05-06T19:00,,,48,10,particles_pm10,9.0,official_unit_by_magnitude,V
datos_madrid,air_quality_accumulated,2026-05-06,2026-05-06T20:00,,,48,10,particles_pm10,4.0,official_unit_by_magnitude,V
datos_madrid,air_quality_accumulated,2026-05-06,2026-05-06T21:00,,,48,10,particles_pm10,12.0,official_unit_by_magnitude,V
datos_madrid,air_quality_accumulated,2026-05-06,2026-05-06T22:00,,,48,10,particles_pm10,15.0,official_unit_by_magnitude,V
datos_madrid,air_quality_accumulated,2026-05-06,2026-05-06T23:00,,,48,10,particles_pm10,11.0,official_unit_by_magnitude,V
datos_madrid,air_quality_accumulated,2026-05-06,2026-05-06T00:00,,,48,12,nitrogen_oxides,9.0,official_unit_by_magnitude,V
datos_madrid,air_quality_accumulated,2026-05-06,2026-05-06T01:00,,,48,12,nitrogen_oxides,6.0,official_unit_by_magnitude,V
datos_madrid,air_quality_accumulated,2026-05-06,2026-05-06T02:00,,,48,12,nitrogen_oxides,6.0,official_unit_by_magnitude,V
datos_madrid,air_quality_accumulated,2026-05-06,2026-05-06T03:00,,,48,12,nitrogen_oxides,7.0,official_unit_by_magnitude,V
datos_madrid,air_quality_accumulated,2026-05-06,2026-05-06T04:00,,,48,12,nitrogen_oxides,9.0,official_unit_by_magnitude,V
datos_madrid,air_quality_accumulated,2026-05-06,2026-05-06T05:00,,,48,12,nitrogen_oxides,11.0,official_unit_by_magnitude,V
datos_madrid,air_quality_accumulated,2026-05-06,2026-05-06T06:00,,,48,12,nitrogen_oxides,14.0,official_unit_by_magnitude,V
datos_madrid,air_quality_accumulated,2026-05-06,2026-05-06T07:00,,,48,12,nitrogen_oxides,25.0,official_unit_by_magnitude,V
datos_madrid,air_quality_accumulated,2026-05-06,2026-05-06T08:00,,,48,12,nitrogen_oxides,24.0,official_unit_by_magnitude,V
datos_madrid,air_quality_accumulated,2026-05-06,2026-05-06T09:00,,,48,12,nitrogen_oxides,23.0,official_unit_by_magnitude,V
datos_madrid,air_quality_accumulated,2026-05-06,2026-05-06T10:00,,,48,12,nitrogen_oxides,17.0,official_unit_by_magnitude,V
datos_madrid,air_quality_accumulated,2026-05-06,2026-05-06T11:00,,,48,12,nitrogen_oxides,14.0,official_unit_by_magnitude,V
datos_madrid,air_quality_accumulated,2026-05-06,2026-05-06T12:00,,,48,12,nitrogen_oxides,12.0,official_unit_by_magnitude,V
datos_madrid,air_quality_accumulated,2026-05-06,2026-05-06T13:00,,,48,12,nitrogen_oxides,15.0,official_unit_by_magnitude,V
datos_madrid,air_quality_accumulated,2026-05-06,2026-05-06T14:00,,,48,12,nitrogen_oxides,14.0,official_unit_by_magnitude,V
datos_madrid,air_quality_accumulated,2026-05-06,2026-05-06T15:00,,,48,12,nitrogen_oxides,15.0,official_unit_by_magnitude,V
datos_madrid,air_quality_accumulated,2026-05-06,2026-05-06T16:00,,,48,12,nitrogen_oxides,16.0,official_unit_by_magnitude,V
datos_madrid,air_quality_accumulated,2026-05-06,2026-05-06T17:00,,,48,12,nitrogen_oxides,16.0,official_unit_by_magnitude,V
datos_madrid,air_quality_accumulated,2026-05-06,2026-05-06T18:00,,,48,12,nitrogen_oxides,15.0,official_unit_by_magnitude,V
datos_madrid,air_quality_accumulated,2026-05-06,2026-05-06T19:00,,,48,12,nitrogen_oxides,20.0,official_unit_by_magnitude,V
datos_madrid,air_quality_accumulated,2026-05-06,2026-05-06T20:00,,,48,12,nitrogen_oxides,23.0,official_unit_by_magnitude,V
datos_madrid,air_quality_accumulated,2026-05-06,2026-05-06T21:00,,,48,12,nitrogen_oxides,20.0,official_unit_by_magnitude,V
datos_madrid,air_quality_accumulated,2026-05-06,2026-05-06T22:00,,,48,12,nitrogen_oxides,32.0,official_unit_by_magnitude,V
datos_madrid,air_quality_accumulated,2026-05-06,2026-05-06T23:00,,,48,12,nitrogen_oxides,52.0,official_unit_by_magnitude,V
datos_madrid,air_quality_accumulated,2026-05-06,2026-05-06T00:00,,,48,7,nitrogen_monoxide,0.0,official_unit_by_magnitude,V
datos_madrid,air_quality_accumulated,2026-05-06,2026-05-06T01:00,,,48,7,nitrogen_monoxide,0.0,official_unit_by_magnitude,V
datos_madrid,air_quality_accumulated,2026-05-06,2026-05-06T02:00,,,48,7,nitrogen_monoxide,0.0,official_unit_by_magnitude,V
datos_madrid,air_quality_accumulated,2026-05-06,2026-05-06T03:00,,,48,7,nitrogen_monoxide,0.0,official_unit_by_magnitude,V
datos_madrid,air_quality_accumulated,2026-05-06,2026-05-06T04:00,,,48,7,nitrogen_monoxide,0.0,official_unit_by_magnitude,V
datos_madrid,air_quality_accumulated,2026-05-06,2026-05-06T05:00,,,48,7,nitrogen_monoxide,0.0,official_unit_by_magnitude,V
datos_madrid,air_quality_accumulated,2026-05-06,2026-05-06T06:00,,,48,7,nitrogen_monoxide,0.0,official_unit_by_magnitude,V
datos_madrid,air_quality_accumulated,2026-05-06,2026-05-06T07:00,,,48,7,nitrogen_monoxide,1.0,official_unit_by_magnitude,V
datos_madrid,air_quality_accumulated,2026-05-06,2026-05-06T08:00,,,48,7,nitrogen_monoxide,1.0,official_unit_by_magnitude,V
datos_madrid,air_quality_accumulated,2026-05-06,2026-05-06T09:00,,,48,7,nitrogen_monoxide,2.0,official_unit_by_magnitude,V
datos_madrid,air_quality_accumulated,2026-05-06,2026-05-06T10:00,,,48,7,nitrogen_monoxide,2.0,official_unit_by_magnitude,V
datos_madrid,air_quality_accumulated,2026-05-06,2026-05-06T11:00,,,48,7,nitrogen_monoxide,2.0,official_unit_by_magnitude,V
datos_madrid,air_quality_accumulated,2026-05-06,2026-05-06T12:00,,,48,7,nitrogen_monoxide,2.0,official_unit_by_magnitude,V
datos_madrid,air_quality_accumulated,2026-05-06,2026-05-06T13:00,,,48,7,nitrogen_monoxide,2.0,official_unit_by_magnitude,V
datos_madrid,air_quality_accumulated,2026-05-06,2026-05-06T14:00,,,48,7,nitrogen_monoxide,2.0,official_unit_by_magnitude,V
datos_madrid,air_quality_accumulated,2026-05-06,2026-05-06T15:00,,,48,7,nitrogen_monoxide,2.0,official_unit_by_magnitude,V
datos_madrid,air_quality_accumulated,2026-05-06,2026-05-06T16:00,,,48,7,nitrogen_monoxide,1.0,official_unit_by_magnitude,V
datos_madrid,air_quality_accumulated,2026-05-06,2026-05-06T17:00,,,48,7,nitrogen_monoxide,2.0,official_unit_by_magnitude,V
datos_madrid,air_quality_accumulated,2026-05-06,2026-05-06T18:00,,,48,7,nitrogen_monoxide,1.0,official_unit_by_magnitude,V
datos_madrid,air_quality_accumulated,2026-05-06,2026-05-06T19:00,,,48,7,nitrogen_monoxide,1.0,official_unit_by_magnitude,V
datos_madrid,air_quality_accumulated,2026-05-06,2026-05-06T20:00,,,48,7,nitrogen_monoxide,1.0,official_unit_by_magnitude,V
datos_madrid,air_quality_accumulated,2026-05-06,2026-05-06T21:00,,,48,7,nitrogen_monoxide,0.0,official_unit_by_magnitude,V
datos_madrid,air_quality_accumulated,2026-05-06,2026-05-06T22:00,,,48,7,nitrogen_monoxide,0.0,official_unit_by_magnitude,V
datos_madrid,air_quality_accumulated,2026-05-06,2026-05-06T23:00,,,48,7,nitrogen_monoxide,0.0,official_unit_by_magnitude,V
datos_madrid,air_quality_accumulated,2026-05-06,2026-05-06T00:00,,,48,8,nitrogen_dioxide,9.0,official_unit_by_magnitude,V
datos_madrid,air_quality_accumulated,2026-05-06,2026-05-06T01:00,,,48,8,nitrogen_dioxide,6.0,official_unit_by_magnitude,V
datos_madrid,air_quality_accumulated,2026-05-06,2026-05-06T02:00,,,48,8,nitrogen_dioxide,6.0,official_unit_by_magnitude,V
datos_madrid,air_quality_accumulated,2026-05-06,2026-05-06T03:00,,,48,8,nitrogen_dioxide,7.0,official_unit_by_magnitude,V
datos_madrid,air_quality_accumulated,2026-05-06,2026-05-06T04:00,,,48,8,nitrogen_dioxide,9.0,official_unit_by_magnitude,V
datos_madrid,air_quality_accumulated,2026-05-06,2026-05-06T05:00,,,48,8,nitrogen_dioxide,11.0,official_unit_by_magnitude,V
datos_madrid,air_quality_accumulated,2026-05-06,2026-05-06T06:00,,,48,8,nitrogen_dioxide,14.0,official_unit_by_magnitude,V
datos_madrid,air_quality_accumulated,2026-05-06,2026-05-06T07:00,,,48,8,nitrogen_dioxide,24.0,official_unit_by_magnitude,V
datos_madrid,air_quality_accumulated,2026-05-06,2026-05-06T08:00,,,48,8,nitrogen_dioxide,22.0,official_unit_by_magnitude,V
datos_madrid,air_quality_accumulated,2026-05-06,2026-05-06T09:00,,,48,8,nitrogen_dioxide,20.0,official_unit_by_magnitude,V
datos_madrid,air_quality_accumulated,2026-05-06,2026-05-06T10:00,,,48,8,nitrogen_dioxide,14.0,official_unit_by_magnitude,V
datos_madrid,air_quality_accumulated,2026-05-06,2026-05-06T11:00,,,48,8,nitrogen_dioxide,11.0,official_unit_by_magnitude,V
datos_madrid,air_quality_accumulated,2026-05-06,2026-05-06T12:00,,,48,8,nitrogen_dioxide,10.0,official_unit_by_magnitude,V
datos_madrid,air_quality_accumulated,2026-05-06,2026-05-06T13:00,,,48,8,nitrogen_dioxide,12.0,official_unit_by_magnitude,V
datos_madrid,air_quality_accumulated,2026-05-06,2026-05-06T14:00,,,48,8,nitrogen_dioxide,11.0,official_unit_by_magnitude,V
datos_madrid,air_quality_accumulated,2026-05-06,2026-05-06T15:00,,,48,8,nitrogen_dioxide,13.0,official_unit_by_magnitude,V
datos_madrid,air_quality_accumulated,2026-05-06,2026-05-06T16:00,,,48,8,nitrogen_dioxide,14.0,official_unit_by_magnitude,V
datos_madrid,air_quality_accumulated,2026-05-06,2026-05-06T17:00,,,48,8,nitrogen_dioxide,13.0,official_unit_by_magnitude,V
datos_madrid,air_quality_accumulated,2026-05-06,2026-05-06T18:00,,,48,8,nitrogen_dioxide,13.0,official_unit_by_magnitude,V
datos_madrid,air_quality_accumulated,2026-05-06,2026-05-06T19:00,,,48,8,nitrogen_dioxide,18.0,official_unit_by_magnitude,V
datos_madrid,air_quality_accumulated,2026-05-06,2026-05-06T20:00,,,48,8,nitrogen_dioxide,22.0,official_unit_by_magnitude,V
datos_madrid,air_quality_accumulated,2026-05-06,2026-05-06T21:00,,,48,8,nitrogen_dioxide,20.0,official_unit_by_magnitude,V
datos_madrid,air_quality_accumulated,2026-05-06,2026-05-06T22:00,,,48,8,nitrogen_dioxide,31.0,official_unit_by_magnitude,V
datos_madrid,air_quality_accumulated,2026-05-06,2026-05-06T23:00,,,48,8,nitrogen_dioxide,52.0,official_unit_by_magnitude,V
datos_madrid,air_quality_accumulated,2026-05-06,2026-05-06T00:00,,,48,9,particles_pm2_5,4.0,official_unit_by_magnitude,V
datos_madrid,air_quality_accumulated,2026-05-06,2026-05-06T01:00,,,48,9,particles_pm2_5,4.0,official_unit_by_magnitude,V
datos_madrid,air_quality_accumulated,2026-05-06,2026-05-06T02:00,,,48,9,particles_pm2_5,2.0,official_unit_by_magnitude,V
datos_madrid,air_quality_accumulated,2026-05-06,2026-05-06T03:00,,,48,9,particles_pm2_5,2.0,official_unit_by_magnitude,V
datos_madrid,air_quality_accumulated,2026-05-06,2026-05-06T04:00,,,48,9,particles_pm2_5,0.0,official_unit_by_magnitude,N
datos_madrid,air_quality_accumulated,2026-05-06,2026-05-06T05:00,,,48,9,particles_pm2_5,0.0,official_unit_by_magnitude,N
datos_madrid,air_quality_accumulated,2026-05-06,2026-05-06T06:00,,,48,9,particles_pm2_5,5.0,official_unit_by_magnitude,V
datos_madrid,air_quality_accumulated,2026-05-06,2026-05-06T07:00,,,48,9,particles_pm2_5,5.0,official_unit_by_magnitude,V
datos_madrid,air_quality_accumulated,2026-05-06,2026-05-06T08:00,,,48,9,particles_pm2_5,4.0,official_unit_by_magnitude,V
datos_madrid,air_quality_accumulated,2026-05-06,2026-05-06T09:00,,,48,9,particles_pm2_5,3.0,official_unit_by_magnitude,V
datos_madrid,air_quality_accumulated,2026-05-06,2026-05-06T10:00,,,48,9,particles_pm2_5,6.0,official_unit_by_magnitude,V
datos_madrid,air_quality_accumulated,2026-05-06,2026-05-06T11:00,,,48,9,particles_pm2_5,4.0,official_unit_by_magnitude,V
datos_madrid,air_quality_accumulated,2026-05-06,2026-05-06T12:00,,,48,9,particles_pm2_5,1.0,official_unit_by_magnitude,V
datos_madrid,air_quality_accumulated,2026-05-06,2026-05-06T13:00,,,48,9,particles_pm2_5,3.0,official_unit_by_magnitude,V
datos_madrid,air_quality_accumulated,2026-05-06,2026-05-06T14:00,,,48,9,particles_pm2_5,0.0,official_unit_by_magnitude,N
datos_madrid,air_quality_accumulated,2026-05-06,2026-05-06T15:00,,,48,9,particles_pm2_5,0.0,official_unit_by_magnitude,V
datos_madrid,air_quality_accumulated,2026-05-06,2026-05-06T16:00,,,48,9,particles_pm2_5,0.0,official_unit_by_magnitude,V
datos_madrid,air_quality_accumulated,2026-05-06,2026-05-06T17:00,,,48,9,particles_pm2_5,0.0,official_unit_by_magnitude,V
datos_madrid,air_quality_accumulated,2026-05-06,2026-05-06T18:00,,,48,9,particles_pm2_5,0.0,official_unit_by_magnitude,N
datos_madrid,air_quality_accumulated,2026-05-06,2026-05-06T19:00,,,48,9,particles_pm2_5,4.0,official_unit_by_magnitude,V
datos_madrid,air_quality_accumulated,2026-05-06,2026-05-06T20:00,,,48,9,particles_pm2_5,0.0,official_unit_by_magnitude,V
datos_madrid,air_quality_accumulated,2026-05-06,2026-05-06T21:00,,,48,9,particles_pm2_5,4.0,official_unit_by_magnitude,V
datos_madrid,air_quality_accumulated,2026-05-06,2026-05-06T22:00,,,48,9,particles_pm2_5,7.0,official_unit_by_magnitude,V
datos_madrid,air_quality_accumulated,2026-05-06,2026-05-06T23:00,,,48,9,particles_pm2_5,6.0,official_unit_by_magnitude,V
datos_madrid,air_quality_accumulated,2026-05-06,2026-05-06T00:00,,,49,12,nitrogen_oxides,8.0,official_unit_by_magnitude,V
datos_madrid,air_quality_accumulated,2026-05-06,2026-05-06T01:00,,,49,12,nitrogen_oxides,9.0,official_unit_by_magnitude,V
datos_madrid,air_quality_accumulated,2026-05-06,2026-05-06T02:00,,,49,12,nitrogen_oxides,7.0,official_unit_by_magnitude,V
datos_madrid,air_quality_accumulated,2026-05-06,2026-05-06T03:00,,,49,12,nitrogen_oxides,6.0,official_unit_by_magnitude,V
datos_madrid,air_quality_accumulated,2026-05-06,2026-05-06T04:00,,,49,12,nitrogen_oxides,6.0,official_unit_by_magnitude,V
datos_madrid,air_quality_accumulated,2026-05-06,2026-05-06T05:00,,,49,12,nitrogen_oxides,10.0,official_unit_by_magnitude,V
datos_madrid,air_quality_accumulated,2026-05-06,2026-05-06T06:00,,,49,12,nitrogen_oxides,11.0,official_unit_by_magnitude,V
datos_madrid,air_quality_accumulated,2026-05-06,2026-05-06T07:00,,,49,12,nitrogen_oxides,18.0,official_unit_by_magnitude,V
datos_madrid,air_quality_accumulated,2026-05-06,2026-05-06T08:00,,,49,12,nitrogen_oxides,25.0,official_unit_by_magnitude,V
datos_madrid,air_quality_accumulated,2026-05-06,2026-05-06T09:00,,,49,12,nitrogen_oxides,27.0,official_unit_by_magnitude,V
datos_madrid,air_quality_accumulated,2026-05-06,2026-05-06T10:00,,,49,12,nitrogen_oxides,18.0,official_unit_by_magnitude,V
datos_madrid,air_quality_accumulated,2026-05-06,2026-05-06T11:00,,,49,12,nitrogen_oxides,11.0,official_unit_by_magnitude,V
datos_madrid,air_quality_accumulated,2026-05-06,2026-05-06T12:00,,,49,12,nitrogen_oxides,8.0,official_unit_by_magnitude,V
datos_madrid,air_quality_accumulated,2026-05-06,2026-05-06T13:00,,,49,12,nitrogen_oxides,8.0,official_unit_by_magnitude,V
datos_madrid,air_quality_accumulated,2026-05-06,2026-05-06T14:00,,,49,12,nitrogen_oxides,9.0,official_unit_by_magnitude,V
datos_madrid,air_quality_accumulated,2026-05-06,2026-05-06T15:00,,,49,12,nitrogen_oxides,10.0,official_unit_by_magnitude,V
datos_madrid,air_quality_accumulated,2026-05-06,2026-05-06T16:00,,,49,12,nitrogen_oxides,10.0,official_unit_by_magnitude,V
datos_madrid,air_quality_accumulated,2026-05-06,2026-05-06T17:00,,,49,12,nitrogen_oxides,10.0,official_unit_by_magnitude,V
datos_madrid,air_quality_accumulated,2026-05-06,2026-05-06T18:00,,,49,12,nitrogen_oxides,10.0,official_unit_by_magnitude,V
datos_madrid,air_quality_accumulated,2026-05-06,2026-05-06T19:00,,,49,12,nitrogen_oxides,11.0,official_unit_by_magnitude,V
datos_madrid,air_quality_accumulated,2026-05-06,2026-05-06T20:00,,,49,12,nitrogen_oxides,13.0,official_unit_by_magnitude,V
datos_madrid,air_quality_accumulated,2026-05-06,2026-05-06T21:00,,,49,12,nitrogen_oxides,11.0,official_unit_by_magnitude,V
datos_madrid,air_quality_accumulated,2026-05-06,2026-05-06T22:00,,,49,12,nitrogen_oxides,14.0,official_unit_by_magnitude,V
datos_madrid,air_quality_accumulated,2026-05-06,2026-05-06T23:00,,,49,12,nitrogen_oxides,32.0,official_unit_by_magnitude,V
datos_madrid,air_quality_accumulated,2026-05-06,2026-05-06T00:00,,,49,14,ozone,73.0,official_unit_by_magnitude,V
datos_madrid,air_quality_accumulated,2026-05-06,2026-05-06T01:00,,,49,14,ozone,75.0,official_unit_by_magnitude,V
datos_madrid,air_quality_accumulated,2026-05-06,2026-05-06T02:00,,,49,14,ozone,69.0,official_unit_by_magnitude,V
datos_madrid,air_quality_accumulated,2026-05-06,2026-05-06T03:00,,,49,14,ozone,62.0,official_unit_by_magnitude,V
datos_madrid,air_quality_accumulated,2026-05-06,2026-05-06T04:00,,,49,14,ozone,59.0,official_unit_by_magnitude,V
datos_madrid,air_quality_accumulated,2026-05-06,2026-05-06T05:00,,,49,14,ozone,50.0,official_unit_by_magnitude,V
datos_madrid,air_quality_accumulated,2026-05-06,2026-05-06T06:00,,,49,14,ozone,49.0,official_unit_by_magnitude,V
datos_madrid,air_quality_accumulated,2026-05-06,2026-05-06T07:00,,,49,14,ozone,41.0,official_unit_by_magnitude,V
datos_madrid,air_quality_accumulated,2026-05-06,2026-05-06T08:00,,,49,14,ozone,42.0,official_unit_by_magnitude,V
datos_madrid,air_quality_accumulated,2026-05-06,2026-05-06T09:00,,,49,14,ozone,58.0,official_unit_by_magnitude,V
datos_madrid,air_quality_accumulated,2026-05-06,2026-05-06T10:00,,,49,14,ozone,72.0,official_unit_by_magnitude,V
datos_madrid,air_quality_accumulated,2026-05-06,2026-05-06T11:00,,,49,14,ozone,84.0,official_unit_by_magnitude,V
datos_madrid,air_quality_accumulated,2026-05-06,2026-05-06T12:00,,,49,14,ozone,91.0,official_unit_by_magnitude,V
datos_madrid,air_quality_accumulated,2026-05-06,2026-05-06T13:00,,,49,14,ozone,99.0,official_unit_by_magnitude,V
datos_madrid,air_quality_accumulated,2026-05-06,2026-05-06T14:00,,,49,14,ozone,103.0,official_unit_by_magnitude,V
datos_madrid,air_quality_accumulated,2026-05-06,2026-05-06T15:00,,,49,14,ozone,103.0,official_unit_by_magnitude,V
datos_madrid,air_quality_accumulated,2026-05-06,2026-05-06T16:00,,,49,14,ozone,112.0,official_unit_by_magnitude,V
datos_madrid,air_quality_accumulated,2026-05-06,2026-05-06T17:00,,,49,14,ozone,113.0,official_unit_by_magnitude,V
datos_madrid,air_quality_accumulated,2026-05-06,2026-05-06T18:00,,,49,14,ozone,111.0,official_unit_by_magnitude,V
datos_madrid,air_quality_accumulated,2026-05-06,2026-05-06T19:00,,,49,14,ozone,111.0,official_unit_by_magnitude,V
datos_madrid,air_quality_accumulated,2026-05-06,2026-05-06T20:00,,,49,14,ozone,95.0,official_unit_by_magnitude,V
datos_madrid,air_quality_accumulated,2026-05-06,2026-05-06T21:00,,,49,14,ozone,87.0,official_unit_by_magnitude,V
datos_madrid,air_quality_accumulated,2026-05-06,2026-05-06T22:00,,,49,14,ozone,82.0,official_unit_by_magnitude,V
datos_madrid,air_quality_accumulated,2026-05-06,2026-05-06T23:00,,,49,14,ozone,56.0,official_unit_by_magnitude,V
datos_madrid,air_quality_accumulated,2026-05-06,2026-05-06T00:00,,,49,7,nitrogen_monoxide,0.0,official_unit_by_magnitude,V
datos_madrid,air_quality_accumulated,2026-05-06,2026-05-06T01:00,,,49,7,nitrogen_monoxide,0.0,official_unit_by_magnitude,V
datos_madrid,air_quality_accumulated,2026-05-06,2026-05-06T02:00,,,49,7,nitrogen_monoxide,0.0,official_unit_by_magnitude,V
datos_madrid,air_quality_accumulated,2026-05-06,2026-05-06T03:00,,,49,7,nitrogen_monoxide,0.0,official_unit_by_magnitude,V
datos_madrid,air_quality_accumulated,2026-05-06,2026-05-06T04:00,,,49,7,nitrogen_monoxide,0.0,official_unit_by_magnitude,V
datos_madrid,air_quality_accumulated,2026-05-06,2026-05-06T05:00,,,49,7,nitrogen_monoxide,0.0,official_unit_by_magnitude,V
datos_madrid,air_quality_accumulated,2026-05-06,2026-05-06T06:00,,,49,7,nitrogen_monoxide,0.0,official_unit_by_magnitude,V
datos_madrid,air_quality_accumulated,2026-05-06,2026-05-06T07:00,,,49,7,nitrogen_monoxide,0.0,official_unit_by_magnitude,V
datos_madrid,air_quality_accumulated,2026-05-06,2026-05-06T08:00,,,49,7,nitrogen_monoxide,1.0,official_unit_by_magnitude,V
datos_madrid,air_quality_accumulated,2026-05-06,2026-05-06T09:00,,,49,7,nitrogen_monoxide,2.0,official_unit_by_magnitude,V
datos_madrid,air_quality_accumulated,2026-05-06,2026-05-06T10:00,,,49,7,nitrogen_monoxide,1.0,official_unit_by_magnitude,V
datos_madrid,air_quality_accumulated,2026-05-06,2026-05-06T11:00,,,49,7,nitrogen_monoxide,1.0,official_unit_by_magnitude,V
datos_madrid,air_quality_accumulated,2026-05-06,2026-05-06T12:00,,,49,7,nitrogen_monoxide,0.0,official_unit_by_magnitude,V
datos_madrid,air_quality_accumulated,2026-05-06,2026-05-06T13:00,,,49,7,nitrogen_monoxide,0.0,official_unit_by_magnitude,V
datos_madrid,air_quality_accumulated,2026-05-06,2026-05-06T14:00,,,49,7,nitrogen_monoxide,0.0,official_unit_by_magnitude,V
datos_madrid,air_quality_accumulated,2026-05-06,2026-05-06T15:00,,,49,7,nitrogen_monoxide,0.0,official_unit_by_magnitude,V
datos_madrid,air_quality_accumulated,2026-05-06,2026-05-06T16:00,,,49,7,nitrogen_monoxide,0.0,official_unit_by_magnitude,V
datos_madrid,air_quality_accumulated,2026-05-06,2026-05-06T17:00,,,49,7,nitrogen_monoxide,0.0,official_unit_by_magnitude,V
datos_madrid,air_quality_accumulated,2026-05-06,2026-05-06T18:00,,,49,7,nitrogen_monoxide,0.0,official_unit_by_magnitude,V
datos_madrid,air_quality_accumulated,2026-05-06,2026-05-06T19:00,,,49,7,nitrogen_monoxide,0.0,official_unit_by_magnitude,V
datos_madrid,air_quality_accumulated,2026-05-06,2026-05-06T20:00,,,49,7,nitrogen_monoxide,0.0,official_unit_by_magnitude,V
datos_madrid,air_quality_accumulated,2026-05-06,2026-05-06T21:00,,,49,7,nitrogen_monoxide,0.0,official_unit_by_magnitude,V
datos_madrid,air_quality_accumulated,2026-05-06,2026-05-06T22:00,,,49,7,nitrogen_monoxide,0.0,official_unit_by_magnitude,V
datos_madrid,air_quality_accumulated,2026-05-06,2026-05-06T23:00,,,49,7,nitrogen_monoxide,0.0,official_unit_by_magnitude,V
datos_madrid,air_quality_accumulated,2026-05-06,2026-05-06T00:00,,,49,8,nitrogen_dioxide,8.0,official_unit_by_magnitude,V
datos_madrid,air_quality_accumulated,2026-05-06,2026-05-06T01:00,,,49,8,nitrogen_dioxide,9.0,official_unit_by_magnitude,V
datos_madrid,air_quality_accumulated,2026-05-06,2026-05-06T02:00,,,49,8,nitrogen_dioxide,6.0,official_unit_by_magnitude,V
datos_madrid,air_quality_accumulated,2026-05-06,2026-05-06T03:00,,,49,8,nitrogen_dioxide,6.0,official_unit_by_magnitude,V
datos_madrid,air_quality_accumulated,2026-05-06,2026-05-06T04:00,,,49,8,nitrogen_dioxide,6.0,official_unit_by_magnitude,V
datos_madrid,air_quality_accumulated,2026-05-06,2026-05-06T05:00,,,49,8,nitrogen_dioxide,10.0,official_unit_by_magnitude,V
datos_madrid,air_quality_accumulated,2026-05-06,2026-05-06T06:00,,,49,8,nitrogen_dioxide,11.0,official_unit_by_magnitude,V
datos_madrid,air_quality_accumulated,2026-05-06,2026-05-06T07:00,,,49,8,nitrogen_dioxide,17.0,official_unit_by_magnitude,V
datos_madrid,air_quality_accumulated,2026-05-06,2026-05-06T08:00,,,49,8,nitrogen_dioxide,23.0,official_unit_by_magnitude,V
datos_madrid,air_quality_accumulated,2026-05-06,2026-05-06T09:00,,,49,8,nitrogen_dioxide,23.0,official_unit_by_magnitude,V
datos_madrid,air_quality_accumulated,2026-05-06,2026-05-06T10:00,,,49,8,nitrogen_dioxide,16.0,official_unit_by_magnitude,V
datos_madrid,air_quality_accumulated,2026-05-06,2026-05-06T11:00,,,49,8,nitrogen_dioxide,10.0,official_unit_by_magnitude,V
datos_madrid,air_quality_accumulated,2026-05-06,2026-05-06T12:00,,,49,8,nitrogen_dioxide,7.0,official_unit_by_magnitude,V
datos_madrid,air_quality_accumulated,2026-05-06,2026-05-06T13:00,,,49,8,nitrogen_dioxide,7.0,official_unit_by_magnitude,V
datos_madrid,air_quality_accumulated,2026-05-06,2026-05-06T14:00,,,49,8,nitrogen_dioxide,8.0,official_unit_by_magnitude,V
datos_madrid,air_quality_accumulated,2026-05-06,2026-05-06T15:00,,,49,8,nitrogen_dioxide,9.0,official_unit_by_magnitude,V
datos_madrid,air_quality_accumulated,2026-05-06,2026-05-06T16:00,,,49,8,nitrogen_dioxide,9.0,official_unit_by_magnitude,V
datos_madrid,air_quality_accumulated,2026-05-06,2026-05-06T17:00,,,49,8,nitrogen_dioxide,10.0,official_unit_by_magnitude,V
datos_madrid,air_quality_accumulated,2026-05-06,2026-05-06T18:00,,,49,8,nitrogen_dioxide,10.0,official_unit_by_magnitude,V
datos_madrid,air_quality_accumulated,2026-05-06,2026-05-06T19:00,,,49,8,nitrogen_dioxide,10.0,official_unit_by_magnitude,V
datos_madrid,air_quality_accumulated,2026-05-06,2026-05-06T20:00,,,49,8,nitrogen_dioxide,12.0,official_unit_by_magnitude,V
datos_madrid,air_quality_accumulated,2026-05-06,2026-05-06T21:00,,,49,8,nitrogen_dioxide,11.0,official_unit_by_magnitude,V
datos_madrid,air_quality_accumulated,2026-05-06,2026-05-06T22:00,,,49,8,nitrogen_dioxide,14.0,official_unit_by_magnitude,V
datos_madrid,air_quality_accumulated,2026-05-06,2026-05-06T23:00,,,49,8,nitrogen_dioxide,32.0,official_unit_by_magnitude,V
datos_madrid,air_quality_accumulated,2026-05-06,2026-05-06T00:00,,,50,10,particles_pm10,6.0,official_unit_by_magnitude,V
datos_madrid,air_quality_accumulated,2026-05-06,2026-05-06T01:00,,,50,10,particles_pm10,1.0,official_unit_by_magnitude,V
datos_madrid,air_quality_accumulated,2026-05-06,2026-05-06T02:00,,,50,10,particles_pm10,5.0,official_unit_by_magnitude,V
datos_madrid,air_quality_accumulated,2026-05-06,2026-05-06T03:00,,,50,10,particles_pm10,6.0,official_unit_by_magnitude,V
datos_madrid,air_quality_accumulated,2026-05-06,2026-05-06T04:00,,,50,10,particles_pm10,12.0,official_unit_by_magnitude,V
datos_madrid,air_quality_accumulated,2026-05-06,2026-05-06T05:00,,,50,10,particles_pm10,4.0,official_unit_by_magnitude,V
datos_madrid,air_quality_accumulated,2026-05-06,2026-05-06T06:00,,,50,10,particles_pm10,7.0,official_unit_by_magnitude,V
datos_madrid,air_quality_accumulated,2026-05-06,2026-05-06T07:00,,,50,10,particles_pm10,11.0,official_unit_by_magnitude,V
datos_madrid,air_quality_accumulated,2026-05-06,2026-05-06T08:00,,,50,10,particles_pm10,12.0,official_unit_by_magnitude,V
datos_madrid,air_quality_accumulated,2026-05-06,2026-05-06T09:00,,,50,10,particles_pm10,8.0,official_unit_by_magnitude,V
datos_madrid,air_quality_accumulated,2026-05-06,2026-05-06T10:00,,,50,10,particles_pm10,8.0,official_unit_by_magnitude,V
datos_madrid,air_quality_accumulated,2026-05-06,2026-05-06T11:00,,,50,10,particles_pm10,7.0,official_unit_by_magnitude,V
datos_madrid,air_quality_accumulated,2026-05-06,2026-05-06T12:00,,,50,10,particles_pm10,19.0,official_unit_by_magnitude,V
datos_madrid,air_quality_accumulated,2026-05-06,2026-05-06T13:00,,,50,10,particles_pm10,10.0,official_unit_by_magnitude,V
datos_madrid,air_quality_accumulated,2026-05-06,2026-05-06T14:00,,,50,10,particles_pm10,8.0,official_unit_by_magnitude,V
datos_madrid,air_quality_accumulated,2026-05-06,2026-05-06T15:00,,,50,10,particles_pm10,6.0,official_unit_by_magnitude,V
datos_madrid,air_quality_accumulated,2026-05-06,2026-05-06T16:00,,,50,10,particles_pm10,11.0,official_unit_by_magnitude,V
datos_madrid,air_quality_accumulated,2026-05-06,2026-05-06T17:00,,,50,10,particles_pm10,8.0,official_unit_by_magnitude,V
datos_madrid,air_quality_accumulated,2026-05-06,2026-05-06T18:00,,,50,10,particles_pm10,6.0,official_unit_by_magnitude,V
datos_madrid,air_quality_accumulated,2026-05-06,2026-05-06T19:00,,,50,10,particles_pm10,11.0,official_unit_by_magnitude,V
datos_madrid,air_quality_accumulated,2026-05-06,2026-05-06T20:00,,,50,10,particles_pm10,10.0,official_unit_by_magnitude,V
datos_madrid,air_quality_accumulated,2026-05-06,2026-05-06T21:00,,,50,10,particles_pm10,20.0,official_unit_by_magnitude,V
datos_madrid,air_quality_accumulated,2026-05-06,2026-05-06T22:00,,,50,10,particles_pm10,15.0,official_unit_by_magnitude,V
datos_madrid,air_quality_accumulated,2026-05-06,2026-05-06T23:00,,,50,10,particles_pm10,8.0,official_unit_by_magnitude,V
datos_madrid,air_quality_accumulated,2026-05-06,2026-05-06T00:00,,,50,12,nitrogen_oxides,16.0,official_unit_by_magnitude,V
datos_madrid,air_quality_accumulated,2026-05-06,2026-05-06T01:00,,,50,12,nitrogen_oxides,7.0,official_unit_by_magnitude,V
datos_madrid,air_quality_accumulated,2026-05-06,2026-05-06T02:00,,,50,12,nitrogen_oxides,15.0,official_unit_by_magnitude,V
datos_madrid,air_quality_accumulated,2026-05-06,2026-05-06T03:00,,,50,12,nitrogen_oxides,17.0,official_unit_by_magnitude,V
datos_madrid,air_quality_accumulated,2026-05-06,2026-05-06T04:00,,,50,12,nitrogen_oxides,20.0,official_unit_by_magnitude,V
datos_madrid,air_quality_accumulated,2026-05-06,2026-05-06T05:00,,,50,12,nitrogen_oxides,17.0,official_unit_by_magnitude,V
datos_madrid,air_quality_accumulated,2026-05-06,2026-05-06T06:00,,,50,12,nitrogen_oxides,23.0,official_unit_by_magnitude,V
datos_madrid,air_quality_accumulated,2026-05-06,2026-05-06T07:00,,,50,12,nitrogen_oxides,44.0,official_unit_by_magnitude,V
datos_madrid,air_quality_accumulated,2026-05-06,2026-05-06T08:00,,,50,12,nitrogen_oxides,31.0,official_unit_by_magnitude,V
datos_madrid,air_quality_accumulated,2026-05-06,2026-05-06T09:00,,,50,12,nitrogen_oxides,19.0,official_unit_by_magnitude,V
datos_madrid,air_quality_accumulated,2026-05-06,2026-05-06T10:00,,,50,12,nitrogen_oxides,14.0,official_unit_by_magnitude,V
datos_madrid,air_quality_accumulated,2026-05-06,2026-05-06T11:00,,,50,12,nitrogen_oxides,17.0,official_unit_by_magnitude,V
datos_madrid,air_quality_accumulated,2026-05-06,2026-05-06T12:00,,,50,12,nitrogen_oxides,17.0,official_unit_by_magnitude,V
datos_madrid,air_quality_accumulated,2026-05-06,2026-05-06T13:00,,,50,12,nitrogen_oxides,23.0,official_unit_by_magnitude,V
datos_madrid,air_quality_accumulated,2026-05-06,2026-05-06T14:00,,,50,12,nitrogen_oxides,32.0,official_unit_by_magnitude,V
datos_madrid,air_quality_accumulated,2026-05-06,2026-05-06T15:00,,,50,12,nitrogen_oxides,31.0,official_unit_by_magnitude,V
datos_madrid,air_quality_accumulated,2026-05-06,2026-05-06T16:00,,,50,12,nitrogen_oxides,11.0,official_unit_by_magnitude,V
datos_madrid,air_quality_accumulated,2026-05-06,2026-05-06T17:00,,,50,12,nitrogen_oxides,13.0,official_unit_by_magnitude,V
datos_madrid,air_quality_accumulated,2026-05-06,2026-05-06T18:00,,,50,12,nitrogen_oxides,13.0,official_unit_by_magnitude,V
datos_madrid,air_quality_accumulated,2026-05-06,2026-05-06T19:00,,,50,12,nitrogen_oxides,13.0,official_unit_by_magnitude,V
datos_madrid,air_quality_accumulated,2026-05-06,2026-05-06T20:00,,,50,12,nitrogen_oxides,14.0,official_unit_by_magnitude,V
datos_madrid,air_quality_accumulated,2026-05-06,2026-05-06T21:00,,,50,12,nitrogen_oxides,33.0,official_unit_by_magnitude,V
datos_madrid,air_quality_accumulated,2026-05-06,2026-05-06T22:00,,,50,12,nitrogen_oxides,54.0,official_unit_by_magnitude,V
datos_madrid,air_quality_accumulated,2026-05-06,2026-05-06T23:00,,,50,12,nitrogen_oxides,48.0,official_unit_by_magnitude,V
datos_madrid,air_quality_accumulated,2026-05-06,2026-05-06T00:00,,,50,7,nitrogen_monoxide,1.0,official_unit_by_magnitude,V
datos_madrid,air_quality_accumulated,2026-05-06,2026-05-06T01:00,,,50,7,nitrogen_monoxide,0.0,official_unit_by_magnitude,V
datos_madrid,air_quality_accumulated,2026-05-06,2026-05-06T02:00,,,50,7,nitrogen_monoxide,4.0,official_unit_by_magnitude,V
datos_madrid,air_quality_accumulated,2026-05-06,2026-05-06T03:00,,,50,7,nitrogen_monoxide,3.0,official_unit_by_magnitude,V
datos_madrid,air_quality_accumulated,2026-05-06,2026-05-06T04:00,,,50,7,nitrogen_monoxide,4.0,official_unit_by_magnitude,V
datos_madrid,air_quality_accumulated,2026-05-06,2026-05-06T05:00,,,50,7,nitrogen_monoxide,0.0,official_unit_by_magnitude,V
datos_madrid,air_quality_accumulated,2026-05-06,2026-05-06T06:00,,,50,7,nitrogen_monoxide,0.0,official_unit_by_magnitude,V
datos_madrid,air_quality_accumulated,2026-05-06,2026-05-06T07:00,,,50,7,nitrogen_monoxide,3.0,official_unit_by_magnitude,V
datos_madrid,air_quality_accumulated,2026-05-06,2026-05-06T08:00,,,50,7,nitrogen_monoxide,3.0,official_unit_by_magnitude,V
datos_madrid,air_quality_accumulated,2026-05-06,2026-05-06T09:00,,,50,7,nitrogen_monoxide,3.0,official_unit_by_magnitude,V
datos_madrid,air_quality_accumulated,2026-05-06,2026-05-06T10:00,,,50,7,nitrogen_monoxide,1.0,official_unit_by_magnitude,V
datos_madrid,air_quality_accumulated,2026-05-06,2026-05-06T11:00,,,50,7,nitrogen_monoxide,3.0,official_unit_by_magnitude,V
datos_madrid,air_quality_accumulated,2026-05-06,2026-05-06T12:00,,,50,7,nitrogen_monoxide,3.0,official_unit_by_magnitude,V
datos_madrid,air_quality_accumulated,2026-05-06,2026-05-06T13:00,,,50,7,nitrogen_monoxide,4.0,official_unit_by_magnitude,V
datos_madrid,air_quality_accumulated,2026-05-06,2026-05-06T14:00,,,50,7,nitrogen_monoxide,8.0,official_unit_by_magnitude,V
datos_madrid,air_quality_accumulated,2026-05-06,2026-05-06T15:00,,,50,7,nitrogen_monoxide,8.0,official_unit_by_magnitude,V
datos_madrid,air_quality_accumulated,2026-05-06,2026-05-06T16:00,,,50,7,nitrogen_monoxide,1.0,official_unit_by_magnitude,V
datos_madrid,air_quality_accumulated,2026-05-06,2026-05-06T17:00,,,50,7,nitrogen_monoxide,1.0,official_unit_by_magnitude,V
datos_madrid,air_quality_accumulated,2026-05-06,2026-05-06T18:00,,,50,7,nitrogen_monoxide,1.0,official_unit_by_magnitude,V
datos_madrid,air_quality_accumulated,2026-05-06,2026-05-06T19:00,,,50,7,nitrogen_monoxide,0.0,official_unit_by_magnitude,V
datos_madrid,air_quality_accumulated,2026-05-06,2026-05-06T20:00,,,50,7,nitrogen_monoxide,0.0,official_unit_by_magnitude,V
datos_madrid,air_quality_accumulated,2026-05-06,2026-05-06T21:00,,,50,7,nitrogen_monoxide,0.0,official_unit_by_magnitude,V
datos_madrid,air_quality_accumulated,2026-05-06,2026-05-06T22:00,,,50,7,nitrogen_monoxide,0.0,official_unit_by_magnitude,V
datos_madrid,air_quality_accumulated,2026-05-06,2026-05-06T23:00,,,50,7,nitrogen_monoxide,0.0,official_unit_by_magnitude,V
datos_madrid,air_quality_accumulated,2026-05-06,2026-05-06T00:00,,,50,8,nitrogen_dioxide,14.0,official_unit_by_magnitude,V
datos_madrid,air_quality_accumulated,2026-05-06,2026-05-06T01:00,,,50,8,nitrogen_dioxide,7.0,official_unit_by_magnitude,V
datos_madrid,air_quality_accumulated,2026-05-06,2026-05-06T02:00,,,50,8,nitrogen_dioxide,9.0,official_unit_by_magnitude,V
datos_madrid,air_quality_accumulated,2026-05-06,2026-05-06T03:00,,,50,8,nitrogen_dioxide,12.0,official_unit_by_magnitude,V
datos_madrid,air_quality_accumulated,2026-05-06,2026-05-06T04:00,,,50,8,nitrogen_dioxide,13.0,official_unit_by_magnitude,V
datos_madrid,air_quality_accumulated,2026-05-06,2026-05-06T05:00,,,50,8,nitrogen_dioxide,16.0,official_unit_by_magnitude,V
datos_madrid,air_quality_accumulated,2026-05-06,2026-05-06T06:00,,,50,8,nitrogen_dioxide,22.0,official_unit_by_magnitude,V
datos_madrid,air_quality_accumulated,2026-05-06,2026-05-06T07:00,,,50,8,nitrogen_dioxide,39.0,official_unit_by_magnitude,V
datos_madrid,air_quality_accumulated,2026-05-06,2026-05-06T08:00,,,50,8,nitrogen_dioxide,26.0,official_unit_by_magnitude,V
datos_madrid,air_quality_accumulated,2026-05-06,2026-05-06T09:00,,,50,8,nitrogen_dioxide,15.0,official_unit_by_magnitude,V
datos_madrid,air_quality_accumulated,2026-05-06,2026-05-06T10:00,,,50,8,nitrogen_dioxide,11.0,official_unit_by_magnitude,V
datos_madrid,air_quality_accumulated,2026-05-06,2026-05-06T11:00,,,50,8,nitrogen_dioxide,13.0,official_unit_by_magnitude,V
datos_madrid,air_quality_accumulated,2026-05-06,2026-05-06T12:00,,,50,8,nitrogen_dioxide,12.0,official_unit_by_magnitude,V
datos_madrid,air_quality_accumulated,2026-05-06,2026-05-06T13:00,,,50,8,nitrogen_dioxide,16.0,official_unit_by_magnitude,V
datos_madrid,air_quality_accumulated,2026-05-06,2026-05-06T14:00,,,50,8,nitrogen_dioxide,20.0,official_unit_by_magnitude,V
datos_madrid,air_quality_accumulated,2026-05-06,2026-05-06T15:00,,,50,8,nitrogen_dioxide,19.0,official_unit_by_magnitude,V
datos_madrid,air_quality_accumulated,2026-05-06,2026-05-06T16:00,,,50,8,nitrogen_dioxide,10.0,official_unit_by_magnitude,V
datos_madrid,air_quality_accumulated,2026-05-06,2026-05-06T17:00,,,50,8,nitrogen_dioxide,11.0,official_unit_by_magnitude,V
datos_madrid,air_quality_accumulated,2026-05-06,2026-05-06T18:00,,,50,8,nitrogen_dioxide,12.0,official_unit_by_magnitude,V
datos_madrid,air_quality_accumulated,2026-05-06,2026-05-06T19:00,,,50,8,nitrogen_dioxide,12.0,official_unit_by_magnitude,V
datos_madrid,air_quality_accumulated,2026-05-06,2026-05-06T20:00,,,50,8,nitrogen_dioxide,14.0,official_unit_by_magnitude,V
datos_madrid,air_quality_accumulated,2026-05-06,2026-05-06T21:00,,,50,8,nitrogen_dioxide,33.0,official_unit_by_magnitude,V
datos_madrid,air_quality_accumulated,2026-05-06,2026-05-06T22:00,,,50,8,nitrogen_dioxide,54.0,official_unit_by_magnitude,V
datos_madrid,air_quality_accumulated,2026-05-06,2026-05-06T23:00,,,50,8,nitrogen_dioxide,48.0,official_unit_by_magnitude,V
datos_madrid,air_quality_accumulated,2026-05-06,2026-05-06T00:00,,,50,9,particles_pm2_5,4.0,official_unit_by_magnitude,V
datos_madrid,air_quality_accumulated,2026-05-06,2026-05-06T01:00,,,50,9,particles_pm2_5,1.0,official_unit_by_magnitude,V
datos_madrid,air_quality_accumulated,2026-05-06,2026-05-06T02:00,,,50,9,particles_pm2_5,2.0,official_unit_by_magnitude,V
datos_madrid,air_quality_accumulated,2026-05-06,2026-05-06T03:00,,,50,9,particles_pm2_5,2.0,official_unit_by_magnitude,V
datos_madrid,air_quality_accumulated,2026-05-06,2026-05-06T04:00,,,50,9,particles_pm2_5,6.0,official_unit_by_magnitude,V
datos_madrid,air_quality_accumulated,2026-05-06,2026-05-06T05:00,,,50,9,particles_pm2_5,4.0,official_unit_by_magnitude,V
datos_madrid,air_quality_accumulated,2026-05-06,2026-05-06T06:00,,,50,9,particles_pm2_5,4.0,official_unit_by_magnitude,V
datos_madrid,air_quality_accumulated,2026-05-06,2026-05-06T07:00,,,50,9,particles_pm2_5,4.0,official_unit_by_magnitude,V
datos_madrid,air_quality_accumulated,2026-05-06,2026-05-06T08:00,,,50,9,particles_pm2_5,4.0,official_unit_by_magnitude,V
datos_madrid,air_quality_accumulated,2026-05-06,2026-05-06T09:00,,,50,9,particles_pm2_5,4.0,official_unit_by_magnitude,V
datos_madrid,air_quality_accumulated,2026-05-06,2026-05-06T10:00,,,50,9,particles_pm2_5,4.0,official_unit_by_magnitude,V
datos_madrid,air_quality_accumulated,2026-05-06,2026-05-06T11:00,,,50,9,particles_pm2_5,3.0,official_unit_by_magnitude,V
datos_madrid,air_quality_accumulated,2026-05-06,2026-05-06T12:00,,,50,9,particles_pm2_5,8.0,official_unit_by_magnitude,V
datos_madrid,air_quality_accumulated,2026-05-06,2026-05-06T13:00,,,50,9,particles_pm2_5,4.0,official_unit_by_magnitude,V
datos_madrid,air_quality_accumulated,2026-05-06,2026-05-06T14:00,,,50,9,particles_pm2_5,3.0,official_unit_by_magnitude,V
datos_madrid,air_quality_accumulated,2026-05-06,2026-05-06T15:00,,,50,9,particles_pm2_5,2.0,official_unit_by_magnitude,V
datos_madrid,air_quality_accumulated,2026-05-06,2026-05-06T16:00,,,50,9,particles_pm2_5,4.0,official_unit_by_magnitude,V
datos_madrid,air_quality_accumulated,2026-05-06,2026-05-06T17:00,,,50,9,particles_pm2_5,4.0,official_unit_by_magnitude,V
datos_madrid,air_quality_accumulated,2026-05-06,2026-05-06T18:00,,,50,9,particles_pm2_5,5.0,official_unit_by_magnitude,V
datos_madrid,air_quality_accumulated,2026-05-06,2026-05-06T19:00,,,50,9,particles_pm2_5,5.0,official_unit_by_magnitude,V
datos_madrid,air_quality_accumulated,2026-05-06,2026-05-06T20:00,,,50,9,particles_pm2_5,4.0,official_unit_by_magnitude,V
datos_madrid,air_quality_accumulated,2026-05-06,2026-05-06T21:00,,,50,9,particles_pm2_5,9.0,official_unit_by_magnitude,V
datos_madrid,air_quality_accumulated,2026-05-06,2026-05-06T22:00,,,50,9,particles_pm2_5,6.0,official_unit_by_magnitude,V
datos_madrid,air_quality_accumulated,2026-05-06,2026-05-06T23:00,,,50,9,particles_pm2_5,3.0,official_unit_by_magnitude,V
datos_madrid,air_quality_accumulated,2026-05-06,2026-05-06T00:00,,,54,10,particles_pm10,5.0,official_unit_by_magnitude,V
datos_madrid,air_quality_accumulated,2026-05-06,2026-05-06T01:00,,,54,10,particles_pm10,4.0,official_unit_by_magnitude,V
datos_madrid,air_quality_accumulated,2026-05-06,2026-05-06T02:00,,,54,10,particles_pm10,3.0,official_unit_by_magnitude,V
datos_madrid,air_quality_accumulated,2026-05-06,2026-05-06T03:00,,,54,10,particles_pm10,7.0,official_unit_by_magnitude,V
datos_madrid,air_quality_accumulated,2026-05-06,2026-05-06T04:00,,,54,10,particles_pm10,23.0,official_unit_by_magnitude,V
datos_madrid,air_quality_accumulated,2026-05-06,2026-05-06T05:00,,,54,10,particles_pm10,21.0,official_unit_by_magnitude,V
datos_madrid,air_quality_accumulated,2026-05-06,2026-05-06T06:00,,,54,10,particles_pm10,16.0,official_unit_by_magnitude,V
datos_madrid,air_quality_accumulated,2026-05-06,2026-05-06T07:00,,,54,10,particles_pm10,10.0,official_unit_by_magnitude,V
datos_madrid,air_quality_accumulated,2026-05-06,2026-05-06T08:00,,,54,10,particles_pm10,17.0,official_unit_by_magnitude,V
datos_madrid,air_quality_accumulated,2026-05-06,2026-05-06T09:00,,,54,10,particles_pm10,19.0,official_unit_by_magnitude,V
datos_madrid,air_quality_accumulated,2026-05-06,2026-05-06T10:00,,,54,10,particles_pm10,12.0,official_unit_by_magnitude,V
datos_madrid,air_quality_accumulated,2026-05-06,2026-05-06T11:00,,,54,10,particles_pm10,14.0,official_unit_by_magnitude,V
datos_madrid,air_quality_accumulated,2026-05-06,2026-05-06T12:00,,,54,10,particles_pm10,8.0,official_unit_by_magnitude,V
datos_madrid,air_quality_accumulated,2026-05-06,2026-05-06T13:00,,,54,10,particles_pm10,7.0,official_unit_by_magnitude,V
datos_madrid,air_quality_accumulated,2026-05-06,2026-05-06T14:00,,,54,10,particles_pm10,9.0,official_unit_by_magnitude,V
datos_madrid,air_quality_accumulated,2026-05-06,2026-05-06T15:00,,,54,10,particles_pm10,11.0,official_unit_by_magnitude,V
datos_madrid,air_quality_accumulated,2026-05-06,2026-05-06T16:00,,,54,10,particles_pm10,10.0,official_unit_by_magnitude,V
datos_madrid,air_quality_accumulated,2026-05-06,2026-05-06T17:00,,,54,10,particles_pm10,12.0,official_unit_by_magnitude,V
datos_madrid,air_quality_accumulated,2026-05-06,2026-05-06T18:00,,,54,10,particles_pm10,12.0,official_unit_by_magnitude,V
datos_madrid,air_quality_accumulated,2026-05-06,2026-05-06T19:00,,,54,10,particles_pm10,14.0,official_unit_by_magnitude,V
datos_madrid,air_quality_accumulated,2026-05-06,2026-05-06T20:00,,,54,10,particles_pm10,15.0,official_unit_by_magnitude,V
datos_madrid,air_quality_accumulated,2026-05-06,2026-05-06T21:00,,,54,10,particles_pm10,17.0,official_unit_by_magnitude,V
datos_madrid,air_quality_accumulated,2026-05-06,2026-05-06T22:00,,,54,10,particles_pm10,16.0,official_unit_by_magnitude,V
datos_madrid,air_quality_accumulated,2026-05-06,2026-05-06T23:00,,,54,10,particles_pm10,30.0,official_unit_by_magnitude,V
datos_madrid,air_quality_accumulated,2026-05-06,2026-05-06T00:00,,,54,12,nitrogen_oxides,14.0,official_unit_by_magnitude,V
datos_madrid,air_quality_accumulated,2026-05-06,2026-05-06T01:00,,,54,12,nitrogen_oxides,15.0,official_unit_by_magnitude,V
datos_madrid,air_quality_accumulated,2026-05-06,2026-05-06T02:00,,,54,12,nitrogen_oxides,10.0,official_unit_by_magnitude,V
datos_madrid,air_quality_accumulated,2026-05-06,2026-05-06T03:00,,,54,12,nitrogen_oxides,13.0,official_unit_by_magnitude,V
datos_madrid,air_quality_accumulated,2026-05-06,2026-05-06T04:00,,,54,12,nitrogen_oxides,20.0,official_unit_by_magnitude,V
datos_madrid,air_quality_accumulated,2026-05-06,2026-05-06T05:00,,,54,12,nitrogen_oxides,25.0,official_unit_by_magnitude,V
datos_madrid,air_quality_accumulated,2026-05-06,2026-05-06T06:00,,,54,12,nitrogen_oxides,30.0,official_unit_by_magnitude,V
datos_madrid,air_quality_accumulated,2026-05-06,2026-05-06T07:00,,,54,12,nitrogen_oxides,58.0,official_unit_by_magnitude,V
datos_madrid,air_quality_accumulated,2026-05-06,2026-05-06T08:00,,,54,12,nitrogen_oxides,77.0,official_unit_by_magnitude,V
datos_madrid,air_quality_accumulated,2026-05-06,2026-05-06T09:00,,,54,12,nitrogen_oxides,50.0,official_unit_by_magnitude,V
datos_madrid,air_quality_accumulated,2026-05-06,2026-05-06T10:00,,,54,12,nitrogen_oxides,32.0,official_unit_by_magnitude,V
datos_madrid,air_quality_accumulated,2026-05-06,2026-05-06T11:00,,,54,12,nitrogen_oxides,18.0,official_unit_by_magnitude,V
datos_madrid,air_quality_accumulated,2026-05-06,2026-05-06T12:00,,,54,12,nitrogen_oxides,10.0,official_unit_by_magnitude,V
datos_madrid,air_quality_accumulated,2026-05-06,2026-05-06T13:00,,,54,12,nitrogen_oxides,8.0,official_unit_by_magnitude,V
datos_madrid,air_quality_accumulated,2026-05-06,2026-05-06T14:00,,,54,12,nitrogen_oxides,8.0,official_unit_by_magnitude,V
datos_madrid,air_quality_accumulated,2026-05-06,2026-05-06T15:00,,,54,12,nitrogen_oxides,8.0,official_unit_by_magnitude,V
datos_madrid,air_quality_accumulated,2026-05-06,2026-05-06T16:00,,,54,12,nitrogen_oxides,13.0,official_unit_by_magnitude,V
datos_madrid,air_quality_accumulated,2026-05-06,2026-05-06T17:00,,,54,12,nitrogen_oxides,14.0,official_unit_by_magnitude,V
datos_madrid,air_quality_accumulated,2026-05-06,2026-05-06T18:00,,,54,12,nitrogen_oxides,20.0,official_unit_by_magnitude,V
datos_madrid,air_quality_accumulated,2026-05-06,2026-05-06T19:00,,,54,12,nitrogen_oxides,19.0,official_unit_by_magnitude,V
datos_madrid,air_quality_accumulated,2026-05-06,2026-05-06T20:00,,,54,12,nitrogen_oxides,26.0,official_unit_by_magnitude,V
datos_madrid,air_quality_accumulated,2026-05-06,2026-05-06T21:00,,,54,12,nitrogen_oxides,53.0,official_unit_by_magnitude,V
datos_madrid,air_quality_accumulated,2026-05-06,2026-05-06T22:00,,,54,12,nitrogen_oxides,68.0,official_unit_by_magnitude,V
datos_madrid,air_quality_accumulated,2026-05-06,2026-05-06T23:00,,,54,12,nitrogen_oxides,60.0,official_unit_by_magnitude,V
datos_madrid,air_quality_accumulated,2026-05-06,2026-05-06T00:00,,,54,14,ozone,77.0,official_unit_by_magnitude,V
datos_madrid,air_quality_accumulated,2026-05-06,2026-05-06T01:00,,,54,14,ozone,74.0,official_unit_by_magnitude,V
datos_madrid,air_quality_accumulated,2026-05-06,2026-05-06T02:00,,,54,14,ozone,72.0,official_unit_by_magnitude,V
datos_madrid,air_quality_accumulated,2026-05-06,2026-05-06T03:00,,,54,14,ozone,67.0,official_unit_by_magnitude,V
datos_madrid,air_quality_accumulated,2026-05-06,2026-05-06T04:00,,,54,14,ozone,51.0,official_unit_by_magnitude,V
datos_madrid,air_quality_accumulated,2026-05-06,2026-05-06T05:00,,,54,14,ozone,42.0,official_unit_by_magnitude,V
datos_madrid,air_quality_accumulated,2026-05-06,2026-05-06T06:00,,,54,14,ozone,38.0,official_unit_by_magnitude,V
datos_madrid,air_quality_accumulated,2026-05-06,2026-05-06T07:00,,,54,14,ozone,31.0,official_unit_by_magnitude,V
datos_madrid,air_quality_accumulated,2026-05-06,2026-05-06T08:00,,,54,14,ozone,33.0,official_unit_by_magnitude,V
datos_madrid,air_quality_accumulated,2026-05-06,2026-05-06T09:00,,,54,14,ozone,48.0,official_unit_by_magnitude,V
datos_madrid,air_quality_accumulated,2026-05-06,2026-05-06T10:00,,,54,14,ozone,65.0,official_unit_by_magnitude,V
datos_madrid,air_quality_accumulated,2026-05-06,2026-05-06T11:00,,,54,14,ozone,84.0,official_unit_by_magnitude,V
datos_madrid,air_quality_accumulated,2026-05-06,2026-05-06T12:00,,,54,14,ozone,97.0,official_unit_by_magnitude,V
datos_madrid,air_quality_accumulated,2026-05-06,2026-05-06T13:00,,,54,14,ozone,103.0,official_unit_by_magnitude,V
datos_madrid,air_quality_accumulated,2026-05-06,2026-05-06T14:00,,,54,14,ozone,108.0,official_unit_by_magnitude,V
datos_madrid,air_quality_accumulated,2026-05-06,2026-05-06T15:00,,,54,14,ozone,113.0,official_unit_by_magnitude,V
datos_madrid,air_quality_accumulated,2026-05-06,2026-05-06T16:00,,,54,14,ozone,114.0,official_unit_by_magnitude,V
datos_madrid,air_quality_accumulated,2026-05-06,2026-05-06T17:00,,,54,14,ozone,117.0,official_unit_by_magnitude,V
datos_madrid,air_quality_accumulated,2026-05-06,2026-05-06T18:00,,,54,14,ozone,115.0,official_unit_by_magnitude,V
datos_madrid,air_quality_accumulated,2026-05-06,2026-05-06T19:00,,,54,14,ozone,115.0,official_unit_by_magnitude,V
datos_madrid,air_quality_accumulated,2026-05-06,2026-05-06T20:00,,,54,14,ozone,107.0,official_unit_by_magnitude,V
datos_madrid,air_quality_accumulated,2026-05-06,2026-05-06T21:00,,,54,14,ozone,75.0,official_unit_by_magnitude,V
datos_madrid,air_quality_accumulated,2026-05-06,2026-05-06T22:00,,,54,14,ozone,54.0,official_unit_by_magnitude,V
datos_madrid,air_quality_accumulated,2026-05-06,2026-05-06T23:00,,,54,14,ozone,55.0,official_unit_by_magnitude,V
datos_madrid,air_quality_accumulated,2026-05-06,2026-05-06T00:00,,,54,7,nitrogen_monoxide,0.0,official_unit_by_magnitude,V
datos_madrid,air_quality_accumulated,2026-05-06,2026-05-06T01:00,,,54,7,nitrogen_monoxide,0.0,official_unit_by_magnitude,V
datos_madrid,air_quality_accumulated,2026-05-06,2026-05-06T02:00,,,54,7,nitrogen_monoxide,0.0,official_unit_by_magnitude,V
datos_madrid,air_quality_accumulated,2026-05-06,2026-05-06T03:00,,,54,7,nitrogen_monoxide,0.0,official_unit_by_magnitude,V
datos_madrid,air_quality_accumulated,2026-05-06,2026-05-06T04:00,,,54,7,nitrogen_monoxide,0.0,official_unit_by_magnitude,V
datos_madrid,air_quality_accumulated,2026-05-06,2026-05-06T05:00,,,54,7,nitrogen_monoxide,0.0,official_unit_by_magnitude,V
datos_madrid,air_quality_accumulated,2026-05-06,2026-05-06T06:00,,,54,7,nitrogen_monoxide,1.0,official_unit_by_magnitude,V
datos_madrid,air_quality_accumulated,2026-05-06,2026-05-06T07:00,,,54,7,nitrogen_monoxide,8.0,official_unit_by_magnitude,V
datos_madrid,air_quality_accumulated,2026-05-06,2026-05-06T08:00,,,54,7,nitrogen_monoxide,18.0,official_unit_by_magnitude,V
datos_madrid,air_quality_accumulated,2026-05-06,2026-05-06T09:00,,,54,7,nitrogen_monoxide,11.0,official_unit_by_magnitude,V
datos_madrid,air_quality_accumulated,2026-05-06,2026-05-06T10:00,,,54,7,nitrogen_monoxide,6.0,official_unit_by_magnitude,V
datos_madrid,air_quality_accumulated,2026-05-06,2026-05-06T11:00,,,54,7,nitrogen_monoxide,3.0,official_unit_by_magnitude,V
datos_madrid,air_quality_accumulated,2026-05-06,2026-05-06T12:00,,,54,7,nitrogen_monoxide,1.0,official_unit_by_magnitude,V
datos_madrid,air_quality_accumulated,2026-05-06,2026-05-06T13:00,,,54,7,nitrogen_monoxide,1.0,official_unit_by_magnitude,V
datos_madrid,air_quality_accumulated,2026-05-06,2026-05-06T14:00,,,54,7,nitrogen_monoxide,1.0,official_unit_by_magnitude,V
datos_madrid,air_quality_accumulated,2026-05-06,2026-05-06T15:00,,,54,7,nitrogen_monoxide,0.0,official_unit_by_magnitude,V
datos_madrid,air_quality_accumulated,2026-05-06,2026-05-06T16:00,,,54,7,nitrogen_monoxide,2.0,official_unit_by_magnitude,V
datos_madrid,air_quality_accumulated,2026-05-06,2026-05-06T17:00,,,54,7,nitrogen_monoxide,2.0,official_unit_by_magnitude,V
datos_madrid,air_quality_accumulated,2026-05-06,2026-05-06T18:00,,,54,7,nitrogen_monoxide,3.0,official_unit_by_magnitude,V
datos_madrid,air_quality_accumulated,2026-05-06,2026-05-06T19:00,,,54,7,nitrogen_monoxide,2.0,official_unit_by_magnitude,V
datos_madrid,air_quality_accumulated,2026-05-06,2026-05-06T20:00,,,54,7,nitrogen_monoxide,2.0,official_unit_by_magnitude,V
datos_madrid,air_quality_accumulated,2026-05-06,2026-05-06T21:00,,,54,7,nitrogen_monoxide,1.0,official_unit_by_magnitude,V
datos_madrid,air_quality_accumulated,2026-05-06,2026-05-06T22:00,,,54,7,nitrogen_monoxide,1.0,official_unit_by_magnitude,V
datos_madrid,air_quality_accumulated,2026-05-06,2026-05-06T23:00,,,54,7,nitrogen_monoxide,1.0,official_unit_by_magnitude,V
datos_madrid,air_quality_accumulated,2026-05-06,2026-05-06T00:00,,,54,8,nitrogen_dioxide,14.0,official_unit_by_magnitude,V
datos_madrid,air_quality_accumulated,2026-05-06,2026-05-06T01:00,,,54,8,nitrogen_dioxide,15.0,official_unit_by_magnitude,V
datos_madrid,air_quality_accumulated,2026-05-06,2026-05-06T02:00,,,54,8,nitrogen_dioxide,10.0,official_unit_by_magnitude,V
datos_madrid,air_quality_accumulated,2026-05-06,2026-05-06T03:00,,,54,8,nitrogen_dioxide,13.0,official_unit_by_magnitude,V
datos_madrid,air_quality_accumulated,2026-05-06,2026-05-06T04:00,,,54,8,nitrogen_dioxide,20.0,official_unit_by_magnitude,V
datos_madrid,air_quality_accumulated,2026-05-06,2026-05-06T05:00,,,54,8,nitrogen_dioxide,25.0,official_unit_by_magnitude,V
datos_madrid,air_quality_accumulated,2026-05-06,2026-05-06T06:00,,,54,8,nitrogen_dioxide,29.0,official_unit_by_magnitude,V
datos_madrid,air_quality_accumulated,2026-05-06,2026-05-06T07:00,,,54,8,nitrogen_dioxide,45.0,official_unit_by_magnitude,V
datos_madrid,air_quality_accumulated,2026-05-06,2026-05-06T08:00,,,54,8,nitrogen_dioxide,50.0,official_unit_by_magnitude,V
datos_madrid,air_quality_accumulated,2026-05-06,2026-05-06T09:00,,,54,8,nitrogen_dioxide,34.0,official_unit_by_magnitude,V
datos_madrid,air_quality_accumulated,2026-05-06,2026-05-06T10:00,,,54,8,nitrogen_dioxide,22.0,official_unit_by_magnitude,V
datos_madrid,air_quality_accumulated,2026-05-06,2026-05-06T11:00,,,54,8,nitrogen_dioxide,14.0,official_unit_by_magnitude,V
datos_madrid,air_quality_accumulated,2026-05-06,2026-05-06T12:00,,,54,8,nitrogen_dioxide,8.0,official_unit_by_magnitude,V
datos_madrid,air_quality_accumulated,2026-05-06,2026-05-06T13:00,,,54,8,nitrogen_dioxide,7.0,official_unit_by_magnitude,V
datos_madrid,air_quality_accumulated,2026-05-06,2026-05-06T14:00,,,54,8,nitrogen_dioxide,7.0,official_unit_by_magnitude,V
datos_madrid,air_quality_accumulated,2026-05-06,2026-05-06T15:00,,,54,8,nitrogen_dioxide,7.0,official_unit_by_magnitude,V
datos_madrid,air_quality_accumulated,2026-05-06,2026-05-06T16:00,,,54,8,nitrogen_dioxide,11.0,official_unit_by_magnitude,V
datos_madrid,air_quality_accumulated,2026-05-06,2026-05-06T17:00,,,54,8,nitrogen_dioxide,11.0,official_unit_by_magnitude,V
datos_madrid,air_quality_accumulated,2026-05-06,2026-05-06T18:00,,,54,8,nitrogen_dioxide,16.0,official_unit_by_magnitude,V
datos_madrid,air_quality_accumulated,2026-05-06,2026-05-06T19:00,,,54,8,nitrogen_dioxide,16.0,official_unit_by_magnitude,V
datos_madrid,air_quality_accumulated,2026-05-06,2026-05-06T20:00,,,54,8,nitrogen_dioxide,24.0,official_unit_by_magnitude,V
datos_madrid,air_quality_accumulated,2026-05-06,2026-05-06T21:00,,,54,8,nitrogen_dioxide,51.0,official_unit_by_magnitude,V
datos_madrid,air_quality_accumulated,2026-05-06,2026-05-06T22:00,,,54,8,nitrogen_dioxide,67.0,official_unit_by_magnitude,V
datos_madrid,air_quality_accumulated,2026-05-06,2026-05-06T23:00,,,54,8,nitrogen_dioxide,58.0,official_unit_by_magnitude,V
datos_madrid,air_quality_accumulated,2026-05-06,2026-05-06T00:00,,,54,9,particles_pm2_5,2.0,official_unit_by_magnitude,V
datos_madrid,air_quality_accumulated,2026-05-06,2026-05-06T01:00,,,54,9,particles_pm2_5,2.0,official_unit_by_magnitude,V
datos_madrid,air_quality_accumulated,2026-05-06,2026-05-06T02:00,,,54,9,particles_pm2_5,1.0,official_unit_by_magnitude,V
datos_madrid,air_quality_accumulated,2026-05-06,2026-05-06T03:00,,,54,9,particles_pm2_5,3.0,official_unit_by_magnitude,V
datos_madrid,air_quality_accumulated,2026-05-06,2026-05-06T04:00,,,54,9,particles_pm2_5,6.0,official_unit_by_magnitude,V
datos_madrid,air_quality_accumulated,2026-05-06,2026-05-06T05:00,,,54,9,particles_pm2_5,6.0,official_unit_by_magnitude,V
datos_madrid,air_quality_accumulated,2026-05-06,2026-05-06T06:00,,,54,9,particles_pm2_5,6.0,official_unit_by_magnitude,V
datos_madrid,air_quality_accumulated,2026-05-06,2026-05-06T07:00,,,54,9,particles_pm2_5,5.0,official_unit_by_magnitude,V
datos_madrid,air_quality_accumulated,2026-05-06,2026-05-06T08:00,,,54,9,particles_pm2_5,5.0,official_unit_by_magnitude,V
datos_madrid,air_quality_accumulated,2026-05-06,2026-05-06T09:00,,,54,9,particles_pm2_5,4.0,official_unit_by_magnitude,V
datos_madrid,air_quality_accumulated,2026-05-06,2026-05-06T10:00,,,54,9,particles_pm2_5,3.0,official_unit_by_magnitude,V
datos_madrid,air_quality_accumulated,2026-05-06,2026-05-06T11:00,,,54,9,particles_pm2_5,5.0,official_unit_by_magnitude,V
datos_madrid,air_quality_accumulated,2026-05-06,2026-05-06T12:00,,,54,9,particles_pm2_5,3.0,official_unit_by_magnitude,V
datos_madrid,air_quality_accumulated,2026-05-06,2026-05-06T13:00,,,54,9,particles_pm2_5,3.0,official_unit_by_magnitude,V
datos_madrid,air_quality_accumulated,2026-05-06,2026-05-06T14:00,,,54,9,particles_pm2_5,4.0,official_unit_by_magnitude,V
datos_madrid,air_quality_accumulated,2026-05-06,2026-05-06T15:00,,,54,9,particles_pm2_5,5.0,official_unit_by_magnitude,V
datos_madrid,air_quality_accumulated,2026-05-06,2026-05-06T16:00,,,54,9,particles_pm2_5,3.0,official_unit_by_magnitude,V
datos_madrid,air_quality_accumulated,2026-05-06,2026-05-06T17:00,,,54,9,particles_pm2_5,4.0,official_unit_by_magnitude,V
datos_madrid,air_quality_accumulated,2026-05-06,2026-05-06T18:00,,,54,9,particles_pm2_5,4.0,official_unit_by_magnitude,V
datos_madrid,air_quality_accumulated,2026-05-06,2026-05-06T19:00,,,54,9,particles_pm2_5,5.0,official_unit_by_magnitude,V
datos_madrid,air_quality_accumulated,2026-05-06,2026-05-06T20:00,,,54,9,particles_pm2_5,7.0,official_unit_by_magnitude,V
datos_madrid,air_quality_accumulated,2026-05-06,2026-05-06T21:00,,,54,9,particles_pm2_5,7.0,official_unit_by_magnitude,V
datos_madrid,air_quality_accumulated,2026-05-06,2026-05-06T22:00,,,54,9,particles_pm2_5,6.0,official_unit_by_magnitude,V
datos_madrid,air_quality_accumulated,2026-05-06,2026-05-06T23:00,,,54,9,particles_pm2_5,11.0,official_unit_by_magnitude,V
datos_madrid,air_quality_accumulated,2026-05-06,2026-05-06T00:00,,,56,10,particles_pm10,10.0,official_unit_by_magnitude,V
datos_madrid,air_quality_accumulated,2026-05-06,2026-05-06T01:00,,,56,10,particles_pm10,10.0,official_unit_by_magnitude,V
datos_madrid,air_quality_accumulated,2026-05-06,2026-05-06T02:00,,,56,10,particles_pm10,8.0,official_unit_by_magnitude,V
datos_madrid,air_quality_accumulated,2026-05-06,2026-05-06T03:00,,,56,10,particles_pm10,17.0,official_unit_by_magnitude,V
datos_madrid,air_quality_accumulated,2026-05-06,2026-05-06T04:00,,,56,10,particles_pm10,15.0,official_unit_by_magnitude,V
datos_madrid,air_quality_accumulated,2026-05-06,2026-05-06T05:00,,,56,10,particles_pm10,16.0,official_unit_by_magnitude,V
datos_madrid,air_quality_accumulated,2026-05-06,2026-05-06T06:00,,,56,10,particles_pm10,19.0,official_unit_by_magnitude,V
datos_madrid,air_quality_accumulated,2026-05-06,2026-05-06T07:00,,,56,10,particles_pm10,15.0,official_unit_by_magnitude,V
datos_madrid,air_quality_accumulated,2026-05-06,2026-05-06T08:00,,,56,10,particles_pm10,21.0,official_unit_by_magnitude,V
datos_madrid,air_quality_accumulated,2026-05-06,2026-05-06T09:00,,,56,10,particles_pm10,24.0,official_unit_by_magnitude,V
datos_madrid,air_quality_accumulated,2026-05-06,2026-05-06T10:00,,,56,10,particles_pm10,18.0,official_unit_by_magnitude,V
datos_madrid,air_quality_accumulated,2026-05-06,2026-05-06T11:00,,,56,10,particles_pm10,16.0,official_unit_by_magnitude,V
datos_madrid,air_quality_accumulated,2026-05-06,2026-05-06T12:00,,,56,10,particles_pm10,12.0,official_unit_by_magnitude,V
datos_madrid,air_quality_accumulated,2026-05-06,2026-05-06T13:00,,,56,10,particles_pm10,6.0,official_unit_by_magnitude,V
datos_madrid,air_quality_accumulated,2026-05-06,2026-05-06T14:00,,,56,10,particles_pm10,6.0,official_unit_by_magnitude,V
datos_madrid,air_quality_accumulated,2026-05-06,2026-05-06T15:00,,,56,10,particles_pm10,9.0,official_unit_by_magnitude,V
datos_madrid,air_quality_accumulated,2026-05-06,2026-05-06T16:00,,,56,10,particles_pm10,19.0,official_unit_by_magnitude,V
datos_madrid,air_quality_accumulated,2026-05-06,2026-05-06T17:00,,,56,10,particles_pm10,13.0,official_unit_by_magnitude,V
datos_madrid,air_quality_accumulated,2026-05-06,2026-05-06T18:00,,,56,10,particles_pm10,16.0,official_unit_by_magnitude,V
datos_madrid,air_quality_accumulated,2026-05-06,2026-05-06T19:00,,,56,10,particles_pm10,27.0,official_unit_by_magnitude,V
datos_madrid,air_quality_accumulated,2026-05-06,2026-05-06T20:00,,,56,10,particles_pm10,13.0,official_unit_by_magnitude,V
datos_madrid,air_quality_accumulated,2026-05-06,2026-05-06T21:00,,,56,10,particles_pm10,14.0,official_unit_by_magnitude,V
datos_madrid,air_quality_accumulated,2026-05-06,2026-05-06T22:00,,,56,10,particles_pm10,33.0,official_unit_by_magnitude,V
datos_madrid,air_quality_accumulated,2026-05-06,2026-05-06T23:00,,,56,10,particles_pm10,27.0,official_unit_by_magnitude,V
datos_madrid,air_quality_accumulated,2026-05-06,2026-05-06T00:00,,,56,12,nitrogen_oxides,11.0,official_unit_by_magnitude,V
datos_madrid,air_quality_accumulated,2026-05-06,2026-05-06T01:00,,,56,12,nitrogen_oxides,12.0,official_unit_by_magnitude,V
datos_madrid,air_quality_accumulated,2026-05-06,2026-05-06T02:00,,,56,12,nitrogen_oxides,14.0,official_unit_by_magnitude,V
datos_madrid,air_quality_accumulated,2026-05-06,2026-05-06T03:00,,,56,12,nitrogen_oxides,29.0,official_unit_by_magnitude,V
datos_madrid,air_quality_accumulated,2026-05-06,2026-05-06T04:00,,,56,12,nitrogen_oxides,36.0,official_unit_by_magnitude,V
datos_madrid,air_quality_accumulated,2026-05-06,2026-05-06T05:00,,,56,12,nitrogen_oxides,27.0,official_unit_by_magnitude,V
datos_madrid,air_quality_accumulated,2026-05-06,2026-05-06T06:00,,,56,12,nitrogen_oxides,35.0,official_unit_by_magnitude,V
datos_madrid,air_quality_accumulated,2026-05-06,2026-05-06T07:00,,,56,12,nitrogen_oxides,60.0,official_unit_by_magnitude,V
datos_madrid,air_quality_accumulated,2026-05-06,2026-05-06T08:00,,,56,12,nitrogen_oxides,76.0,official_unit_by_magnitude,V
datos_madrid,air_quality_accumulated,2026-05-06,2026-05-06T09:00,,,56,12,nitrogen_oxides,58.0,official_unit_by_magnitude,V
datos_madrid,air_quality_accumulated,2026-05-06,2026-05-06T10:00,,,56,12,nitrogen_oxides,39.0,official_unit_by_magnitude,V
datos_madrid,air_quality_accumulated,2026-05-06,2026-05-06T11:00,,,56,12,nitrogen_oxides,32.0,official_unit_by_magnitude,V
datos_madrid,air_quality_accumulated,2026-05-06,2026-05-06T12:00,,,56,12,nitrogen_oxides,27.0,official_unit_by_magnitude,V
datos_madrid,air_quality_accumulated,2026-05-06,2026-05-06T13:00,,,56,12,nitrogen_oxides,30.0,official_unit_by_magnitude,V
datos_madrid,air_quality_accumulated,2026-05-06,2026-05-06T14:00,,,56,12,nitrogen_oxides,25.0,official_unit_by_magnitude,V
datos_madrid,air_quality_accumulated,2026-05-06,2026-05-06T15:00,,,56,12,nitrogen_oxides,25.0,official_unit_by_magnitude,V
datos_madrid,air_quality_accumulated,2026-05-06,2026-05-06T16:00,,,56,12,nitrogen_oxides,27.0,official_unit_by_magnitude,V
datos_madrid,air_quality_accumulated,2026-05-06,2026-05-06T17:00,,,56,12,nitrogen_oxides,31.0,official_unit_by_magnitude,V
datos_madrid,air_quality_accumulated,2026-05-06,2026-05-06T18:00,,,56,12,nitrogen_oxides,32.0,official_unit_by_magnitude,V
datos_madrid,air_quality_accumulated,2026-05-06,2026-05-06T19:00,,,56,12,nitrogen_oxides,30.0,official_unit_by_magnitude,V
datos_madrid,air_quality_accumulated,2026-05-06,2026-05-06T20:00,,,56,12,nitrogen_oxides,51.0,official_unit_by_magnitude,V
datos_madrid,air_quality_accumulated,2026-05-06,2026-05-06T21:00,,,56,12,nitrogen_oxides,83.0,official_unit_by_magnitude,V
datos_madrid,air_quality_accumulated,2026-05-06,2026-05-06T22:00,,,56,12,nitrogen_oxides,128.0,official_unit_by_magnitude,V
datos_madrid,air_quality_accumulated,2026-05-06,2026-05-06T23:00,,,56,12,nitrogen_oxides,73.0,official_unit_by_magnitude,V
datos_madrid,air_quality_accumulated,2026-05-06,2026-05-06T00:00,,,56,6,carbon_monoxide,0.1,official_unit_by_magnitude,V
datos_madrid,air_quality_accumulated,2026-05-06,2026-05-06T01:00,,,56,6,carbon_monoxide,0.1,official_unit_by_magnitude,V
datos_madrid,air_quality_accumulated,2026-05-06,2026-05-06T02:00,,,56,6,carbon_monoxide,0.1,official_unit_by_magnitude,V
datos_madrid,air_quality_accumulated,2026-05-06,2026-05-06T03:00,,,56,6,carbon_monoxide,0.1,official_unit_by_magnitude,V
datos_madrid,air_quality_accumulated,2026-05-06,2026-05-06T04:00,,,56,6,carbon_monoxide,0.1,official_unit_by_magnitude,V
datos_madrid,air_quality_accumulated,2026-05-06,2026-05-06T05:00,,,56,6,carbon_monoxide,0.2,official_unit_by_magnitude,V
datos_madrid,air_quality_accumulated,2026-05-06,2026-05-06T06:00,,,56,6,carbon_monoxide,0.2,official_unit_by_magnitude,V
datos_madrid,air_quality_accumulated,2026-05-06,2026-05-06T07:00,,,56,6,carbon_monoxide,0.3,official_unit_by_magnitude,V
datos_madrid,air_quality_accumulated,2026-05-06,2026-05-06T08:00,,,56,6,carbon_monoxide,0.3,official_unit_by_magnitude,V
datos_madrid,air_quality_accumulated,2026-05-06,2026-05-06T09:00,,,56,6,carbon_monoxide,0.2,official_unit_by_magnitude,V
datos_madrid,air_quality_accumulated,2026-05-06,2026-05-06T10:00,,,56,6,carbon_monoxide,0.2,official_unit_by_magnitude,V
datos_madrid,air_quality_accumulated,2026-05-06,2026-05-06T11:00,,,56,6,carbon_monoxide,0.1,official_unit_by_magnitude,V
datos_madrid,air_quality_accumulated,2026-05-06,2026-05-06T12:00,,,56,6,carbon_monoxide,0.1,official_unit_by_magnitude,V
datos_madrid,air_quality_accumulated,2026-05-06,2026-05-06T13:00,,,56,6,carbon_monoxide,0.1,official_unit_by_magnitude,V
datos_madrid,air_quality_accumulated,2026-05-06,2026-05-06T14:00,,,56,6,carbon_monoxide,0.1,official_unit_by_magnitude,V
datos_madrid,air_quality_accumulated,2026-05-06,2026-05-06T15:00,,,56,6,carbon_monoxide,0.1,official_unit_by_magnitude,V
datos_madrid,air_quality_accumulated,2026-05-06,2026-05-06T16:00,,,56,6,carbon_monoxide,0.2,official_unit_by_magnitude,V
datos_madrid,air_quality_accumulated,2026-05-06,2026-05-06T17:00,,,56,6,carbon_monoxide,0.2,official_unit_by_magnitude,V
datos_madrid,air_quality_accumulated,2026-05-06,2026-05-06T18:00,,,56,6,carbon_monoxide,0.2,official_unit_by_magnitude,V
datos_madrid,air_quality_accumulated,2026-05-06,2026-05-06T19:00,,,56,6,carbon_monoxide,0.2,official_unit_by_magnitude,V
datos_madrid,air_quality_accumulated,2026-05-06,2026-05-06T20:00,,,56,6,carbon_monoxide,0.2,official_unit_by_magnitude,V
datos_madrid,air_quality_accumulated,2026-05-06,2026-05-06T21:00,,,56,6,carbon_monoxide,0.4,official_unit_by_magnitude,V
datos_madrid,air_quality_accumulated,2026-05-06,2026-05-06T22:00,,,56,6,carbon_monoxide,0.5,official_unit_by_magnitude,V
datos_madrid,air_quality_accumulated,2026-05-06,2026-05-06T23:00,,,56,6,carbon_monoxide,0.4,official_unit_by_magnitude,V
datos_madrid,air_quality_accumulated,2026-05-06,2026-05-06T00:00,,,56,7,nitrogen_monoxide,1.0,official_unit_by_magnitude,V
datos_madrid,air_quality_accumulated,2026-05-06,2026-05-06T01:00,,,56,7,nitrogen_monoxide,1.0,official_unit_by_magnitude,V
datos_madrid,air_quality_accumulated,2026-05-06,2026-05-06T02:00,,,56,7,nitrogen_monoxide,2.0,official_unit_by_magnitude,V
datos_madrid,air_quality_accumulated,2026-05-06,2026-05-06T03:00,,,56,7,nitrogen_monoxide,7.0,official_unit_by_magnitude,V
datos_madrid,air_quality_accumulated,2026-05-06,2026-05-06T04:00,,,56,7,nitrogen_monoxide,4.0,official_unit_by_magnitude,V
datos_madrid,air_quality_accumulated,2026-05-06,2026-05-06T05:00,,,56,7,nitrogen_monoxide,2.0,official_unit_by_magnitude,V
datos_madrid,air_quality_accumulated,2026-05-06,2026-05-06T06:00,,,56,7,nitrogen_monoxide,6.0,official_unit_by_magnitude,V
datos_madrid,air_quality_accumulated,2026-05-06,2026-05-06T07:00,,,56,7,nitrogen_monoxide,14.0,official_unit_by_magnitude,V
datos_madrid,air_quality_accumulated,2026-05-06,2026-05-06T08:00,,,56,7,nitrogen_monoxide,21.0,official_unit_by_magnitude,V
datos_madrid,air_quality_accumulated,2026-05-06,2026-05-06T09:00,,,56,7,nitrogen_monoxide,15.0,official_unit_by_magnitude,V
datos_madrid,air_quality_accumulated,2026-05-06,2026-05-06T10:00,,,56,7,nitrogen_monoxide,10.0,official_unit_by_magnitude,V
datos_madrid,air_quality_accumulated,2026-05-06,2026-05-06T11:00,,,56,7,nitrogen_monoxide,9.0,official_unit_by_magnitude,V
datos_madrid,air_quality_accumulated,2026-05-06,2026-05-06T12:00,,,56,7,nitrogen_monoxide,7.0,official_unit_by_magnitude,V
datos_madrid,air_quality_accumulated,2026-05-06,2026-05-06T13:00,,,56,7,nitrogen_monoxide,8.0,official_unit_by_magnitude,V
datos_madrid,air_quality_accumulated,2026-05-06,2026-05-06T14:00,,,56,7,nitrogen_monoxide,6.0,official_unit_by_magnitude,V
datos_madrid,air_quality_accumulated,2026-05-06,2026-05-06T15:00,,,56,7,nitrogen_monoxide,7.0,official_unit_by_magnitude,V
datos_madrid,air_quality_accumulated,2026-05-06,2026-05-06T16:00,,,56,7,nitrogen_monoxide,7.0,official_unit_by_magnitude,V
datos_madrid,air_quality_accumulated,2026-05-06,2026-05-06T17:00,,,56,7,nitrogen_monoxide,7.0,official_unit_by_magnitude,V
datos_madrid,air_quality_accumulated,2026-05-06,2026-05-06T18:00,,,56,7,nitrogen_monoxide,6.0,official_unit_by_magnitude,V
datos_madrid,air_quality_accumulated,2026-05-06,2026-05-06T19:00,,,56,7,nitrogen_monoxide,6.0,official_unit_by_magnitude,V
datos_madrid,air_quality_accumulated,2026-05-06,2026-05-06T20:00,,,56,7,nitrogen_monoxide,13.0,official_unit_by_magnitude,V
datos_madrid,air_quality_accumulated,2026-05-06,2026-05-06T21:00,,,56,7,nitrogen_monoxide,9.0,official_unit_by_magnitude,V
datos_madrid,air_quality_accumulated,2026-05-06,2026-05-06T22:00,,,56,7,nitrogen_monoxide,16.0,official_unit_by_magnitude,V
datos_madrid,air_quality_accumulated,2026-05-06,2026-05-06T23:00,,,56,7,nitrogen_monoxide,3.0,official_unit_by_magnitude,V
datos_madrid,air_quality_accumulated,2026-05-06,2026-05-06T00:00,,,56,8,nitrogen_dioxide,9.0,official_unit_by_magnitude,V
datos_madrid,air_quality_accumulated,2026-05-06,2026-05-06T01:00,,,56,8,nitrogen_dioxide,11.0,official_unit_by_magnitude,V
datos_madrid,air_quality_accumulated,2026-05-06,2026-05-06T02:00,,,56,8,nitrogen_dioxide,11.0,official_unit_by_magnitude,V
datos_madrid,air_quality_accumulated,2026-05-06,2026-05-06T03:00,,,56,8,nitrogen_dioxide,18.0,official_unit_by_magnitude,V
datos_madrid,air_quality_accumulated,2026-05-06,2026-05-06T04:00,,,56,8,nitrogen_dioxide,29.0,official_unit_by_magnitude,V
datos_madrid,air_quality_accumulated,2026-05-06,2026-05-06T05:00,,,56,8,nitrogen_dioxide,24.0,official_unit_by_magnitude,V
datos_madrid,air_quality_accumulated,2026-05-06,2026-05-06T06:00,,,56,8,nitrogen_dioxide,26.0,official_unit_by_magnitude,V
datos_madrid,air_quality_accumulated,2026-05-06,2026-05-06T07:00,,,56,8,nitrogen_dioxide,39.0,official_unit_by_magnitude,V
datos_madrid,air_quality_accumulated,2026-05-06,2026-05-06T08:00,,,56,8,nitrogen_dioxide,44.0,official_unit_by_magnitude,V
datos_madrid,air_quality_accumulated,2026-05-06,2026-05-06T09:00,,,56,8,nitrogen_dioxide,35.0,official_unit_by_magnitude,V
datos_madrid,air_quality_accumulated,2026-05-06,2026-05-06T10:00,,,56,8,nitrogen_dioxide,23.0,official_unit_by_magnitude,V
datos_madrid,air_quality_accumulated,2026-05-06,2026-05-06T11:00,,,56,8,nitrogen_dioxide,18.0,official_unit_by_magnitude,V
datos_madrid,air_quality_accumulated,2026-05-06,2026-05-06T12:00,,,56,8,nitrogen_dioxide,16.0,official_unit_by_magnitude,V
datos_madrid,air_quality_accumulated,2026-05-06,2026-05-06T13:00,,,56,8,nitrogen_dioxide,17.0,official_unit_by_magnitude,V
datos_madrid,air_quality_accumulated,2026-05-06,2026-05-06T14:00,,,56,8,nitrogen_dioxide,15.0,official_unit_by_magnitude,V
datos_madrid,air_quality_accumulated,2026-05-06,2026-05-06T15:00,,,56,8,nitrogen_dioxide,15.0,official_unit_by_magnitude,V
datos_madrid,air_quality_accumulated,2026-05-06,2026-05-06T16:00,,,56,8,nitrogen_dioxide,17.0,official_unit_by_magnitude,V
datos_madrid,air_quality_accumulated,2026-05-06,2026-05-06T17:00,,,56,8,nitrogen_dioxide,21.0,official_unit_by_magnitude,V
datos_madrid,air_quality_accumulated,2026-05-06,2026-05-06T18:00,,,56,8,nitrogen_dioxide,22.0,official_unit_by_magnitude,V
datos_madrid,air_quality_accumulated,2026-05-06,2026-05-06T19:00,,,56,8,nitrogen_dioxide,22.0,official_unit_by_magnitude,V
datos_madrid,air_quality_accumulated,2026-05-06,2026-05-06T20:00,,,56,8,nitrogen_dioxide,31.0,official_unit_by_magnitude,V
datos_madrid,air_quality_accumulated,2026-05-06,2026-05-06T21:00,,,56,8,nitrogen_dioxide,70.0,official_unit_by_magnitude,V
datos_madrid,air_quality_accumulated,2026-05-06,2026-05-06T22:00,,,56,8,nitrogen_dioxide,103.0,official_unit_by_magnitude,V
datos_madrid,air_quality_accumulated,2026-05-06,2026-05-06T23:00,,,56,8,nitrogen_dioxide,68.0,official_unit_by_magnitude,V
datos_madrid,air_quality_accumulated,2026-05-06,2026-05-06T00:00,,,56,9,particles_pm2_5,6.0,official_unit_by_magnitude,V
datos_madrid,air_quality_accumulated,2026-05-06,2026-05-06T01:00,,,56,9,particles_pm2_5,8.0,official_unit_by_magnitude,V
datos_madrid,air_quality_accumulated,2026-05-06,2026-05-06T02:00,,,56,9,particles_pm2_5,5.0,official_unit_by_magnitude,V
datos_madrid,air_quality_accumulated,2026-05-06,2026-05-06T03:00,,,56,9,particles_pm2_5,10.0,official_unit_by_magnitude,V
datos_madrid,air_quality_accumulated,2026-05-06,2026-05-06T04:00,,,56,9,particles_pm2_5,7.0,official_unit_by_magnitude,V
datos_madrid,air_quality_accumulated,2026-05-06,2026-05-06T05:00,,,56,9,particles_pm2_5,8.0,official_unit_by_magnitude,V
datos_madrid,air_quality_accumulated,2026-05-06,2026-05-06T06:00,,,56,9,particles_pm2_5,10.0,official_unit_by_magnitude,V
datos_madrid,air_quality_accumulated,2026-05-06,2026-05-06T07:00,,,56,9,particles_pm2_5,10.0,official_unit_by_magnitude,V
datos_madrid,air_quality_accumulated,2026-05-06,2026-05-06T08:00,,,56,9,particles_pm2_5,12.0,official_unit_by_magnitude,V
datos_madrid,air_quality_accumulated,2026-05-06,2026-05-06T09:00,,,56,9,particles_pm2_5,13.0,official_unit_by_magnitude,V
datos_madrid,air_quality_accumulated,2026-05-06,2026-05-06T10:00,,,56,9,particles_pm2_5,9.0,official_unit_by_magnitude,V
datos_madrid,air_quality_accumulated,2026-05-06,2026-05-06T11:00,,,56,9,particles_pm2_5,10.0,official_unit_by_magnitude,V
datos_madrid,air_quality_accumulated,2026-05-06,2026-05-06T12:00,,,56,9,particles_pm2_5,7.0,official_unit_by_magnitude,V
datos_madrid,air_quality_accumulated,2026-05-06,2026-05-06T13:00,,,56,9,particles_pm2_5,4.0,official_unit_by_magnitude,V
datos_madrid,air_quality_accumulated,2026-05-06,2026-05-06T14:00,,,56,9,particles_pm2_5,3.0,official_unit_by_magnitude,V
datos_madrid,air_quality_accumulated,2026-05-06,2026-05-06T15:00,,,56,9,particles_pm2_5,5.0,official_unit_by_magnitude,V
datos_madrid,air_quality_accumulated,2026-05-06,2026-05-06T16:00,,,56,9,particles_pm2_5,9.0,official_unit_by_magnitude,V
datos_madrid,air_quality_accumulated,2026-05-06,2026-05-06T17:00,,,56,9,particles_pm2_5,7.0,official_unit_by_magnitude,V
datos_madrid,air_quality_accumulated,2026-05-06,2026-05-06T18:00,,,56,9,particles_pm2_5,8.0,official_unit_by_magnitude,V
datos_madrid,air_quality_accumulated,2026-05-06,2026-05-06T19:00,,,56,9,particles_pm2_5,12.0,official_unit_by_magnitude,V
datos_madrid,air_quality_accumulated,2026-05-06,2026-05-06T20:00,,,56,9,particles_pm2_5,8.0,official_unit_by_magnitude,V
datos_madrid,air_quality_accumulated,2026-05-06,2026-05-06T21:00,,,56,9,particles_pm2_5,7.0,official_unit_by_magnitude,V
datos_madrid,air_quality_accumulated,2026-05-06,2026-05-06T22:00,,,56,9,particles_pm2_5,19.0,official_unit_by_magnitude,V
datos_madrid,air_quality_accumulated,2026-05-06,2026-05-06T23:00,,,56,9,particles_pm2_5,14.0,official_unit_by_magnitude,V
datos_madrid,air_quality_accumulated,2026-05-06,2026-05-06T00:00,,,57,10,particles_pm10,10.0,official_unit_by_magnitude,V
datos_madrid,air_quality_accumulated,2026-05-06,2026-05-06T01:00,,,57,10,particles_pm10,9.0,official_unit_by_magnitude,V
datos_madrid,air_quality_accumulated,2026-05-06,2026-05-06T02:00,,,57,10,particles_pm10,4.0,official_unit_by_magnitude,V
datos_madrid,air_quality_accumulated,2026-05-06,2026-05-06T03:00,,,57,10,particles_pm10,3.0,official_unit_by_magnitude,V
datos_madrid,air_quality_accumulated,2026-05-06,2026-05-06T04:00,,,57,10,particles_pm10,6.0,official_unit_by_magnitude,V
datos_madrid,air_quality_accumulated,2026-05-06,2026-05-06T05:00,,,57,10,particles_pm10,3.0,official_unit_by_magnitude,V
datos_madrid,air_quality_accumulated,2026-05-06,2026-05-06T06:00,,,57,10,particles_pm10,2.0,official_unit_by_magnitude,V
datos_madrid,air_quality_accumulated,2026-05-06,2026-05-06T07:00,,,57,10,particles_pm10,4.0,official_unit_by_magnitude,V
datos_madrid,air_quality_accumulated,2026-05-06,2026-05-06T08:00,,,57,10,particles_pm10,7.0,official_unit_by_magnitude,V
datos_madrid,air_quality_accumulated,2026-05-06,2026-05-06T09:00,,,57,10,particles_pm10,1.0,official_unit_by_magnitude,V
datos_madrid,air_quality_accumulated,2026-05-06,2026-05-06T10:00,,,57,10,particles_pm10,7.0,official_unit_by_magnitude,V
datos_madrid,air_quality_accumulated,2026-05-06,2026-05-06T11:00,,,57,10,particles_pm10,4.0,official_unit_by_magnitude,V
datos_madrid,air_quality_accumulated,2026-05-06,2026-05-06T12:00,,,57,10,particles_pm10,16.0,official_unit_by_magnitude,V
datos_madrid,air_quality_accumulated,2026-05-06,2026-05-06T13:00,,,57,10,particles_pm10,4.0,official_unit_by_magnitude,V
datos_madrid,air_quality_accumulated,2026-05-06,2026-05-06T14:00,,,57,10,particles_pm10,19.0,official_unit_by_magnitude,V
datos_madrid,air_quality_accumulated,2026-05-06,2026-05-06T15:00,,,57,10,particles_pm10,19.0,official_unit_by_magnitude,V
datos_madrid,air_quality_accumulated,2026-05-06,2026-05-06T16:00,,,57,10,particles_pm10,11.0,official_unit_by_magnitude,V
datos_madrid,air_quality_accumulated,2026-05-06,2026-05-06T17:00,,,57,10,particles_pm10,13.0,official_unit_by_magnitude,V
datos_madrid,air_quality_accumulated,2026-05-06,2026-05-06T18:00,,,57,10,particles_pm10,1.0,official_unit_by_magnitude,V
datos_madrid,air_quality_accumulated,2026-05-06,2026-05-06T19:00,,,57,10,particles_pm10,7.0,official_unit_by_magnitude,V
datos_madrid,air_quality_accumulated,2026-05-06,2026-05-06T20:00,,,57,10,particles_pm10,11.0,official_unit_by_magnitude,V
datos_madrid,air_quality_accumulated,2026-05-06,2026-05-06T21:00,,,57,10,particles_pm10,1.0,official_unit_by_magnitude,V
datos_madrid,air_quality_accumulated,2026-05-06,2026-05-06T22:00,,,57,10,particles_pm10,12.0,official_unit_by_magnitude,V
datos_madrid,air_quality_accumulated,2026-05-06,2026-05-06T23:00,,,57,10,particles_pm10,17.0,official_unit_by_magnitude,V
datos_madrid,air_quality_accumulated,2026-05-06,2026-05-06T00:00,,,57,12,nitrogen_oxides,12.0,official_unit_by_magnitude,V
datos_madrid,air_quality_accumulated,2026-05-06,2026-05-06T01:00,,,57,12,nitrogen_oxides,5.0,official_unit_by_magnitude,V
datos_madrid,air_quality_accumulated,2026-05-06,2026-05-06T02:00,,,57,12,nitrogen_oxides,6.0,official_unit_by_magnitude,V
datos_madrid,air_quality_accumulated,2026-05-06,2026-05-06T03:00,,,57,12,nitrogen_oxides,11.0,official_unit_by_magnitude,V
datos_madrid,air_quality_accumulated,2026-05-06,2026-05-06T04:00,,,57,12,nitrogen_oxides,14.0,official_unit_by_magnitude,V
datos_madrid,air_quality_accumulated,2026-05-06,2026-05-06T05:00,,,57,12,nitrogen_oxides,9.0,official_unit_by_magnitude,V
datos_madrid,air_quality_accumulated,2026-05-06,2026-05-06T06:00,,,57,12,nitrogen_oxides,13.0,official_unit_by_magnitude,V
datos_madrid,air_quality_accumulated,2026-05-06,2026-05-06T07:00,,,57,12,nitrogen_oxides,33.0,official_unit_by_magnitude,V
datos_madrid,air_quality_accumulated,2026-05-06,2026-05-06T08:00,,,57,12,nitrogen_oxides,30.0,official_unit_by_magnitude,V
datos_madrid,air_quality_accumulated,2026-05-06,2026-05-06T09:00,,,57,12,nitrogen_oxides,20.0,official_unit_by_magnitude,V
datos_madrid,air_quality_accumulated,2026-05-06,2026-05-06T10:00,,,57,12,nitrogen_oxides,14.0,official_unit_by_magnitude,V
datos_madrid,air_quality_accumulated,2026-05-06,2026-05-06T11:00,,,57,12,nitrogen_oxides,14.0,official_unit_by_magnitude,V
datos_madrid,air_quality_accumulated,2026-05-06,2026-05-06T12:00,,,57,12,nitrogen_oxides,11.0,official_unit_by_magnitude,V
datos_madrid,air_quality_accumulated,2026-05-06,2026-05-06T13:00,,,57,12,nitrogen_oxides,10.0,official_unit_by_magnitude,V
datos_madrid,air_quality_accumulated,2026-05-06,2026-05-06T14:00,,,57,12,nitrogen_oxides,8.0,official_unit_by_magnitude,V
datos_madrid,air_quality_accumulated,2026-05-06,2026-05-06T15:00,,,57,12,nitrogen_oxides,10.0,official_unit_by_magnitude,V
datos_madrid,air_quality_accumulated,2026-05-06,2026-05-06T16:00,,,57,12,nitrogen_oxides,11.0,official_unit_by_magnitude,V
datos_madrid,air_quality_accumulated,2026-05-06,2026-05-06T17:00,,,57,12,nitrogen_oxides,15.0,official_unit_by_magnitude,V
datos_madrid,air_quality_accumulated,2026-05-06,2026-05-06T18:00,,,57,12,nitrogen_oxides,13.0,official_unit_by_magnitude,V
datos_madrid,air_quality_accumulated,2026-05-06,2026-05-06T19:00,,,57,12,nitrogen_oxides,18.0,official_unit_by_magnitude,V
datos_madrid,air_quality_accumulated,2026-05-06,2026-05-06T20:00,,,57,12,nitrogen_oxides,16.0,official_unit_by_magnitude,V
datos_madrid,air_quality_accumulated,2026-05-06,2026-05-06T21:00,,,57,12,nitrogen_oxides,27.0,official_unit_by_magnitude,V
datos_madrid,air_quality_accumulated,2026-05-06,2026-05-06T22:00,,,57,12,nitrogen_oxides,42.0,official_unit_by_magnitude,V
datos_madrid,air_quality_accumulated,2026-05-06,2026-05-06T23:00,,,57,12,nitrogen_oxides,28.0,official_unit_by_magnitude,V
datos_madrid,air_quality_accumulated,2026-05-06,2026-05-06T00:00,,,57,7,nitrogen_monoxide,0.0,official_unit_by_magnitude,V
datos_madrid,air_quality_accumulated,2026-05-06,2026-05-06T01:00,,,57,7,nitrogen_monoxide,0.0,official_unit_by_magnitude,V
datos_madrid,air_quality_accumulated,2026-05-06,2026-05-06T02:00,,,57,7,nitrogen_monoxide,0.0,official_unit_by_magnitude,V
datos_madrid,air_quality_accumulated,2026-05-06,2026-05-06T03:00,,,57,7,nitrogen_monoxide,0.0,official_unit_by_magnitude,V
datos_madrid,air_quality_accumulated,2026-05-06,2026-05-06T04:00,,,57,7,nitrogen_monoxide,0.0,official_unit_by_magnitude,V
datos_madrid,air_quality_accumulated,2026-05-06,2026-05-06T05:00,,,57,7,nitrogen_monoxide,0.0,official_unit_by_magnitude,V
datos_madrid,air_quality_accumulated,2026-05-06,2026-05-06T06:00,,,57,7,nitrogen_monoxide,0.0,official_unit_by_magnitude,V
datos_madrid,air_quality_accumulated,2026-05-06,2026-05-06T07:00,,,57,7,nitrogen_monoxide,4.0,official_unit_by_magnitude,V
datos_madrid,air_quality_accumulated,2026-05-06,2026-05-06T08:00,,,57,7,nitrogen_monoxide,4.0,official_unit_by_magnitude,V
datos_madrid,air_quality_accumulated,2026-05-06,2026-05-06T09:00,,,57,7,nitrogen_monoxide,4.0,official_unit_by_magnitude,V
datos_madrid,air_quality_accumulated,2026-05-06,2026-05-06T10:00,,,57,7,nitrogen_monoxide,3.0,official_unit_by_magnitude,V
datos_madrid,air_quality_accumulated,2026-05-06,2026-05-06T11:00,,,57,7,nitrogen_monoxide,4.0,official_unit_by_magnitude,V
datos_madrid,air_quality_accumulated,2026-05-06,2026-05-06T12:00,,,57,7,nitrogen_monoxide,3.0,official_unit_by_magnitude,V
datos_madrid,air_quality_accumulated,2026-05-06,2026-05-06T13:00,,,57,7,nitrogen_monoxide,3.0,official_unit_by_magnitude,V
datos_madrid,air_quality_accumulated,2026-05-06,2026-05-06T14:00,,,57,7,nitrogen_monoxide,2.0,official_unit_by_magnitude,V
datos_madrid,air_quality_accumulated,2026-05-06,2026-05-06T15:00,,,57,7,nitrogen_monoxide,2.0,official_unit_by_magnitude,V
datos_madrid,air_quality_accumulated,2026-05-06,2026-05-06T16:00,,,57,7,nitrogen_monoxide,2.0,official_unit_by_magnitude,V
datos_madrid,air_quality_accumulated,2026-05-06,2026-05-06T17:00,,,57,7,nitrogen_monoxide,3.0,official_unit_by_magnitude,V
datos_madrid,air_quality_accumulated,2026-05-06,2026-05-06T18:00,,,57,7,nitrogen_monoxide,1.0,official_unit_by_magnitude,V
datos_madrid,air_quality_accumulated,2026-05-06,2026-05-06T19:00,,,57,7,nitrogen_monoxide,2.0,official_unit_by_magnitude,V
datos_madrid,air_quality_accumulated,2026-05-06,2026-05-06T20:00,,,57,7,nitrogen_monoxide,1.0,official_unit_by_magnitude,V
datos_madrid,air_quality_accumulated,2026-05-06,2026-05-06T21:00,,,57,7,nitrogen_monoxide,1.0,official_unit_by_magnitude,V
datos_madrid,air_quality_accumulated,2026-05-06,2026-05-06T22:00,,,57,7,nitrogen_monoxide,2.0,official_unit_by_magnitude,V
datos_madrid,air_quality_accumulated,2026-05-06,2026-05-06T23:00,,,57,7,nitrogen_monoxide,0.0,official_unit_by_magnitude,V
datos_madrid,air_quality_accumulated,2026-05-06,2026-05-06T00:00,,,57,8,nitrogen_dioxide,12.0,official_unit_by_magnitude,V
datos_madrid,air_quality_accumulated,2026-05-06,2026-05-06T01:00,,,57,8,nitrogen_dioxide,5.0,official_unit_by_magnitude,V
datos_madrid,air_quality_accumulated,2026-05-06,2026-05-06T02:00,,,57,8,nitrogen_dioxide,5.0,official_unit_by_magnitude,V
datos_madrid,air_quality_accumulated,2026-05-06,2026-05-06T03:00,,,57,8,nitrogen_dioxide,10.0,official_unit_by_magnitude,V
datos_madrid,air_quality_accumulated,2026-05-06,2026-05-06T04:00,,,57,8,nitrogen_dioxide,13.0,official_unit_by_magnitude,V
datos_madrid,air_quality_accumulated,2026-05-06,2026-05-06T05:00,,,57,8,nitrogen_dioxide,9.0,official_unit_by_magnitude,V
datos_madrid,air_quality_accumulated,2026-05-06,2026-05-06T06:00,,,57,8,nitrogen_dioxide,12.0,official_unit_by_magnitude,V
datos_madrid,air_quality_accumulated,2026-05-06,2026-05-06T07:00,,,57,8,nitrogen_dioxide,27.0,official_unit_by_magnitude,V
datos_madrid,air_quality_accumulated,2026-05-06,2026-05-06T08:00,,,57,8,nitrogen_dioxide,23.0,official_unit_by_magnitude,V
datos_madrid,air_quality_accumulated,2026-05-06,2026-05-06T09:00,,,57,8,nitrogen_dioxide,13.0,official_unit_by_magnitude,V
datos_madrid,air_quality_accumulated,2026-05-06,2026-05-06T10:00,,,57,8,nitrogen_dioxide,9.0,official_unit_by_magnitude,V
datos_madrid,air_quality_accumulated,2026-05-06,2026-05-06T11:00,,,57,8,nitrogen_dioxide,9.0,official_unit_by_magnitude,V
datos_madrid,air_quality_accumulated,2026-05-06,2026-05-06T12:00,,,57,8,nitrogen_dioxide,7.0,official_unit_by_magnitude,V
datos_madrid,air_quality_accumulated,2026-05-06,2026-05-06T13:00,,,57,8,nitrogen_dioxide,6.0,official_unit_by_magnitude,V
datos_madrid,air_quality_accumulated,2026-05-06,2026-05-06T14:00,,,57,8,nitrogen_dioxide,5.0,official_unit_by_magnitude,V
datos_madrid,air_quality_accumulated,2026-05-06,2026-05-06T15:00,,,57,8,nitrogen_dioxide,7.0,official_unit_by_magnitude,V
datos_madrid,air_quality_accumulated,2026-05-06,2026-05-06T16:00,,,57,8,nitrogen_dioxide,8.0,official_unit_by_magnitude,V
datos_madrid,air_quality_accumulated,2026-05-06,2026-05-06T17:00,,,57,8,nitrogen_dioxide,10.0,official_unit_by_magnitude,V
datos_madrid,air_quality_accumulated,2026-05-06,2026-05-06T18:00,,,57,8,nitrogen_dioxide,10.0,official_unit_by_magnitude,V
datos_madrid,air_quality_accumulated,2026-05-06,2026-05-06T19:00,,,57,8,nitrogen_dioxide,14.0,official_unit_by_magnitude,V
datos_madrid,air_quality_accumulated,2026-05-06,2026-05-06T20:00,,,57,8,nitrogen_dioxide,14.0,official_unit_by_magnitude,V
datos_madrid,air_quality_accumulated,2026-05-06,2026-05-06T21:00,,,57,8,nitrogen_dioxide,25.0,official_unit_by_magnitude,V
datos_madrid,air_quality_accumulated,2026-05-06,2026-05-06T22:00,,,57,8,nitrogen_dioxide,39.0,official_unit_by_magnitude,V
datos_madrid,air_quality_accumulated,2026-05-06,2026-05-06T23:00,,,57,8,nitrogen_dioxide,27.0,official_unit_by_magnitude,V
datos_madrid,air_quality_accumulated,2026-05-06,2026-05-06T00:00,,,57,9,particles_pm2_5,5.0,official_unit_by_magnitude,V
datos_madrid,air_quality_accumulated,2026-05-06,2026-05-06T01:00,,,57,9,particles_pm2_5,6.0,official_unit_by_magnitude,V
datos_madrid,air_quality_accumulated,2026-05-06,2026-05-06T02:00,,,57,9,particles_pm2_5,2.0,official_unit_by_magnitude,V
datos_madrid,air_quality_accumulated,2026-05-06,2026-05-06T03:00,,,57,9,particles_pm2_5,2.0,official_unit_by_magnitude,V
datos_madrid,air_quality_accumulated,2026-05-06,2026-05-06T04:00,,,57,9,particles_pm2_5,4.0,official_unit_by_magnitude,V
datos_madrid,air_quality_accumulated,2026-05-06,2026-05-06T05:00,,,57,9,particles_pm2_5,2.0,official_unit_by_magnitude,V
datos_madrid,air_quality_accumulated,2026-05-06,2026-05-06T06:00,,,57,9,particles_pm2_5,0.0,official_unit_by_magnitude,V
datos_madrid,air_quality_accumulated,2026-05-06,2026-05-06T07:00,,,57,9,particles_pm2_5,3.0,official_unit_by_magnitude,V
datos_madrid,air_quality_accumulated,2026-05-06,2026-05-06T08:00,,,57,9,particles_pm2_5,2.0,official_unit_by_magnitude,V
datos_madrid,air_quality_accumulated,2026-05-06,2026-05-06T09:00,,,57,9,particles_pm2_5,0.0,official_unit_by_magnitude,V
datos_madrid,air_quality_accumulated,2026-05-06,2026-05-06T10:00,,,57,9,particles_pm2_5,3.0,official_unit_by_magnitude,V
datos_madrid,air_quality_accumulated,2026-05-06,2026-05-06T11:00,,,57,9,particles_pm2_5,1.0,official_unit_by_magnitude,V
datos_madrid,air_quality_accumulated,2026-05-06,2026-05-06T12:00,,,57,9,particles_pm2_5,5.0,official_unit_by_magnitude,V
datos_madrid,air_quality_accumulated,2026-05-06,2026-05-06T13:00,,,57,9,particles_pm2_5,3.0,official_unit_by_magnitude,V
datos_madrid,air_quality_accumulated,2026-05-06,2026-05-06T14:00,,,57,9,particles_pm2_5,6.0,official_unit_by_magnitude,V
datos_madrid,air_quality_accumulated,2026-05-06,2026-05-06T15:00,,,57,9,particles_pm2_5,6.0,official_unit_by_magnitude,V
datos_madrid,air_quality_accumulated,2026-05-06,2026-05-06T16:00,,,57,9,particles_pm2_5,7.0,official_unit_by_magnitude,V
datos_madrid,air_quality_accumulated,2026-05-06,2026-05-06T17:00,,,57,9,particles_pm2_5,6.0,official_unit_by_magnitude,V
datos_madrid,air_quality_accumulated,2026-05-06,2026-05-06T18:00,,,57,9,particles_pm2_5,1.0,official_unit_by_magnitude,V
datos_madrid,air_quality_accumulated,2026-05-06,2026-05-06T19:00,,,57,9,particles_pm2_5,3.0,official_unit_by_magnitude,V
datos_madrid,air_quality_accumulated,2026-05-06,2026-05-06T20:00,,,57,9,particles_pm2_5,6.0,official_unit_by_magnitude,V
datos_madrid,air_quality_accumulated,2026-05-06,2026-05-06T21:00,,,57,9,particles_pm2_5,0.0,official_unit_by_magnitude,V
datos_madrid,air_quality_accumulated,2026-05-06,2026-05-06T22:00,,,57,9,particles_pm2_5,7.0,official_unit_by_magnitude,V
datos_madrid,air_quality_accumulated,2026-05-06,2026-05-06T23:00,,,57,9,particles_pm2_5,9.0,official_unit_by_magnitude,V
datos_madrid,air_quality_accumulated,2026-05-06,2026-05-06T00:00,,,58,12,nitrogen_oxides,10.0,official_unit_by_magnitude,V
datos_madrid,air_quality_accumulated,2026-05-06,2026-05-06T01:00,,,58,12,nitrogen_oxides,9.0,official_unit_by_magnitude,V
datos_madrid,air_quality_accumulated,2026-05-06,2026-05-06T02:00,,,58,12,nitrogen_oxides,7.0,official_unit_by_magnitude,V
datos_madrid,air_quality_accumulated,2026-05-06,2026-05-06T03:00,,,58,12,nitrogen_oxides,8.0,official_unit_by_magnitude,V
datos_madrid,air_quality_accumulated,2026-05-06,2026-05-06T04:00,,,58,12,nitrogen_oxides,8.0,official_unit_by_magnitude,V
datos_madrid,air_quality_accumulated,2026-05-06,2026-05-06T05:00,,,58,12,nitrogen_oxides,8.0,official_unit_by_magnitude,V
datos_madrid,air_quality_accumulated,2026-05-06,2026-05-06T06:00,,,58,12,nitrogen_oxides,20.0,official_unit_by_magnitude,V
datos_madrid,air_quality_accumulated,2026-05-06,2026-05-06T07:00,,,58,12,nitrogen_oxides,32.0,official_unit_by_magnitude,V
datos_madrid,air_quality_accumulated,2026-05-06,2026-05-06T08:00,,,58,12,nitrogen_oxides,22.0,official_unit_by_magnitude,V
datos_madrid,air_quality_accumulated,2026-05-06,2026-05-06T09:00,,,58,12,nitrogen_oxides,12.0,official_unit_by_magnitude,V
datos_madrid,air_quality_accumulated,2026-05-06,2026-05-06T10:00,,,58,12,nitrogen_oxides,4.0,official_unit_by_magnitude,V
datos_madrid,air_quality_accumulated,2026-05-06,2026-05-06T11:00,,,58,12,nitrogen_oxides,8.0,official_unit_by_magnitude,V
datos_madrid,air_quality_accumulated,2026-05-06,2026-05-06T12:00,,,58,12,nitrogen_oxides,12.0,official_unit_by_magnitude,V
datos_madrid,air_quality_accumulated,2026-05-06,2026-05-06T13:00,,,58,12,nitrogen_oxides,15.0,official_unit_by_magnitude,V
datos_madrid,air_quality_accumulated,2026-05-06,2026-05-06T14:00,,,58,12,nitrogen_oxides,11.0,official_unit_by_magnitude,V
datos_madrid,air_quality_accumulated,2026-05-06,2026-05-06T15:00,,,58,12,nitrogen_oxides,7.0,official_unit_by_magnitude,V
datos_madrid,air_quality_accumulated,2026-05-06,2026-05-06T16:00,,,58,12,nitrogen_oxides,8.0,official_unit_by_magnitude,V
datos_madrid,air_quality_accumulated,2026-05-06,2026-05-06T17:00,,,58,12,nitrogen_oxides,6.0,official_unit_by_magnitude,V
datos_madrid,air_quality_accumulated,2026-05-06,2026-05-06T18:00,,,58,12,nitrogen_oxides,6.0,official_unit_by_magnitude,V
datos_madrid,air_quality_accumulated,2026-05-06,2026-05-06T19:00,,,58,12,nitrogen_oxides,13.0,official_unit_by_magnitude,V
datos_madrid,air_quality_accumulated,2026-05-06,2026-05-06T20:00,,,58,12,nitrogen_oxides,22.0,official_unit_by_magnitude,V
datos_madrid,air_quality_accumulated,2026-05-06,2026-05-06T21:00,,,58,12,nitrogen_oxides,28.0,official_unit_by_magnitude,V
datos_madrid,air_quality_accumulated,2026-05-06,2026-05-06T22:00,,,58,12,nitrogen_oxides,19.0,official_unit_by_magnitude,V
datos_madrid,air_quality_accumulated,2026-05-06,2026-05-06T23:00,,,58,12,nitrogen_oxides,17.0,official_unit_by_magnitude,V
datos_madrid,air_quality_accumulated,2026-05-06,2026-05-06T00:00,,,58,14,ozone,50.0,official_unit_by_magnitude,V
datos_madrid,air_quality_accumulated,2026-05-06,2026-05-06T01:00,,,58,14,ozone,41.0,official_unit_by_magnitude,V
datos_madrid,air_quality_accumulated,2026-05-06,2026-05-06T02:00,,,58,14,ozone,40.0,official_unit_by_magnitude,V
datos_madrid,air_quality_accumulated,2026-05-06,2026-05-06T03:00,,,58,14,ozone,30.0,official_unit_by_magnitude,V
datos_madrid,air_quality_accumulated,2026-05-06,2026-05-06T04:00,,,58,14,ozone,35.0,official_unit_by_magnitude,V
datos_madrid,air_quality_accumulated,2026-05-06,2026-05-06T05:00,,,58,14,ozone,34.0,official_unit_by_magnitude,V
datos_madrid,air_quality_accumulated,2026-05-06,2026-05-06T06:00,,,58,14,ozone,25.0,official_unit_by_magnitude,V
datos_madrid,air_quality_accumulated,2026-05-06,2026-05-06T07:00,,,58,14,ozone,13.0,official_unit_by_magnitude,V
datos_madrid,air_quality_accumulated,2026-05-06,2026-05-06T08:00,,,58,14,ozone,23.0,official_unit_by_magnitude,V
datos_madrid,air_quality_accumulated,2026-05-06,2026-05-06T09:00,,,58,14,ozone,55.0,official_unit_by_magnitude,V
datos_madrid,air_quality_accumulated,2026-05-06,2026-05-06T10:00,,,58,14,ozone,91.0,official_unit_by_magnitude,V
datos_madrid,air_quality_accumulated,2026-05-06,2026-05-06T11:00,,,58,14,ozone,91.0,official_unit_by_magnitude,V
datos_madrid,air_quality_accumulated,2026-05-06,2026-05-06T12:00,,,58,14,ozone,92.0,official_unit_by_magnitude,V
datos_madrid,air_quality_accumulated,2026-05-06,2026-05-06T13:00,,,58,14,ozone,97.0,official_unit_by_magnitude,V
datos_madrid,air_quality_accumulated,2026-05-06,2026-05-06T14:00,,,58,14,ozone,102.0,official_unit_by_magnitude,V
datos_madrid,air_quality_accumulated,2026-05-06,2026-05-06T15:00,,,58,14,ozone,114.0,official_unit_by_magnitude,V
datos_madrid,air_quality_accumulated,2026-05-06,2026-05-06T16:00,,,58,14,ozone,117.0,official_unit_by_magnitude,V
datos_madrid,air_quality_accumulated,2026-05-06,2026-05-06T17:00,,,58,14,ozone,123.0,official_unit_by_magnitude,V
datos_madrid,air_quality_accumulated,2026-05-06,2026-05-06T18:00,,,58,14,ozone,125.0,official_unit_by_magnitude,V
datos_madrid,air_quality_accumulated,2026-05-06,2026-05-06T19:00,,,58,14,ozone,118.0,official_unit_by_magnitude,V
datos_madrid,air_quality_accumulated,2026-05-06,2026-05-06T20:00,,,58,14,ozone,86.0,official_unit_by_magnitude,V
datos_madrid,air_quality_accumulated,2026-05-06,2026-05-06T21:00,,,58,14,ozone,65.0,official_unit_by_magnitude,V
datos_madrid,air_quality_accumulated,2026-05-06,2026-05-06T22:00,,,58,14,ozone,63.0,official_unit_by_magnitude,V
datos_madrid,air_quality_accumulated,2026-05-06,2026-05-06T23:00,,,58,14,ozone,62.0,official_unit_by_magnitude,V
datos_madrid,air_quality_accumulated,2026-05-06,2026-05-06T00:00,,,58,7,nitrogen_monoxide,0.0,official_unit_by_magnitude,V
datos_madrid,air_quality_accumulated,2026-05-06,2026-05-06T01:00,,,58,7,nitrogen_monoxide,0.0,official_unit_by_magnitude,V
datos_madrid,air_quality_accumulated,2026-05-06,2026-05-06T02:00,,,58,7,nitrogen_monoxide,0.0,official_unit_by_magnitude,V
datos_madrid,air_quality_accumulated,2026-05-06,2026-05-06T03:00,,,58,7,nitrogen_monoxide,0.0,official_unit_by_magnitude,V
datos_madrid,air_quality_accumulated,2026-05-06,2026-05-06T04:00,,,58,7,nitrogen_monoxide,0.0,official_unit_by_magnitude,V
datos_madrid,air_quality_accumulated,2026-05-06,2026-05-06T05:00,,,58,7,nitrogen_monoxide,0.0,official_unit_by_magnitude,V
datos_madrid,air_quality_accumulated,2026-05-06,2026-05-06T06:00,,,58,7,nitrogen_monoxide,2.0,official_unit_by_magnitude,V
datos_madrid,air_quality_accumulated,2026-05-06,2026-05-06T07:00,,,58,7,nitrogen_monoxide,7.0,official_unit_by_magnitude,V
datos_madrid,air_quality_accumulated,2026-05-06,2026-05-06T08:00,,,58,7,nitrogen_monoxide,5.0,official_unit_by_magnitude,V
datos_madrid,air_quality_accumulated,2026-05-06,2026-05-06T09:00,,,58,7,nitrogen_monoxide,2.0,official_unit_by_magnitude,V
datos_madrid,air_quality_accumulated,2026-05-06,2026-05-06T10:00,,,58,7,nitrogen_monoxide,0.0,official_unit_by_magnitude,V
datos_madrid,air_quality_accumulated,2026-05-06,2026-05-06T11:00,,,58,7,nitrogen_monoxide,0.0,official_unit_by_magnitude,V
datos_madrid,air_quality_accumulated,2026-05-06,2026-05-06T12:00,,,58,7,nitrogen_monoxide,1.0,official_unit_by_magnitude,V
datos_madrid,air_quality_accumulated,2026-05-06,2026-05-06T13:00,,,58,7,nitrogen_monoxide,2.0,official_unit_by_magnitude,V
datos_madrid,air_quality_accumulated,2026-05-06,2026-05-06T14:00,,,58,7,nitrogen_monoxide,0.0,official_unit_by_magnitude,V
datos_madrid,air_quality_accumulated,2026-05-06,2026-05-06T15:00,,,58,7,nitrogen_monoxide,0.0,official_unit_by_magnitude,V
datos_madrid,air_quality_accumulated,2026-05-06,2026-05-06T16:00,,,58,7,nitrogen_monoxide,0.0,official_unit_by_magnitude,V
datos_madrid,air_quality_accumulated,2026-05-06,2026-05-06T17:00,,,58,7,nitrogen_monoxide,0.0,official_unit_by_magnitude,V
datos_madrid,air_quality_accumulated,2026-05-06,2026-05-06T18:00,,,58,7,nitrogen_monoxide,0.0,official_unit_by_magnitude,V
datos_madrid,air_quality_accumulated,2026-05-06,2026-05-06T19:00,,,58,7,nitrogen_monoxide,0.0,official_unit_by_magnitude,V
datos_madrid,air_quality_accumulated,2026-05-06,2026-05-06T20:00,,,58,7,nitrogen_monoxide,0.0,official_unit_by_magnitude,V
datos_madrid,air_quality_accumulated,2026-05-06,2026-05-06T21:00,,,58,7,nitrogen_monoxide,0.0,official_unit_by_magnitude,V
datos_madrid,air_quality_accumulated,2026-05-06,2026-05-06T22:00,,,58,7,nitrogen_monoxide,0.0,official_unit_by_magnitude,V
datos_madrid,air_quality_accumulated,2026-05-06,2026-05-06T23:00,,,58,7,nitrogen_monoxide,0.0,official_unit_by_magnitude,V
datos_madrid,air_quality_accumulated,2026-05-06,2026-05-06T00:00,,,58,8,nitrogen_dioxide,10.0,official_unit_by_magnitude,V
datos_madrid,air_quality_accumulated,2026-05-06,2026-05-06T01:00,,,58,8,nitrogen_dioxide,9.0,official_unit_by_magnitude,V
datos_madrid,air_quality_accumulated,2026-05-06,2026-05-06T02:00,,,58,8,nitrogen_dioxide,7.0,official_unit_by_magnitude,V
datos_madrid,air_quality_accumulated,2026-05-06,2026-05-06T03:00,,,58,8,nitrogen_dioxide,8.0,official_unit_by_magnitude,V
datos_madrid,air_quality_accumulated,2026-05-06,2026-05-06T04:00,,,58,8,nitrogen_dioxide,8.0,official_unit_by_magnitude,V
datos_madrid,air_quality_accumulated,2026-05-06,2026-05-06T05:00,,,58,8,nitrogen_dioxide,8.0,official_unit_by_magnitude,V
datos_madrid,air_quality_accumulated,2026-05-06,2026-05-06T06:00,,,58,8,nitrogen_dioxide,17.0,official_unit_by_magnitude,V
datos_madrid,air_quality_accumulated,2026-05-06,2026-05-06T07:00,,,58,8,nitrogen_dioxide,22.0,official_unit_by_magnitude,V
datos_madrid,air_quality_accumulated,2026-05-06,2026-05-06T08:00,,,58,8,nitrogen_dioxide,14.0,official_unit_by_magnitude,V
datos_madrid,air_quality_accumulated,2026-05-06,2026-05-06T09:00,,,58,8,nitrogen_dioxide,10.0,official_unit_by_magnitude,V
datos_madrid,air_quality_accumulated,2026-05-06,2026-05-06T10:00,,,58,8,nitrogen_dioxide,4.0,official_unit_by_magnitude,V
datos_madrid,air_quality_accumulated,2026-05-06,2026-05-06T11:00,,,58,8,nitrogen_dioxide,8.0,official_unit_by_magnitude,V
datos_madrid,air_quality_accumulated,2026-05-06,2026-05-06T12:00,,,58,8,nitrogen_dioxide,10.0,official_unit_by_magnitude,V
datos_madrid,air_quality_accumulated,2026-05-06,2026-05-06T13:00,,,58,8,nitrogen_dioxide,11.0,official_unit_by_magnitude,V
datos_madrid,air_quality_accumulated,2026-05-06,2026-05-06T14:00,,,58,8,nitrogen_dioxide,11.0,official_unit_by_magnitude,V
datos_madrid,air_quality_accumulated,2026-05-06,2026-05-06T15:00,,,58,8,nitrogen_dioxide,7.0,official_unit_by_magnitude,V
datos_madrid,air_quality_accumulated,2026-05-06,2026-05-06T16:00,,,58,8,nitrogen_dioxide,7.0,official_unit_by_magnitude,V
datos_madrid,air_quality_accumulated,2026-05-06,2026-05-06T17:00,,,58,8,nitrogen_dioxide,6.0,official_unit_by_magnitude,V
datos_madrid,air_quality_accumulated,2026-05-06,2026-05-06T18:00,,,58,8,nitrogen_dioxide,6.0,official_unit_by_magnitude,V
datos_madrid,air_quality_accumulated,2026-05-06,2026-05-06T19:00,,,58,8,nitrogen_dioxide,12.0,official_unit_by_magnitude,V
datos_madrid,air_quality_accumulated,2026-05-06,2026-05-06T20:00,,,58,8,nitrogen_dioxide,22.0,official_unit_by_magnitude,V
datos_madrid,air_quality_accumulated,2026-05-06,2026-05-06T21:00,,,58,8,nitrogen_dioxide,28.0,official_unit_by_magnitude,V
datos_madrid,air_quality_accumulated,2026-05-06,2026-05-06T22:00,,,58,8,nitrogen_dioxide,19.0,official_unit_by_magnitude,V
datos_madrid,air_quality_accumulated,2026-05-06,2026-05-06T23:00,,,58,8,nitrogen_dioxide,17.0,official_unit_by_magnitude,V
datos_madrid,air_quality_accumulated,2026-05-06,2026-05-06T00:00,,,59,12,nitrogen_oxides,28.0,official_unit_by_magnitude,V
datos_madrid,air_quality_accumulated,2026-05-06,2026-05-06T01:00,,,59,12,nitrogen_oxides,9.0,official_unit_by_magnitude,V
datos_madrid,air_quality_accumulated,2026-05-06,2026-05-06T02:00,,,59,12,nitrogen_oxides,9.0,official_unit_by_magnitude,V
datos_madrid,air_quality_accumulated,2026-05-06,2026-05-06T03:00,,,59,12,nitrogen_oxides,8.0,official_unit_by_magnitude,V
datos_madrid,air_quality_accumulated,2026-05-06,2026-05-06T04:00,,,59,12,nitrogen_oxides,9.0,official_unit_by_magnitude,V
datos_madrid,air_quality_accumulated,2026-05-06,2026-05-06T05:00,,,59,12,nitrogen_oxides,10.0,official_unit_by_magnitude,V
datos_madrid,air_quality_accumulated,2026-05-06,2026-05-06T06:00,,,59,12,nitrogen_oxides,31.0,official_unit_by_magnitude,V
datos_madrid,air_quality_accumulated,2026-05-06,2026-05-06T07:00,,,59,12,nitrogen_oxides,46.0,official_unit_by_magnitude,V
datos_madrid,air_quality_accumulated,2026-05-06,2026-05-06T08:00,,,59,12,nitrogen_oxides,44.0,official_unit_by_magnitude,V
datos_madrid,air_quality_accumulated,2026-05-06,2026-05-06T09:00,,,59,12,nitrogen_oxides,25.0,official_unit_by_magnitude,V
datos_madrid,air_quality_accumulated,2026-05-06,2026-05-06T10:00,,,59,12,nitrogen_oxides,24.0,official_unit_by_magnitude,V
datos_madrid,air_quality_accumulated,2026-05-06,2026-05-06T11:00,,,59,12,nitrogen_oxides,8.0,official_unit_by_magnitude,V
datos_madrid,air_quality_accumulated,2026-05-06,2026-05-06T12:00,,,59,12,nitrogen_oxides,5.0,official_unit_by_magnitude,V
datos_madrid,air_quality_accumulated,2026-05-06,2026-05-06T13:00,,,59,12,nitrogen_oxides,12.0,official_unit_by_magnitude,V
datos_madrid,air_quality_accumulated,2026-05-06,2026-05-06T14:00,,,59,12,nitrogen_oxides,11.0,official_unit_by_magnitude,V
datos_madrid,air_quality_accumulated,2026-05-06,2026-05-06T15:00,,,59,12,nitrogen_oxides,8.0,official_unit_by_magnitude,V
datos_madrid,air_quality_accumulated,2026-05-06,2026-05-06T16:00,,,59,12,nitrogen_oxides,8.0,official_unit_by_magnitude,V
datos_madrid,air_quality_accumulated,2026-05-06,2026-05-06T17:00,,,59,12,nitrogen_oxides,9.0,official_unit_by_magnitude,V
datos_madrid,air_quality_accumulated,2026-05-06,2026-05-06T18:00,,,59,12,nitrogen_oxides,12.0,official_unit_by_magnitude,V
datos_madrid,air_quality_accumulated,2026-05-06,2026-05-06T19:00,,,59,12,nitrogen_oxides,9.0,official_unit_by_magnitude,V
datos_madrid,air_quality_accumulated,2026-05-06,2026-05-06T20:00,,,59,12,nitrogen_oxides,8.0,official_unit_by_magnitude,V
datos_madrid,air_quality_accumulated,2026-05-06,2026-05-06T21:00,,,59,12,nitrogen_oxides,13.0,official_unit_by_magnitude,V
datos_madrid,air_quality_accumulated,2026-05-06,2026-05-06T22:00,,,59,12,nitrogen_oxides,31.0,official_unit_by_magnitude,V
datos_madrid,air_quality_accumulated,2026-05-06,2026-05-06T23:00,,,59,12,nitrogen_oxides,78.0,official_unit_by_magnitude,V
datos_madrid,air_quality_accumulated,2026-05-06,2026-05-06T00:00,,,59,14,ozone,61.0,official_unit_by_magnitude,V
datos_madrid,air_quality_accumulated,2026-05-06,2026-05-06T01:00,,,59,14,ozone,75.0,official_unit_by_magnitude,V
datos_madrid,air_quality_accumulated,2026-05-06,2026-05-06T02:00,,,59,14,ozone,67.0,official_unit_by_magnitude,V
datos_madrid,air_quality_accumulated,2026-05-06,2026-05-06T03:00,,,59,14,ozone,62.0,official_unit_by_magnitude,V
datos_madrid,air_quality_accumulated,2026-05-06,2026-05-06T04:00,,,59,14,ozone,60.0,official_unit_by_magnitude,V
datos_madrid,air_quality_accumulated,2026-05-06,2026-05-06T05:00,,,59,14,ozone,56.0,official_unit_by_magnitude,V
datos_madrid,air_quality_accumulated,2026-05-06,2026-05-06T06:00,,,59,14,ozone,34.0,official_unit_by_magnitude,V
datos_madrid,air_quality_accumulated,2026-05-06,2026-05-06T07:00,,,59,14,ozone,29.0,official_unit_by_magnitude,V
datos_madrid,air_quality_accumulated,2026-05-06,2026-05-06T08:00,,,59,14,ozone,44.0,official_unit_by_magnitude,V
datos_madrid,air_quality_accumulated,2026-05-06,2026-05-06T09:00,,,59,14,ozone,62.0,official_unit_by_magnitude,V
datos_madrid,air_quality_accumulated,2026-05-06,2026-05-06T10:00,,,59,14,ozone,69.0,official_unit_by_magnitude,V
datos_madrid,air_quality_accumulated,2026-05-06,2026-05-06T11:00,,,59,14,ozone,90.0,official_unit_by_magnitude,V
datos_madrid,air_quality_accumulated,2026-05-06,2026-05-06T12:00,,,59,14,ozone,101.0,official_unit_by_magnitude,V
datos_madrid,air_quality_accumulated,2026-05-06,2026-05-06T13:00,,,59,14,ozone,102.0,official_unit_by_magnitude,V
datos_madrid,air_quality_accumulated,2026-05-06,2026-05-06T14:00,,,59,14,ozone,108.0,official_unit_by_magnitude,V
datos_madrid,air_quality_accumulated,2026-05-06,2026-05-06T15:00,,,59,14,ozone,114.0,official_unit_by_magnitude,V
datos_madrid,air_quality_accumulated,2026-05-06,2026-05-06T16:00,,,59,14,ozone,117.0,official_unit_by_magnitude,V
datos_madrid,air_quality_accumulated,2026-05-06,2026-05-06T17:00,,,59,14,ozone,120.0,official_unit_by_magnitude,V
datos_madrid,air_quality_accumulated,2026-05-06,2026-05-06T18:00,,,59,14,ozone,119.0,official_unit_by_magnitude,V
datos_madrid,air_quality_accumulated,2026-05-06,2026-05-06T19:00,,,59,14,ozone,122.0,official_unit_by_magnitude,V
datos_madrid,air_quality_accumulated,2026-05-06,2026-05-06T20:00,,,59,14,ozone,118.0,official_unit_by_magnitude,V
datos_madrid,air_quality_accumulated,2026-05-06,2026-05-06T21:00,,,59,14,ozone,89.0,official_unit_by_magnitude,V
datos_madrid,air_quality_accumulated,2026-05-06,2026-05-06T22:00,,,59,14,ozone,66.0,official_unit_by_magnitude,V
datos_madrid,air_quality_accumulated,2026-05-06,2026-05-06T23:00,,,59,14,ozone,24.0,official_unit_by_magnitude,V
datos_madrid,air_quality_accumulated,2026-05-06,2026-05-06T00:00,,,59,7,nitrogen_monoxide,1.0,official_unit_by_magnitude,V
datos_madrid,air_quality_accumulated,2026-05-06,2026-05-06T01:00,,,59,7,nitrogen_monoxide,1.0,official_unit_by_magnitude,V
datos_madrid,air_quality_accumulated,2026-05-06,2026-05-06T02:00,,,59,7,nitrogen_monoxide,1.0,official_unit_by_magnitude,V
datos_madrid,air_quality_accumulated,2026-05-06,2026-05-06T03:00,,,59,7,nitrogen_monoxide,1.0,official_unit_by_magnitude,V
datos_madrid,air_quality_accumulated,2026-05-06,2026-05-06T04:00,,,59,7,nitrogen_monoxide,1.0,official_unit_by_magnitude,V
datos_madrid,air_quality_accumulated,2026-05-06,2026-05-06T05:00,,,59,7,nitrogen_monoxide,1.0,official_unit_by_magnitude,V
datos_madrid,air_quality_accumulated,2026-05-06,2026-05-06T06:00,,,59,7,nitrogen_monoxide,1.0,official_unit_by_magnitude,V
datos_madrid,air_quality_accumulated,2026-05-06,2026-05-06T07:00,,,59,7,nitrogen_monoxide,3.0,official_unit_by_magnitude,V
datos_madrid,air_quality_accumulated,2026-05-06,2026-05-06T08:00,,,59,7,nitrogen_monoxide,8.0,official_unit_by_magnitude,V
datos_madrid,air_quality_accumulated,2026-05-06,2026-05-06T09:00,,,59,7,nitrogen_monoxide,5.0,official_unit_by_magnitude,V
datos_madrid,air_quality_accumulated,2026-05-06,2026-05-06T10:00,,,59,7,nitrogen_monoxide,5.0,official_unit_by_magnitude,V
datos_madrid,air_quality_accumulated,2026-05-06,2026-05-06T11:00,,,59,7,nitrogen_monoxide,2.0,official_unit_by_magnitude,V
datos_madrid,air_quality_accumulated,2026-05-06,2026-05-06T12:00,,,59,7,nitrogen_monoxide,2.0,official_unit_by_magnitude,V
datos_madrid,air_quality_accumulated,2026-05-06,2026-05-06T13:00,,,59,7,nitrogen_monoxide,2.0,official_unit_by_magnitude,V
datos_madrid,air_quality_accumulated,2026-05-06,2026-05-06T14:00,,,59,7,nitrogen_monoxide,2.0,official_unit_by_magnitude,V
datos_madrid,air_quality_accumulated,2026-05-06,2026-05-06T15:00,,,59,7,nitrogen_monoxide,2.0,official_unit_by_magnitude,V
datos_madrid,air_quality_accumulated,2026-05-06,2026-05-06T16:00,,,59,7,nitrogen_monoxide,1.0,official_unit_by_magnitude,V
datos_madrid,air_quality_accumulated,2026-05-06,2026-05-06T17:00,,,59,7,nitrogen_monoxide,2.0,official_unit_by_magnitude,V
datos_madrid,air_quality_accumulated,2026-05-06,2026-05-06T18:00,,,59,7,nitrogen_monoxide,2.0,official_unit_by_magnitude,V
datos_madrid,air_quality_accumulated,2026-05-06,2026-05-06T19:00,,,59,7,nitrogen_monoxide,1.0,official_unit_by_magnitude,V
datos_madrid,air_quality_accumulated,2026-05-06,2026-05-06T20:00,,,59,7,nitrogen_monoxide,1.0,official_unit_by_magnitude,V
datos_madrid,air_quality_accumulated,2026-05-06,2026-05-06T21:00,,,59,7,nitrogen_monoxide,1.0,official_unit_by_magnitude,V
datos_madrid,air_quality_accumulated,2026-05-06,2026-05-06T22:00,,,59,7,nitrogen_monoxide,1.0,official_unit_by_magnitude,V
datos_madrid,air_quality_accumulated,2026-05-06,2026-05-06T23:00,,,59,7,nitrogen_monoxide,1.0,official_unit_by_magnitude,V
datos_madrid,air_quality_accumulated,2026-05-06,2026-05-06T00:00,,,59,8,nitrogen_dioxide,26.0,official_unit_by_magnitude,V
datos_madrid,air_quality_accumulated,2026-05-06,2026-05-06T01:00,,,59,8,nitrogen_dioxide,7.0,official_unit_by_magnitude,V
datos_madrid,air_quality_accumulated,2026-05-06,2026-05-06T02:00,,,59,8,nitrogen_dioxide,8.0,official_unit_by_magnitude,V
datos_madrid,air_quality_accumulated,2026-05-06,2026-05-06T03:00,,,59,8,nitrogen_dioxide,7.0,official_unit_by_magnitude,V
datos_madrid,air_quality_accumulated,2026-05-06,2026-05-06T04:00,,,59,8,nitrogen_dioxide,8.0,official_unit_by_magnitude,V
datos_madrid,air_quality_accumulated,2026-05-06,2026-05-06T05:00,,,59,8,nitrogen_dioxide,9.0,official_unit_by_magnitude,V
datos_madrid,air_quality_accumulated,2026-05-06,2026-05-06T06:00,,,59,8,nitrogen_dioxide,29.0,official_unit_by_magnitude,V
datos_madrid,air_quality_accumulated,2026-05-06,2026-05-06T07:00,,,59,8,nitrogen_dioxide,41.0,official_unit_by_magnitude,V
datos_madrid,air_quality_accumulated,2026-05-06,2026-05-06T08:00,,,59,8,nitrogen_dioxide,33.0,official_unit_by_magnitude,V
datos_madrid,air_quality_accumulated,2026-05-06,2026-05-06T09:00,,,59,8,nitrogen_dioxide,17.0,official_unit_by_magnitude,V
datos_madrid,air_quality_accumulated,2026-05-06,2026-05-06T10:00,,,59,8,nitrogen_dioxide,16.0,official_unit_by_magnitude,V
datos_madrid,air_quality_accumulated,2026-05-06,2026-05-06T11:00,,,59,8,nitrogen_dioxide,5.0,official_unit_by_magnitude,V
datos_madrid,air_quality_accumulated,2026-05-06,2026-05-06T12:00,,,59,8,nitrogen_dioxide,3.0,official_unit_by_magnitude,V
datos_madrid,air_quality_accumulated,2026-05-06,2026-05-06T13:00,,,59,8,nitrogen_dioxide,8.0,official_unit_by_magnitude,V
datos_madrid,air_quality_accumulated,2026-05-06,2026-05-06T14:00,,,59,8,nitrogen_dioxide,8.0,official_unit_by_magnitude,V
datos_madrid,air_quality_accumulated,2026-05-06,2026-05-06T15:00,,,59,8,nitrogen_dioxide,6.0,official_unit_by_magnitude,V
datos_madrid,air_quality_accumulated,2026-05-06,2026-05-06T16:00,,,59,8,nitrogen_dioxide,6.0,official_unit_by_magnitude,V
datos_madrid,air_quality_accumulated,2026-05-06,2026-05-06T17:00,,,59,8,nitrogen_dioxide,6.0,official_unit_by_magnitude,V
datos_madrid,air_quality_accumulated,2026-05-06,2026-05-06T18:00,,,59,8,nitrogen_dioxide,9.0,official_unit_by_magnitude,V
datos_madrid,air_quality_accumulated,2026-05-06,2026-05-06T19:00,,,59,8,nitrogen_dioxide,7.0,official_unit_by_magnitude,V
datos_madrid,air_quality_accumulated,2026-05-06,2026-05-06T20:00,,,59,8,nitrogen_dioxide,7.0,official_unit_by_magnitude,V
datos_madrid,air_quality_accumulated,2026-05-06,2026-05-06T21:00,,,59,8,nitrogen_dioxide,12.0,official_unit_by_magnitude,V
datos_madrid,air_quality_accumulated,2026-05-06,2026-05-06T22:00,,,59,8,nitrogen_dioxide,29.0,official_unit_by_magnitude,V
datos_madrid,air_quality_accumulated,2026-05-06,2026-05-06T23:00,,,59,8,nitrogen_dioxide,76.0,official_unit_by_magnitude,V
datos_madrid,air_quality_accumulated,2026-05-06,2026-05-06T00:00,,,60,10,particles_pm10,3.0,official_unit_by_magnitude,V
datos_madrid,air_quality_accumulated,2026-05-06,2026-05-06T01:00,,,60,10,particles_pm10,10.0,official_unit_by_magnitude,V
datos_madrid,air_quality_accumulated,2026-05-06,2026-05-06T02:00,,,60,10,particles_pm10,6.0,official_unit_by_magnitude,V
datos_madrid,air_quality_accumulated,2026-05-06,2026-05-06T03:00,,,60,10,particles_pm10,4.0,official_unit_by_magnitude,V
datos_madrid,air_quality_accumulated,2026-05-06,2026-05-06T04:00,,,60,10,particles_pm10,3.0,official_unit_by_magnitude,V
datos_madrid,air_quality_accumulated,2026-05-06,2026-05-06T05:00,,,60,10,particles_pm10,5.0,official_unit_by_magnitude,V
datos_madrid,air_quality_accumulated,2026-05-06,2026-05-06T06:00,,,60,10,particles_pm10,4.0,official_unit_by_magnitude,V
datos_madrid,air_quality_accumulated,2026-05-06,2026-05-06T07:00,,,60,10,particles_pm10,8.0,official_unit_by_magnitude,V
datos_madrid,air_quality_accumulated,2026-05-06,2026-05-06T08:00,,,60,10,particles_pm10,10.0,official_unit_by_magnitude,V
datos_madrid,air_quality_accumulated,2026-05-06,2026-05-06T09:00,,,60,10,particles_pm10,6.0,official_unit_by_magnitude,V
datos_madrid,air_quality_accumulated,2026-05-06,2026-05-06T10:00,,,60,10,particles_pm10,4.0,official_unit_by_magnitude,V
datos_madrid,air_quality_accumulated,2026-05-06,2026-05-06T11:00,,,60,10,particles_pm10,5.0,official_unit_by_magnitude,V
datos_madrid,air_quality_accumulated,2026-05-06,2026-05-06T12:00,,,60,10,particles_pm10,10.0,official_unit_by_magnitude,V
datos_madrid,air_quality_accumulated,2026-05-06,2026-05-06T13:00,,,60,10,particles_pm10,7.0,official_unit_by_magnitude,V
datos_madrid,air_quality_accumulated,2026-05-06,2026-05-06T14:00,,,60,10,particles_pm10,5.0,official_unit_by_magnitude,V
datos_madrid,air_quality_accumulated,2026-05-06,2026-05-06T15:00,,,60,10,particles_pm10,5.0,official_unit_by_magnitude,V
datos_madrid,air_quality_accumulated,2026-05-06,2026-05-06T16:00,,,60,10,particles_pm10,5.0,official_unit_by_magnitude,V
datos_madrid,air_quality_accumulated,2026-05-06,2026-05-06T17:00,,,60,10,particles_pm10,6.0,official_unit_by_magnitude,V
datos_madrid,air_quality_accumulated,2026-05-06,2026-05-06T18:00,,,60,10,particles_pm10,8.0,official_unit_by_magnitude,V
datos_madrid,air_quality_accumulated,2026-05-06,2026-05-06T19:00,,,60,10,particles_pm10,8.0,official_unit_by_magnitude,V
datos_madrid,air_quality_accumulated,2026-05-06,2026-05-06T20:00,,,60,10,particles_pm10,6.0,official_unit_by_magnitude,V
datos_madrid,air_quality_accumulated,2026-05-06,2026-05-06T21:00,,,60,10,particles_pm10,7.0,official_unit_by_magnitude,V
datos_madrid,air_quality_accumulated,2026-05-06,2026-05-06T22:00,,,60,10,particles_pm10,8.0,official_unit_by_magnitude,V
datos_madrid,air_quality_accumulated,2026-05-06,2026-05-06T23:00,,,60,10,particles_pm10,8.0,official_unit_by_magnitude,V
datos_madrid,air_quality_accumulated,2026-05-06,2026-05-06T00:00,,,60,12,nitrogen_oxides,10.0,official_unit_by_magnitude,V
datos_madrid,air_quality_accumulated,2026-05-06,2026-05-06T01:00,,,60,12,nitrogen_oxides,14.0,official_unit_by_magnitude,V
datos_madrid,air_quality_accumulated,2026-05-06,2026-05-06T02:00,,,60,12,nitrogen_oxides,8.0,official_unit_by_magnitude,V
datos_madrid,air_quality_accumulated,2026-05-06,2026-05-06T03:00,,,60,12,nitrogen_oxides,12.0,official_unit_by_magnitude,V
datos_madrid,air_quality_accumulated,2026-05-06,2026-05-06T04:00,,,60,12,nitrogen_oxides,13.0,official_unit_by_magnitude,V
datos_madrid,air_quality_accumulated,2026-05-06,2026-05-06T05:00,,,60,12,nitrogen_oxides,10.0,official_unit_by_magnitude,V
datos_madrid,air_quality_accumulated,2026-05-06,2026-05-06T06:00,,,60,12,nitrogen_oxides,15.0,official_unit_by_magnitude,V
datos_madrid,air_quality_accumulated,2026-05-06,2026-05-06T07:00,,,60,12,nitrogen_oxides,43.0,official_unit_by_magnitude,V
datos_madrid,air_quality_accumulated,2026-05-06,2026-05-06T08:00,,,60,12,nitrogen_oxides,41.0,official_unit_by_magnitude,V
datos_madrid,air_quality_accumulated,2026-05-06,2026-05-06T09:00,,,60,12,nitrogen_oxides,31.0,official_unit_by_magnitude,V
datos_madrid,air_quality_accumulated,2026-05-06,2026-05-06T10:00,,,60,12,nitrogen_oxides,13.0,official_unit_by_magnitude,V
datos_madrid,air_quality_accumulated,2026-05-06,2026-05-06T11:00,,,60,12,nitrogen_oxides,8.0,official_unit_by_magnitude,V
datos_madrid,air_quality_accumulated,2026-05-06,2026-05-06T12:00,,,60,12,nitrogen_oxides,7.0,official_unit_by_magnitude,V
datos_madrid,air_quality_accumulated,2026-05-06,2026-05-06T13:00,,,60,12,nitrogen_oxides,8.0,official_unit_by_magnitude,V
datos_madrid,air_quality_accumulated,2026-05-06,2026-05-06T14:00,,,60,12,nitrogen_oxides,10.0,official_unit_by_magnitude,V
datos_madrid,air_quality_accumulated,2026-05-06,2026-05-06T15:00,,,60,12,nitrogen_oxides,10.0,official_unit_by_magnitude,V
datos_madrid,air_quality_accumulated,2026-05-06,2026-05-06T16:00,,,60,12,nitrogen_oxides,12.0,official_unit_by_magnitude,V
datos_madrid,air_quality_accumulated,2026-05-06,2026-05-06T17:00,,,60,12,nitrogen_oxides,12.0,official_unit_by_magnitude,V
datos_madrid,air_quality_accumulated,2026-05-06,2026-05-06T18:00,,,60,12,nitrogen_oxides,13.0,official_unit_by_magnitude,V
datos_madrid,air_quality_accumulated,2026-05-06,2026-05-06T19:00,,,60,12,nitrogen_oxides,16.0,official_unit_by_magnitude,V
datos_madrid,air_quality_accumulated,2026-05-06,2026-05-06T20:00,,,60,12,nitrogen_oxides,16.0,official_unit_by_magnitude,V
datos_madrid,air_quality_accumulated,2026-05-06,2026-05-06T21:00,,,60,12,nitrogen_oxides,30.0,official_unit_by_magnitude,V
datos_madrid,air_quality_accumulated,2026-05-06,2026-05-06T22:00,,,60,12,nitrogen_oxides,32.0,official_unit_by_magnitude,V
datos_madrid,air_quality_accumulated,2026-05-06,2026-05-06T23:00,,,60,12,nitrogen_oxides,44.0,official_unit_by_magnitude,V
datos_madrid,air_quality_accumulated,2026-05-06,2026-05-06T00:00,,,60,14,ozone,76.0,official_unit_by_magnitude,V
datos_madrid,air_quality_accumulated,2026-05-06,2026-05-06T01:00,,,60,14,ozone,67.0,official_unit_by_magnitude,V
datos_madrid,air_quality_accumulated,2026-05-06,2026-05-06T02:00,,,60,14,ozone,75.0,official_unit_by_magnitude,V
datos_madrid,air_quality_accumulated,2026-05-06,2026-05-06T03:00,,,60,14,ozone,69.0,official_unit_by_magnitude,V
datos_madrid,air_quality_accumulated,2026-05-06,2026-05-06T04:00,,,60,14,ozone,68.0,official_unit_by_magnitude,V
datos_madrid,air_quality_accumulated,2026-05-06,2026-05-06T05:00,,,60,14,ozone,66.0,official_unit_by_magnitude,V
datos_madrid,air_quality_accumulated,2026-05-06,2026-05-06T06:00,,,60,14,ozone,61.0,official_unit_by_magnitude,V
datos_madrid,air_quality_accumulated,2026-05-06,2026-05-06T07:00,,,60,14,ozone,41.0,official_unit_by_magnitude,V
datos_madrid,air_quality_accumulated,2026-05-06,2026-05-06T08:00,,,60,14,ozone,54.0,official_unit_by_magnitude,V
datos_madrid,air_quality_accumulated,2026-05-06,2026-05-06T09:00,,,60,14,ozone,64.0,official_unit_by_magnitude,V
datos_madrid,air_quality_accumulated,2026-05-06,2026-05-06T10:00,,,60,14,ozone,83.0,official_unit_by_magnitude,V
datos_madrid,air_quality_accumulated,2026-05-06,2026-05-06T11:00,,,60,14,ozone,87.0,official_unit_by_magnitude,V
datos_madrid,air_quality_accumulated,2026-05-06,2026-05-06T12:00,,,60,14,ozone,97.0,official_unit_by_magnitude,V
datos_madrid,air_quality_accumulated,2026-05-06,2026-05-06T13:00,,,60,14,ozone,102.0,official_unit_by_magnitude,V
datos_madrid,air_quality_accumulated,2026-05-06,2026-05-06T14:00,,,60,14,ozone,104.0,official_unit_by_magnitude,V
datos_madrid,air_quality_accumulated,2026-05-06,2026-05-06T15:00,,,60,14,ozone,110.0,official_unit_by_magnitude,V
datos_madrid,air_quality_accumulated,2026-05-06,2026-05-06T16:00,,,60,14,ozone,112.0,official_unit_by_magnitude,V
datos_madrid,air_quality_accumulated,2026-05-06,2026-05-06T17:00,,,60,14,ozone,117.0,official_unit_by_magnitude,V
datos_madrid,air_quality_accumulated,2026-05-06,2026-05-06T18:00,,,60,14,ozone,117.0,official_unit_by_magnitude,V
datos_madrid,air_quality_accumulated,2026-05-06,2026-05-06T19:00,,,60,14,ozone,115.0,official_unit_by_magnitude,V
datos_madrid,air_quality_accumulated,2026-05-06,2026-05-06T20:00,,,60,14,ozone,111.0,official_unit_by_magnitude,V
datos_madrid,air_quality_accumulated,2026-05-06,2026-05-06T21:00,,,60,14,ozone,87.0,official_unit_by_magnitude,V
datos_madrid,air_quality_accumulated,2026-05-06,2026-05-06T22:00,,,60,14,ozone,73.0,official_unit_by_magnitude,V
datos_madrid,air_quality_accumulated,2026-05-06,2026-05-06T23:00,,,60,14,ozone,58.0,official_unit_by_magnitude,V
datos_madrid,air_quality_accumulated,2026-05-06,2026-05-06T00:00,,,60,7,nitrogen_monoxide,0.0,official_unit_by_magnitude,V
datos_madrid,air_quality_accumulated,2026-05-06,2026-05-06T01:00,,,60,7,nitrogen_monoxide,0.0,official_unit_by_magnitude,V
datos_madrid,air_quality_accumulated,2026-05-06,2026-05-06T02:00,,,60,7,nitrogen_monoxide,0.0,official_unit_by_magnitude,V
datos_madrid,air_quality_accumulated,2026-05-06,2026-05-06T03:00,,,60,7,nitrogen_monoxide,0.0,official_unit_by_magnitude,V
datos_madrid,air_quality_accumulated,2026-05-06,2026-05-06T04:00,,,60,7,nitrogen_monoxide,0.0,official_unit_by_magnitude,V
datos_madrid,air_quality_accumulated,2026-05-06,2026-05-06T05:00,,,60,7,nitrogen_monoxide,0.0,official_unit_by_magnitude,V
datos_madrid,air_quality_accumulated,2026-05-06,2026-05-06T06:00,,,60,7,nitrogen_monoxide,0.0,official_unit_by_magnitude,V
datos_madrid,air_quality_accumulated,2026-05-06,2026-05-06T07:00,,,60,7,nitrogen_monoxide,3.0,official_unit_by_magnitude,V
datos_madrid,air_quality_accumulated,2026-05-06,2026-05-06T08:00,,,60,7,nitrogen_monoxide,6.0,official_unit_by_magnitude,V
datos_madrid,air_quality_accumulated,2026-05-06,2026-05-06T09:00,,,60,7,nitrogen_monoxide,6.0,official_unit_by_magnitude,V
datos_madrid,air_quality_accumulated,2026-05-06,2026-05-06T10:00,,,60,7,nitrogen_monoxide,2.0,official_unit_by_magnitude,V
datos_madrid,air_quality_accumulated,2026-05-06,2026-05-06T11:00,,,60,7,nitrogen_monoxide,1.0,official_unit_by_magnitude,V
datos_madrid,air_quality_accumulated,2026-05-06,2026-05-06T12:00,,,60,7,nitrogen_monoxide,1.0,official_unit_by_magnitude,V
datos_madrid,air_quality_accumulated,2026-05-06,2026-05-06T13:00,,,60,7,nitrogen_monoxide,1.0,official_unit_by_magnitude,V
datos_madrid,air_quality_accumulated,2026-05-06,2026-05-06T14:00,,,60,7,nitrogen_monoxide,1.0,official_unit_by_magnitude,V
datos_madrid,air_quality_accumulated,2026-05-06,2026-05-06T15:00,,,60,7,nitrogen_monoxide,1.0,official_unit_by_magnitude,V
datos_madrid,air_quality_accumulated,2026-05-06,2026-05-06T16:00,,,60,7,nitrogen_monoxide,1.0,official_unit_by_magnitude,V
datos_madrid,air_quality_accumulated,2026-05-06,2026-05-06T17:00,,,60,7,nitrogen_monoxide,1.0,official_unit_by_magnitude,V
datos_madrid,air_quality_accumulated,2026-05-06,2026-05-06T18:00,,,60,7,nitrogen_monoxide,1.0,official_unit_by_magnitude,V
datos_madrid,air_quality_accumulated,2026-05-06,2026-05-06T19:00,,,60,7,nitrogen_monoxide,0.0,official_unit_by_magnitude,V
datos_madrid,air_quality_accumulated,2026-05-06,2026-05-06T20:00,,,60,7,nitrogen_monoxide,0.0,official_unit_by_magnitude,V
datos_madrid,air_quality_accumulated,2026-05-06,2026-05-06T21:00,,,60,7,nitrogen_monoxide,1.0,official_unit_by_magnitude,V
datos_madrid,air_quality_accumulated,2026-05-06,2026-05-06T22:00,,,60,7,nitrogen_monoxide,0.0,official_unit_by_magnitude,V
datos_madrid,air_quality_accumulated,2026-05-06,2026-05-06T23:00,,,60,7,nitrogen_monoxide,0.0,official_unit_by_magnitude,V
datos_madrid,air_quality_accumulated,2026-05-06,2026-05-06T00:00,,,60,8,nitrogen_dioxide,10.0,official_unit_by_magnitude,V
datos_madrid,air_quality_accumulated,2026-05-06,2026-05-06T01:00,,,60,8,nitrogen_dioxide,14.0,official_unit_by_magnitude,V
datos_madrid,air_quality_accumulated,2026-05-06,2026-05-06T02:00,,,60,8,nitrogen_dioxide,8.0,official_unit_by_magnitude,V
datos_madrid,air_quality_accumulated,2026-05-06,2026-05-06T03:00,,,60,8,nitrogen_dioxide,12.0,official_unit_by_magnitude,V
datos_madrid,air_quality_accumulated,2026-05-06,2026-05-06T04:00,,,60,8,nitrogen_dioxide,13.0,official_unit_by_magnitude,V
datos_madrid,air_quality_accumulated,2026-05-06,2026-05-06T05:00,,,60,8,nitrogen_dioxide,10.0,official_unit_by_magnitude,V
datos_madrid,air_quality_accumulated,2026-05-06,2026-05-06T06:00,,,60,8,nitrogen_dioxide,14.0,official_unit_by_magnitude,V
datos_madrid,air_quality_accumulated,2026-05-06,2026-05-06T07:00,,,60,8,nitrogen_dioxide,38.0,official_unit_by_magnitude,V
datos_madrid,air_quality_accumulated,2026-05-06,2026-05-06T08:00,,,60,8,nitrogen_dioxide,32.0,official_unit_by_magnitude,V
datos_madrid,air_quality_accumulated,2026-05-06,2026-05-06T09:00,,,60,8,nitrogen_dioxide,22.0,official_unit_by_magnitude,V
datos_madrid,air_quality_accumulated,2026-05-06,2026-05-06T10:00,,,60,8,nitrogen_dioxide,10.0,official_unit_by_magnitude,V
datos_madrid,air_quality_accumulated,2026-05-06,2026-05-06T11:00,,,60,8,nitrogen_dioxide,6.0,official_unit_by_magnitude,V
datos_madrid,air_quality_accumulated,2026-05-06,2026-05-06T12:00,,,60,8,nitrogen_dioxide,6.0,official_unit_by_magnitude,V
datos_madrid,air_quality_accumulated,2026-05-06,2026-05-06T13:00,,,60,8,nitrogen_dioxide,6.0,official_unit_by_magnitude,V
datos_madrid,air_quality_accumulated,2026-05-06,2026-05-06T14:00,,,60,8,nitrogen_dioxide,9.0,official_unit_by_magnitude,V
datos_madrid,air_quality_accumulated,2026-05-06,2026-05-06T15:00,,,60,8,nitrogen_dioxide,9.0,official_unit_by_magnitude,V
datos_madrid,air_quality_accumulated,2026-05-06,2026-05-06T16:00,,,60,8,nitrogen_dioxide,10.0,official_unit_by_magnitude,V
datos_madrid,air_quality_accumulated,2026-05-06,2026-05-06T17:00,,,60,8,nitrogen_dioxide,10.0,official_unit_by_magnitude,V
datos_madrid,air_quality_accumulated,2026-05-06,2026-05-06T18:00,,,60,8,nitrogen_dioxide,12.0,official_unit_by_magnitude,V
datos_madrid,air_quality_accumulated,2026-05-06,2026-05-06T19:00,,,60,8,nitrogen_dioxide,15.0,official_unit_by_magnitude,V
datos_madrid,air_quality_accumulated,2026-05-06,2026-05-06T20:00,,,60,8,nitrogen_dioxide,16.0,official_unit_by_magnitude,V
datos_madrid,air_quality_accumulated,2026-05-06,2026-05-06T21:00,,,60,8,nitrogen_dioxide,28.0,official_unit_by_magnitude,V
datos_madrid,air_quality_accumulated,2026-05-06,2026-05-06T22:00,,,60,8,nitrogen_dioxide,31.0,official_unit_by_magnitude,V
datos_madrid,air_quality_accumulated,2026-05-06,2026-05-06T23:00,,,60,8,nitrogen_dioxide,44.0,official_unit_by_magnitude,V
datos_madrid,air_quality_accumulated,2026-05-06,2026-05-06T00:00,,,60,9,particles_pm2_5,1.0,official_unit_by_magnitude,V
datos_madrid,air_quality_accumulated,2026-05-06,2026-05-06T01:00,,,60,9,particles_pm2_5,8.0,official_unit_by_magnitude,V
datos_madrid,air_quality_accumulated,2026-05-06,2026-05-06T02:00,,,60,9,particles_pm2_5,4.0,official_unit_by_magnitude,V
datos_madrid,air_quality_accumulated,2026-05-06,2026-05-06T03:00,,,60,9,particles_pm2_5,2.0,official_unit_by_magnitude,V
datos_madrid,air_quality_accumulated,2026-05-06,2026-05-06T04:00,,,60,9,particles_pm2_5,1.0,official_unit_by_magnitude,V
datos_madrid,air_quality_accumulated,2026-05-06,2026-05-06T05:00,,,60,9,particles_pm2_5,3.0,official_unit_by_magnitude,V
datos_madrid,air_quality_accumulated,2026-05-06,2026-05-06T06:00,,,60,9,particles_pm2_5,2.0,official_unit_by_magnitude,V
datos_madrid,air_quality_accumulated,2026-05-06,2026-05-06T07:00,,,60,9,particles_pm2_5,2.0,official_unit_by_magnitude,V
datos_madrid,air_quality_accumulated,2026-05-06,2026-05-06T08:00,,,60,9,particles_pm2_5,3.0,official_unit_by_magnitude,V
datos_madrid,air_quality_accumulated,2026-05-06,2026-05-06T09:00,,,60,9,particles_pm2_5,2.0,official_unit_by_magnitude,V
datos_madrid,air_quality_accumulated,2026-05-06,2026-05-06T10:00,,,60,9,particles_pm2_5,1.0,official_unit_by_magnitude,V
datos_madrid,air_quality_accumulated,2026-05-06,2026-05-06T11:00,,,60,9,particles_pm2_5,1.0,official_unit_by_magnitude,V
datos_madrid,air_quality_accumulated,2026-05-06,2026-05-06T12:00,,,60,9,particles_pm2_5,2.0,official_unit_by_magnitude,V
datos_madrid,air_quality_accumulated,2026-05-06,2026-05-06T13:00,,,60,9,particles_pm2_5,2.0,official_unit_by_magnitude,V
datos_madrid,air_quality_accumulated,2026-05-06,2026-05-06T14:00,,,60,9,particles_pm2_5,1.0,official_unit_by_magnitude,V
datos_madrid,air_quality_accumulated,2026-05-06,2026-05-06T15:00,,,60,9,particles_pm2_5,2.0,official_unit_by_magnitude,V
datos_madrid,air_quality_accumulated,2026-05-06,2026-05-06T16:00,,,60,9,particles_pm2_5,2.0,official_unit_by_magnitude,V
datos_madrid,air_quality_accumulated,2026-05-06,2026-05-06T17:00,,,60,9,particles_pm2_5,2.0,official_unit_by_magnitude,V
datos_madrid,air_quality_accumulated,2026-05-06,2026-05-06T18:00,,,60,9,particles_pm2_5,2.0,official_unit_by_magnitude,V
datos_madrid,air_quality_accumulated,2026-05-06,2026-05-06T19:00,,,60,9,particles_pm2_5,2.0,official_unit_by_magnitude,V
datos_madrid,air_quality_accumulated,2026-05-06,2026-05-06T20:00,,,60,9,particles_pm2_5,2.0,official_unit_by_magnitude,V
datos_madrid,air_quality_accumulated,2026-05-06,2026-05-06T21:00,,,60,9,particles_pm2_5,2.0,official_unit_by_magnitude,V
datos_madrid,air_quality_accumulated,2026-05-06,2026-05-06T22:00,,,60,9,particles_pm2_5,3.0,official_unit_by_magnitude,V
datos_madrid,air_quality_accumulated,2026-05-06,2026-05-06T23:00,,,60,9,particles_pm2_5,3.0,official_unit_by_magnitude,V
datos_madrid,air_quality_accumulated,2026-05-06,2026-05-06T00:00,,,8,1,sulfur_dioxide,3.0,official_unit_by_magnitude,V
datos_madrid,air_quality_accumulated,2026-05-06,2026-05-06T01:00,,,8,1,sulfur_dioxide,3.0,official_unit_by_magnitude,V
datos_madrid,air_quality_accumulated,2026-05-06,2026-05-06T02:00,,,8,1,sulfur_dioxide,3.0,official_unit_by_magnitude,V
datos_madrid,air_quality_accumulated,2026-05-06,2026-05-06T03:00,,,8,1,sulfur_dioxide,3.0,official_unit_by_magnitude,V
datos_madrid,air_quality_accumulated,2026-05-06,2026-05-06T04:00,,,8,1,sulfur_dioxide,4.0,official_unit_by_magnitude,V
datos_madrid,air_quality_accumulated,2026-05-06,2026-05-06T05:00,,,8,1,sulfur_dioxide,4.0,official_unit_by_magnitude,V
datos_madrid,air_quality_accumulated,2026-05-06,2026-05-06T06:00,,,8,1,sulfur_dioxide,3.0,official_unit_by_magnitude,V
datos_madrid,air_quality_accumulated,2026-05-06,2026-05-06T07:00,,,8,1,sulfur_dioxide,3.0,official_unit_by_magnitude,V
datos_madrid,air_quality_accumulated,2026-05-06,2026-05-06T08:00,,,8,1,sulfur_dioxide,3.0,official_unit_by_magnitude,V
datos_madrid,air_quality_accumulated,2026-05-06,2026-05-06T09:00,,,8,1,sulfur_dioxide,0.0,official_unit_by_magnitude,N
datos_madrid,air_quality_accumulated,2026-05-06,2026-05-06T10:00,,,8,1,sulfur_dioxide,0.0,official_unit_by_magnitude,N
datos_madrid,air_quality_accumulated,2026-05-06,2026-05-06T11:00,,,8,1,sulfur_dioxide,3.0,official_unit_by_magnitude,V
datos_madrid,air_quality_accumulated,2026-05-06,2026-05-06T12:00,,,8,1,sulfur_dioxide,3.0,official_unit_by_magnitude,V
datos_madrid,air_quality_accumulated,2026-05-06,2026-05-06T13:00,,,8,1,sulfur_dioxide,3.0,official_unit_by_magnitude,V
datos_madrid,air_quality_accumulated,2026-05-06,2026-05-06T14:00,,,8,1,sulfur_dioxide,3.0,official_unit_by_magnitude,V
datos_madrid,air_quality_accumulated,2026-05-06,2026-05-06T15:00,,,8,1,sulfur_dioxide,3.0,official_unit_by_magnitude,V
datos_madrid,air_quality_accumulated,2026-05-06,2026-05-06T16:00,,,8,1,sulfur_dioxide,3.0,official_unit_by_magnitude,V
datos_madrid,air_quality_accumulated,2026-05-06,2026-05-06T17:00,,,8,1,sulfur_dioxide,3.0,official_unit_by_magnitude,V
datos_madrid,air_quality_accumulated,2026-05-06,2026-05-06T18:00,,,8,1,sulfur_dioxide,3.0,official_unit_by_magnitude,V
datos_madrid,air_quality_accumulated,2026-05-06,2026-05-06T19:00,,,8,1,sulfur_dioxide,3.0,official_unit_by_magnitude,V
datos_madrid,air_quality_accumulated,2026-05-06,2026-05-06T20:00,,,8,1,sulfur_dioxide,3.0,official_unit_by_magnitude,V
datos_madrid,air_quality_accumulated,2026-05-06,2026-05-06T21:00,,,8,1,sulfur_dioxide,3.0,official_unit_by_magnitude,V
datos_madrid,air_quality_accumulated,2026-05-06,2026-05-06T22:00,,,8,1,sulfur_dioxide,3.0,official_unit_by_magnitude,V
datos_madrid,air_quality_accumulated,2026-05-06,2026-05-06T23:00,,,8,1,sulfur_dioxide,3.0,official_unit_by_magnitude,V
datos_madrid,air_quality_accumulated,2026-05-06,2026-05-06T00:00,,,8,10,particles_pm10,9.0,official_unit_by_magnitude,V
datos_madrid,air_quality_accumulated,2026-05-06,2026-05-06T01:00,,,8,10,particles_pm10,5.0,official_unit_by_magnitude,V
datos_madrid,air_quality_accumulated,2026-05-06,2026-05-06T02:00,,,8,10,particles_pm10,6.0,official_unit_by_magnitude,V
datos_madrid,air_quality_accumulated,2026-05-06,2026-05-06T03:00,,,8,10,particles_pm10,7.0,official_unit_by_magnitude,V
datos_madrid,air_quality_accumulated,2026-05-06,2026-05-06T04:00,,,8,10,particles_pm10,7.0,official_unit_by_magnitude,V
datos_madrid,air_quality_accumulated,2026-05-06,2026-05-06T05:00,,,8,10,particles_pm10,8.0,official_unit_by_magnitude,V
datos_madrid,air_quality_accumulated,2026-05-06,2026-05-06T06:00,,,8,10,particles_pm10,10.0,official_unit_by_magnitude,V
datos_madrid,air_quality_accumulated,2026-05-06,2026-05-06T07:00,,,8,10,particles_pm10,11.0,official_unit_by_magnitude,V
datos_madrid,air_quality_accumulated,2026-05-06,2026-05-06T08:00,,,8,10,particles_pm10,14.0,official_unit_by_magnitude,V
datos_madrid,air_quality_accumulated,2026-05-06,2026-05-06T09:00,,,8,10,particles_pm10,17.0,official_unit_by_magnitude,V
datos_madrid,air_quality_accumulated,2026-05-06,2026-05-06T10:00,,,8,10,particles_pm10,10.0,official_unit_by_magnitude,V
datos_madrid,air_quality_accumulated,2026-05-06,2026-05-06T11:00,,,8,10,particles_pm10,12.0,official_unit_by_magnitude,V
datos_madrid,air_quality_accumulated,2026-05-06,2026-05-06T12:00,,,8,10,particles_pm10,5.0,official_unit_by_magnitude,V
datos_madrid,air_quality_accumulated,2026-05-06,2026-05-06T13:00,,,8,10,particles_pm10,10.0,official_unit_by_magnitude,V
datos_madrid,air_quality_accumulated,2026-05-06,2026-05-06T14:00,,,8,10,particles_pm10,8.0,official_unit_by_magnitude,V
datos_madrid,air_quality_accumulated,2026-05-06,2026-05-06T15:00,,,8,10,particles_pm10,8.0,official_unit_by_magnitude,V
datos_madrid,air_quality_accumulated,2026-05-06,2026-05-06T16:00,,,8,10,particles_pm10,7.0,official_unit_by_magnitude,V
datos_madrid,air_quality_accumulated,2026-05-06,2026-05-06T17:00,,,8,10,particles_pm10,12.0,official_unit_by_magnitude,V
datos_madrid,air_quality_accumulated,2026-05-06,2026-05-06T18:00,,,8,10,particles_pm10,13.0,official_unit_by_magnitude,V
datos_madrid,air_quality_accumulated,2026-05-06,2026-05-06T19:00,,,8,10,particles_pm10,20.0,official_unit_by_magnitude,V
datos_madrid,air_quality_accumulated,2026-05-06,2026-05-06T20:00,,,8,10,particles_pm10,22.0,official_unit_by_magnitude,V
datos_madrid,air_quality_accumulated,2026-05-06,2026-05-06T21:00,,,8,10,particles_pm10,24.0,official_unit_by_magnitude,V
datos_madrid,air_quality_accumulated,2026-05-06,2026-05-06T22:00,,,8,10,particles_pm10,25.0,official_unit_by_magnitude,V
datos_madrid,air_quality_accumulated,2026-05-06,2026-05-06T23:00,,,8,10,particles_pm10,28.0,official_unit_by_magnitude,V
datos_madrid,air_quality_accumulated,2026-05-06,2026-05-06T00:00,,,8,12,nitrogen_oxides,10.0,official_unit_by_magnitude,V
datos_madrid,air_quality_accumulated,2026-05-06,2026-05-06T01:00,,,8,12,nitrogen_oxides,9.0,official_unit_by_magnitude,V
datos_madrid,air_quality_accumulated,2026-05-06,2026-05-06T02:00,,,8,12,nitrogen_oxides,8.0,official_unit_by_magnitude,V
datos_madrid,air_quality_accumulated,2026-05-06,2026-05-06T03:00,,,8,12,nitrogen_oxides,8.0,official_unit_by_magnitude,V
datos_madrid,air_quality_accumulated,2026-05-06,2026-05-06T04:00,,,8,12,nitrogen_oxides,8.0,official_unit_by_magnitude,V
datos_madrid,air_quality_accumulated,2026-05-06,2026-05-06T05:00,,,8,12,nitrogen_oxides,9.0,official_unit_by_magnitude,V
datos_madrid,air_quality_accumulated,2026-05-06,2026-05-06T06:00,,,8,12,nitrogen_oxides,10.0,official_unit_by_magnitude,V
datos_madrid,air_quality_accumulated,2026-05-06,2026-05-06T07:00,,,8,12,nitrogen_oxides,17.0,official_unit_by_magnitude,V
datos_madrid,air_quality_accumulated,2026-05-06,2026-05-06T08:00,,,8,12,nitrogen_oxides,30.0,official_unit_by_magnitude,V
datos_madrid,air_quality_accumulated,2026-05-06,2026-05-06T09:00,,,8,12,nitrogen_oxides,0.0,official_unit_by_magnitude,N
datos_madrid,air_quality_accumulated,2026-05-06,2026-05-06T10:00,,,8,12,nitrogen_oxides,0.0,official_unit_by_magnitude,N
datos_madrid,air_quality_accumulated,2026-05-06,2026-05-06T11:00,,,8,12,nitrogen_oxides,0.0,official_unit_by_magnitude,N
datos_madrid,air_quality_accumulated,2026-05-06,2026-05-06T12:00,,,8,12,nitrogen_oxides,0.0,official_unit_by_magnitude,N
datos_madrid,air_quality_accumulated,2026-05-06,2026-05-06T13:00,,,8,12,nitrogen_oxides,10.0,official_unit_by_magnitude,V
datos_madrid,air_quality_accumulated,2026-05-06,2026-05-06T14:00,,,8,12,nitrogen_oxides,9.0,official_unit_by_magnitude,V
datos_madrid,air_quality_accumulated,2026-05-06,2026-05-06T15:00,,,8,12,nitrogen_oxides,10.0,official_unit_by_magnitude,V
datos_madrid,air_quality_accumulated,2026-05-06,2026-05-06T16:00,,,8,12,nitrogen_oxides,12.0,official_unit_by_magnitude,V
datos_madrid,air_quality_accumulated,2026-05-06,2026-05-06T17:00,,,8,12,nitrogen_oxides,12.0,official_unit_by_magnitude,V
datos_madrid,air_quality_accumulated,2026-05-06,2026-05-06T18:00,,,8,12,nitrogen_oxides,13.0,official_unit_by_magnitude,V
datos_madrid,air_quality_accumulated,2026-05-06,2026-05-06T19:00,,,8,12,nitrogen_oxides,13.0,official_unit_by_magnitude,V
datos_madrid,air_quality_accumulated,2026-05-06,2026-05-06T20:00,,,8,12,nitrogen_oxides,14.0,official_unit_by_magnitude,V
datos_madrid,air_quality_accumulated,2026-05-06,2026-05-06T21:00,,,8,12,nitrogen_oxides,18.0,official_unit_by_magnitude,V
datos_madrid,air_quality_accumulated,2026-05-06,2026-05-06T22:00,,,8,12,nitrogen_oxides,24.0,official_unit_by_magnitude,V
datos_madrid,air_quality_accumulated,2026-05-06,2026-05-06T23:00,,,8,12,nitrogen_oxides,32.0,official_unit_by_magnitude,V
datos_madrid,air_quality_accumulated,2026-05-06,2026-05-06T00:00,,,8,14,ozone,73.0,official_unit_by_magnitude,V
datos_madrid,air_quality_accumulated,2026-05-06,2026-05-06T01:00,,,8,14,ozone,73.0,official_unit_by_magnitude,V
datos_madrid,air_quality_accumulated,2026-05-06,2026-05-06T02:00,,,8,14,ozone,74.0,official_unit_by_magnitude,V
datos_madrid,air_quality_accumulated,2026-05-06,2026-05-06T03:00,,,8,14,ozone,73.0,official_unit_by_magnitude,V
datos_madrid,air_quality_accumulated,2026-05-06,2026-05-06T04:00,,,8,14,ozone,67.0,official_unit_by_magnitude,V
datos_madrid,air_quality_accumulated,2026-05-06,2026-05-06T05:00,,,8,14,ozone,57.0,official_unit_by_magnitude,V
datos_madrid,air_quality_accumulated,2026-05-06,2026-05-06T06:00,,,8,14,ozone,57.0,official_unit_by_magnitude,V
datos_madrid,air_quality_accumulated,2026-05-06,2026-05-06T07:00,,,8,14,ozone,42.0,official_unit_by_magnitude,V
datos_madrid,air_quality_accumulated,2026-05-06,2026-05-06T08:00,,,8,14,ozone,47.0,official_unit_by_magnitude,V
datos_madrid,air_quality_accumulated,2026-05-06,2026-05-06T09:00,,,8,14,ozone,0.0,official_unit_by_magnitude,N
datos_madrid,air_quality_accumulated,2026-05-06,2026-05-06T10:00,,,8,14,ozone,0.0,official_unit_by_magnitude,N
datos_madrid,air_quality_accumulated,2026-05-06,2026-05-06T11:00,,,8,14,ozone,66.0,official_unit_by_magnitude,V
datos_madrid,air_quality_accumulated,2026-05-06,2026-05-06T12:00,,,8,14,ozone,85.0,official_unit_by_magnitude,V
datos_madrid,air_quality_accumulated,2026-05-06,2026-05-06T13:00,,,8,14,ozone,96.0,official_unit_by_magnitude,V
datos_madrid,air_quality_accumulated,2026-05-06,2026-05-06T14:00,,,8,14,ozone,101.0,official_unit_by_magnitude,V
datos_madrid,air_quality_accumulated,2026-05-06,2026-05-06T15:00,,,8,14,ozone,103.0,official_unit_by_magnitude,V
datos_madrid,air_quality_accumulated,2026-05-06,2026-05-06T16:00,,,8,14,ozone,106.0,official_unit_by_magnitude,V
datos_madrid,air_quality_accumulated,2026-05-06,2026-05-06T17:00,,,8,14,ozone,108.0,official_unit_by_magnitude,V
datos_madrid,air_quality_accumulated,2026-05-06,2026-05-06T18:00,,,8,14,ozone,110.0,official_unit_by_magnitude,V
datos_madrid,air_quality_accumulated,2026-05-06,2026-05-06T19:00,,,8,14,ozone,109.0,official_unit_by_magnitude,V
datos_madrid,air_quality_accumulated,2026-05-06,2026-05-06T20:00,,,8,14,ozone,97.0,official_unit_by_magnitude,V
datos_madrid,air_quality_accumulated,2026-05-06,2026-05-06T21:00,,,8,14,ozone,77.0,official_unit_by_magnitude,V
datos_madrid,air_quality_accumulated,2026-05-06,2026-05-06T22:00,,,8,14,ozone,61.0,official_unit_by_magnitude,V
datos_madrid,air_quality_accumulated,2026-05-06,2026-05-06T23:00,,,8,14,ozone,40.0,official_unit_by_magnitude,V
datos_madrid,air_quality_accumulated,2026-05-06,2026-05-06T00:00,,,8,20,toluene,1.7,official_unit_by_magnitude,V
datos_madrid,air_quality_accumulated,2026-05-06,2026-05-06T01:00,,,8,20,toluene,1.5,official_unit_by_magnitude,V
datos_madrid,air_quality_accumulated,2026-05-06,2026-05-06T02:00,,,8,20,toluene,0.9,official_unit_by_magnitude,V
datos_madrid,air_quality_accumulated,2026-05-06,2026-05-06T03:00,,,8,20,toluene,1.1,official_unit_by_magnitude,V
datos_madrid,air_quality_accumulated,2026-05-06,2026-05-06T04:00,,,8,20,toluene,1.2,official_unit_by_magnitude,V
datos_madrid,air_quality_accumulated,2026-05-06,2026-05-06T05:00,,,8,20,toluene,1.4,official_unit_by_magnitude,V
datos_madrid,air_quality_accumulated,2026-05-06,2026-05-06T06:00,,,8,20,toluene,1.3,official_unit_by_magnitude,V
datos_madrid,air_quality_accumulated,2026-05-06,2026-05-06T07:00,,,8,20,toluene,1.5,official_unit_by_magnitude,V
datos_madrid,air_quality_accumulated,2026-05-06,2026-05-06T08:00,,,8,20,toluene,0.0,official_unit_by_magnitude,N
datos_madrid,air_quality_accumulated,2026-05-06,2026-05-06T09:00,,,8,20,toluene,0.0,official_unit_by_magnitude,N
datos_madrid,air_quality_accumulated,2026-05-06,2026-05-06T10:00,,,8,20,toluene,0.0,official_unit_by_magnitude,N
datos_madrid,air_quality_accumulated,2026-05-06,2026-05-06T11:00,,,8,20,toluene,0.0,official_unit_by_magnitude,N
datos_madrid,air_quality_accumulated,2026-05-06,2026-05-06T12:00,,,8,20,toluene,0.0,official_unit_by_magnitude,N
datos_madrid,air_quality_accumulated,2026-05-06,2026-05-06T13:00,,,8,20,toluene,1.7,official_unit_by_magnitude,V
datos_madrid,air_quality_accumulated,2026-05-06,2026-05-06T14:00,,,8,20,toluene,1.5,official_unit_by_magnitude,V
datos_madrid,air_quality_accumulated,2026-05-06,2026-05-06T15:00,,,8,20,toluene,1.5,official_unit_by_magnitude,V
datos_madrid,air_quality_accumulated,2026-05-06,2026-05-06T16:00,,,8,20,toluene,1.9,official_unit_by_magnitude,V
datos_madrid,air_quality_accumulated,2026-05-06,2026-05-06T17:00,,,8,20,toluene,2.0,official_unit_by_magnitude,V
datos_madrid,air_quality_accumulated,2026-05-06,2026-05-06T18:00,,,8,20,toluene,2.0,official_unit_by_magnitude,V
datos_madrid,air_quality_accumulated,2026-05-06,2026-05-06T19:00,,,8,20,toluene,3.6,official_unit_by_magnitude,V
datos_madrid,air_quality_accumulated,2026-05-06,2026-05-06T20:00,,,8,20,toluene,2.4,official_unit_by_magnitude,V
datos_madrid,air_quality_accumulated,2026-05-06,2026-05-06T21:00,,,8,20,toluene,2.7,official_unit_by_magnitude,V
datos_madrid,air_quality_accumulated,2026-05-06,2026-05-06T22:00,,,8,20,toluene,3.8,official_unit_by_magnitude,V
datos_madrid,air_quality_accumulated,2026-05-06,2026-05-06T23:00,,,8,20,toluene,4.4,official_unit_by_magnitude,V
datos_madrid,air_quality_accumulated,2026-05-06,2026-05-06T00:00,,,8,30,benzene,0.3,official_unit_by_magnitude,V
datos_madrid,air_quality_accumulated,2026-05-06,2026-05-06T01:00,,,8,30,benzene,0.2,official_unit_by_magnitude,V
datos_madrid,air_quality_accumulated,2026-05-06,2026-05-06T02:00,,,8,30,benzene,0.1,official_unit_by_magnitude,V
datos_madrid,air_quality_accumulated,2026-05-06,2026-05-06T03:00,,,8,30,benzene,0.2,official_unit_by_magnitude,V
datos_madrid,air_quality_accumulated,2026-05-06,2026-05-06T04:00,,,8,30,benzene,0.2,official_unit_by_magnitude,V
datos_madrid,air_quality_accumulated,2026-05-06,2026-05-06T05:00,,,8,30,benzene,0.2,official_unit_by_magnitude,V
datos_madrid,air_quality_accumulated,2026-05-06,2026-05-06T06:00,,,8,30,benzene,0.2,official_unit_by_magnitude,V
datos_madrid,air_quality_accumulated,2026-05-06,2026-05-06T07:00,,,8,30,benzene,0.3,official_unit_by_magnitude,V
datos_madrid,air_quality_accumulated,2026-05-06,2026-05-06T08:00,,,8,30,benzene,0.0,official_unit_by_magnitude,N
datos_madrid,air_quality_accumulated,2026-05-06,2026-05-06T09:00,,,8,30,benzene,0.0,official_unit_by_magnitude,N
datos_madrid,air_quality_accumulated,2026-05-06,2026-05-06T10:00,,,8,30,benzene,0.0,official_unit_by_magnitude,N
datos_madrid,air_quality_accumulated,2026-05-06,2026-05-06T11:00,,,8,30,benzene,0.0,official_unit_by_magnitude,N
datos_madrid,air_quality_accumulated,2026-05-06,2026-05-06T12:00,,,8,30,benzene,0.0,official_unit_by_magnitude,N
datos_madrid,air_quality_accumulated,2026-05-06,2026-05-06T13:00,,,8,30,benzene,0.3,official_unit_by_magnitude,V
datos_madrid,air_quality_accumulated,2026-05-06,2026-05-06T14:00,,,8,30,benzene,0.3,official_unit_by_magnitude,V
datos_madrid,air_quality_accumulated,2026-05-06,2026-05-06T15:00,,,8,30,benzene,0.3,official_unit_by_magnitude,V
datos_madrid,air_quality_accumulated,2026-05-06,2026-05-06T16:00,,,8,30,benzene,0.4,official_unit_by_magnitude,V
datos_madrid,air_quality_accumulated,2026-05-06,2026-05-06T17:00,,,8,30,benzene,0.3,official_unit_by_magnitude,V
datos_madrid,air_quality_accumulated,2026-05-06,2026-05-06T18:00,,,8,30,benzene,0.3,official_unit_by_magnitude,V
datos_madrid,air_quality_accumulated,2026-05-06,2026-05-06T19:00,,,8,30,benzene,0.4,official_unit_by_magnitude,V
datos_madrid,air_quality_accumulated,2026-05-06,2026-05-06T20:00,,,8,30,benzene,0.4,official_unit_by_magnitude,V
datos_madrid,air_quality_accumulated,2026-05-06,2026-05-06T21:00,,,8,30,benzene,0.6,official_unit_by_magnitude,V
datos_madrid,air_quality_accumulated,2026-05-06,2026-05-06T22:00,,,8,30,benzene,0.8,official_unit_by_magnitude,V
datos_madrid,air_quality_accumulated,2026-05-06,2026-05-06T23:00,,,8,30,benzene,0.9,official_unit_by_magnitude,V
datos_madrid,air_quality_accumulated,2026-05-06,2026-05-06T00:00,,,8,35,ethylbenzene,0.9,official_unit_by_magnitude,V
datos_madrid,air_quality_accumulated,2026-05-06,2026-05-06T01:00,,,8,35,ethylbenzene,0.5,official_unit_by_magnitude,V
datos_madrid,air_quality_accumulated,2026-05-06,2026-05-06T02:00,,,8,35,ethylbenzene,0.2,official_unit_by_magnitude,V
datos_madrid,air_quality_accumulated,2026-05-06,2026-05-06T03:00,,,8,35,ethylbenzene,0.1,official_unit_by_magnitude,V
datos_madrid,air_quality_accumulated,2026-05-06,2026-05-06T04:00,,,8,35,ethylbenzene,0.1,official_unit_by_magnitude,V
datos_madrid,air_quality_accumulated,2026-05-06,2026-05-06T05:00,,,8,35,ethylbenzene,0.2,official_unit_by_magnitude,V
datos_madrid,air_quality_accumulated,2026-05-06,2026-05-06T06:00,,,8,35,ethylbenzene,0.2,official_unit_by_magnitude,V
datos_madrid,air_quality_accumulated,2026-05-06,2026-05-06T07:00,,,8,35,ethylbenzene,0.2,official_unit_by_magnitude,V
datos_madrid,air_quality_accumulated,2026-05-06,2026-05-06T08:00,,,8,35,ethylbenzene,0.0,official_unit_by_magnitude,N
datos_madrid,air_quality_accumulated,2026-05-06,2026-05-06T09:00,,,8,35,ethylbenzene,0.0,official_unit_by_magnitude,N
datos_madrid,air_quality_accumulated,2026-05-06,2026-05-06T10:00,,,8,35,ethylbenzene,0.0,official_unit_by_magnitude,N
datos_madrid,air_quality_accumulated,2026-05-06,2026-05-06T11:00,,,8,35,ethylbenzene,0.0,official_unit_by_magnitude,N
datos_madrid,air_quality_accumulated,2026-05-06,2026-05-06T12:00,,,8,35,ethylbenzene,0.0,official_unit_by_magnitude,N
datos_madrid,air_quality_accumulated,2026-05-06,2026-05-06T13:00,,,8,35,ethylbenzene,0.4,official_unit_by_magnitude,V
datos_madrid,air_quality_accumulated,2026-05-06,2026-05-06T14:00,,,8,35,ethylbenzene,0.4,official_unit_by_magnitude,V
datos_madrid,air_quality_accumulated,2026-05-06,2026-05-06T15:00,,,8,35,ethylbenzene,0.4,official_unit_by_magnitude,V
datos_madrid,air_quality_accumulated,2026-05-06,2026-05-06T16:00,,,8,35,ethylbenzene,0.4,official_unit_by_magnitude,V
datos_madrid,air_quality_accumulated,2026-05-06,2026-05-06T17:00,,,8,35,ethylbenzene,0.4,official_unit_by_magnitude,V
datos_madrid,air_quality_accumulated,2026-05-06,2026-05-06T18:00,,,8,35,ethylbenzene,0.3,official_unit_by_magnitude,V
datos_madrid,air_quality_accumulated,2026-05-06,2026-05-06T19:00,,,8,35,ethylbenzene,0.3,official_unit_by_magnitude,V
datos_madrid,air_quality_accumulated,2026-05-06,2026-05-06T20:00,,,8,35,ethylbenzene,0.4,official_unit_by_magnitude,V
datos_madrid,air_quality_accumulated,2026-05-06,2026-05-06T21:00,,,8,35,ethylbenzene,0.5,official_unit_by_magnitude,V
datos_madrid,air_quality_accumulated,2026-05-06,2026-05-06T22:00,,,8,35,ethylbenzene,0.7,official_unit_by_magnitude,V
datos_madrid,air_quality_accumulated,2026-05-06,2026-05-06T23:00,,,8,35,ethylbenzene,0.8,official_unit_by_magnitude,V
datos_madrid,air_quality_accumulated,2026-05-06,2026-05-06T00:00,,,8,6,carbon_monoxide,0.3,official_unit_by_magnitude,V
datos_madrid,air_quality_accumulated,2026-05-06,2026-05-06T01:00,,,8,6,carbon_monoxide,0.2,official_unit_by_magnitude,V
datos_madrid,air_quality_accumulated,2026-05-06,2026-05-06T02:00,,,8,6,carbon_monoxide,0.2,official_unit_by_magnitude,V
datos_madrid,air_quality_accumulated,2026-05-06,2026-05-06T03:00,,,8,6,carbon_monoxide,0.2,official_unit_by_magnitude,V
datos_madrid,air_quality_accumulated,2026-05-06,2026-05-06T04:00,,,8,6,carbon_monoxide,0.2,official_unit_by_magnitude,V
datos_madrid,air_quality_accumulated,2026-05-06,2026-05-06T05:00,,,8,6,carbon_monoxide,0.2,official_unit_by_magnitude,V
datos_madrid,air_quality_accumulated,2026-05-06,2026-05-06T06:00,,,8,6,carbon_monoxide,0.2,official_unit_by_magnitude,V
datos_madrid,air_quality_accumulated,2026-05-06,2026-05-06T07:00,,,8,6,carbon_monoxide,0.3,official_unit_by_magnitude,V
datos_madrid,air_quality_accumulated,2026-05-06,2026-05-06T08:00,,,8,6,carbon_monoxide,0.3,official_unit_by_magnitude,V
datos_madrid,air_quality_accumulated,2026-05-06,2026-05-06T09:00,,,8,6,carbon_monoxide,0.3,official_unit_by_magnitude,V
datos_madrid,air_quality_accumulated,2026-05-06,2026-05-06T10:00,,,8,6,carbon_monoxide,0.0,official_unit_by_magnitude,N
datos_madrid,air_quality_accumulated,2026-05-06,2026-05-06T11:00,,,8,6,carbon_monoxide,0.0,official_unit_by_magnitude,N
datos_madrid,air_quality_accumulated,2026-05-06,2026-05-06T12:00,,,8,6,carbon_monoxide,0.0,official_unit_by_magnitude,N
datos_madrid,air_quality_accumulated,2026-05-06,2026-05-06T13:00,,,8,6,carbon_monoxide,0.3,official_unit_by_magnitude,V
datos_madrid,air_quality_accumulated,2026-05-06,2026-05-06T14:00,,,8,6,carbon_monoxide,0.3,official_unit_by_magnitude,V
datos_madrid,air_quality_accumulated,2026-05-06,2026-05-06T15:00,,,8,6,carbon_monoxide,0.3,official_unit_by_magnitude,V
datos_madrid,air_quality_accumulated,2026-05-06,2026-05-06T16:00,,,8,6,carbon_monoxide,0.3,official_unit_by_magnitude,V
datos_madrid,air_quality_accumulated,2026-05-06,2026-05-06T17:00,,,8,6,carbon_monoxide,0.3,official_unit_by_magnitude,V
datos_madrid,air_quality_accumulated,2026-05-06,2026-05-06T18:00,,,8,6,carbon_monoxide,0.3,official_unit_by_magnitude,V
datos_madrid,air_quality_accumulated,2026-05-06,2026-05-06T19:00,,,8,6,carbon_monoxide,0.5,official_unit_by_magnitude,V
datos_madrid,air_quality_accumulated,2026-05-06,2026-05-06T20:00,,,8,6,carbon_monoxide,0.3,official_unit_by_magnitude,V
datos_madrid,air_quality_accumulated,2026-05-06,2026-05-06T21:00,,,8,6,carbon_monoxide,0.4,official_unit_by_magnitude,V
datos_madrid,air_quality_accumulated,2026-05-06,2026-05-06T22:00,,,8,6,carbon_monoxide,0.5,official_unit_by_magnitude,V
datos_madrid,air_quality_accumulated,2026-05-06,2026-05-06T23:00,,,8,6,carbon_monoxide,0.6,official_unit_by_magnitude,V
datos_madrid,air_quality_accumulated,2026-05-06,2026-05-06T00:00,,,8,7,nitrogen_monoxide,0.0,official_unit_by_magnitude,V
datos_madrid,air_quality_accumulated,2026-05-06,2026-05-06T01:00,,,8,7,nitrogen_monoxide,0.0,official_unit_by_magnitude,V
datos_madrid,air_quality_accumulated,2026-05-06,2026-05-06T02:00,,,8,7,nitrogen_monoxide,0.0,official_unit_by_magnitude,V
datos_madrid,air_quality_accumulated,2026-05-06,2026-05-06T03:00,,,8,7,nitrogen_monoxide,0.0,official_unit_by_magnitude,V
datos_madrid,air_quality_accumulated,2026-05-06,2026-05-06T04:00,,,8,7,nitrogen_monoxide,0.0,official_unit_by_magnitude,V
datos_madrid,air_quality_accumulated,2026-05-06,2026-05-06T05:00,,,8,7,nitrogen_monoxide,0.0,official_unit_by_magnitude,V
datos_madrid,air_quality_accumulated,2026-05-06,2026-05-06T06:00,,,8,7,nitrogen_monoxide,0.0,official_unit_by_magnitude,V
datos_madrid,air_quality_accumulated,2026-05-06,2026-05-06T07:00,,,8,7,nitrogen_monoxide,0.0,official_unit_by_magnitude,V
datos_madrid,air_quality_accumulated,2026-05-06,2026-05-06T08:00,,,8,7,nitrogen_monoxide,2.0,official_unit_by_magnitude,V
datos_madrid,air_quality_accumulated,2026-05-06,2026-05-06T09:00,,,8,7,nitrogen_monoxide,0.0,official_unit_by_magnitude,N
datos_madrid,air_quality_accumulated,2026-05-06,2026-05-06T10:00,,,8,7,nitrogen_monoxide,0.0,official_unit_by_magnitude,N
datos_madrid,air_quality_accumulated,2026-05-06,2026-05-06T11:00,,,8,7,nitrogen_monoxide,0.0,official_unit_by_magnitude,N
datos_madrid,air_quality_accumulated,2026-05-06,2026-05-06T12:00,,,8,7,nitrogen_monoxide,0.0,official_unit_by_magnitude,N
datos_madrid,air_quality_accumulated,2026-05-06,2026-05-06T13:00,,,8,7,nitrogen_monoxide,0.0,official_unit_by_magnitude,V
datos_madrid,air_quality_accumulated,2026-05-06,2026-05-06T14:00,,,8,7,nitrogen_monoxide,0.0,official_unit_by_magnitude,V
datos_madrid,air_quality_accumulated,2026-05-06,2026-05-06T15:00,,,8,7,nitrogen_monoxide,0.0,official_unit_by_magnitude,V
datos_madrid,air_quality_accumulated,2026-05-06,2026-05-06T16:00,,,8,7,nitrogen_monoxide,0.0,official_unit_by_magnitude,V
datos_madrid,air_quality_accumulated,2026-05-06,2026-05-06T17:00,,,8,7,nitrogen_monoxide,0.0,official_unit_by_magnitude,V
datos_madrid,air_quality_accumulated,2026-05-06,2026-05-06T18:00,,,8,7,nitrogen_monoxide,0.0,official_unit_by_magnitude,V
datos_madrid,air_quality_accumulated,2026-05-06,2026-05-06T19:00,,,8,7,nitrogen_monoxide,0.0,official_unit_by_magnitude,V
datos_madrid,air_quality_accumulated,2026-05-06,2026-05-06T20:00,,,8,7,nitrogen_monoxide,0.0,official_unit_by_magnitude,V
datos_madrid,air_quality_accumulated,2026-05-06,2026-05-06T21:00,,,8,7,nitrogen_monoxide,0.0,official_unit_by_magnitude,V
datos_madrid,air_quality_accumulated,2026-05-06,2026-05-06T22:00,,,8,7,nitrogen_monoxide,0.0,official_unit_by_magnitude,V
datos_madrid,air_quality_accumulated,2026-05-06,2026-05-06T23:00,,,8,7,nitrogen_monoxide,0.0,official_unit_by_magnitude,V
datos_madrid,air_quality_accumulated,2026-05-06,2026-05-06T00:00,,,8,8,nitrogen_dioxide,10.0,official_unit_by_magnitude,V
datos_madrid,air_quality_accumulated,2026-05-06,2026-05-06T01:00,,,8,8,nitrogen_dioxide,9.0,official_unit_by_magnitude,V
datos_madrid,air_quality_accumulated,2026-05-06,2026-05-06T02:00,,,8,8,nitrogen_dioxide,8.0,official_unit_by_magnitude,V
datos_madrid,air_quality_accumulated,2026-05-06,2026-05-06T03:00,,,8,8,nitrogen_dioxide,8.0,official_unit_by_magnitude,V
datos_madrid,air_quality_accumulated,2026-05-06,2026-05-06T04:00,,,8,8,nitrogen_dioxide,8.0,official_unit_by_magnitude,V
datos_madrid,air_quality_accumulated,2026-05-06,2026-05-06T05:00,,,8,8,nitrogen_dioxide,9.0,official_unit_by_magnitude,V
datos_madrid,air_quality_accumulated,2026-05-06,2026-05-06T06:00,,,8,8,nitrogen_dioxide,10.0,official_unit_by_magnitude,V
datos_madrid,air_quality_accumulated,2026-05-06,2026-05-06T07:00,,,8,8,nitrogen_dioxide,17.0,official_unit_by_magnitude,V
datos_madrid,air_quality_accumulated,2026-05-06,2026-05-06T08:00,,,8,8,nitrogen_dioxide,27.0,official_unit_by_magnitude,V
datos_madrid,air_quality_accumulated,2026-05-06,2026-05-06T09:00,,,8,8,nitrogen_dioxide,0.0,official_unit_by_magnitude,N
datos_madrid,air_quality_accumulated,2026-05-06,2026-05-06T10:00,,,8,8,nitrogen_dioxide,0.0,official_unit_by_magnitude,N
datos_madrid,air_quality_accumulated,2026-05-06,2026-05-06T11:00,,,8,8,nitrogen_dioxide,0.0,official_unit_by_magnitude,N
datos_madrid,air_quality_accumulated,2026-05-06,2026-05-06T12:00,,,8,8,nitrogen_dioxide,0.0,official_unit_by_magnitude,N
datos_madrid,air_quality_accumulated,2026-05-06,2026-05-06T13:00,,,8,8,nitrogen_dioxide,10.0,official_unit_by_magnitude,V
datos_madrid,air_quality_accumulated,2026-05-06,2026-05-06T14:00,,,8,8,nitrogen_dioxide,9.0,official_unit_by_magnitude,V
datos_madrid,air_quality_accumulated,2026-05-06,2026-05-06T15:00,,,8,8,nitrogen_dioxide,10.0,official_unit_by_magnitude,V
datos_madrid,air_quality_accumulated,2026-05-06,2026-05-06T16:00,,,8,8,nitrogen_dioxide,12.0,official_unit_by_magnitude,V
datos_madrid,air_quality_accumulated,2026-05-06,2026-05-06T17:00,,,8,8,nitrogen_dioxide,12.0,official_unit_by_magnitude,V
datos_madrid,air_quality_accumulated,2026-05-06,2026-05-06T18:00,,,8,8,nitrogen_dioxide,13.0,official_unit_by_magnitude,V
datos_madrid,air_quality_accumulated,2026-05-06,2026-05-06T19:00,,,8,8,nitrogen_dioxide,13.0,official_unit_by_magnitude,V
datos_madrid,air_quality_accumulated,2026-05-06,2026-05-06T20:00,,,8,8,nitrogen_dioxide,14.0,official_unit_by_magnitude,V
datos_madrid,air_quality_accumulated,2026-05-06,2026-05-06T21:00,,,8,8,nitrogen_dioxide,18.0,official_unit_by_magnitude,V
datos_madrid,air_quality_accumulated,2026-05-06,2026-05-06T22:00,,,8,8,nitrogen_dioxide,24.0,official_unit_by_magnitude,V
datos_madrid,air_quality_accumulated,2026-05-06,2026-05-06T23:00,,,8,8,nitrogen_dioxide,32.0,official_unit_by_magnitude,V
datos_madrid,air_quality_accumulated,2026-05-06,2026-05-06T00:00,,,8,9,particles_pm2_5,6.0,official_unit_by_magnitude,V
datos_madrid,air_quality_accumulated,2026-05-06,2026-05-06T01:00,,,8,9,particles_pm2_5,2.0,official_unit_by_magnitude,V
datos_madrid,air_quality_accumulated,2026-05-06,2026-05-06T02:00,,,8,9,particles_pm2_5,3.0,official_unit_by_magnitude,V
datos_madrid,air_quality_accumulated,2026-05-06,2026-05-06T03:00,,,8,9,particles_pm2_5,4.0,official_unit_by_magnitude,V
datos_madrid,air_quality_accumulated,2026-05-06,2026-05-06T04:00,,,8,9,particles_pm2_5,5.0,official_unit_by_magnitude,V
datos_madrid,air_quality_accumulated,2026-05-06,2026-05-06T05:00,,,8,9,particles_pm2_5,5.0,official_unit_by_magnitude,V
datos_madrid,air_quality_accumulated,2026-05-06,2026-05-06T06:00,,,8,9,particles_pm2_5,7.0,official_unit_by_magnitude,V
datos_madrid,air_quality_accumulated,2026-05-06,2026-05-06T07:00,,,8,9,particles_pm2_5,7.0,official_unit_by_magnitude,V
datos_madrid,air_quality_accumulated,2026-05-06,2026-05-06T08:00,,,8,9,particles_pm2_5,8.0,official_unit_by_magnitude,V
datos_madrid,air_quality_accumulated,2026-05-06,2026-05-06T09:00,,,8,9,particles_pm2_5,9.0,official_unit_by_magnitude,V
datos_madrid,air_quality_accumulated,2026-05-06,2026-05-06T10:00,,,8,9,particles_pm2_5,3.0,official_unit_by_magnitude,V
datos_madrid,air_quality_accumulated,2026-05-06,2026-05-06T11:00,,,8,9,particles_pm2_5,6.0,official_unit_by_magnitude,V
datos_madrid,air_quality_accumulated,2026-05-06,2026-05-06T12:00,,,8,9,particles_pm2_5,1.0,official_unit_by_magnitude,V
datos_madrid,air_quality_accumulated,2026-05-06,2026-05-06T13:00,,,8,9,particles_pm2_5,6.0,official_unit_by_magnitude,V
datos_madrid,air_quality_accumulated,2026-05-06,2026-05-06T14:00,,,8,9,particles_pm2_5,2.0,official_unit_by_magnitude,V
datos_madrid,air_quality_accumulated,2026-05-06,2026-05-06T15:00,,,8,9,particles_pm2_5,1.0,official_unit_by_magnitude,V
datos_madrid,air_quality_accumulated,2026-05-06,2026-05-06T16:00,,,8,9,particles_pm2_5,4.0,official_unit_by_magnitude,V
datos_madrid,air_quality_accumulated,2026-05-06,2026-05-06T17:00,,,8,9,particles_pm2_5,6.0,official_unit_by_magnitude,V
datos_madrid,air_quality_accumulated,2026-05-06,2026-05-06T18:00,,,8,9,particles_pm2_5,4.0,official_unit_by_magnitude,V
datos_madrid,air_quality_accumulated,2026-05-06,2026-05-06T19:00,,,8,9,particles_pm2_5,12.0,official_unit_by_magnitude,V
datos_madrid,air_quality_accumulated,2026-05-06,2026-05-06T20:00,,,8,9,particles_pm2_5,12.0,official_unit_by_magnitude,V
datos_madrid,air_quality_accumulated,2026-05-06,2026-05-06T21:00,,,8,9,particles_pm2_5,3.0,official_unit_by_magnitude,V
datos_madrid,air_quality_accumulated,2026-05-06,2026-05-06T22:00,,,8,9,particles_pm2_5,6.0,official_unit_by_magnitude,V
datos_madrid,air_quality_accumulated,2026-05-06,2026-05-06T23:00,,,8,9,particles_pm2_5,14.0,official_unit_by_magnitude,V
